주야,요일,법규위반,도로형태_대분류,도로형태,당사자종별_1당_대분류,당사자종별_2당_대분류,경도,위도,사고피해정도,도시여부,주말/공휴일,인구수,발생지번호,보행자의위치,무단횡단여부
0,1,5,0,0,0,2,126.8571,37.2883,0,0,1,0,2,0,0
1,1,0,1,2,0,12,128.6092,35.6501,0,0,1,0,3,0,0
0,2,0,0,0,5,3,127.8268,37.0295,0,0,0,0,6,0,0
1,2,0,0,0,0,12,126.7064,37.5254,0,0,0,0,7,0,0
1,2,5,1,2,7,2,127.2568,37.4168,0,0,0,0,9,0,0
1,2,0,0,0,1,1,126.6255,36.1507,0,0,0,0,10,0,0
0,2,0,0,0,0,5,126.8838,35.6968,0,0,0,0,12,0,0
0,2,0,0,0,1,5,128.8078,35.3166,0,0,0,0,13,0,0
0,3,5,0,0,0,1,126.3878,34.7408,0,0,0,0,16,0,0
1,3,0,0,0,0,1,129.2136,35.649,0,0,0,0,17,0,0
0,3,6,0,0,4,3,127.1256,36.5076,0,0,0,0,19,0,0
0,4,6,1,3,7,2,126.7943,37.3347,0,0,0,0,2,0,0
1,4,0,0,0,3,2,128.4802,36.0257,0,0,0,0,21,0,0
1,4,6,1,1,1,2,126.9529,37.0396,0,0,0,0,14,0,0
0,5,0,0,0,0,1,127.1206,35.8338,0,0,1,0,11,0,0
1,5,0,2,4,1,3,128.6476,35.9462,0,0,1,0,26,0,0
1,5,0,0,0,1,3,127.5473,34.9083,0,0,1,0,27,0,0
0,6,0,0,0,0,1,127.0634,35.7935,0,0,1,0,28,0,0
1,6,2,1,1,4,11,128.4355,35.6303,0,0,1,0,30,0,0
1,6,5,0,0,0,2,128.2572,37.581,1,0,1,0,31,0,0
1,6,0,0,0,6,1,127.6964,36.445,0,0,1,0,32,0,0
1,6,6,1,1,1,2,126.6918,34.9711,0,0,1,0,33,0,0
0,6,0,0,0,0,1,127.9798,37.412,0,0,1,0,36,0,0
0,0,6,1,1,2,4,128.6261,34.8879,0,0,0,0,15,0,0
0,0,0,0,0,0,4,126.8571,37.645,0,0,0,0,40,0,0
0,0,0,1,1,0,3,127.4338,37.2316,0,0,0,0,41,0,0
0,1,0,0,0,0,1,128.2479,35.1895,0,0,0,0,42,0,0
0,1,0,0,0,2,4,126.7149,37.4911,0,0,0,0,44,0,0
1,1,0,0,0,7,9,126.7839,36.9447,0,0,0,0,46,0,0
0,1,0,1,1,0,4,127.1186,36.991,0,0,0,0,14,0,0
0,1,0,1,1,1,4,127.2429,37.0126,0,0,0,0,23,0,0
1,3,0,0,0,0,1,127.0003,36.8771,0,0,0,0,53,0,0
1,3,0,0,0,4,1,129.4028,36.5969,0,0,0,0,54,0,0
1,3,0,0,0,1,5,128.416,36.6365,0,0,0,0,55,0,0
1,3,0,1,1,7,2,126.9097,34.68,0,0,0,0,56,0,0
1,3,0,0,0,0,7,127.9691,35.0392,0,0,0,0,57,0,0
0,3,2,2,4,0,2,127.7747,36.9629,0,0,0,0,6,0,0
0,3,6,1,1,0,2,128.2907,36.377,1,0,0,0,58,0,0
0,3,0,1,2,1,11,126.7834,36.9452,0,0,0,0,46,0,0
0,4,0,0,0,5,3,129.0087,35.9097,0,0,0,0,5,0,0
1,4,6,1,1,0,2,127.0463,37.8106,0,0,0,0,59,0,0
1,4,0,1,1,1,7,127.4439,36.9889,0,0,0,0,60,0,0
1,4,0,0,0,1,4,127.1062,36.2371,0,0,0,0,61,0,0
0,4,6,1,1,1,2,128.4029,35.9379,0,0,0,0,21,0,0
0,5,6,1,1,0,6,128.4698,35.6937,2,0,1,0,30,0,0
0,5,0,0,0,0,9,127.0341,37.7291,0,0,1,0,64,0,0
1,5,0,1,3,0,5,126.7786,37.4956,0,0,1,0,65,0,0
1,5,5,0,0,0,3,127.9284,37.3581,1,0,1,0,36,0,0
1,5,0,0,0,4,9,126.8508,37.6162,0,0,1,0,40,0,0
1,5,0,0,0,3,2,127.3098,37.3736,1,0,1,0,9,0,0
0,5,5,0,0,0,6,126.7006,37.1499,1,0,1,0,50,0,0
0,6,0,0,0,0,3,127.2398,37.488,2,0,1,0,67,0,0
1,6,0,2,4,0,11,126.7572,37.6204,0,0,1,0,47,0,0
1,6,0,1,2,7,1,126.5708,36.7731,0,0,1,0,69,0,0
0,6,0,0,0,9,1,126.2413,34.4846,0,0,1,0,71,0,0
0,6,0,1,1,0,1,126.6274,37.4538,0,0,1,0,72,0,0
0,0,0,0,0,4,2,126.7873,37.4395,0,0,0,0,73,0,0
0,0,0,1,1,0,1,128.1887,36.596,0,0,0,0,74,0,0
0,0,0,0,0,1,11,127.8375,36.2661,0,0,0,0,75,0,0
0,0,0,0,0,1,3,128.1758,36.1503,1,0,0,0,76,0,0
1,0,0,2,4,4,9,126.7348,37.626,0,0,0,0,47,0,0
1,0,6,1,2,1,5,127.3946,36.4385,0,0,0,0,77,0,0
1,0,0,0,0,1,1,127.4822,35.0025,0,0,0,0,27,0,0
1,0,0,1,1,0,4,127.0995,36.1334,0,0,0,0,61,0,0
1,0,0,0,0,0,1,128.1811,37.4143,0,0,0,0,31,0,0
1,0,0,0,0,8,1,129.3002,36.4063,0,0,0,0,54,0,0
0,0,0,2,4,9,1,126.7928,36.1733,0,0,0,0,10,0,0
0,1,0,0,0,1,1,126.9861,37.0339,0,0,0,0,14,0,0
0,1,0,0,0,0,1,127.4405,36.3285,0,0,0,0,80,0,0
1,1,0,0,0,3,4,126.8618,37.4772,0,0,0,0,81,0,0
1,1,0,0,0,0,1,127.7849,37.6325,0,0,0,0,82,0,0
0,1,5,0,0,1,2,126.993,37.1689,0,0,0,0,50,0,0
0,1,0,0,0,0,1,127.1854,36.8572,0,0,0,0,63,0,0
0,2,0,1,2,0,1,127.0244,37.5446,0,0,0,0,84,0,0
0,2,0,0,0,0,2,129.1408,35.3581,0,0,0,0,85,0,0
1,2,0,0,0,1,3,126.7874,37.5916,0,0,0,0,47,0,0
1,2,0,0,0,1,3,126.6101,34.8622,0,0,0,0,16,0,0
1,2,0,0,0,4,1,126.7539,37.6749,0,0,0,0,40,0,0
1,2,0,0,0,1,1,126.1033,34.4298,0,0,0,0,71,0,0
0,2,0,0,0,1,3,128.2829,34.9335,0,0,0,0,87,0,0
0,2,2,0,0,0,1,127.1325,34.9981,1,0,0,0,88,0,0
1,3,5,0,0,0,2,127.5281,37.2192,0,0,0,0,22,0,0
1,3,0,0,0,1,5,126.4246,37.8062,0,0,0,0,92,0,0
1,3,2,1,1,0,2,126.978,37.4818,1,0,0,0,93,0,0
1,4,5,0,0,7,2,127.5061,37.2413,0,0,0,0,41,0,0
1,4,0,0,0,4,1,127.0349,37.638,0,0,0,0,98,0,0
1,4,6,1,1,1,7,127.9268,36.9603,0,0,0,0,6,0,0
1,4,3,1,2,4,2,127.0811,36.2093,0,0,0,0,61,0,0
1,5,5,0,0,4,2,129.2321,35.8842,0,0,1,0,100,0,0
1,5,3,0,0,4,2,126.8929,37.4974,0,0,1,0,79,0,0
1,5,6,1,1,3,5,127.1374,35.8229,0,0,1,0,11,0,0
0,5,0,1,1,0,4,127.0887,37.0105,0,0,1,0,14,0,0
0,6,0,0,0,0,11,127.2486,37.4009,1,0,1,0,9,0,0
1,6,0,1,1,0,1,127.0574,38.0292,0,0,1,0,106,0,0
1,6,0,0,0,0,6,126.4944,37.493,1,0,1,0,72,0,0
1,6,6,1,1,4,3,126.2528,33.2283,0,0,1,0,62,0,0
1,6,0,0,0,1,3,126.7824,36.9442,0,0,1,0,46,0,0
0,6,0,0,0,0,3,127.7375,35.5341,1,0,1,0,108,0,0
0,0,6,1,1,0,4,126.8563,37.4881,0,0,0,0,79,0,0
1,0,0,1,1,2,7,126.6956,36.0758,0,0,0,0,10,0,0
1,0,0,0,0,1,4,127.6049,37.0375,0,0,0,0,110,0,0
0,1,2,0,0,0,1,127.1892,37.5514,0,0,0,0,67,0,0
0,1,0,0,0,4,1,127.0369,37.2403,0,0,0,0,50,0,0
0,1,0,0,0,0,1,127.6151,37.8309,0,0,0,0,111,0,0
1,1,5,0,0,0,9,126.7481,34.9442,0,0,0,0,33,0,0
1,1,0,0,0,4,3,127.0373,37.5081,0,0,0,0,89,0,0
1,1,0,0,0,1,1,128.472,37.1862,0,0,0,0,114,0,0
1,1,0,1,1,0,1,127.9967,38.0909,0,0,0,0,115,0,0
0,2,0,1,2,0,4,126.9698,37.2905,0,0,0,0,99,0,0
1,2,0,0,0,8,1,128.5378,35.3709,0,0,0,0,117,0,0
1,2,3,1,2,7,1,127.1986,36.036,0,0,0,0,28,0,0
1,2,7,0,0,1,4,127.9118,37.3613,0,0,0,0,36,0,0
0,2,5,0,0,1,4,128.8217,36.7073,0,0,0,0,66,0,0
1,3,0,1,1,3,4,128.1867,36.3747,0,0,0,0,58,0,0
1,3,0,0,0,1,1,126.5629,34.4182,0,0,0,0,119,0,0
1,3,6,1,2,4,2,128.9908,35.1845,0,0,0,0,120,0,0
1,3,0,0,0,3,7,126.7695,34.6281,0,0,0,0,121,0,0
1,3,0,1,1,1,1,126.6806,35.0896,0,0,0,0,33,0,0
0,3,3,0,0,1,2,129.189,37.4246,2,0,0,0,78,0,0
0,4,0,0,0,0,3,128.4411,35.6506,1,0,0,0,30,0,0
0,4,0,0,0,0,1,128.9263,35.9033,0,0,0,0,5,0,0
0,4,0,0,0,4,1,127.0495,37.6875,0,0,0,0,98,0,0
1,4,0,0,0,1,9,128.1841,38.0749,0,0,0,0,124,0,0
1,4,0,0,0,1,2,128.0883,35.1916,0,0,0,0,42,0,0
1,4,5,0,0,6,2,127.4826,37.1545,0,0,0,0,41,0,0
0,4,2,0,0,0,2,127.0852,36.0561,1,0,0,0,125,0,0
0,5,0,0,0,0,2,127.9119,37.3615,1,0,1,0,36,0,0
1,5,0,0,0,4,1,129.1309,35.2181,0,0,1,0,1,0,0
1,5,0,0,0,0,1,129.0377,36.6759,0,0,1,0,128,0,0
1,5,6,1,1,0,3,126.8871,37.6706,0,0,1,0,40,0,0
0,6,0,0,0,0,3,126.8973,37.3013,0,0,0,0,2,0,0
1,0,0,0,0,1,1,127.7304,36.2035,0,0,0,0,75,0,0
1,0,0,0,0,1,1,127.098,36.2089,0,0,0,0,61,0,0
1,0,0,0,0,1,1,127.107,36.0269,0,0,0,0,125,0,0
1,0,7,1,1,3,11,127.7611,34.9474,0,0,0,0,130,0,0
1,0,0,0,0,0,1,126.6689,37.4543,0,0,0,0,123,0,0
1,0,0,0,0,1,3,128.3024,36.3445,0,0,0,0,105,0,0
1,0,0,0,0,1,1,128.4659,36.5335,0,0,0,0,66,0,0
1,0,0,1,1,9,1,127.1646,35.4104,0,0,0,0,131,0,0
0,0,0,1,2,4,3,125.9297,34.7599,0,0,0,0,132,0,0
1,1,0,0,0,8,1,126.9563,34.5607,0,0,0,0,56,0,0
1,1,0,1,1,0,4,128.6417,34.8648,0,0,0,0,15,0,0
1,1,6,1,1,1,3,128.835,35.2135,0,0,0,0,13,0,0
1,1,0,1,1,8,1,128.186,35.4657,0,0,0,0,133,0,0
0,1,0,0,0,1,1,126.8864,36.1083,0,0,0,0,125,0,0
1,2,0,1,1,0,5,126.5969,36.3502,0,0,0,0,136,0,0
1,2,0,1,1,0,5,127.6032,36.767,0,0,0,0,138,0,0
1,2,0,1,2,1,5,127.1507,36.2324,0,0,0,0,61,0,0
1,2,0,0,0,0,1,128.7429,35.2719,0,0,0,0,13,0,0
1,2,0,0,0,0,1,126.8681,35.9046,0,0,0,0,34,0,0
1,2,0,1,1,0,4,128.4409,36.6499,0,0,0,0,55,0,0
0,3,0,0,0,0,3,127.5952,36.2983,0,0,0,0,142,0,0
1,3,0,0,0,0,1,126.8414,36.3193,0,0,0,0,129,0,0
1,3,0,0,0,2,3,126.3887,36.6741,0,0,0,0,69,0,0
1,3,6,1,1,3,12,126.9745,37.8896,0,0,0,0,59,0,0
0,3,5,0,0,1,4,127.0612,38.0439,0,0,0,0,106,0,0
0,3,6,1,1,0,4,126.8112,37.5061,0,0,0,0,65,0,0
0,3,0,1,2,1,1,128.1462,36.8995,0,0,0,0,103,0,0
1,4,0,0,0,0,5,128.4354,36.0957,0,0,0,0,144,0,0
1,4,0,1,2,4,1,128.1251,36.1315,0,0,0,0,76,0,0
0,5,7,1,1,0,2,127.1351,37.3731,0,0,1,0,95,0,0
1,5,7,1,1,1,4,126.6651,35.2592,0,0,1,0,146,0,0
0,5,0,1,2,4,1,127.3404,35.2955,0,0,1,0,147,0,0
0,5,0,0,0,4,1,127.3027,36.3465,0,0,1,0,148,0,0
0,6,5,0,0,0,6,128.7597,36.8664,1,0,1,0,149,0,0
1,6,6,0,0,0,2,126.898,37.5052,1,0,1,0,150,0,0
1,6,5,0,0,0,2,126.9272,37.4025,1,0,1,0,151,0,0
1,0,0,1,2,7,6,127.4574,36.3074,0,0,1,0,80,0,0
0,0,5,0,0,0,2,127.3435,35.5586,1,0,1,0,152,0,0
0,2,0,0,0,4,1,128.9795,35.0636,0,0,1,0,25,0,0
0,2,6,1,1,4,2,127.1625,36.8213,0,0,1,0,63,0,0
1,2,0,1,2,0,1,128.3664,36.1069,0,0,1,0,144,0,0
1,2,0,0,0,1,1,127.919,35.7202,0,0,1,0,154,0,0
1,2,5,0,0,0,4,126.3108,33.4348,0,0,1,0,90,0,0
0,3,0,0,0,0,3,126.8748,37.369,0,0,0,0,2,0,0
1,3,0,0,0,0,12,128.3525,36.082,0,0,0,0,144,0,0
1,3,0,0,0,4,2,127.7379,35.5218,0,0,0,0,108,0,0
0,3,0,0,0,8,1,126.6099,36.8333,0,0,0,0,46,0,0
0,3,0,0,0,0,1,126.9859,37.7946,0,0,0,0,59,0,0
0,4,0,0,0,0,1,129.4479,35.6504,0,0,0,0,158,0,0
1,4,6,1,1,0,9,126.5445,35.304,0,0,0,0,127,0,0
1,4,0,0,0,0,9,127.6127,36.2721,0,0,0,0,142,0,0
1,4,0,0,0,0,2,126.6664,37.4665,0,0,0,0,123,0,0
0,5,0,0,0,0,1,129.3715,36.0468,0,0,1,0,160,0,0
1,5,0,0,0,0,1,127.0923,37.0629,0,0,1,0,14,0,0
1,5,6,1,1,0,4,128.8672,35.2631,0,0,1,0,13,0,0
0,5,6,1,1,4,2,126.7339,37.4484,1,0,1,0,29,0,0
1,0,0,0,0,0,1,127.442,35.2392,1,0,0,0,161,0,0
1,0,0,0,0,2,3,128.716,35.7012,0,0,0,0,3,0,0
0,1,0,0,0,0,4,127.0355,37.4849,0,0,0,0,89,0,0
0,1,6,1,1,0,3,127.2129,37.262,1,0,0,0,51,0,0
0,1,0,0,0,0,2,127.054,37.5234,0,0,0,0,89,0,0
0,1,0,0,0,0,1,127.0008,37.1754,0,0,0,0,50,0,0
0,2,0,0,0,4,1,128.6101,35.8258,0,0,0,0,37,0,0
0,2,0,0,0,4,1,126.8568,37.3267,0,0,0,0,2,0,0
1,2,0,0,0,0,2,127.2046,36.8849,0,0,0,0,63,0,0
1,2,6,1,1,0,4,126.8421,37.6533,0,0,0,0,40,0,0
1,2,0,1,1,0,9,126.5631,37.0046,1,0,0,0,46,0,0
1,2,0,0,0,1,1,128.4072,37.2872,0,0,0,0,114,0,0
1,2,0,2,4,9,1,128.1223,34.9361,0,0,0,0,87,0,0
1,2,0,0,0,4,1,127.7649,36.3313,0,0,0,0,142,0,0
0,2,0,2,4,1,1,127.0759,34.7964,0,0,0,0,122,0,0
0,2,6,1,1,1,4,128.7347,35.834,0,0,0,0,52,0,0
0,3,0,0,0,0,5,128.7625,35.6172,0,0,0,0,3,0,0
1,3,0,1,2,0,3,126.5876,37.6498,0,0,0,0,47,0,0
0,3,0,0,0,0,1,127.017,37.038,0,0,0,0,14,0,0
1,4,2,0,0,2,1,126.8051,37.2768,1,0,0,0,50,0,0
1,4,6,1,1,4,3,128.7586,37.9721,0,0,0,0,164,0,0
1,4,2,1,1,1,4,127.9156,36.2259,0,0,0,0,75,0,0
1,4,0,2,4,0,1,128.6212,38.1319,1,0,0,0,164,0,0
0,5,0,0,0,0,2,128.0767,35.1907,0,0,1,0,42,0,0
1,5,6,1,1,1,2,128.7331,35.8415,1,0,1,0,52,0,0
0,5,0,0,0,0,1,128.2699,37.1939,0,0,1,0,103,0,0
0,5,0,0,0,8,1,126.9568,35.954,0,0,1,0,125,0,0
0,6,5,1,2,0,2,129.1715,35.1738,0,0,1,0,1,0,0
0,6,6,1,2,0,1,127.0949,37.8267,0,0,1,0,59,0,0
0,6,5,0,0,0,2,128.274,35.928,1,0,1,0,168,0,0
0,0,0,0,0,0,1,129.2749,35.9448,0,0,0,0,100,0,0
0,0,0,0,0,0,2,129.1573,35.3898,0,0,0,0,49,0,0
1,0,6,1,1,4,2,126.7632,37.5047,0,0,0,0,65,0,0
1,0,0,1,1,1,4,127.4683,36.1249,0,0,0,0,68,0,0
1,0,0,0,0,1,1,127.6799,37.2358,0,0,0,0,22,0,0
1,0,0,0,0,8,1,127.5501,35.5663,0,0,0,0,155,0,0
1,0,0,0,0,9,1,127.6479,35.5271,0,0,0,0,108,0,0
0,1,0,2,4,0,1,126.8847,37.5189,0,0,0,0,150,0,0
1,1,0,0,0,0,1,126.8193,37.4346,0,0,0,0,73,0,0
1,1,5,1,2,0,2,128.079,35.0721,0,0,0,0,57,0,0
1,1,0,0,0,0,1,126.6891,36.6565,0,0,0,0,38,0,0
1,2,2,1,1,0,5,126.9532,35.9599,0,0,0,0,125,0,0
1,2,5,0,0,1,3,126.2458,36.8286,0,0,0,0,169,0,0
1,3,0,0,0,0,1,127.2715,36.219,0,0,0,0,61,0,0
1,3,0,0,0,0,5,128.171,36.5637,0,0,0,0,58,0,0
1,3,5,0,0,0,2,127.7567,37.8356,1,0,0,0,111,0,0
0,3,0,1,1,0,4,129.3284,36.0461,0,0,0,0,160,0,0
0,3,0,0,0,0,12,127.3387,37.979,0,0,0,0,171,0,0
0,3,3,0,0,0,2,127.0659,37.2738,0,0,0,0,99,0,0
1,4,0,0,0,0,11,127.5957,34.942,0,0,0,0,130,0,0
1,4,6,1,1,1,2,126.5127,33.4611,0,0,0,0,90,0,0
0,4,6,1,1,4,6,127.1877,37.5601,0,0,0,0,67,0,0
1,5,0,0,0,1,11,127.1507,35.9338,0,0,1,0,28,0,0
1,5,5,0,0,0,2,127.8554,38.0342,1,0,1,0,111,0,0
0,5,0,1,1,0,3,126.9017,35.2148,1,0,1,0,137,0,0
1,6,0,0,0,0,1,126.8418,37.504,0,0,1,0,79,0,0
0,6,0,0,0,1,3,128.1262,35.1299,0,0,1,0,42,0,0
1,0,0,1,1,3,5,127.0505,37.6176,0,0,0,0,167,0,0
1,0,0,1,2,4,1,126.645,34.3836,0,0,0,0,141,0,0
1,0,0,0,0,2,3,127.2464,37.6464,1,0,0,0,70,0,0
1,0,0,1,2,1,1,126.6506,36.4289,0,0,0,0,136,0,0
1,0,0,0,0,3,4,127.486,34.9815,0,0,0,0,27,0,0
0,0,0,0,0,1,8,128.2452,36.4105,0,0,0,0,58,0,0
0,0,0,0,0,1,6,128.6165,38.1376,0,0,0,0,164,0,0
0,1,0,0,0,0,3,128.5936,35.9143,0,0,0,0,112,0,0
0,1,0,0,0,0,1,127.4917,37.6283,0,0,0,0,176,0,0
1,1,0,1,2,0,1,129.1987,35.857,0,0,0,0,100,0,0
1,1,0,1,1,0,2,128.6849,36.5652,1,0,0,0,66,0,0
0,1,6,0,0,0,4,126.8175,35.1741,0,0,0,0,135,0,0
0,1,0,1,1,2,5,126.7671,37.5203,0,0,0,0,65,0,0
0,2,5,1,1,9,2,128.8328,35.3963,0,0,0,0,177,0,0
0,2,0,0,0,0,1,127.0768,37.7823,0,0,0,0,59,0,0
0,2,0,1,2,1,3,127.116,37.3865,0,0,0,0,95,0,0
0,2,0,1,2,1,3,128.5557,35.9816,0,0,0,0,21,0,0
0,2,0,0,0,1,2,128.6913,35.8876,0,0,0,0,26,0,0
0,2,2,0,0,1,5,129.3617,35.561,0,0,0,0,158,0,0
1,2,0,0,0,1,4,128.7596,36.8664,0,0,0,0,149,0,0
1,2,0,1,2,0,1,126.5785,35.0346,0,0,0,0,157,0,0
1,2,0,0,0,2,5,128.5822,35.874,0,0,0,0,178,0,0
1,2,5,0,0,4,2,127.1431,37.4814,0,0,0,0,156,0,0
0,2,6,1,1,0,3,127.1342,35.873,0,0,0,0,11,0,0
1,3,0,0,0,1,9,126.9015,35.8274,0,0,0,0,34,0,0
1,3,0,1,1,0,1,126.7196,35.9595,0,0,0,0,166,0,0
1,3,0,1,1,1,5,129.0689,35.1244,0,0,0,0,180,0,0
1,3,0,0,0,1,3,127.1518,36.443,0,0,0,0,19,0,0
0,3,0,1,1,3,5,128.5534,35.8925,0,0,0,0,112,0,0
1,4,0,0,0,0,2,127.1521,36.6754,1,0,1,0,63,0,0
1,4,0,0,0,9,1,129.4313,35.8669,0,0,1,0,100,0,0
1,5,0,0,0,0,1,127.0211,35.2948,0,0,1,0,181,0,0
0,5,0,0,0,1,1,126.6103,36.4052,0,0,1,0,136,0,0
0,6,0,1,2,0,4,126.9925,37.5778,0,0,1,0,116,0,0
0,6,5,1,2,1,3,126.3406,33.4633,0,0,1,0,90,0,0
1,6,0,0,0,9,1,127.6523,36.0548,0,0,1,0,182,0,0
1,6,0,1,1,1,1,129.5073,35.8222,0,0,1,0,100,0,0
1,6,7,1,1,9,4,129.0977,35.5842,0,0,1,0,17,0,0
1,6,0,0,0,4,1,126.7044,37.7798,0,0,1,0,175,0,0
0,0,0,1,1,0,1,127.7278,37.8802,0,0,0,0,111,0,0
1,0,0,0,0,4,1,128.4396,35.7826,0,0,0,0,30,0,0
0,0,2,0,0,0,2,126.8113,37.445,0,0,0,0,73,0,0
0,1,0,0,0,1,3,126.8304,35.5745,0,0,0,0,12,0,0
1,1,5,0,0,1,2,127.3975,38.1667,1,0,0,0,184,0,0
1,1,0,0,0,1,1,128.9716,36.6452,0,0,0,0,66,0,0
1,1,2,0,0,1,5,128.5599,35.9462,0,0,0,0,112,0,0
0,1,2,0,0,0,8,126.6909,35.6953,1,0,0,0,185,0,0
0,2,0,0,0,0,1,128.2588,36.2512,0,0,0,0,144,0,0
0,2,0,0,0,4,1,126.6887,37.4805,0,0,0,0,97,0,0
0,2,0,0,0,4,1,127.9504,37.3483,0,0,0,0,36,0,0
1,2,0,0,0,9,1,128.4464,37.5464,0,0,0,0,24,0,0
1,2,0,1,2,4,2,126.7293,36.6869,0,0,0,0,187,0,0
1,2,0,0,0,4,1,128.6809,36.159,0,0,0,0,170,0,0
1,2,3,0,0,0,11,129.0968,35.5023,0,0,0,0,17,0,0
1,3,0,0,0,1,4,128.3491,35.3257,0,0,0,0,117,0,0
1,3,0,0,0,1,1,127.8739,35.0211,0,0,0,0,172,0,0
1,3,6,1,1,4,3,126.9924,37.7932,0,0,0,0,59,0,0
0,3,0,2,4,0,1,128.1781,35.9291,0,0,0,0,168,0,0
0,4,5,0,0,4,2,127.4306,36.3305,0,0,0,0,80,0,0
1,4,2,1,2,1,5,127.1382,36.8335,1,0,0,0,63,0,0
1,4,6,1,1,1,6,127.3054,36.3605,0,0,0,0,148,0,0
1,4,6,1,1,0,3,127.6894,36.1027,0,0,0,0,75,0,0
1,4,0,0,0,4,1,126.9308,36.8791,0,0,0,0,53,0,0
1,4,0,1,1,1,8,127.3214,37.6514,0,0,0,0,70,0,0
1,4,6,1,1,1,3,126.8943,37.1228,0,0,0,0,50,0,0
1,4,0,0,0,0,1,126.9326,34.5098,1,0,0,0,56,0,0
0,4,5,0,0,0,4,126.9167,35.1226,0,0,0,0,190,0,0
0,5,0,0,0,4,4,127.3325,37.5371,0,0,1,0,48,0,0
0,5,0,1,2,4,3,127.1288,37.4218,0,0,1,0,95,0,0
1,5,0,0,0,4,1,127.3147,34.5259,0,0,1,0,191,0,0
1,5,0,0,0,0,3,128.9397,35.9394,0,0,1,0,5,0,0
1,5,0,1,1,4,3,126.9092,35.8018,0,0,1,0,34,0,0
1,5,0,2,4,7,1,126.9006,37.4346,0,0,1,0,151,0,0
0,6,6,1,1,0,1,127.051,37.923,0,0,1,0,94,0,0
0,6,0,1,2,0,4,127.1223,37.3825,0,0,1,0,95,0,0
1,6,5,0,0,1,3,126.3873,34.7416,0,0,1,0,16,0,0
1,0,5,1,3,4,2,126.2968,33.2678,0,0,0,0,62,0,0
0,1,0,1,2,0,1,127.1105,35.7952,0,0,0,0,11,0,0
1,1,0,0,0,1,1,127.4585,35.0205,0,0,0,0,27,0,0
1,1,0,0,0,1,1,127.2872,37.44,0,0,0,0,9,0,0
1,1,0,0,0,0,2,127.43,35.7925,1,0,0,0,192,0,0
0,1,6,1,1,4,6,126.9199,37.6234,0,0,0,0,139,0,0
0,1,5,0,0,0,2,128.757,35.8197,2,0,0,0,52,0,0
1,2,6,1,1,0,2,126.971,35.9582,1,0,0,0,125,0,0
1,2,5,1,2,7,6,127.3945,36.3255,0,0,0,0,39,0,0
1,2,0,0,0,1,1,127.4078,35.4086,0,0,0,0,193,0,0
1,2,0,0,0,0,9,127.7829,34.9888,0,0,0,0,172,0,0
0,2,6,1,1,6,2,126.6018,36.3459,0,0,0,0,136,0,0
0,2,0,0,0,1,7,126.7314,35.723,0,0,0,0,185,0,0
0,2,0,0,0,1,1,128.8264,37.7141,0,0,0,0,194,0,0
0,3,5,0,0,0,2,126.9381,37.0316,1,0,0,0,14,0,0
0,3,0,0,0,5,3,128.4444,35.6392,0,0,0,0,30,0,0
0,3,0,0,0,4,1,126.882,37.4851,0,0,0,0,109,0,0
0,3,0,0,0,0,2,126.9284,37.5771,0,0,0,0,195,0,0
1,3,7,1,1,0,4,128.1782,36.1031,0,0,0,0,76,0,0
0,3,0,0,0,1,1,127.2719,34.6094,0,0,0,0,191,0,0
0,3,0,1,2,4,1,126.4876,35.2595,0,0,0,0,127,0,0
0,3,6,1,2,1,3,126.442,34.9439,0,0,0,0,101,0,0
0,3,0,1,2,0,1,126.921,34.6924,0,0,0,0,56,0,0
1,4,5,0,0,8,2,127.0729,37.5926,0,0,0,0,196,0,0
1,4,0,1,2,1,1,126.5731,33.5122,0,0,0,0,90,0,0
1,4,0,0,0,8,1,127.1743,34.8072,0,0,0,0,122,0,0
0,4,0,1,1,0,2,129.3822,35.9766,0,0,0,0,160,0,0
0,5,0,1,3,0,1,129.1049,35.2835,0,0,1,0,96,0,0
0,5,6,1,1,1,4,127.5187,36.6234,0,0,1,0,83,0,0
0,5,0,1,2,1,2,128.1035,35.1794,0,0,1,0,42,0,0
1,5,0,0,0,0,9,126.7594,37.2116,0,0,1,0,50,0,0
1,5,0,1,1,0,4,129.2174,35.9863,0,0,1,0,100,0,0
1,5,0,1,1,0,4,127.2307,37.2326,0,0,1,0,51,0,0
1,5,0,2,4,6,1,126.7204,37.347,0,0,1,0,73,0,0
1,5,0,0,0,4,1,128.4551,36.5544,0,0,1,0,55,0,0
0,5,5,0,0,4,2,128.0135,35.71,0,0,1,0,154,0,0
0,5,0,0,0,4,1,127.8504,34.8133,0,0,1,0,197,0,0
0,5,0,0,0,1,3,126.8645,33.5157,0,0,1,0,90,0,0
0,6,0,0,0,0,1,128.8538,35.2107,0,0,1,0,13,0,0
1,6,5,0,0,0,2,128.6707,37.411,1,0,1,0,198,0,0
0,6,6,1,1,4,2,127.066,37.1713,0,0,1,0,143,0,0
0,0,0,0,0,4,1,129.3841,35.9748,0,0,0,0,160,0,0
1,0,6,1,1,1,9,127.6144,34.7078,0,0,0,0,102,0,0
1,0,7,1,1,6,3,126.7699,36.8078,0,0,0,0,46,0,0
1,0,0,0,0,1,11,127.0176,37.3926,0,0,0,0,199,0,0
0,0,0,0,0,1,1,128.8393,35.2477,0,0,0,0,13,0,0
0,0,6,1,1,1,4,129.1156,35.5482,0,0,0,0,17,0,0