주야,요일,법규위반,도로형태_대분류,도로형태,당사자종별_1당_대분류,당사자종별_2당_대분류,경도,위도,사고피해정도,도시여부,주말/공휴일,인구수,발생지번호,보행자의위치,무단횡단여부
0,5,2,0,0,0,3,127.819,37.039,0,0,1,0,6,0,0
1,5,0,0,0,4,1,126.9702,37.7012,0,0,1,0,59,0,0
0,5,0,0,0,0,1,128.1662,37.4205,0,0,1,0,31,0,0
0,5,0,0,0,0,1,127.6029,34.8509,0,0,1,0,102,0,0
0,5,0,1,1,0,4,126.7925,35.1394,0,0,1,0,135,0,0
0,6,5,0,0,0,2,126.7399,35.7479,0,0,1,0,185,0,0
1,6,0,1,1,0,3,128.3452,35.5807,0,0,1,0,133,0,0
1,6,0,0,0,2,1,127.2129,38.1466,0,0,1,0,184,0,0
0,0,0,0,0,4,1,127.1282,37.4021,0,0,0,0,95,0,0
1,0,0,1,1,1,4,128.5786,35.2033,0,0,0,0,86,0,0
1,0,2,1,1,0,5,127.6568,37.1724,0,0,0,0,22,0,0
1,0,0,0,0,4,3,127.7099,34.7551,0,0,0,0,102,0,0
1,0,0,0,0,1,5,126.9422,35.9635,0,0,0,0,125,0,0
1,0,0,0,0,2,1,129.0543,35.1264,1,0,0,0,209,0,0
0,0,0,1,1,8,1,127.4375,37.0881,0,0,0,0,23,0,0
0,1,5,1,2,0,2,126.7769,37.6914,1,0,0,0,40,0,0
1,1,0,0,0,4,3,126.5844,33.5123,0,0,0,0,90,0,0
1,1,2,0,0,0,1,127.1447,35.2825,2,0,0,0,147,0,0
1,1,0,0,0,9,1,127.8132,36.7155,0,0,0,0,179,0,0
0,1,0,1,1,0,2,129.1162,37.5268,0,0,0,0,210,0,0
0,2,6,1,1,0,3,127.1246,36.4722,0,0,0,0,19,0,0
0,2,0,1,2,0,2,128.6055,36.815,0,0,0,0,113,0,0
1,2,0,0,0,4,2,126.6212,37.6633,0,0,0,0,47,0,0
1,2,0,0,0,1,5,126.9626,35.9366,0,0,0,0,125,0,0
1,2,0,1,2,1,4,128.7411,35.808,0,0,0,0,52,0,0
1,2,0,0,0,0,3,126.7059,37.6977,0,0,0,0,175,0,0
1,3,6,1,1,4,3,128.9914,35.2003,0,0,0,0,118,0,0
1,3,2,0,0,0,1,127.1751,36.7228,0,0,0,0,202,0,0
1,3,5,0,0,0,2,126.4096,36.7239,1,0,0,0,69,0,0
1,3,0,0,0,3,5,129.2808,35.3311,0,0,0,0,85,0,0
1,3,6,1,1,4,3,128.4477,38.4376,0,0,0,0,217,0,0
1,3,0,0,0,1,1,127.5962,35.7989,0,0,0,0,155,0,0
0,3,0,1,2,4,1,127.6878,35.5272,0,0,0,0,108,0,0
0,3,6,1,1,2,5,126.7867,37.3294,0,0,0,0,2,0,0
0,4,0,1,2,1,1,126.4487,36.7419,0,0,0,0,69,0,0
1,4,2,1,1,0,6,127.0353,34.6419,1,0,0,0,56,0,0
1,4,0,0,0,1,8,127.2316,35.9975,0,0,0,0,28,0,0
1,4,5,0,0,0,3,127.331,37.6474,1,0,0,0,70,0,0
0,4,6,1,1,8,6,127.2016,37.642,0,0,0,0,70,0,0
0,4,6,1,1,4,2,127.1305,36.7982,0,0,0,0,63,0,0
0,5,0,0,0,4,2,127.0113,37.5081,0,0,1,0,214,0,0
0,5,0,0,0,0,2,126.6368,37.4439,1,0,1,0,123,0,0
1,5,0,0,0,4,1,127.7226,37.1056,0,0,1,0,6,0,0
1,5,2,0,0,0,5,127.4358,36.6365,0,0,1,0,83,0,0
1,5,5,0,0,0,3,128.992,36.0249,0,0,1,0,5,0,0
1,5,5,2,4,4,2,126.2689,34.4813,0,0,1,0,71,0,0
0,6,0,1,2,3,1,127.0235,38.0581,0,0,1,0,106,0,0
1,6,5,0,0,4,2,129.0585,35.6654,1,0,1,0,100,0,0
0,6,0,1,1,2,4,127.9117,35.6484,0,0,1,0,154,0,0
0,0,0,1,1,0,3,126.856,37.4828,0,0,0,0,81,0,0
0,0,0,0,0,1,1,126.8539,36.5757,0,0,0,0,187,0,0
1,0,2,0,0,0,1,128.7975,37.2269,0,0,0,0,198,0,0
1,0,0,1,1,0,9,127.9634,36.8811,1,0,0,0,6,0,0
1,0,6,1,1,4,6,126.713,35.0014,0,0,0,0,33,0,0
1,0,0,0,0,1,1,129.1143,35.3425,0,0,0,0,49,0,0
1,0,5,0,0,1,9,126.6876,33.5237,0,0,0,0,90,0,0
1,0,0,2,4,1,1,128.988,36.8577,0,0,0,0,149,0,0
0,0,0,0,0,0,8,126.6796,34.6666,0,0,0,0,119,0,0
0,1,5,0,0,0,2,126.6616,37.3955,1,0,0,0,35,0,0
0,1,5,0,0,0,3,127.1161,37.6113,0,0,0,0,196,0,0
1,1,0,0,0,1,2,127.6516,36.4735,1,0,0,0,32,0,0
0,1,0,0,0,9,1,127.3815,34.6756,0,0,0,0,191,0,0
0,2,0,1,1,1,5,128.5781,35.8953,0,0,0,0,112,0,0
1,2,0,1,1,4,3,127.6892,36.4795,0,0,0,0,32,0,0
1,2,5,0,0,4,2,128.4868,36.24,0,0,0,0,170,0,0
1,2,5,0,0,0,3,128.9715,36.2866,0,0,0,0,203,0,0
1,2,0,0,0,4,1,128.8513,35.4031,0,0,0,0,177,0,0
1,2,3,0,0,1,3,128.5421,35.2888,1,0,0,0,117,0,0
1,2,0,1,1,1,5,126.6479,37.4918,0,0,0,0,207,0,0
1,2,0,0,0,1,1,128.0724,37.8187,0,0,0,0,82,0,0
1,2,3,0,0,1,1,127.0087,36.9175,0,0,0,0,53,0,0
1,3,0,0,0,0,5,126.976,36.0756,0,0,0,0,125,0,0
1,3,0,0,0,1,3,128.5503,35.956,0,0,0,0,112,0,0
1,3,0,0,0,4,1,127.165,36.7862,0,0,0,0,63,0,0
0,4,0,0,0,4,3,126.6722,37.4173,0,0,0,0,35,0,0
1,4,0,1,2,0,1,127.0299,35.3467,0,0,0,0,181,0,0
1,4,2,0,0,0,3,127.5232,35.4889,0,0,0,0,193,0,0
0,4,0,0,0,0,5,126.77,35.7567,0,0,0,0,185,0,0
0,4,6,1,1,4,2,129.2539,35.5361,0,0,0,0,213,0,0
0,5,0,0,0,4,1,128.5712,35.203,0,0,1,0,86,0,0
0,5,0,0,0,4,1,128.5476,35.9003,0,0,1,0,112,0,0
1,5,2,0,0,0,2,127.7986,37.0428,1,0,1,0,6,0,0
1,5,0,0,0,1,2,126.5032,37.7552,1,0,1,0,92,0,0
0,5,0,0,0,0,4,127.0094,35.8755,0,0,1,0,11,0,0
0,6,0,1,2,0,1,127.0383,36.7733,0,0,1,0,53,0,0
1,6,5,0,0,4,2,128.16,36.9673,0,0,1,0,103,0,0
1,6,5,0,0,0,3,128.1448,38.1397,0,0,1,0,124,0,0
1,6,0,0,0,4,1,127.537,36.7804,0,0,1,0,60,0,0
1,6,6,1,1,9,3,129.3471,36.1152,0,0,1,0,160,0,0
0,6,0,0,0,7,1,127.2455,36.5211,0,0,1,0,202,0,0
0,6,0,0,0,0,3,129.3432,35.4106,0,0,1,0,17,0,0
0,6,6,1,1,2,2,126.8094,37.3276,0,0,1,0,2,0,0
0,6,0,0,0,4,1,126.3681,34.7967,0,0,1,0,153,0,0
1,0,6,1,1,0,4,126.8942,37.4943,0,0,0,0,79,0,0
0,0,6,1,1,0,4,127.1726,35.9277,0,0,0,0,28,0,0
0,0,0,0,0,0,1,126.3008,36.918,0,0,0,0,169,0,0
0,1,0,1,1,4,1,128.1164,35.1965,0,0,0,0,42,0,0
0,1,0,0,0,1,8,129.4499,35.6544,0,0,0,0,100,0,0
1,1,5,2,4,1,2,127.1212,36.4913,1,0,0,0,19,0,0
1,1,0,1,1,3,3,127.8582,36.94,0,0,0,0,6,0,0
1,1,7,1,1,4,3,128.7053,35.3295,0,0,0,0,86,0,0
1,1,0,1,1,0,11,126.4284,36.7167,0,0,0,0,69,0,0
1,1,0,1,2,0,1,127.5827,36.7854,0,0,0,0,138,0,0
1,1,5,0,0,1,4,128.5849,36.3034,0,0,0,0,105,0,0
0,1,0,0,0,8,1,127.6363,37.1482,0,0,0,0,110,0,0
0,1,0,0,0,4,8,127.0477,37.0157,0,0,0,0,14,0,0
0,1,0,0,0,1,2,128.4668,35.728,0,0,0,0,30,0,0
0,2,0,1,1,0,1,126.6366,36.51,0,0,0,0,38,0,0
1,2,0,0,0,1,1,128.27,35.6241,0,0,0,0,133,0,0
1,2,0,0,0,1,3,126.7273,35.9433,0,0,0,0,166,0,0
1,2,0,0,0,4,1,129.0074,35.231,0,0,0,0,118,0,0
0,2,2,0,0,4,2,126.8947,37.5416,0,0,0,0,150,0,0
0,2,5,0,0,1,2,127.533,38.068,0,0,0,0,218,0,0
0,2,5,1,1,0,4,127.9461,36.9777,0,0,0,0,6,0,0
0,2,0,0,0,0,5,127.1224,36.7946,0,0,0,0,63,0,0
0,2,0,1,1,0,5,126.6391,35.9229,0,0,0,0,166,0,0
0,2,0,0,0,0,6,126.789,37.8,1,0,0,0,175,0,0
0,2,0,0,0,4,1,126.5211,36.7949,0,0,0,0,69,0,0
1,3,0,1,1,3,4,127.6507,35.8629,0,0,1,0,182,0,0
1,3,0,1,1,9,1,128.079,36.3607,0,0,1,0,58,0,0
1,3,0,0,0,1,2,128.6811,36.5129,0,0,1,0,66,0,0
0,3,0,1,2,0,1,127.2108,37.2272,0,0,1,0,51,0,0
0,3,0,0,0,1,1,127.4876,34.4515,0,0,1,0,191,0,0
0,4,0,1,1,1,2,127.9922,37.8061,0,0,0,0,82,0,0
0,4,2,2,4,0,1,128.2941,37.1822,1,0,0,0,103,0,0
0,4,0,0,0,5,1,129.3871,35.946,0,0,0,0,160,0,0
1,4,0,0,0,1,1,126.9333,34.5981,0,0,0,0,56,0,0
1,4,2,0,0,0,1,126.465,34.7669,1,0,0,0,16,0,0
1,4,0,0,0,0,2,127.0993,37.1255,2,0,0,0,14,0,0
1,4,0,1,2,0,4,128.8747,35.2256,0,0,0,0,13,0,0
1,4,0,0,0,4,1,128.0099,35.232,0,0,0,0,42,0,0
0,4,0,0,0,2,5,127.0409,36.9312,0,0,0,0,53,0,0
1,5,2,1,1,0,2,127.2156,37.5865,1,0,1,0,70,0,0
0,5,0,0,0,6,1,128.4184,36.0765,0,0,1,0,21,0,0
0,5,0,0,0,1,1,126.7063,37.1766,0,0,1,0,50,0,0
0,5,0,0,0,7,2,128.5286,35.8047,0,0,1,0,20,0,0
0,6,6,1,1,0,2,126.4091,33.4735,0,0,1,0,90,0,0
0,6,6,1,1,4,4,129.1029,35.5303,1,0,1,0,17,0,0
0,6,5,1,1,0,2,127.4686,36.6204,1,0,1,0,83,0,0
0,6,0,0,0,0,12,126.8943,36.7612,0,0,1,0,53,0,0
1,6,0,0,0,9,1,129.1684,35.7252,0,0,1,0,100,0,0
1,6,0,0,0,7,1,127.5183,37.4425,0,0,1,0,48,0,0
1,6,5,1,1,0,3,126.8626,36.9684,1,0,1,0,14,0,0
1,6,0,0,0,9,1,127.0436,35.2615,0,0,1,0,181,0,0
0,6,6,1,1,4,6,126.8266,37.5598,0,0,1,0,43,0,0
1,0,3,0,0,1,2,126.6663,35.4453,0,0,0,0,219,0,0
1,0,0,0,0,0,8,128.4762,35.7921,0,0,0,0,30,0,0
1,0,6,1,1,4,11,128.6319,35.1916,0,0,0,0,86,0,0
1,0,6,1,1,3,4,127.0779,36.0614,0,0,0,0,125,0,0
1,0,5,0,0,1,4,128.754,35.4906,0,0,0,0,177,0,0
0,0,6,1,1,2,5,126.7479,37.6965,0,0,0,0,40,0,0
0,1,0,0,0,4,1,129.1315,35.1615,0,0,0,0,1,0,0
0,1,6,1,1,6,3,127.6788,34.7497,0,0,0,0,102,0,0
0,1,0,1,3,1,5,128.5823,35.8704,0,0,0,0,178,0,0
1,1,0,0,0,0,2,126.5744,36.8113,1,0,0,0,69,0,0
1,1,0,1,1,0,1,128.928,35.3088,0,0,0,0,13,0,0
1,1,0,0,0,1,3,127.1281,36.3249,1,0,0,0,19,0,0
1,2,0,1,2,7,1,127.1018,36.9951,0,0,0,0,14,0,0
1,2,6,1,1,4,3,128.2836,35.7632,0,0,0,0,220,0,0
1,2,0,0,0,0,1,128.2532,35.8563,0,0,0,0,168,0,0
1,2,6,1,1,0,2,127.4966,34.9314,1,0,0,0,27,0,0
0,2,0,0,0,4,1,127.0854,36.5195,0,0,0,0,19,0,0
0,2,6,1,2,4,2,127.4229,36.4012,0,0,0,0,77,0,0
1,3,5,1,1,7,3,128.2453,35.1891,0,0,0,0,42,0,0
1,3,0,0,0,0,5,126.9004,35.1446,0,0,0,0,190,0,0
1,3,6,1,2,4,2,126.7111,37.6301,0,0,0,0,47,0,0
0,4,5,0,0,0,3,127.3162,37.6311,0,0,0,0,70,0,0
0,4,0,0,0,0,4,127.0343,35.8227,0,0,0,0,28,0,0
1,4,3,1,2,1,9,127.4801,36.7528,0,0,0,0,83,0,0
1,4,5,0,0,0,9,126.58,35.7011,0,0,0,0,185,0,0
1,4,0,0,0,0,11,127.4669,36.9662,1,0,0,0,110,0,0
1,4,5,0,0,1,6,128.3637,37.063,0,0,0,0,204,0,0
1,4,0,1,1,0,2,126.6673,37.4505,0,0,0,0,123,0,0
0,4,0,0,0,1,8,127.2267,35.587,0,0,0,0,152,0,0
0,4,0,0,0,1,3,128.1948,36.156,0,0,0,0,76,0,0
0,5,0,0,0,0,1,128.9224,36.4601,0,0,1,0,66,0,0
1,5,6,1,1,4,2,127.0383,37.5782,0,0,1,0,201,0,0
1,5,5,0,0,4,2,126.5908,34.5695,0,0,1,0,119,0,0
1,5,0,0,0,9,1,128.713,36.6039,0,0,1,0,66,0,0
1,5,3,0,0,4,2,127.0322,37.2614,0,0,1,0,99,0,0
1,6,0,1,1,0,3,127.5568,37.1941,0,0,1,0,22,0,0
0,6,0,0,0,0,1,126.9929,37.3607,0,0,1,0,199,0,0
1,0,0,0,0,0,9,127.6391,34.7861,0,0,0,0,102,0,0
1,0,0,0,0,2,6,126.8647,37.8456,2,0,0,0,175,0,0
1,0,5,0,0,1,3,126.8784,36.2203,0,0,0,0,129,0,0
0,0,6,1,1,2,2,127.7256,34.9515,1,0,0,0,130,0,0
0,0,0,0,0,1,4,127.2206,37.5302,0,0,0,0,67,0,0
0,0,0,0,0,4,6,127.0014,37.5709,0,0,0,0,116,0,0
0,1,6,1,1,1,6,127.0939,36.8298,2,0,0,0,53,0,0
0,1,2,0,0,0,3,128.5327,35.2922,0,0,0,0,117,0,0
0,1,0,0,0,1,3,127.1465,35.8907,0,0,0,0,28,0,0
1,1,0,0,0,0,3,126.8403,36.9746,0,0,0,0,14,0,0
1,1,5,0,0,7,6,126.7451,35.9873,0,0,0,0,166,0,0
1,1,0,1,2,1,4,128.8899,35.6884,0,0,0,0,3,0,0
1,1,0,0,0,1,8,127.3488,35.7477,0,0,0,0,192,0,0
1,1,0,0,0,3,8,127.6448,35.9881,0,0,0,0,182,0,0
0,1,0,0,0,7,3,126.7151,34.9824,0,0,0,0,33,0,0
0,1,0,0,0,0,1,128.665,35.957,0,0,0,0,26,0,0
0,2,0,1,2,4,1,127.044,37.5723,0,0,0,0,201,0,0
1,2,0,1,1,5,2,127.2362,36.4999,0,0,0,0,202,0,0
1,2,7,1,1,4,2,126.7261,37.4519,0,0,0,0,29,0,0
1,2,3,1,2,4,2,127.2618,34.8193,0,0,0,0,122,0,0
1,2,0,0,0,1,1,129.3686,36.2885,0,0,0,0,54,0,0
0,2,0,1,2,4,2,126.9363,36.3802,0,0,0,0,174,0,0
0,2,0,0,0,0,4,128.4738,35.8532,0,0,0,0,20,0,0
1,3,5,0,0,1,3,128.7672,35.5267,1,0,0,0,177,0,0
1,3,0,1,2,3,1,129.1412,35.5558,0,0,0,0,17,0,0
1,3,0,0,0,0,1,126.2505,33.389,0,0,0,0,90,0,0
1,3,0,1,2,8,1,127.3542,36.282,0,0,0,0,4,0,0
1,3,0,1,2,0,3,128.8552,35.1273,0,0,0,0,206,0,0
1,3,0,0,0,1,3,128.4945,35.9409,0,0,0,0,21,0,0
1,3,5,0,0,0,2,127.2257,37.7507,1,0,0,0,70,0,0
0,3,0,1,2,4,1,128.4312,35.3566,0,0,0,0,117,0,0
1,4,0,0,0,3,1,127.4595,37.5828,0,0,0,0,48,0,0
0,4,0,1,1,4,2,127.1037,35.4499,0,0,0,0,131,0,0
0,5,5,0,0,4,2,127.0712,37.0138,0,0,1,0,14,0,0
0,5,0,0,0,7,1,127.1601,37.6735,0,0,1,0,70,0,0
1,5,0,2,4,1,1,127.097,37.0518,0,0,1,0,14,0,0
1,5,0,0,0,1,1,126.7555,35.6708,0,0,1,0,185,0,0
1,5,0,0,0,1,3,128.8005,35.4075,0,0,1,0,177,0,0
0,5,0,0,0,1,1,128.5942,38.0812,0,0,1,0,164,0,0
0,5,0,0,0,8,1,127.3771,37.6991,0,0,1,0,176,0,0
0,5,0,0,0,0,2,127.5164,37.3784,0,0,1,0,22,0,0
1,6,0,1,2,7,2,127.1612,35.9299,0,0,1,0,28,0,0
1,6,0,0,0,7,1,127.1779,36.189,0,0,1,0,61,0,0
0,6,3,0,0,9,1,128.3779,36.3766,0,0,1,0,105,0,0
0,0,0,1,1,0,1,127.813,37.3055,0,0,0,0,36,0,0
0,0,0,0,0,4,1,128.716,35.8245,0,0,0,0,52,0,0
1,0,0,1,1,0,4,127.2811,36.4677,0,0,0,0,202,0,0
1,0,7,1,1,1,9,126.5465,34.6492,0,0,0,0,119,0,0
1,0,0,1,3,2,5,126.9671,37.36,0,0,0,0,199,0,0
0,1,5,0,0,7,2,127.0276,37.635,0,0,0,0,200,0,0
0,1,0,0,0,1,1,129.4458,36.8261,0,0,0,0,208,0,0
1,1,0,0,0,4,3,128.4483,35.7273,0,0,0,0,30,0,0
1,1,0,0,0,4,1,126.2991,33.3074,0,0,0,0,62,0,0
1,2,6,1,1,4,2,127.5604,36.6449,0,0,0,0,83,0,0
1,2,0,0,0,6,1,129.4489,35.6659,0,0,0,0,100,0,0
1,2,6,1,1,0,2,127.063,34.6681,0,0,0,0,122,0,0
1,2,0,0,0,0,2,128.7697,37.6964,0,0,0,0,194,0,0
0,2,0,0,0,0,1,127.1995,37.5648,0,0,0,0,67,0,0
0,2,6,1,1,0,6,128.4589,35.6781,0,0,0,0,30,0,0
1,3,7,1,1,7,3,127.1885,36.2252,0,0,0,0,61,0,0
1,3,0,1,1,9,1,129.2577,35.8301,0,0,0,0,100,0,0
1,3,2,0,0,1,4,126.9772,35.3107,0,0,0,0,181,0,0
1,4,0,0,0,1,1,127.1773,36.2459,0,0,0,0,61,0,0
1,4,0,0,0,3,1,126.4381,34.5644,0,0,0,0,119,0,0
1,4,0,0,0,1,1,127.6779,37.4183,0,0,0,0,48,0,0
1,4,0,0,0,0,1,126.3593,35.0625,0,0,0,0,101,0,0
0,4,0,1,2,0,1,129.194,35.6936,0,0,0,0,17,0,0
0,5,0,0,0,4,1,127.2176,37.5489,0,0,1,0,67,0,0
1,5,0,1,1,0,2,127.3107,37.9428,0,0,1,0,171,0,0
1,5,0,0,0,0,1,127.2772,35.0559,0,0,1,0,27,0,0
0,5,5,0,0,0,2,128.5761,34.8888,1,0,1,0,15,0,0
1,6,0,1,2,0,1,126.753,37.7532,0,0,1,0,175,0,0
1,6,0,1,1,0,2,128.1734,36.4239,0,0,1,0,58,0,0
0,0,0,1,1,0,1,128.3757,36.0833,0,0,0,0,144,0,0
0,0,0,0,0,0,8,127.4511,36.9872,0,0,0,0,110,0,0
1,0,0,1,1,4,2,128.8875,37.7403,0,0,0,0,194,0,0
1,0,0,0,0,5,11,128.6903,34.8695,0,0,0,0,15,0,0
1,0,0,1,1,1,4,126.7737,35.3001,0,0,0,0,146,0,0
1,0,6,1,1,4,2,127.1563,34.776,0,0,0,0,122,0,0
1,0,0,0,0,1,8,127.2595,36.6547,0,0,0,0,202,0,0
1,0,2,0,0,4,2,126.6584,37.3259,0,0,0,0,73,0,0
0,0,5,1,2,1,2,127.1361,36.195,0,0,0,0,61,0,0
1,1,0,2,4,9,1,126.9885,37.0152,0,0,0,0,14,0,0
0,1,0,0,0,0,8,126.7618,35.7561,0,0,0,0,185,0,0
1,2,0,0,0,1,1,127.7878,37.7541,0,0,0,0,111,0,0
1,2,0,2,4,1,3,127.2184,37.106,0,0,0,0,23,0,0
1,2,0,1,1,4,2,127.422,36.4481,0,0,0,0,77,0,0
1,3,0,0,0,0,2,129.0488,35.37,2,0,0,0,49,0,0
1,3,0,0,0,0,1,128.7208,37.2661,0,0,0,0,198,0,0
0,4,0,1,2,4,2,128.89,35.2347,0,0,0,0,13,0,0
1,4,0,0,0,0,2,128.9092,37.7723,0,0,0,0,194,0,0
1,4,0,0,0,3,1,126.7622,34.9982,0,0,0,0,33,0,0
0,4,0,1,2,0,1,126.9943,37.8941,0,0,0,0,59,0,0
0,5,0,0,0,0,1,127.4898,36.8119,0,0,1,0,60,0,0
0,5,0,0,0,0,3,127.209,36.7644,0,0,1,0,63,0,0
1,5,0,0,0,4,1,127.0143,37.0376,0,0,1,0,14,0,0
1,5,6,1,1,4,3,126.8075,36.6849,0,0,1,0,187,0,0
1,5,5,0,0,1,9,129.356,36.2023,0,0,1,0,160,0,0
1,5,5,0,0,0,2,127.035,37.7501,0,0,1,0,64,0,0
1,5,0,0,0,7,1,127.4298,36.342,0,0,1,0,80,0,0
1,5,0,0,0,4,1,126.5524,37.6813,0,0,1,0,47,0,0
0,6,0,1,2,0,7,128.0862,35.0805,0,0,1,0,57,0,0
0,6,0,0,0,4,1,128.9988,35.1533,0,0,1,0,120,0,0
0,6,0,0,0,0,3,126.9634,37.3225,0,0,1,0,199,0,0
1,6,0,0,0,0,2,127.3057,36.7274,0,0,1,0,63,0,0
1,6,0,0,0,4,1,126.8088,35.4582,0,0,1,0,146,0,0
1,6,0,0,0,1,3,127.4204,36.623,1,0,1,0,83,0,0
1,6,0,0,0,1,3,127.9263,35.5499,0,0,1,0,154,0,0
0,0,0,0,0,0,3,126.9401,35.1861,0,0,0,0,137,0,0
1,0,0,0,0,0,1,127.8091,36.4395,1,0,0,0,32,0,0
1,0,5,0,0,1,2,126.6122,36.8773,0,0,0,0,46,0,0
0,0,0,1,1,0,5,126.7316,37.6856,0,0,0,0,40,0,0
0,1,6,1,1,6,2,126.6477,37.4922,0,0,0,0,207,0,0
1,1,6,1,1,5,3,127.0018,35.5991,1,0,0,0,12,0,0
1,1,0,1,1,8,1,127.738,37.9225,0,0,0,0,111,0,0
1,1,0,1,2,1,5,126.8221,35.0418,0,0,0,0,33,0,0
1,1,0,1,1,4,2,129.0506,35.1575,0,0,0,0,163,0,0
0,1,0,1,2,0,4,127.0169,35.9684,0,0,0,0,125,0,0
1,2,0,0,0,1,6,127.5632,37.4836,0,0,0,0,48,0,0
1,2,0,0,0,7,1,126.9868,35.605,0,0,0,0,12,0,0
1,2,0,0,0,1,1,127.4823,37.028,0,0,0,0,110,0,0
0,2,0,0,0,0,1,128.3926,34.8608,0,0,0,0,212,0,0
0,2,6,1,1,0,7,127.4203,36.3589,0,0,0,0,77,0,0
0,2,0,0,0,0,1,128.8752,37.7467,0,0,0,0,194,0,0
1,3,2,0,0,0,2,127.6697,36.0101,0,0,0,0,182,0,0
1,3,0,0,0,7,6,128.7947,36.5319,0,0,0,0,66,0,0
1,4,6,1,1,4,3,129.1221,35.5636,0,0,0,0,17,0,0
1,4,0,0,0,8,3,127.7491,36.9904,0,0,0,0,6,0,0
1,4,0,0,0,1,3,126.9688,37.0339,0,0,0,0,14,0,0
0,4,0,1,1,0,4,128.6696,35.1522,0,0,0,0,86,0,0
0,5,0,0,0,0,1,128.4451,35.6366,0,0,1,0,30,0,0
1,5,0,1,2,4,1,127.0934,37.5811,0,0,1,0,196,0,0
1,5,6,1,1,0,9,126.7423,37.5664,0,0,1,0,7,0,0
1,5,5,0,0,1,4,126.5186,35.0608,0,0,1,0,157,0,0
0,5,0,2,4,1,11,128.7117,38.0271,0,0,1,0,164,0,0
0,6,0,0,0,1,1,126.386,34.9887,0,0,1,0,101,0,0
0,6,5,0,0,0,6,128.4934,35.8138,1,0,1,0,30,0,0
0,6,6,1,1,4,2,128.6258,34.883,1,0,1,0,15,0,0
0,6,0,1,2,7,2,126.7427,37.5168,0,0,1,0,44,0,0
0,6,6,1,1,0,4,127.5813,36.7866,0,0,1,0,138,0,0
0,0,0,0,0,0,1,126.892,37.1505,0,0,0,0,50,0,0
1,0,0,0,0,7,2,126.5917,36.4442,0,0,0,0,136,0,0
1,0,6,1,1,7,6,129.053,35.1652,0,0,0,0,163,0,0
0,0,2,0,0,0,4,126.5127,36.7855,0,0,0,0,69,0,0
0,0,0,1,2,4,6,127.1425,35.3645,0,0,0,0,131,0,0
0,1,6,1,2,1,2,127.4033,36.3297,0,0,0,0,39,0,0
0,1,3,0,0,0,2,126.778,37.581,0,0,0,0,7,0,0
1,1,0,0,0,7,4,128.8057,35.9014,0,0,0,0,52,0,0
1,1,0,0,0,0,2,128.5725,36.2667,1,0,0,0,170,0,0
0,2,2,0,0,1,12,127.2911,37.4713,0,0,0,0,9,0,0
0,2,0,2,4,1,3,127.1148,36.5997,1,0,0,0,19,0,0
1,2,0,0,0,7,3,128.4739,35.3944,0,0,0,0,211,0,0
1,2,0,0,0,1,9,127.3075,35.6261,0,0,0,0,152,0,0
1,2,0,1,2,0,3,126.9658,37.0061,1,0,0,0,14,0,0
1,2,5,0,0,1,4,126.6108,34.5435,0,0,0,0,119,0,0
1,2,0,2,4,0,1,126.5001,37.7581,0,0,0,0,92,0,0
0,2,0,0,0,0,1,126.6813,36.789,0,0,0,0,46,0,0
0,2,0,1,1,0,2,126.3246,36.5974,1,0,0,0,169,0,0
1,3,5,0,0,0,2,126.6634,37.6953,0,0,0,0,47,0,0
1,3,6,1,1,4,3,128.3583,36.454,0,0,0,0,105,0,0
0,3,0,0,0,1,1,127.4646,35.1681,0,0,0,0,161,0,0
0,4,0,0,0,0,12,127.8787,36.9937,0,0,0,0,6,0,0
0,4,0,1,1,4,1,127.3978,36.3418,0,0,0,0,4,0,0
1,4,0,0,0,1,1,128.929,36.2952,0,0,0,0,203,0,0
0,4,0,1,2,6,2,129.3249,35.7088,0,0,0,0,100,0,0
0,5,0,0,0,2,1,126.9032,37.5355,2,0,1,0,150,0,0
1,5,0,0,0,0,11,127.5821,34.9525,0,0,1,0,130,0,0
0,6,0,0,0,1,2,126.7541,37.4749,0,0,1,0,44,0,0
1,0,0,0,0,4,1,127.2085,37.2557,0,0,0,0,51,0,0
1,0,0,0,0,2,1,129.1512,37.1054,2,0,0,0,78,0,0
1,0,7,1,1,4,3,127.8001,36.5152,0,0,0,0,32,0,0
1,0,0,0,0,4,1,127.7192,36.5401,0,0,0,0,32,0,0
1,0,3,0,0,4,2,126.5647,33.2539,0,0,0,0,62,0,0
1,0,0,0,0,0,3,126.7781,37.609,0,0,0,0,47,0,0
1,0,0,1,2,9,1,126.8112,36.3275,0,0,0,0,129,0,0
0,0,0,0,0,4,1,129.0546,35.2121,0,0,0,0,216,0,0
0,1,3,0,0,5,3,128.3929,36.9147,0,0,0,0,204,0,0
0,1,0,0,0,4,1,129.3231,35.549,0,0,0,0,213,0,0
1,1,0,0,0,0,1,128.9286,35.2214,0,0,0,0,13,0,0
0,1,5,0,0,0,2,128.6018,35.9024,1,0,0,0,112,0,0
0,2,5,0,0,2,9,126.6912,36.2948,0,0,0,0,129,0,0
1,2,0,0,0,9,1,128.1408,36.3419,0,0,0,0,58,0,0
1,2,0,0,0,4,2,127.0713,37.6015,0,0,0,0,201,0,0
1,2,0,0,0,1,4,126.4874,35.2995,0,0,0,0,127,0,0
1,2,5,0,0,1,3,127.1572,37.8367,0,0,0,0,171,0,0