주야,요일,법규위반,도로형태_대분류,도로형태,당사자종별_1당_대분류,당사자종별_2당_대분류,경도,위도,사고피해정도,도시여부,주말/공휴일,인구수,발생지번호,보행자의위치,무단횡단여부
1,2,0,0,0,6,1,126.6959,35.0248,0,0,0,0,33,0,0
1,2,0,0,0,1,1,128.3848,35.9814,0,0,0,0,21,0,0
0,2,0,0,0,0,9,128.8496,35.3293,0,0,0,0,13,0,0
0,3,5,0,0,4,2,127.1396,36.8052,0,0,0,0,63,0,0
0,3,0,0,0,5,2,126.7674,37.3751,2,0,0,0,73,0,0
1,3,0,0,0,1,3,127.4488,37.2377,0,0,0,0,41,0,0
1,3,0,0,0,0,1,127.1276,34.775,0,0,0,0,122,0,0
1,3,0,1,2,0,1,128.4907,35.3365,0,0,0,0,117,0,0
1,3,0,0,0,1,3,128.0362,35.1926,0,0,0,0,42,0,0
1,4,5,0,0,0,2,129.2301,37.1525,1,0,0,0,78,0,0
1,4,5,0,0,0,3,127.8976,35.1742,0,0,0,0,172,0,0
1,4,0,0,0,0,1,126.4922,33.2499,0,0,0,0,62,0,0
0,4,0,1,1,0,2,127.0177,37.4948,1,0,0,0,214,0,0
0,5,0,0,0,4,1,126.7182,37.4302,0,0,1,0,29,0,0
1,5,5,0,0,4,3,128.8667,36.5363,0,0,1,0,66,0,0
1,5,6,0,0,4,4,127.1239,35.8043,0,0,1,0,11,0,0
0,6,0,0,0,4,1,129.0326,35.1649,0,0,1,0,163,0,0
1,6,0,1,1,0,2,126.7672,35.7307,1,0,1,0,185,0,0
0,0,0,0,0,0,1,126.9467,37.5343,0,0,0,0,134,0,0
1,0,6,1,1,0,2,128.7922,35.1203,1,0,0,0,86,0,0
1,0,6,1,1,4,2,126.914,36.0615,0,0,0,0,125,0,0
1,0,0,0,0,1,3,127.0245,36.9073,0,0,0,0,53,0,0
1,0,0,1,2,4,3,126.5396,36.6907,0,0,0,0,69,0,0
1,0,5,0,0,0,4,129.5503,35.9733,0,0,0,0,160,0,0
0,0,0,0,0,4,1,127.9462,35.6572,0,0,0,0,154,0,0
0,0,0,0,0,0,1,127.2629,36.1975,0,0,0,0,61,0,0
0,0,6,1,1,4,2,127.154,37.4306,0,0,0,0,95,0,0
0,0,6,1,1,0,2,126.7955,37.5218,0,0,0,0,65,0,0
0,1,0,1,1,0,1,128.8255,37.7151,0,0,0,0,194,0,0
1,1,3,0,0,4,3,126.9585,37.5328,0,0,0,0,134,0,0
1,1,0,1,1,8,1,127.3392,36.36,0,0,0,0,148,0,0
1,1,2,1,1,1,2,126.642,34.4303,1,0,0,0,119,0,0
1,1,0,1,1,1,1,127.5344,38.1752,0,0,0,0,218,0,0
1,1,0,0,0,1,1,128.2201,36.4734,0,0,0,0,58,0,0
1,1,0,0,0,0,1,127.6301,35.1756,0,0,0,0,130,0,0
1,1,5,1,2,0,4,127.1593,37.8184,0,0,0,0,171,0,0
0,1,0,1,1,7,3,126.945,37.5918,0,0,0,0,195,0,0
0,1,0,1,1,1,4,126.946,36.4125,0,0,0,0,174,0,0
0,1,0,0,0,1,1,126.4723,37.6669,0,0,0,0,92,0,0
0,1,0,0,0,0,1,126.4837,37.4447,0,0,0,0,72,0,0
0,1,0,0,0,2,1,127.5081,35.542,0,0,0,0,155,0,0
1,2,0,0,0,0,5,128.5905,38.2211,0,0,0,0,104,0,0
1,2,0,0,0,1,1,126.7971,37.7797,0,0,0,0,175,0,0
1,2,0,0,0,2,4,129.1931,35.1784,0,0,0,0,1,0,0
1,2,3,0,0,4,2,126.7879,35.1318,0,0,0,0,135,0,0
1,2,0,0,0,3,1,126.9873,36.2959,0,0,0,0,129,0,0
1,2,0,1,2,4,3,128.3192,35.2498,0,0,0,0,117,0,0
0,2,6,1,1,6,2,128.7886,35.7987,0,0,0,0,52,0,0
0,3,2,0,0,0,3,126.414,36.9652,1,0,0,0,69,0,0
0,3,6,1,1,6,2,127.426,36.6271,1,0,0,0,83,0,0
1,3,0,0,0,1,2,126.5861,36.504,0,0,0,0,136,0,0
1,3,0,0,0,7,2,127.4461,36.3076,0,0,0,0,39,0,0
1,3,0,2,4,1,4,126.9941,35.7295,0,0,0,0,34,0,0
1,3,0,1,1,7,2,126.896,37.4681,0,0,0,0,109,0,0
0,4,0,0,0,1,3,127.6045,36.4907,0,0,0,0,32,0,0
1,4,0,0,0,3,5,128.5394,35.8787,0,0,0,0,107,0,0
0,4,0,0,0,1,4,126.7194,35.0466,0,0,0,0,33,0,0
0,5,0,1,1,1,1,127.3538,38.2495,1,0,1,0,184,0,0
0,5,0,0,0,1,1,126.8073,37.5383,0,0,1,0,65,0,0
1,5,0,0,0,0,1,129.2048,35.7887,0,0,1,0,100,0,0
1,5,0,0,0,2,2,127.2726,37.447,2,0,1,0,9,0,0
1,5,6,1,1,3,4,127.0607,37.1751,0,0,1,0,143,0,0
1,5,0,1,2,4,1,128.7135,36.5209,0,0,1,0,66,0,0
0,5,5,0,0,8,3,127.7988,37.2702,0,0,1,0,36,0,0
1,6,0,0,0,7,1,127.4257,37.5932,0,0,1,0,48,0,0
1,6,6,1,1,0,4,128.7013,35.3668,0,0,1,0,86,0,0
1,6,0,1,1,0,1,129.1789,35.2754,0,0,1,0,85,0,0
1,6,0,0,0,4,1,127.0868,36.0492,0,0,1,0,125,0,0
0,6,0,0,0,0,9,126.6468,37.4445,0,0,1,0,123,0,0
0,0,0,0,0,1,1,127.3478,36.3279,0,0,0,0,4,0,0
1,0,0,1,1,6,3,127.1272,37.4422,0,0,0,0,95,0,0
1,0,2,1,1,0,8,126.5139,34.8921,0,0,0,0,101,0,0
1,0,5,0,0,0,2,128.7246,35.96,1,0,0,0,26,0,0
0,0,0,1,1,0,4,129.0072,35.2296,0,0,0,0,118,0,0
0,0,2,1,1,1,2,126.7643,37.327,1,0,0,0,2,0,0
0,0,0,0,0,0,2,127.5643,34.9301,1,0,0,0,27,0,0
1,1,0,0,0,0,1,127.4867,37.3349,0,0,0,0,41,0,0
0,1,6,1,1,1,7,127.9344,36.9823,0,0,0,0,6,0,0
0,2,0,0,0,7,1,126.7119,35.0314,0,0,0,0,33,0,0
0,2,5,0,0,0,2,128.6353,35.8721,1,0,0,0,37,0,0
1,2,0,0,0,1,3,128.6302,35.2781,1,0,0,0,86,0,0
1,2,6,1,1,4,2,126.9165,35.8264,1,0,0,0,34,0,0
0,2,0,0,0,7,3,127.0289,37.641,0,0,0,0,200,0,0
0,2,0,0,0,0,1,129.3898,35.8932,0,0,0,0,100,0,0
1,3,0,0,0,0,1,127.618,36.9945,0,0,0,0,110,0,0
0,3,0,1,1,0,11,127.1757,35.8294,0,0,0,0,11,0,0
0,3,6,1,1,4,2,127.1234,35.812,0,0,0,0,11,0,0
0,4,0,2,4,4,1,126.7117,37.4782,0,0,0,0,29,0,0
0,4,0,1,2,1,2,127.0857,35.7958,1,0,0,0,11,0,0
1,4,6,1,1,5,2,126.3982,36.9904,0,0,0,0,69,0,0
1,4,3,0,0,7,2,128.5072,35.841,0,0,0,0,20,0,0
1,4,0,1,1,0,7,126.4999,35.2817,0,0,0,0,127,0,0
1,4,6,1,1,4,3,128.8702,35.234,1,0,0,0,13,0,0
1,4,2,1,1,0,4,128.1364,36.3489,0,0,0,0,58,0,0
1,4,7,1,1,0,4,128.4709,36.1964,0,0,0,0,144,0,0
0,4,7,1,1,4,3,127.1115,35.7854,0,0,0,0,11,0,0
0,4,6,1,1,0,4,126.5634,37.7058,0,0,0,0,47,0,0
0,5,6,1,1,7,6,127.0529,36.948,0,0,1,0,14,0,0
1,5,3,0,0,1,2,127.3976,37.272,1,0,1,0,41,0,0
0,5,0,1,2,4,1,126.867,37.3033,0,0,1,0,2,0,0
0,0,0,0,0,4,3,128.6558,36.9765,0,0,0,0,113,0,0
1,0,0,1,2,1,3,126.6251,36.5268,0,0,0,0,38,0,0
1,0,0,0,0,1,3,126.9718,37.0314,0,0,0,0,14,0,0
1,0,0,0,0,1,1,126.8495,36.398,0,0,0,0,174,0,0
0,0,0,1,1,2,4,126.8843,37.6601,0,0,0,0,40,0,0
1,1,0,0,0,0,1,127.7986,36.6876,0,0,0,0,179,0,0
1,1,3,1,2,2,5,126.8893,37.4954,0,0,0,0,79,0,0
1,1,5,1,2,0,4,127.1938,35.3936,0,0,0,0,131,0,0
1,1,0,2,4,8,1,128.2576,36.6285,0,0,0,0,74,0,0
1,1,6,1,1,2,4,126.7717,35.1162,0,0,0,0,135,0,0
0,1,0,0,0,0,4,128.5708,36.5817,0,0,0,0,66,0,0
0,2,0,0,0,0,3,127.7789,37.2814,0,0,0,0,36,0,0
1,2,0,0,0,1,1,127.838,34.8743,0,0,0,0,197,0,0
1,2,0,0,0,4,1,126.3921,36.7089,0,0,0,0,69,0,0
1,2,0,1,1,0,4,127.4734,37.1766,0,0,0,0,41,0,0
0,2,7,1,1,4,2,128.2708,35.7306,0,0,0,0,220,0,0
0,3,0,1,3,7,2,126.7603,37.5114,0,0,1,0,65,0,0
1,3,0,1,2,6,1,126.7754,34.9528,0,0,1,0,33,0,0
1,3,0,0,0,4,1,128.6269,35.2021,0,0,1,0,86,0,0
1,3,0,0,0,0,1,129.0906,37.35,0,0,1,0,78,0,0
1,3,0,0,0,0,1,127.083,36.0654,0,0,1,0,125,0,0
1,3,0,1,1,0,2,127.3001,37.9415,1,0,1,0,171,0,0
1,3,5,0,0,1,3,128.8879,36.0192,0,0,1,0,5,0,0
0,3,3,0,0,0,4,128.5002,36.3296,0,0,1,0,105,0,0
0,4,0,1,2,0,1,126.6628,37.5303,1,0,0,0,97,0,0
1,4,2,0,0,1,4,126.7461,35.9623,0,0,0,0,166,0,0
1,4,0,0,0,1,2,128.5263,35.8926,0,0,0,0,112,0,0
1,5,2,0,0,0,7,126.5718,35.3168,0,0,1,0,219,0,0
1,5,0,0,0,8,3,127.7413,34.7289,0,0,1,0,102,0,0
1,5,0,0,0,1,1,128.3398,35.2924,0,0,1,0,117,0,0
1,5,0,2,4,1,4,126.9459,35.7949,0,0,1,0,34,0,0
1,5,0,1,1,0,9,128.3097,37.0263,1,0,1,0,204,0,0
0,5,6,1,1,4,2,127.1661,37.5626,0,0,1,0,91,0,0
0,5,0,1,1,4,2,128.519,35.3089,0,0,1,0,117,0,0
1,6,0,0,0,4,1,128.1424,38.0339,0,0,1,0,124,0,0
1,6,3,0,0,0,4,127.8957,35.1167,0,0,1,0,172,0,0
1,0,0,0,0,1,3,126.9069,36.889,0,0,0,0,53,0,0
1,0,0,1,1,4,1,126.2543,33.2221,0,0,0,0,62,0,0
1,0,5,0,0,0,2,126.9797,35.2997,0,0,0,0,181,0,0
0,0,6,1,1,4,2,127.0536,36.7888,0,0,0,0,53,0,0
0,0,3,0,0,1,3,128.1826,36.1407,0,0,0,0,76,0,0
0,1,0,0,0,1,2,127.1437,37.5163,0,0,0,0,156,0,0
1,1,7,1,1,5,4,127.087,35.852,0,0,0,0,11,0,0
1,1,5,0,0,1,4,128.7394,36.9295,0,0,0,0,149,0,0
0,1,0,0,0,1,3,128.7108,35.3974,0,0,0,0,177,0,0
0,2,0,0,0,0,1,126.8209,37.6105,0,0,0,0,40,0,0
1,2,0,1,1,3,5,128.9077,35.1187,0,0,0,0,206,0,0
1,2,0,0,0,4,2,127.5678,35.9006,0,0,0,0,192,0,0
0,3,7,1,2,0,2,128.4972,36.5754,0,0,0,0,66,0,0
0,3,2,0,0,1,1,128.3934,35.587,0,0,0,0,211,0,0
0,3,0,0,0,4,1,127.751,38.1638,0,0,0,0,218,0,0
1,3,0,0,0,1,1,128.8044,36.9101,0,0,0,0,149,0,0
1,3,6,1,1,4,2,127.6147,37.1246,0,0,0,0,41,0,0
0,4,0,2,4,4,1,127.6932,34.7718,0,0,0,0,102,0,0
0,4,0,1,1,2,1,127.1041,37.3724,0,0,0,0,95,0,0
0,4,0,0,0,0,3,127.476,36.8656,0,0,0,0,60,0,0
1,4,7,1,1,4,4,126.7773,36.8322,0,0,0,0,46,0,0
1,4,6,1,1,4,3,127.4879,34.9444,0,0,0,0,27,0,0
1,4,0,0,0,4,1,128.3755,36.1719,0,0,0,0,144,0,0
1,4,0,1,2,0,4,126.9136,35.1342,0,0,0,0,190,0,0
1,4,0,0,0,0,1,127.6991,35.9223,0,0,0,0,182,0,0
1,4,6,1,1,1,2,127.1104,35.3694,1,0,0,0,131,0,0
1,4,0,0,0,5,7,127.0055,35.2962,0,0,0,0,181,0,0
0,5,6,1,1,0,12,127.4163,36.3488,0,0,1,0,77,0,0
0,5,0,0,0,1,3,126.6382,37.4432,0,0,1,0,123,0,0
1,5,5,0,0,0,4,127.6264,36.9702,0,0,1,0,110,0,0
1,5,0,0,0,4,2,127.2971,36.5866,0,0,1,0,202,0,0
1,5,0,1,1,1,1,126.9949,35.771,0,0,1,0,34,0,0
1,5,0,1,2,0,5,127.4379,36.4542,0,0,1,0,77,0,0
1,5,5,0,0,1,2,127.8146,35.2428,1,0,1,0,224,0,0
1,6,5,0,0,3,4,127.0798,37.5849,0,0,1,0,196,0,0
1,6,0,2,4,4,1,126.9915,36.2596,0,0,1,0,129,0,0
0,6,0,2,4,7,1,127.0991,36.7808,0,0,1,0,53,0,0
0,6,0,0,0,0,4,128.8961,35.081,0,0,1,0,206,0,0
0,6,6,1,2,0,4,127.3421,36.3544,0,0,1,0,148,0,0
1,0,0,0,0,4,1,129.3519,35.537,0,0,0,0,213,0,0
1,0,0,0,0,4,1,126.8548,37.206,0,0,0,0,50,0,0
1,0,0,1,2,7,3,126.9157,37.5994,0,0,0,0,139,0,0
1,0,5,2,4,0,2,126.3615,36.4645,1,0,0,0,169,0,0
0,1,6,1,1,0,4,127.0718,37.5723,0,0,0,0,201,0,0
1,1,0,1,1,0,2,128.6974,36.1732,0,0,0,0,170,0,0
1,1,0,0,0,4,1,127.3306,37.3579,0,0,0,0,9,0,0
1,2,0,0,0,1,1,126.26,35.0865,0,0,0,0,101,0,0
1,2,2,1,1,0,2,128.1251,36.6747,0,0,0,0,74,0,0
0,2,0,1,2,1,4,126.3332,34.9322,0,0,0,0,101,0,0
1,3,6,1,1,1,5,127.3269,36.3643,0,0,0,0,148,0,0
1,3,0,0,0,0,1,128.531,34.9165,0,0,0,0,15,0,0
1,3,0,0,0,0,1,127.4835,34.8425,1,0,0,0,27,0,0
1,3,6,1,1,6,2,127.1776,37.566,0,0,0,0,91,0,0
0,3,5,0,0,1,2,128.495,34.8889,1,0,0,0,15,0,0
1,4,0,0,0,4,1,128.2628,36.4247,0,0,0,0,58,0,0
1,5,5,0,0,0,4,127.237,34.8813,0,0,1,0,122,0,0
0,5,0,0,0,1,1,127.8274,36.3588,0,0,1,0,142,0,0
0,6,2,0,0,0,1,128.7167,35.1024,0,0,1,0,86,0,0
1,6,5,0,0,4,2,127.5988,36.6878,1,0,1,0,83,0,0
0,6,0,1,2,1,1,126.6748,35.9623,0,0,1,0,166,0,0
1,0,0,0,0,8,1,128.268,35.3556,0,0,0,0,189,0,0
1,0,0,1,2,3,1,128.0967,37.194,0,0,0,0,103,0,0
1,0,0,0,0,0,1,127.744,38.1581,0,0,0,0,218,0,0
1,0,0,0,0,0,1,129.0985,37.512,0,0,0,0,210,0,0
1,0,5,1,2,0,2,126.8513,36.7323,1,0,0,0,187,0,0
1,0,0,1,1,7,1,127.0602,37.5756,0,0,0,0,201,0,0
0,0,0,2,4,1,1,126.3493,36.516,0,0,0,0,169,0,0
0,0,0,0,0,0,12,126.8404,37.7282,0,0,0,0,40,0,0
0,0,5,1,2,4,2,127.5168,37.8314,0,0,0,0,176,0,0
1,1,0,0,0,1,1,126.9849,37.0248,0,0,0,0,14,0,0
0,1,6,1,1,0,4,126.805,37.6719,0,0,0,0,40,0,0
0,2,0,0,0,1,3,128.1157,36.6884,0,0,0,0,74,0,0
1,2,0,1,1,0,1,127.7605,34.7145,0,0,0,0,102,0,0
1,2,0,0,0,1,2,126.3379,33.4625,1,0,0,0,90,0,0
0,2,6,1,1,0,6,129.1637,35.4022,0,0,0,0,49,0,0
1,3,0,0,0,1,1,127.5881,36.6336,0,0,0,0,83,0,0
1,3,5,1,2,0,6,126.6566,37.4388,0,0,0,0,123,0,0
1,3,5,1,2,0,3,126.8974,37.4535,0,0,0,0,109,0,0
0,3,5,0,0,7,2,128.0971,35.1791,0,0,0,0,42,0,0
0,4,5,0,0,4,2,128.6078,35.8621,0,0,0,0,178,0,0
1,4,0,0,0,4,1,128.8339,35.8018,0,0,0,0,52,0,0
0,4,0,0,0,0,2,127.0028,36.7865,0,0,0,0,53,0,0
0,4,0,0,0,1,3,128.5297,35.9228,0,0,0,0,112,0,0
0,4,0,0,0,8,1,128.8007,35.6851,0,0,0,0,3,0,0
0,4,6,1,1,4,2,126.6634,37.5402,0,0,0,0,97,0,0
1,5,0,0,0,0,1,128.5974,35.9123,0,0,1,0,112,0,0
1,5,0,0,0,1,5,127.112,37.2553,0,0,1,0,51,0,0
1,5,5,0,0,0,6,127.8834,37.1914,1,0,1,0,36,0,0
0,6,0,0,0,0,1,127.731,37.8683,0,0,1,0,111,0,0
1,6,0,0,0,9,1,126.608,34.3622,0,0,1,0,119,0,0
1,0,6,1,1,0,12,126.8207,37.3158,0,0,0,0,2,0,0
1,0,0,0,0,0,1,128.6138,37.7631,0,0,0,0,24,0,0
1,0,0,0,0,1,1,127.5251,35.7183,0,0,0,0,155,0,0
0,0,0,0,0,1,1,126.9417,36.7985,0,0,0,0,53,0,0
0,0,0,0,0,6,1,129.0109,35.3228,0,0,0,0,49,0,0
0,0,0,0,0,0,1,128.6454,35.877,0,0,0,0,26,0,0
0,1,0,0,0,0,1,126.611,36.8702,0,0,0,0,46,0,0
0,2,0,0,0,0,8,126.741,36.8227,0,0,0,0,46,0,0
0,2,2,1,1,0,2,127.1981,35.782,0,0,0,0,11,0,0
0,2,0,0,0,6,3,128.6706,35.2308,0,0,0,0,86,0,0
1,3,0,2,4,0,12,129.0908,37.5913,0,0,1,0,210,0,0
1,3,0,0,0,0,4,128.6345,34.8717,0,0,1,0,15,0,0
0,3,0,1,2,0,2,129.2718,35.7933,0,0,1,0,100,0,0
0,3,7,1,1,2,4,126.6527,37.4259,0,0,1,0,35,0,0
0,4,0,0,0,4,1,127.0041,37.5388,0,0,1,0,134,0,0
1,4,0,1,2,0,1,126.8506,36.724,0,0,1,0,187,0,0
0,5,0,1,2,0,1,129.2418,35.8189,0,0,1,0,100,0,0
0,5,0,0,0,0,3,126.7471,37.7068,0,0,1,0,175,0,0
1,5,6,1,1,4,2,128.4349,36.158,0,0,1,0,144,0,0
0,5,2,0,0,0,1,128.0144,38.1704,1,0,1,0,115,0,0
0,5,2,1,3,0,5,128.5517,35.8368,0,0,1,0,20,0,0
0,6,6,1,1,4,2,129.0201,35.1033,0,0,1,0,226,0,0
1,6,5,1,2,1,2,126.7163,35.964,0,0,1,0,166,0,0
1,6,5,0,0,4,3,128.458,36.6876,0,0,1,0,55,0,0
1,6,0,0,0,4,1,126.9016,37.1024,0,0,1,0,50,0,0
1,6,3,0,0,4,3,127.0889,35.823,0,0,1,0,11,0,0
0,0,7,1,1,4,2,127.7422,34.747,0,0,0,0,102,0,0
1,0,6,1,1,9,3,127.8943,34.9784,0,0,0,0,172,0,0
1,0,0,2,4,0,2,127.5006,36.6124,0,0,0,0,83,0,0
1,0,5,0,0,0,2,128.7021,35.6479,0,0,0,0,3,0,0
0,0,6,1,1,4,2,126.8318,37.638,0,0,0,0,40,0,0
0,1,0,0,0,4,1,126.9046,37.485,0,0,0,0,93,0,0
0,1,0,1,3,0,5,128.738,35.8202,0,0,0,0,52,0,0
1,1,0,1,2,2,2,126.7097,35.9697,0,0,0,0,166,0,0
1,1,0,0,0,1,1,126.3481,33.3153,0,0,0,0,62,0,0
1,1,6,1,1,4,2,126.9124,35.1557,0,0,0,0,162,0,0
1,1,7,1,1,0,4,128.3477,36.1886,0,0,0,0,144,0,0
1,2,0,1,3,4,2,128.4364,36.6457,0,0,0,0,55,0,0
1,2,6,1,1,0,4,127.3144,36.3921,0,0,0,0,148,0,0
1,2,5,0,0,7,3,128.0788,35.1963,0,0,0,0,42,0,0
1,2,0,0,0,2,9,127.6199,34.9228,0,0,0,0,130,0,0
1,2,3,0,0,7,2,126.7696,37.5095,0,0,0,0,65,0,0
1,2,0,0,0,1,1,126.9198,35.6901,0,0,0,0,12,0,0
0,2,0,0,0,8,1,128.2346,36.3062,0,0,0,0,144,0,0
0,3,0,0,0,4,1,127.9473,37.3688,0,0,0,0,36,0,0
1,3,0,0,0,4,2,129.3065,35.5349,0,0,0,0,213,0,0
1,3,6,1,1,1,2,128.8288,35.3984,0,0,0,0,177,0,0
1,3,0,0,0,1,3,126.702,34.9744,0,0,0,0,33,0,0
1,3,5,0,0,1,3,126.6805,34.4712,1,0,0,0,119,0,0
1,3,0,0,0,2,3,127.0817,37.2779,0,0,0,0,51,0,0
1,3,0,0,0,8,1,126.2861,33.9649,0,0,0,0,90,0,0
0,4,0,0,0,2,3,127.0917,35.8449,0,0,0,0,11,0,0
0,4,0,1,2,4,3,127.249,36.4992,0,0,0,0,202,0,0
0,4,6,1,1,4,3,127.1305,37.6007,0,0,0,0,165,0,0
1,4,0,1,1,0,6,126.7792,35.9586,0,0,0,0,166,0,0
1,4,0,0,0,4,1,127.231,34.8153,0,0,0,0,122,0,0
1,4,0,0,0,4,3,126.6084,35.3422,0,0,0,0,219,0,0
1,4,6,1,2,0,4,126.9342,37.4849,0,0,0,0,188,0,0
1,4,0,0,0,0,1,127.1412,36.7966,0,0,0,0,63,0,0
0,4,0,0,0,5,1,128.961,35.2134,0,0,0,0,206,0,0
0,5,0,2,4,7,1,127.1296,37.5717,0,0,1,0,165,0,0
0,5,3,0,0,0,4,126.9609,37.5115,0,0,1,0,93,0,0
0,5,2,0,0,0,3,128.6104,35.2521,0,0,1,0,86,0,0
1,5,0,0,0,4,2,127.3822,36.3147,0,0,1,0,4,0,0
1,5,0,0,0,4,1,126.7945,37.8037,0,0,1,0,175,0,0
1,5,0,0,0,7,6,127.7257,37.8715,0,0,1,0,111,0,0
1,5,0,0,0,0,1,126.6247,36.1659,0,0,1,0,10,0,0
0,5,0,0,0,4,1,129.0638,35.3709,0,0,1,0,49,0,0
0,6,0,0,0,0,1,127.0714,37.2467,0,0,1,0,99,0,0
1,6,2,0,0,0,3,128.7528,35.2648,0,0,1,0,13,0,0
1,6,2,0,0,2,1,128.69,35.8828,2,0,1,0,26,0,0
1,6,0,0,0,1,1,127.8361,37.3665,0,0,1,0,36,0,0
0,0,5,0,0,4,3,126.8091,37.3387,0,0,0,0,2,0,0
0,0,0,0,0,1,3,126.7236,37.664,0,0,0,0,40,0,0
1,0,0,0,0,0,4,127.5262,37.0038,0,0,0,0,110,0,0
1,0,0,0,0,1,3,127.1932,37.4176,0,0,0,0,9,0,0
1,0,6,1,1,4,3,126.8647,37.452,0,0,0,0,81,0,0
1,0,0,0,0,0,3,127.6642,34.9746,0,0,0,0,130,0,0
1,0,0,0,0,2,11,127.1704,36.9997,0,0,0,0,23,0,0
1,0,0,0,0,1,3,127.2969,34.6333,0,0,0,0,191,0,0
0,0,5,0,0,0,2,129.432,35.6207,1,0,0,0,158,0,0
0,1,0,2,4,0,1,128.5242,35.1986,0,0,0,0,86,0,0
1,1,0,1,1,1,4,128.2061,36.6009,0,0,0,0,74,0,0
1,1,6,1,1,6,2,127.0532,37.0887,0,0,0,0,14,0,0
0,1,0,0,0,9,1,129.05,37.2524,0,0,0,0,78,0,0
0,1,0,1,2,0,7,127.9305,36.9873,0,0,0,0,6,0,0
0,1,0,0,0,7,1,128.6314,35.8935,0,0,0,0,112,0,0
0,1,6,1,1,4,2,128.2142,37.1515,0,0,0,0,103,0,0
0,1,0,0,0,0,1,129.1255,35.3465,0,0,0,0,49,0,0
0,2,6,1,1,4,6,126.8309,37.6487,0,0,0,0,40,0,0
0,2,0,0,0,0,3,126.7068,37.3983,0,0,0,0,29,0,0
1,2,0,0,0,2,1,126.9997,37.382,2,0,0,0,199,0,0
1,2,0,1,1,3,1,129.3418,37.2319,0,0,0,0,78,0,0
1,2,6,1,1,1,2,126.6675,33.278,0,0,0,0,62,0,0
1,2,0,1,2,7,3,128.6688,35.8764,0,0,0,0,26,0,0
0,3,0,0,0,4,2,128.5665,38.1638,0,0,0,0,104,0,0
1,3,6,1,1,4,2,127.1412,35.3806,0,0,0,0,131,0,0
1,3,0,0,0,1,3,127.1432,36.7677,0,0,0,0,63,0,0
1,3,0,1,1,4,3,128.0967,35.1175,0,0,0,0,42,0,0
1,3,0,0,0,0,5,128.1046,35.211,0,0,0,0,42,0,0
0,3,0,0,0,0,7,127.5975,37.1384,0,0,0,0,41,0,0
0,3,0,0,0,0,4,127.1775,37.709,0,0,0,0,70,0,0
0,4,0,0,0,1,3,126.7421,37.4414,2,0,0,0,29,0,0
1,4,0,0,0,4,3,127.1002,35.9199,0,0,0,0,28,0,0
1,4,0,0,0,1,1,128.776,35.6409,0,0,0,0,3,0,0
1,4,0,1,1,0,5,127.1872,37.56,0,0,0,0,67,0,0
1,4,0,2,4,9,1,128.2622,36.0883,0,0,0,0,76,0,0
1,4,0,0,0,7,6,127.0812,37.5954,0,0,0,0,196,0,0
1,4,6,1,1,4,2,128.5618,35.2145,0,0,0,0,86,0,0
1,4,0,0,0,4,1,128.8063,36.5325,0,0,0,0,66,0,0
0,4,0,0,0,1,2,126.4835,35.0386,0,0,0,0,157,0,0
0,4,6,1,1,0,4,126.7024,37.4611,0,0,0,0,29,0,0
0,5,0,1,2,1,1,128.1382,36.4158,0,0,1,0,58,0,0
0,5,0,0,0,0,11,126.6329,37.446,0,0,1,0,123,0,0
1,5,0,0,0,5,9,126.9679,36.5695,0,0,1,0,19,0,0
1,5,5,0,0,0,6,127.6615,34.7565,0,0,1,0,102,0,0
1,5,0,0,0,1,2,127.4931,37.2456,0,0,1,0,41,0,0
1,5,0,1,1,1,2,126.9679,35.9644,1,0,1,0,125,0,0
1,5,0,0,0,0,12,127.0918,37.8179,0,0,1,0,59,0,0
1,5,0,1,2,1,1,128.9089,37.7481,0,0,1,0,194,0,0
1,5,0,1,1,0,2,126.6768,35.0193,1,0,1,0,33,0,0
0,5,0,0,0,1,2,126.5784,36.2129,0,0,1,0,136,0,0
1,6,3,0,0,3,4,126.9429,37.5622,0,0,1,0,195,0,0
1,6,0,2,4,4,1,128.2812,36.9269,0,0,1,0,204,0,0
0,6,5,0,0,0,3,127.3986,37.0732,0,0,1,0,23,0,0
0,6,0,0,0,8,1,126.9392,37.5451,0,0,1,0,159,0,0
0,6,2,0,0,0,2,126.8162,36.2755,0,0,1,0,129,0,0
0,0,2,0,0,1,8,127.7715,37.6381,0,0,0,0,82,0,0
0,0,0,1,2,1,4,126.7929,37.6611,0,0,0,0,40,0,0
1,0,0,1,1,1,3,126.5097,35.38,0,0,0,0,219,0,0
1,0,0,1,1,8,1,126.9174,37.9812,0,0,0,0,175,0,0
0,0,0,0,0,1,8,126.4655,35.0315,1,0,0,0,157,0,0
0,1,0,0,0,2,8,127.155,36.8459,0,0,0,0,63,0,0
0,1,0,2,4,1,5,126.9362,37.5219,0,0,0,0,150,0,0
1,1,0,2,4,1,3,127.4184,36.4494,1,0,0,0,77,0,0
1,1,3,0,0,4,2,126.8275,37.5632,0,0,0,0,43,0,0
1,1,0,0,0,1,1,128.5986,35.3625,0,0,0,0,86,0,0
1,1,0,1,1,6,2,126.9269,37.613,0,0,0,0,139,0,0
1,1,5,0,0,1,3,126.7688,36.2868,1,0,0,0,129,0,0
0,2,6,1,1,0,4,127.0414,37.4855,0,0,0,0,214,0,0
0,2,0,0,0,4,1,127.106,35.8219,0,0,0,0,11,0,0