주야,요일,법규위반,도로형태_대분류,도로형태,당사자종별_1당_대분류,당사자종별_2당_대분류,경도,위도,사고피해정도,도시여부,주말/공휴일,인구수,발생지번호,보행자의위치,무단횡단여부
1,2,0,0,0,1,1,128.0181,37.4325,0,0,0,0,36,0,0
0,2,2,0,0,0,2,127.9731,37.5074,0,0,0,0,31,0,0
1,3,7,1,1,4,3,126.7963,35.1394,0,0,1,0,135,0,0
1,3,0,0,0,1,1,126.8384,36.3014,0,0,1,0,129,0,0
1,3,6,1,1,0,4,128.8645,35.2424,0,0,1,0,13,0,0
1,3,0,0,0,1,1,128.1883,35.2976,0,0,1,0,189,0,0
0,3,0,0,0,1,4,126.7154,35.9679,0,0,1,0,166,0,0
0,3,6,1,1,0,6,127.1334,37.2681,2,0,1,0,51,0,0
0,4,0,1,1,2,1,129.2663,35.5717,0,0,0,0,205,0,0
0,4,0,0,0,1,9,128.3099,36.2258,0,0,0,0,144,0,0
1,4,0,1,2,3,1,126.7518,34.9249,0,0,0,0,33,0,0
1,4,5,0,0,0,9,127.6906,36.1998,0,0,0,0,75,0,0
1,4,0,1,1,1,1,127.308,35.7436,0,0,0,0,192,0,0
1,4,0,0,0,1,4,127.8116,35.772,0,0,0,0,154,0,0
1,4,0,0,0,4,1,129.4432,35.6143,0,0,0,0,158,0,0
0,4,6,1,1,4,2,127.0608,37.578,0,0,0,0,201,0,0
1,5,2,0,0,2,1,127.175,36.8105,2,0,1,0,63,0,0
1,5,0,2,4,4,1,127.8572,35.746,0,0,1,0,154,0,0
1,6,0,1,1,4,3,126.7772,34.7018,0,0,1,0,121,0,0
0,6,7,1,1,0,7,129.4011,35.9807,0,0,1,0,160,0,0
0,6,0,0,0,6,1,127.1303,37.6467,0,0,1,0,70,0,0
1,0,0,0,0,1,1,128.5277,37.983,0,0,0,0,164,0,0
0,0,0,1,3,1,5,128.8616,35.2208,0,0,0,0,13,0,0
1,1,2,1,1,0,6,127.0753,36.7722,1,0,0,0,53,0,0
1,1,0,1,2,1,5,126.791,35.3083,0,0,0,0,146,0,0
1,1,0,0,0,5,3,129.2808,35.577,0,0,0,0,17,0,0
0,2,0,1,2,0,3,129.0189,35.3386,0,0,1,0,49,0,0
0,2,0,0,0,1,3,127.0949,37.1287,0,0,1,0,14,0,0
1,2,2,0,0,1,1,128.2022,38.21,0,0,1,0,124,0,0
0,2,2,0,0,1,8,127.131,36.3146,0,0,1,0,61,0,0
0,2,0,0,0,0,8,127.6462,36.628,0,0,1,0,83,0,0
0,2,0,1,2,1,1,126.2417,36.8759,0,0,1,0,169,0,0
0,2,0,1,2,0,3,127.1254,35.9436,0,0,1,0,28,0,0
0,2,0,0,0,0,5,126.6539,35.9405,0,0,1,0,166,0,0
0,3,0,0,0,0,3,127.7259,34.7393,0,0,0,0,102,0,0
0,3,0,0,0,1,1,126.9345,35.9192,0,0,0,0,125,0,0
1,3,3,0,0,5,2,128.9002,35.1647,1,0,0,0,206,0,0
1,3,0,1,3,4,3,127.7019,34.9329,0,0,0,0,130,0,0
0,3,0,1,2,0,1,127.1021,37.4229,0,0,0,0,95,0,0
0,3,0,1,2,1,2,126.8316,36.7126,0,0,0,0,187,0,0
0,3,0,0,0,4,1,128.4356,35.0445,0,0,0,0,87,0,0
0,4,0,0,0,0,3,127.4882,37.2457,0,0,0,0,41,0,0
1,4,0,1,2,7,2,126.7308,37.611,0,0,0,0,47,0,0
1,4,0,0,0,3,3,126.884,37.3699,0,0,0,0,2,0,0
1,4,5,0,0,3,7,126.5395,35.4597,0,0,0,0,219,0,0
1,4,6,1,2,0,1,126.903,37.4707,0,0,0,0,109,0,0
1,4,0,0,0,0,4,126.598,37.6802,0,0,0,0,47,0,0
0,4,0,0,0,0,5,126.6744,36.0794,0,0,0,0,10,0,0
0,4,6,1,1,0,4,127.0307,37.574,0,0,0,0,201,0,0
0,5,6,1,1,0,2,126.7076,37.4497,1,0,1,0,29,0,0
1,5,0,1,2,0,5,127.0517,37.5362,0,0,1,0,84,0,0
1,5,0,1,1,3,4,127.0375,36.789,0,0,1,0,53,0,0
1,5,3,0,0,2,2,127.4439,37.2018,2,0,1,0,41,0,0
1,5,0,0,0,9,1,126.6138,34.1979,0,0,1,0,141,0,0
1,5,0,0,0,9,1,126.6827,34.9477,0,0,1,0,33,0,0
0,5,0,0,0,1,8,128.2947,35.916,0,0,1,0,168,0,0
0,5,0,0,0,1,11,126.8693,36.9985,1,0,1,0,14,0,0
0,6,0,0,0,4,1,128.6784,35.2184,0,0,1,0,86,0,0
0,0,0,0,0,0,1,128.5128,36.5645,0,0,0,0,66,0,0
0,0,0,0,0,1,1,128.5345,35.8619,0,0,0,0,107,0,0
1,0,0,1,1,1,12,127.3247,37.0229,0,0,0,0,23,0,0
1,0,0,0,0,0,1,126.9154,37.583,0,0,0,0,195,0,0
1,1,0,0,0,0,8,128.4154,36.0258,0,0,0,0,21,0,0
1,1,2,0,0,1,1,127.4679,38.1472,0,0,0,0,184,0,0
1,1,0,0,0,8,1,127.2966,36.1631,0,0,0,0,61,0,0
1,1,0,1,2,0,5,126.668,37.4216,0,0,0,0,35,0,0
1,1,0,0,0,1,1,126.5848,36.4868,0,0,0,0,136,0,0
1,1,0,1,1,7,3,126.7735,37.2933,0,0,0,0,2,0,0
0,1,3,0,0,0,8,127.6054,34.7644,0,0,0,0,102,0,0
1,2,6,1,2,0,2,127.0631,36.9235,1,0,0,0,53,0,0
1,2,0,0,0,4,1,126.633,36.9007,0,0,0,0,46,0,0
1,2,0,0,0,4,1,127.5874,34.8695,0,0,0,0,102,0,0
1,2,3,0,0,1,11,126.7522,37.2519,0,0,0,0,50,0,0
1,2,0,0,0,4,1,127.203,36.214,0,0,0,0,61,0,0
1,2,5,0,0,0,2,127.8542,35.7071,0,0,0,0,154,0,0
1,2,0,0,0,6,3,127.2725,35.476,0,0,0,0,152,0,0
0,2,0,0,0,0,8,128.6555,34.9322,0,0,0,0,15,0,0
0,3,0,0,0,0,9,126.828,37.5244,0,0,0,0,140,0,0
1,3,5,0,0,9,6,126.9534,36.4308,0,0,0,0,174,0,0
1,3,0,1,3,7,3,126.9577,37.3187,0,0,0,0,199,0,0
1,3,0,0,0,1,4,127.5645,37.2992,0,0,0,0,22,0,0
1,3,5,0,0,4,3,127.8882,37.1709,0,0,0,0,36,0,0
0,4,0,0,0,4,1,128.515,35.8588,0,0,0,0,20,0,0
0,4,0,1,1,0,5,127.0394,37.575,0,0,0,0,201,0,0
1,4,6,1,1,7,2,126.8875,35.161,0,0,0,0,222,0,0
1,4,6,1,1,0,6,126.5807,33.5173,2,0,0,0,90,0,0
1,4,0,0,0,1,7,126.8146,36.7326,0,0,0,0,187,0,0
1,4,0,2,4,0,2,128.5223,35.8527,0,0,0,0,20,0,0
1,4,0,0,0,4,1,127.2852,36.7617,0,0,0,0,63,0,0
1,4,0,1,1,4,2,126.7322,35.7408,0,0,0,0,185,0,0
0,4,0,0,0,9,1,126.6386,36.1171,0,0,0,0,10,0,0
0,4,0,2,4,0,1,127.1676,37.5938,0,0,0,0,165,0,0
1,5,0,0,0,1,3,128.4022,36.9131,0,0,1,0,204,0,0
1,5,0,1,1,4,1,127.0456,37.7585,0,0,1,0,64,0,0
1,5,0,0,0,0,2,128.1171,36.6963,1,0,1,0,74,0,0
1,5,2,1,1,0,7,127.6352,35.924,0,0,1,0,182,0,0
1,5,6,1,1,1,2,126.7023,37.3283,0,0,1,0,73,0,0
0,5,0,0,0,0,2,129.1448,35.3558,0,0,1,0,85,0,0
0,5,2,2,4,0,3,126.5814,35.3245,0,0,1,0,219,0,0
1,6,3,0,0,0,2,126.5205,33.2473,0,0,1,0,62,0,0
1,6,6,1,1,4,2,126.9087,36.9085,1,0,1,0,14,0,0
1,6,0,1,2,0,1,126.9375,36.392,0,0,1,0,174,0,0
0,6,0,0,0,0,1,126.5417,35.5029,0,0,1,0,219,0,0
0,0,0,0,0,4,1,126.6476,36.8915,0,0,0,0,46,0,0
0,0,0,0,0,1,2,127.163,36.7464,0,0,0,0,63,0,0
1,0,0,0,0,1,8,126.6599,35.4356,0,0,0,0,219,0,0
1,0,0,0,0,3,1,128.0966,36.3938,0,0,0,0,58,0,0
1,0,2,1,1,0,1,128.0017,36.7587,0,0,0,0,179,0,0
1,0,0,0,0,4,1,127.0754,37.4979,0,0,0,0,89,0,0
0,0,0,1,1,4,2,126.7947,35.725,0,0,0,0,185,0,0
0,0,2,1,1,0,2,127.0695,38.0571,2,0,0,0,106,0,0
1,1,0,0,0,0,3,129.0812,35.116,0,0,0,0,180,0,0
1,1,0,1,1,1,4,126.7404,36.6882,0,0,0,0,187,0,0
1,1,0,1,1,0,1,129.2952,35.3523,0,0,0,0,17,0,0
0,1,0,0,0,0,8,127.811,38.0257,0,0,0,0,218,0,0
0,1,7,1,1,0,4,127.5021,37.4895,0,0,0,0,48,0,0
1,2,0,0,0,1,3,127.0791,37.6802,0,0,0,0,18,0,0
1,2,6,1,1,4,3,129.3538,35.6407,0,0,0,0,158,0,0
1,2,0,1,1,6,3,129.3142,35.6762,0,0,0,0,100,0,0
1,2,0,0,0,4,3,126.4027,34.5738,0,0,0,0,119,0,0
0,2,0,1,1,0,2,127.1023,37.2956,0,0,0,0,51,0,0
0,2,6,1,1,4,3,127.0338,37.6355,0,0,0,0,200,0,0
1,3,0,0,0,1,3,127.1281,37.3268,1,0,0,0,51,0,0
1,3,0,0,0,1,4,126.2958,35.1118,0,0,0,0,101,0,0
1,3,6,1,1,4,2,126.8167,34.7049,0,0,0,0,121,0,0
1,3,0,2,4,0,2,127.0508,36.834,0,0,0,0,53,0,0
0,3,0,0,0,1,8,126.9894,36.7572,0,0,0,0,53,0,0
0,3,0,0,0,0,5,126.7246,35.9542,0,0,0,0,166,0,0
0,3,0,0,0,4,1,128.1012,35.1325,0,0,0,0,42,0,0
0,3,0,0,0,1,5,128.482,35.5488,0,0,0,0,211,0,0
0,4,0,0,0,1,3,128.8911,36.0326,1,0,0,0,5,0,0
0,4,0,0,0,1,3,127.4284,36.5717,0,0,0,0,83,0,0
1,4,6,1,1,2,2,127.1397,37.507,2,0,0,0,156,0,0
1,4,6,1,2,3,5,128.0873,35.186,0,0,0,0,42,0,0
1,4,0,0,0,4,1,128.2108,35.069,0,0,0,0,87,0,0
1,4,5,1,3,1,3,127.0983,36.1151,0,0,0,0,61,0,0
1,4,0,0,0,3,2,126.9085,37.282,0,0,0,0,50,0,0
1,4,6,1,1,7,3,126.7781,37.5288,0,0,0,0,65,0,0
1,4,0,1,1,0,6,126.9215,37.1371,2,0,0,0,50,0,0
1,4,0,0,0,8,1,126.5172,34.5141,0,0,0,0,119,0,0
0,4,3,0,0,1,8,128.1927,35.168,0,0,0,0,42,0,0
0,4,6,1,1,0,11,128.1944,37.1656,0,0,0,0,103,0,0
0,4,6,1,1,4,6,128.3633,36.0867,0,0,0,0,144,0,0
1,5,0,0,0,4,2,127.7402,34.835,0,0,1,0,102,0,0
1,5,5,0,0,0,1,127.3319,35.7133,0,0,1,0,192,0,0
1,5,0,1,1,0,1,126.8078,35.7177,0,0,1,0,185,0,0
1,5,5,0,0,1,9,128.6965,36.2848,1,0,1,0,105,0,0
0,5,0,0,0,4,1,127.7067,34.9499,0,0,1,0,130,0,0
0,5,0,0,0,0,3,126.7335,37.3256,1,0,1,0,73,0,0
1,6,0,0,0,1,8,127.4149,34.5442,0,0,1,0,191,0,0
1,6,0,0,0,4,2,128.5842,34.895,0,0,1,0,15,0,0
1,6,0,0,0,4,3,128.5943,36.1537,0,0,1,0,170,0,0
1,6,0,0,0,0,2,127.1934,37.5322,0,0,1,0,67,0,0
1,6,0,0,0,2,5,127.1137,35.8537,0,0,1,0,11,0,0
1,6,0,0,0,1,1,129.2555,35.3517,0,0,1,0,85,0,0
0,6,0,0,0,0,2,128.66,35.2306,1,0,1,0,86,0,0
0,0,0,0,0,0,1,129.3771,35.5379,1,0,0,0,158,0,0
0,0,2,1,2,0,1,127.9683,37.3176,1,0,0,0,36,0,0
0,0,5,0,0,0,3,126.9397,35.9471,0,0,0,0,125,0,0
1,0,2,0,0,0,5,128.8364,35.9471,0,0,0,0,52,0,0
1,0,2,0,0,0,3,128.848,35.8819,0,0,0,0,52,0,0
1,0,0,2,4,3,5,126.6747,37.4519,0,0,0,0,123,0,0
1,0,2,1,1,0,2,126.805,37.5726,0,0,0,0,43,0,0
1,0,0,0,0,9,1,128.3069,36.8861,0,0,0,0,204,0,0
1,0,0,2,4,1,2,127.1805,35.2481,1,0,0,0,147,0,0
0,0,0,1,2,0,3,126.9462,37.3874,0,0,0,0,151,0,0
1,1,0,0,0,0,2,128.6656,38.0837,0,0,0,0,164,0,0
1,1,0,0,0,2,8,126.6222,34.5652,2,0,0,0,119,0,0
1,1,0,0,0,1,1,129.3508,36.1933,0,0,0,0,160,0,0
1,1,0,2,4,4,3,126.9229,37.4073,0,0,0,0,151,0,0
1,1,0,0,0,1,11,128.8333,37.7762,0,0,0,0,194,0,0
0,1,0,0,0,0,3,126.2446,36.7445,1,0,0,0,169,0,0
0,1,0,0,0,0,8,129.0225,35.7598,0,0,0,0,100,0,0
0,1,0,0,0,9,1,126.4218,34.5747,0,0,0,0,119,0,0
0,2,0,0,0,0,11,128.3784,35.2907,0,0,0,0,117,0,0
1,2,5,0,0,1,3,126.8648,37.7513,0,0,0,0,175,0,0
0,2,6,1,1,4,6,127.0056,36.7729,0,0,0,0,53,0,0
1,3,0,0,0,0,3,129.0362,35.348,0,0,0,0,49,0,0
1,3,6,1,1,8,2,127.0662,36.9696,0,0,0,0,14,0,0
1,3,0,0,0,3,3,127.058,37.7073,2,0,0,0,64,0,0
1,3,0,0,0,0,1,127.4414,35.4505,0,0,0,0,193,0,0
1,3,0,0,0,9,1,127.1514,36.2457,0,0,0,0,61,0,0
0,3,6,1,1,1,4,127.3143,36.332,0,0,0,0,148,0,0
0,3,0,0,0,0,8,128.3611,35.0551,0,0,0,0,87,0,0
0,4,6,1,1,0,4,128.5612,35.9445,0,0,0,0,112,0,0
1,4,0,0,0,1,3,128.9827,35.2906,0,0,0,0,13,0,0
1,4,0,1,2,3,1,127.0052,37.6166,0,0,0,0,167,0,0
1,4,0,0,0,1,2,128.4222,35.7684,0,0,0,0,30,0,0
0,4,0,0,0,0,1,127.96,34.7831,0,0,0,0,197,0,0
0,4,0,0,0,4,2,127.0792,37.4991,0,0,0,0,89,0,0
1,5,0,2,4,0,5,126.7343,37.5033,0,0,1,0,44,0,0
1,5,0,1,2,9,1,126.8722,37.3823,0,0,1,0,73,0,0
1,5,0,0,0,0,1,127.4754,37.8083,0,0,1,0,176,0,0
1,5,5,0,0,0,2,129.3014,35.443,0,0,1,0,17,0,0
0,5,0,1,2,0,2,128.2722,34.9798,1,0,1,0,87,0,0
0,6,0,1,2,2,1,126.5845,35.3056,2,0,1,0,219,0,0
1,6,0,0,0,4,1,127.2858,36.4498,0,0,1,0,202,0,0
1,6,0,0,0,0,8,126.7511,34.6383,0,0,1,0,121,0,0
1,6,5,0,0,0,2,126.9243,35.3586,2,0,1,0,181,0,0
1,6,0,0,0,4,1,128.3481,35.3034,0,0,1,0,117,0,0
1,0,0,0,0,1,8,128.6792,36.2587,0,0,0,0,105,0,0
1,0,0,0,0,1,1,126.7229,36.0259,0,0,0,0,10,0,0
1,0,0,1,2,4,1,126.8823,36.765,0,0,0,0,53,0,0
1,0,0,0,0,1,3,126.711,36.9796,0,0,0,0,46,0,0
1,0,0,1,2,1,3,128.4938,35.813,0,0,0,0,30,0,0
1,0,0,1,1,7,2,126.7393,37.3503,0,0,0,0,73,0,0
1,0,6,1,1,7,2,128.5795,35.8705,0,0,0,0,178,0,0
0,1,0,0,0,1,3,128.6489,35.9163,1,0,0,0,26,0,0
1,1,0,1,1,0,8,127.0736,35.637,1,0,0,0,12,0,0
1,1,3,1,2,4,2,126.8366,35.5669,0,0,0,0,12,0,0
1,1,0,0,0,1,3,126.6489,37.5102,0,0,0,0,97,0,0
1,1,0,0,0,9,1,128.1986,36.5743,0,0,0,0,58,0,0
0,1,0,0,0,1,3,127.158,35.8859,0,0,0,0,28,0,0
1,2,0,2,4,1,2,127.0564,35.8806,1,0,0,0,11,0,0
1,2,0,1,1,0,2,127.2563,36.4884,0,0,0,0,202,0,0
1,2,6,1,1,4,3,126.9786,35.9878,0,0,0,0,125,0,0
1,2,0,1,1,4,3,127.1014,34.7888,0,0,0,0,122,0,0
1,2,0,1,2,9,2,127.1527,34.8287,0,0,0,0,122,0,0
1,3,5,0,0,4,3,126.2683,33.2962,0,0,0,0,62,0,0
1,3,6,0,0,0,5,128.9847,35.1917,0,0,0,0,120,0,0
1,3,0,1,2,4,1,129.3414,35.5397,0,0,0,0,213,0,0
0,3,0,0,0,8,1,127.0709,35.3848,0,0,0,0,131,0,0
0,4,0,0,0,1,3,127.4453,37.2366,0,0,0,0,41,0,0
0,4,0,1,2,1,5,128.6998,35.1473,0,0,0,0,86,0,0
1,4,6,1,1,0,4,126.3896,34.7987,0,0,0,0,153,0,0
1,4,7,1,1,4,3,129.3615,35.9796,0,0,0,0,160,0,0
1,4,0,0,0,8,1,126.7727,34.9486,0,0,0,0,33,0,0
1,4,7,1,1,4,6,128.3831,35.6381,0,0,0,0,220,0,0
1,4,0,0,0,4,1,129.1781,35.4215,0,0,0,0,49,0,0
0,4,6,1,2,4,2,126.8049,37.3255,1,0,0,0,2,0,0
0,4,0,1,1,0,1,127.4928,37.2567,0,0,0,0,41,0,0
0,4,0,0,0,6,1,127.2405,37.3113,0,0,0,0,51,0,0
0,5,0,0,0,6,1,129.1782,35.177,0,0,1,0,1,0,0
1,5,0,0,0,1,1,127.8847,37.6571,0,0,1,0,82,0,0
1,5,0,2,4,9,1,127.006,36.449,0,0,1,0,174,0,0
1,5,6,1,1,0,4,127.0794,37.7967,0,0,1,0,59,0,0
0,5,0,1,2,1,1,128.3242,35.2445,0,0,1,0,117,0,0
0,6,5,0,0,0,8,128.4482,36.3819,1,0,1,0,105,0,0
1,6,0,0,0,7,2,126.9263,35.1745,0,0,1,0,137,0,0
1,6,0,0,0,4,1,127.1793,37.8073,0,0,1,0,171,0,0
1,6,0,0,0,0,1,126.9454,36.869,0,0,1,0,53,0,0
1,6,0,0,0,4,5,127.2204,37.9326,0,0,1,0,171,0,0
0,6,0,0,0,1,1,126.4885,33.4175,0,0,1,0,90,0,0
0,0,0,0,0,4,1,127.2929,37.6337,0,0,0,0,70,0,0
1,0,0,0,0,4,1,127.3409,34.8484,0,0,0,0,122,0,0
1,0,2,0,0,0,8,126.6764,37.5676,0,0,0,0,97,0,0
1,0,5,2,4,0,2,127.3684,36.3114,0,0,0,0,4,0,0
1,0,0,0,0,0,8,128.2722,35.7208,0,0,0,0,220,0,0
0,0,0,2,4,4,1,126.7479,37.5307,0,0,0,0,7,0,0
0,0,0,0,0,1,2,126.7811,36.6861,0,0,0,0,187,0,0
1,1,0,0,0,0,5,129.2494,35.9806,0,0,0,0,100,0,0
0,1,5,0,0,7,2,127.0597,35.907,0,0,0,0,28,0,0
0,1,6,1,3,4,6,127.9285,37.3482,0,0,0,0,36,0,0
0,2,6,1,2,0,2,127.3793,36.3595,0,0,0,0,4,0,0
0,2,0,0,0,0,7,127.3565,36.7806,0,0,0,0,63,0,0
0,2,0,0,0,0,1,126.9397,37.7162,0,0,0,0,59,0,0
0,2,0,0,0,4,1,128.9897,35.199,0,0,0,0,118,0,0
0,3,0,0,0,1,3,127.6787,37.5363,0,0,0,0,48,0,0
0,3,6,1,1,4,2,126.9443,37.3921,0,0,0,0,151,0,0
1,3,0,0,0,8,11,127.1143,36.4763,0,0,0,0,19,0,0
1,4,0,0,0,1,1,127.9273,37.6395,0,0,0,0,82,0,0
1,4,5,0,0,0,4,127.0213,37.2312,0,0,0,0,99,0,0
1,4,0,2,4,0,1,128.5621,36.5828,0,0,0,0,66,0,0
1,4,0,1,1,0,2,126.9944,36.7836,0,0,0,0,53,0,0
1,4,0,1,2,1,11,128.818,35.0831,0,0,0,0,86,0,0
0,4,0,0,0,1,3,126.8423,35.8698,1,0,0,0,34,0,0
0,4,5,0,0,4,2,127.458,37.2865,0,0,0,0,41,0,0
0,4,0,0,0,0,2,127.1153,37.5266,0,0,0,0,156,0,0
0,5,6,1,1,4,2,127.0926,37.5116,0,0,1,0,156,0,0
1,5,0,1,1,7,2,127.9469,36.9672,0,0,1,0,6,0,0
1,5,5,0,0,4,3,127.5977,35.7593,0,0,1,0,155,0,0
0,5,6,0,0,4,6,127.0284,37.6352,0,0,1,0,200,0,0
0,5,6,1,1,0,2,127.4721,36.1817,0,0,1,0,68,0,0
0,6,0,1,2,0,1,127.4092,37.2981,0,0,1,0,41,0,0
0,6,0,1,2,4,2,126.9562,37.3908,1,0,1,0,151,0,0
1,6,0,0,0,0,2,126.969,37.2808,0,0,1,0,99,0,0
1,6,0,0,0,0,4,128.6271,37.6738,0,0,1,0,24,0,0
1,6,0,0,0,0,2,128.6322,35.8695,2,0,1,0,37,0,0
1,6,0,0,0,0,1,129.0666,36.1125,0,0,1,0,5,0,0
0,6,0,0,0,0,1,126.8466,36.2801,0,0,1,0,129,0,0
0,0,0,0,0,1,1,127.3466,34.886,0,0,0,0,27,0,0
1,0,0,0,0,1,9,126.5521,37.0012,0,0,0,0,46,0,0
1,0,0,0,0,1,1,127.0713,36.6659,0,0,0,0,63,0,0
1,0,0,0,0,4,2,128.8678,35.2516,0,0,0,0,13,0,0
0,0,0,0,0,0,5,128.4251,35.975,0,0,0,0,21,0,0
1,1,0,0,0,1,1,126.4631,34.768,0,0,0,0,16,0,0
1,1,5,0,0,2,6,128.2856,35.0715,0,0,0,0,87,0,0
1,1,0,0,0,5,3,128.6387,35.1944,2,0,0,0,86,0,0
0,1,0,0,0,6,1,127.0773,35.4442,0,0,0,0,131,0,0
0,2,0,1,1,0,1,128.6069,35.8288,0,0,0,0,145,0,0
1,2,0,0,0,0,3,126.9583,35.224,0,0,0,0,181,0,0
0,3,6,1,2,4,2,127.0429,37.5022,0,0,0,0,89,0,0
1,3,0,0,0,0,3,127.2428,37.475,1,0,0,0,9,0,0
0,3,5,0,0,1,4,127.9693,35.2012,0,0,0,0,42,0,0
0,3,5,0,0,1,2,126.8601,36.7419,0,0,0,0,53,0,0
1,4,0,1,2,1,3,126.9129,35.6812,0,0,0,0,12,0,0
1,4,0,0,0,4,1,129.1584,35.2295,0,0,0,0,1,0,0
1,4,0,1,1,0,4,127.105,37.4487,0,0,0,0,95,0,0
1,4,5,0,0,3,5,128.0283,37.4922,0,0,0,0,31,0,0
1,4,0,1,1,1,6,126.7583,35.7644,0,0,0,0,185,0,0
1,4,0,0,0,3,5,127.1269,37.43,0,0,0,0,95,0,0
1,5,0,0,0,0,4,127.4664,37.5041,0,0,1,0,48,0,0
1,5,0,0,0,1,3,126.9817,37.0506,0,0,1,0,14,0,0
1,5,5,0,0,0,3,127.2106,35.8889,0,0,1,0,28,0,0
1,5,6,0,0,0,4,127.3485,36.3283,0,0,1,0,4,0,0
0,6,5,0,0,0,2,126.5105,33.4619,1,0,1,0,90,0,0
1,6,6,1,1,0,6,127.4444,36.3217,0,0,1,0,80,0,0
1,6,5,0,0,0,2,127.7617,36.8356,0,0,1,0,179,0,0
1,6,0,0,0,0,1,128.036,37.0329,1,0,1,0,6,0,0
0,6,0,1,2,2,1,126.3395,36.5204,0,0,1,0,169,0,0
0,6,0,0,0,1,2,126.6449,36.8256,0,0,1,0,46,0,0
0,0,0,0,0,0,1,127.0915,37.5245,0,0,0,0,156,0,0
1,0,0,0,0,0,9,127.2137,37.2709,0,0,0,0,51,0,0
1,0,0,1,1,0,3,127.7105,37.83,0,0,0,0,111,0,0
1,0,5,0,0,1,3,128.6759,36.1839,0,0,0,0,170,0,0
1,0,0,0,0,1,1,128.4785,35.7642,0,0,0,0,30,0,0
1,0,5,2,4,0,2,126.6518,37.6661,1,0,0,0,47,0,0
1,0,0,2,4,1,8,126.702,35.6602,0,0,0,0,185,0,0
0,0,5,0,0,0,2,129.043,36.2911,0,0,0,0,203,0,0
0,1,5,0,0,1,3,127.5564,35.4516,1,0,0,0,193,0,0
1,1,3,0,0,0,8,126.9127,38.0197,0,0,0,0,106,0,0
0,1,5,0,0,0,2,129.0333,37.1502,0,0,0,0,215,0,0
0,1,0,1,1,0,1,128.9618,35.1226,0,0,0,0,120,0,0
0,2,0,0,0,4,3,127.0215,37.4827,0,0,0,0,214,0,0
0,3,0,0,0,4,1,127.4632,36.3389,0,0,0,0,80,0,0
1,3,6,1,1,4,3,128.2621,35.3182,0,0,0,0,189,0,0
1,3,0,0,0,0,1,126.6133,36.3647,0,0,0,0,136,0,0
1,3,0,0,0,0,1,128.8722,35.1726,0,0,0,0,13,0,0
1,3,0,0,0,1,4,129.0418,36.4808,0,0,0,0,203,0,0
1,3,2,0,0,0,8,128.1173,35.5475,0,0,0,0,133,0,0
0,3,0,0,0,4,8,128.1176,35.5477,0,0,0,0,133,0,0
1,4,5,0,0,1,4,127.1524,34.4763,0,0,0,0,191,0,0
1,4,5,1,1,1,3,126.9772,37.7996,0,0,0,0,59,0,0
1,4,0,0,0,0,4,126.5929,36.9765,0,0,0,0,46,0,0
1,4,5,0,0,0,2,127.1287,37.4081,1,0,0,0,95,0,0
1,4,0,2,4,0,2,126.6481,36.8618,0,0,0,0,46,0,0
1,4,0,0,0,1,1,128.0115,36.4008,0,0,0,0,58,0,0
1,4,0,0,0,0,8,126.7026,36.877,0,0,0,0,46,0,0
1,5,0,1,2,7,6,127.5074,37.8168,0,0,1,0,176,0,0
1,5,0,1,1,1,1,127.1277,37.1375,0,0,1,0,51,0,0
0,5,0,0,0,2,3,128.5666,36.7804,1,0,1,0,113,0,0
0,6,5,0,0,4,2,127.1209,37.5398,0,0,1,0,91,0,0
0,6,0,0,0,0,3,126.8074,37.3662,0,0,1,0,73,0,0
0,6,0,2,4,0,1,128.1467,35.5756,0,0,1,0,133,0,0
1,0,3,1,1,4,3,128.0024,35.72,0,0,0,0,154,0,0
0,0,0,0,0,2,1,126.7747,37.4807,0,0,0,0,65,0,0
0,1,0,2,4,6,1,127.1096,37.3678,0,0,0,0,95,0,0
0,1,0,0,0,1,11,126.8485,37.3481,1,0,0,0,2,0,0
1,1,0,0,0,0,2,128.5821,35.2465,0,0,0,0,86,0,0
1,1,5,0,0,0,4,127.0588,37.5944,0,0,0,0,201,0,0
1,2,5,0,0,2,2,127.6649,36.9367,2,0,0,0,110,0,0
1,2,0,0,0,5,3,126.8615,37.0305,1,0,0,0,50,0,0
1,2,0,2,4,9,1,128.1482,35.7449,0,0,0,0,133,0,0
1,2,6,1,1,2,7,126.82,37.5485,0,0,0,0,43,0,0
1,2,5,0,0,0,2,126.7251,36.9318,1,0,0,0,46,0,0
0,2,0,0,0,1,3,129.0459,36.0016,0,0,0,0,5,0,0
0,2,0,0,0,2,1,127.1699,37.4632,0,0,0,0,95,0,0
0,3,5,0,0,0,2,126.991,34.9157,1,0,0,0,88,0,0
1,3,0,0,0,4,1,127.1493,35.0985,0,0,0,0,88,0,0
1,3,0,1,1,1,3,127.2016,37.6937,0,0,0,0,70,0,0
1,3,0,0,0,0,4,126.9437,37.2873,0,0,0,0,99,0,0
0,3,0,0,0,4,1,126.643,37.3816,0,0,0,0,35,0,0
0,4,0,0,0,0,3,126.9118,37.0282,0,0,0,0,14,0,0
0,4,0,0,0,0,1,127.9104,37.3057,0,0,0,0,36,0,0
1,4,0,0,0,4,3,127.8997,35.6857,0,0,0,0,154,0,0
0,4,6,1,1,1,3,128.7457,35.472,0,0,0,0,177,0,0
1,5,0,1,1,3,5,128.6984,36.3497,0,0,1,0,105,0,0
1,5,0,0,0,1,4,127.9223,35.6841,0,0,1,0,154,0,0