주야,요일,법규위반,도로형태_대분류,도로형태,당사자종별_1당_대분류,당사자종별_2당_대분류,경도,위도,사고피해정도,도시여부,주말/공휴일,인구수,발생지번호,보행자의위치,무단횡단여부
0,5,6,1,1,0,4,127.0706,37.6453,0,0,1,0,18,0,0
0,5,0,0,0,1,1,126.5551,35.3308,0,0,1,0,219,0,0
0,6,0,0,0,1,1,126.638,36.587,0,0,1,0,38,0,0
0,6,0,0,0,4,1,126.9406,37.5951,0,0,1,0,195,0,0
0,6,0,0,0,0,3,127.2133,37.2647,0,0,1,0,51,0,0
1,6,0,0,0,0,1,126.8607,36.6825,0,0,1,0,187,0,0
1,6,0,1,2,9,1,126.6728,36.5293,0,0,1,0,38,0,0
1,6,0,1,1,0,3,128.9907,35.1968,2,0,1,0,118,0,0
1,6,0,0,0,1,1,126.5961,36.9222,0,0,1,0,46,0,0
1,6,0,0,0,9,1,128.8349,36.0423,0,0,1,0,5,0,0
0,6,6,1,1,4,2,129.1978,35.8499,0,0,1,0,100,0,0
0,0,6,0,0,1,4,126.94,37.5487,0,0,0,0,159,0,0
1,0,5,0,0,4,6,126.9539,36.7932,0,0,0,0,53,0,0
1,0,0,0,0,1,8,128.3099,36.2573,0,0,0,0,144,0,0
0,0,0,1,1,0,2,128.6453,35.8769,0,0,0,0,37,0,0
0,1,0,0,0,0,1,128.6219,36.5901,0,0,0,0,66,0,0
0,1,7,1,1,1,2,126.3763,36.9882,0,0,0,0,69,0,0
0,1,0,0,0,1,3,128.5784,35.9037,0,0,0,0,112,0,0
1,1,5,0,0,5,3,128.713,36.5576,0,0,0,0,66,0,0
1,1,0,1,1,0,4,126.8625,36.6786,0,0,0,0,187,0,0
1,1,0,0,0,0,2,127.4789,36.3454,0,0,0,0,80,0,0
1,1,0,1,2,8,2,127.0456,37.2749,0,0,0,0,99,0,0
1,1,5,0,0,0,3,127.9875,37.3962,0,0,0,0,36,0,0
1,1,0,1,1,0,2,126.7633,37.5052,0,0,0,0,65,0,0
0,1,5,0,0,1,3,126.7235,37.2164,0,0,0,0,50,0,0
0,1,0,0,0,1,3,128.891,36.6504,0,0,0,0,66,0,0
0,2,0,0,0,1,2,126.7592,34.994,0,0,0,0,33,0,0
1,2,0,0,0,8,1,126.7371,36.6262,0,0,0,0,38,0,0
1,2,0,0,0,0,4,126.8063,35.5408,0,0,0,0,12,0,0
0,2,0,1,1,1,1,126.5854,36.9871,0,0,0,0,46,0,0
0,3,2,1,2,0,2,128.5567,35.8574,0,0,0,0,107,0,0
0,3,0,0,0,1,1,127.0012,37.5224,0,0,0,0,134,0,0
1,3,6,1,1,4,2,126.8251,37.2014,0,0,0,0,50,0,0
1,3,0,1,1,1,3,128.1739,36.4729,0,0,0,0,58,0,0
1,3,0,0,0,8,1,126.5043,34.9363,0,0,0,0,101,0,0
1,3,0,0,0,1,11,127.5885,34.9034,0,0,0,0,27,0,0
1,3,0,0,0,0,6,127.2042,37.7265,2,0,0,0,70,0,0
0,3,0,0,0,1,3,128.4263,35.7681,1,0,0,0,30,0,0
0,4,0,0,0,4,1,126.7893,37.3933,0,0,0,0,73,0,0
0,4,3,0,0,1,3,127.3343,36.7197,0,0,0,0,83,0,0
1,4,0,2,4,0,8,126.2676,34.4721,0,0,0,0,71,0,0
1,4,0,0,0,8,1,128.0742,35.0198,0,0,0,0,57,0,0
1,4,0,1,1,1,4,128.1901,35.9161,0,0,0,0,168,0,0
1,4,6,1,1,4,2,129.3385,36.0253,0,0,0,0,160,0,0
0,5,5,0,0,0,3,129.2438,35.9375,0,0,1,0,100,0,0
0,5,0,0,0,0,2,128.4456,36.2588,2,0,1,0,170,0,0
0,5,0,0,0,1,11,128.5176,36.2279,2,0,1,0,170,0,0
1,5,5,0,0,0,3,128.393,35.3134,0,0,1,0,117,0,0
1,5,0,0,0,1,1,128.6453,36.48,0,0,1,0,66,0,0
1,5,0,0,0,4,1,127.0433,37.5559,0,0,1,0,84,0,0
1,5,0,0,0,8,1,127.0414,37.6137,0,0,1,0,167,0,0
0,5,0,1,1,1,1,126.4036,37.7822,0,0,1,0,92,0,0
0,6,0,0,0,4,1,129.2924,35.5342,0,0,1,0,213,0,0
0,6,0,1,1,0,2,128.7215,35.192,0,0,1,0,86,0,0
0,6,0,0,0,0,1,127.1355,37.814,0,0,1,0,171,0,0
1,6,0,0,0,4,2,126.5284,37.625,0,0,1,0,92,0,0
0,6,0,0,0,0,2,126.7936,37.6201,1,0,1,0,40,0,0
1,0,0,0,0,0,9,127.4729,36.6703,0,0,0,0,83,0,0
1,0,0,0,0,1,3,127.0291,37.1745,0,0,0,0,143,0,0
1,0,6,1,1,4,3,127.1527,35.8207,0,0,0,0,11,0,0
1,0,0,2,4,9,1,129.2016,35.5757,0,0,0,0,17,0,0
1,0,6,1,2,4,6,126.8706,37.5478,0,0,0,0,43,0,0
0,0,6,1,1,4,4,126.9562,37.4856,0,0,0,0,188,0,0
0,0,0,1,1,0,4,129.0247,35.318,0,0,0,0,49,0,0
0,0,0,0,0,1,3,127.09,37.2904,0,0,0,0,99,0,0
0,1,5,0,0,7,2,126.9388,37.4838,0,0,0,0,188,0,0
0,1,0,0,0,0,1,127.1053,37.7131,0,0,0,0,70,0,0
0,1,6,1,1,7,2,126.7435,37.3267,0,0,0,0,2,0,0
0,1,0,0,0,0,4,127.1393,36.8911,0,0,0,0,63,0,0
0,2,0,0,0,4,3,129.0802,35.214,0,0,0,0,216,0,0
0,2,0,1,1,6,3,128.8971,37.7524,0,0,0,0,194,0,0
1,2,0,1,1,4,2,127.0172,37.2776,0,0,0,0,99,0,0
1,2,0,0,0,1,3,127.4416,37.188,0,0,0,0,41,0,0
1,2,5,0,0,1,3,126.9922,37.063,0,0,0,0,14,0,0
1,2,5,1,2,0,2,127.7399,35.078,0,0,0,0,172,0,0
1,2,0,1,1,5,5,126.6322,37.4463,0,0,0,0,123,0,0
1,2,6,1,1,2,2,126.4022,34.7933,1,0,0,0,153,0,0
0,2,2,0,0,0,2,129.0909,35.1857,1,0,0,0,221,0,0
0,2,0,0,0,1,9,126.364,36.7821,0,0,0,0,69,0,0
0,3,0,0,0,6,1,127.2267,34.5585,0,0,0,0,191,0,0
0,3,0,1,1,0,3,127.9328,37.3637,0,0,0,0,36,0,0
0,3,6,1,1,4,6,127.385,36.3111,0,0,0,0,4,0,0
1,3,0,0,0,0,1,129.3325,35.3889,0,0,0,0,17,0,0
1,3,7,1,1,4,3,126.9318,34.4866,0,0,0,0,56,0,0
1,3,0,0,0,4,2,126.8964,35.1717,0,0,0,0,137,0,0
0,3,6,1,1,0,2,129.1988,35.8371,0,0,0,0,100,0,0
0,4,0,0,0,0,3,127.4261,36.7051,0,0,0,0,83,0,0
1,4,2,0,0,0,3,129.0352,35.3311,2,0,0,0,49,0,0
0,4,0,1,2,0,4,129.3395,36.0746,0,0,0,0,160,0,0
0,4,0,0,0,0,1,127.5557,36.7456,0,0,0,0,83,0,0
0,4,0,0,0,0,2,126.5987,36.8845,0,0,0,0,46,0,0
0,5,5,0,0,0,2,128.6227,34.8755,1,0,1,0,15,0,0
0,5,0,0,0,8,3,127.0413,37.3951,0,0,1,0,95,0,0
1,5,0,0,0,4,1,127.1649,37.5436,0,0,1,0,67,0,0
0,5,3,0,0,1,2,126.7767,37.4426,1,0,1,0,73,0,0
0,5,5,0,0,2,2,126.7372,37.436,1,0,1,0,29,0,0
0,5,6,1,1,0,4,126.9527,37.3828,0,0,1,0,151,0,0
1,6,0,0,0,0,1,127.2581,37.5398,0,0,1,0,70,0,0
1,6,0,0,0,1,8,128.7706,35.5693,0,0,1,0,3,0,0
0,6,0,0,0,1,1,127.9522,36.8868,0,0,1,0,6,0,0
0,6,0,0,0,1,1,126.8256,35.9335,0,0,1,0,166,0,0
0,0,0,0,0,1,11,126.5844,36.4932,0,0,0,0,136,0,0
1,0,2,0,0,2,2,127.2658,34.9523,2,0,0,0,27,0,0
1,0,0,1,1,0,5,129.3565,35.5806,0,0,0,0,158,0,0
1,0,0,1,1,1,7,127.9823,37.4955,0,0,0,0,31,0,0
0,0,0,0,0,0,3,128.5493,35.8971,0,0,0,0,112,0,0
0,0,5,0,0,0,2,127.0286,37.2004,0,0,0,0,50,0,0
1,1,0,1,2,4,1,126.8223,36.0685,0,0,0,0,10,0,0
1,1,0,1,2,0,6,129.2665,35.7995,0,0,0,0,100,0,0
1,1,0,0,0,5,1,126.7504,36.8848,0,0,0,0,46,0,0
0,1,5,0,0,4,2,128.4241,36.6412,0,0,0,0,55,0,0
0,1,0,1,2,1,1,128.7638,35.5964,0,0,0,0,3,0,0
1,2,0,0,0,1,1,126.2365,37.7299,0,0,1,0,92,0,0
1,2,5,0,0,0,11,127.505,37.2798,0,0,1,0,41,0,0
0,2,0,0,0,1,8,128.3266,35.837,0,0,1,0,168,0,0
0,2,0,0,0,7,1,127.089,36.0976,0,0,1,0,61,0,0
1,3,0,0,0,4,1,128.0182,35.1343,0,0,0,0,42,0,0
1,3,0,0,0,1,1,128.7795,36.3324,0,0,0,0,105,0,0
1,3,3,0,0,8,11,127.6381,34.8028,0,0,0,0,102,0,0
1,3,6,1,1,0,4,126.9195,37.6288,0,0,0,0,139,0,0
1,4,0,0,0,4,1,129.0551,35.3683,0,0,0,0,49,0,0
1,4,5,0,0,4,9,128.3528,35.9833,0,0,0,0,21,0,0
1,4,6,1,1,4,2,128.7514,35.2487,0,0,0,0,13,0,0
1,4,6,1,1,4,3,128.4648,36.3693,0,0,0,0,105,0,0
0,4,6,1,1,1,4,127.7413,37.8901,0,0,0,0,111,0,0
0,4,0,0,0,0,4,126.7411,37.824,0,0,0,0,175,0,0
1,5,0,1,2,1,3,128.3198,36.1347,0,0,1,0,144,0,0
1,5,0,0,0,0,1,128.1824,36.4404,0,0,1,0,58,0,0
1,5,3,0,0,1,4,129.1518,35.6215,0,0,1,0,17,0,0
1,5,3,0,0,1,3,127.1205,37.4218,0,0,1,0,95,0,0
0,6,0,1,2,4,1,128.5923,35.8604,0,0,1,0,178,0,0
1,6,0,0,0,0,1,126.5376,36.3162,0,0,1,0,136,0,0
1,6,0,0,0,0,1,126.6954,36.691,0,0,1,0,187,0,0
0,6,2,0,0,0,2,129.2432,35.8396,1,0,1,0,100,0,0
1,0,0,0,0,0,5,126.4503,36.7705,0,0,0,0,69,0,0
1,0,5,1,1,0,2,127.0225,37.2604,0,0,0,0,99,0,0
1,0,0,1,1,0,1,126.7056,36.7463,0,0,0,0,187,0,0
0,0,0,1,1,0,4,126.4951,35.2671,0,0,0,0,127,0,0
0,0,0,0,0,1,1,127.6754,37.8998,0,0,0,0,111,0,0
0,1,0,0,0,0,4,126.9836,37.5008,0,0,0,0,214,0,0
1,1,0,1,1,0,9,128.6161,38.0784,0,0,0,0,164,0,0
1,1,0,1,1,0,1,128.416,35.9884,0,0,0,0,21,0,0
1,1,0,0,0,0,7,128.5819,35.2331,0,0,0,0,86,0,0
0,5,0,0,0,4,1,127.0126,37.5917,0,0,1,0,167,0,0
1,3,4,0,0,2,1,127.0242,37.6312,0,0,0,0,200,0,0
1,6,0,1,2,7,5,127.0326,37.5408,0,0,1,0,84,0,0
1,5,0,0,0,0,11,127.0486,37.5294,1,0,1,0,89,0,0
0,3,0,0,0,0,9,127.0358,37.5287,0,0,0,0,89,0,0
0,2,0,0,0,4,1,127.1195,37.5066,0,0,0,0,156,0,0
0,3,0,0,0,1,3,127.0075,37.5161,1,0,0,0,214,0,0
0,3,0,1,1,0,4,126.88,37.5422,0,0,0,0,140,0,0
1,2,0,1,2,4,1,129.0637,35.0956,0,0,0,0,173,0,0
0,1,2,0,0,0,1,129.1711,35.1815,0,0,0,0,1,0,0
0,3,5,0,0,0,3,129.0914,35.2512,0,0,1,0,96,0,0
1,5,0,1,1,2,4,128.895,35.1946,0,0,1,0,206,0,0
0,4,0,0,0,1,1,128.9661,35.1972,0,0,0,0,206,0,0
0,6,0,0,0,4,1,128.991,35.1634,0,0,1,0,120,0,0
0,5,6,1,1,0,4,128.9649,35.1322,0,0,1,0,120,0,0
0,4,0,0,0,0,1,129.1782,35.334,0,0,0,0,85,0,0
0,0,0,0,0,0,2,128.853,35.3683,0,0,0,0,13,0,0
0,0,0,0,0,0,2,129.047,35.3628,1,0,1,0,49,0,0
1,6,6,1,1,4,6,127.1186,36.9962,0,0,1,0,14,0,0
1,1,2,1,1,0,2,127.1903,37.0068,1,0,0,0,23,0,0
0,6,0,0,0,0,1,127.2378,37.0175,0,0,1,0,23,0,0
1,5,5,2,4,4,2,127.2249,37.4561,0,0,1,0,9,0,0
1,5,6,1,1,4,2,127.2496,37.3376,0,0,1,0,51,0,0
0,5,2,1,1,0,2,127.2568,37.2255,0,0,1,0,51,0,0
0,4,5,1,2,1,2,127.3705,37.1692,1,0,0,0,51,0,0
1,1,0,0,0,0,1,126.7481,37.5045,0,0,1,0,65,0,0
1,0,6,1,1,1,5,126.8731,37.4626,0,0,0,0,81,0,0
1,5,3,0,0,7,2,126.85,37.4142,0,0,1,0,81,0,0
0,0,6,1,2,4,2,126.9574,37.3497,0,0,0,0,126,0,0
1,2,0,2,4,4,2,127.1079,37.3774,0,0,0,0,95,0,0
1,2,0,0,0,1,5,126.755,37.3473,0,0,0,0,73,0,0
1,1,3,0,0,7,3,126.9975,37.2583,0,0,0,0,99,0,0
1,6,0,0,0,0,2,127.1036,37.286,2,0,1,0,51,0,0
1,4,0,0,0,1,2,127.1416,37.4989,1,0,0,0,156,0,0
0,5,3,0,0,0,6,127.161,36.9815,0,0,1,0,23,0,0
1,0,0,0,0,5,2,126.871,36.9741,1,0,0,0,14,0,0
1,4,0,0,0,1,3,126.8926,37.1523,0,0,0,0,50,0,0
0,1,0,0,0,0,9,126.8055,37.2856,0,0,0,0,50,0,0
1,5,0,1,3,2,5,126.8216,37.535,0,0,1,0,65,0,0
1,5,0,0,0,4,1,127.5552,37.7681,0,0,1,0,111,0,0
1,1,10,2,4,0,4,128.589,38.2052,0,0,0,0,104,0,0
1,2,0,2,4,9,1,128.644,38.038,0,0,0,0,164,0,0
1,0,5,0,0,0,2,127.9734,37.6733,0,0,0,0,82,0,0
1,5,0,0,0,0,1,128.1559,37.7256,0,0,1,0,82,0,0
0,6,0,0,0,8,1,128.4542,37.5257,0,0,1,0,24,0,0
1,6,0,0,0,8,1,128.0989,37.5016,0,0,1,0,31,0,0
0,5,0,1,1,0,3,127.9717,37.4994,1,0,1,0,31,0,0
1,4,0,0,0,4,1,128.0257,37.5348,0,0,0,0,31,0,0
1,6,6,1,1,0,4,128.0625,37.937,0,0,1,0,124,0,0
0,5,2,0,0,0,5,128.3429,38.1977,0,0,1,0,124,0,0
1,1,6,1,1,3,4,128.5515,38.2597,0,0,0,0,217,0,0
0,4,0,2,4,4,1,128.4348,38.3792,0,0,0,0,217,0,0
0,4,2,0,0,0,1,127.4102,38.2461,0,0,0,0,184,0,0
1,1,0,0,0,4,1,129.1032,37.4834,0,0,0,0,210,0,0
1,2,0,0,0,0,4,129.1031,37.545,0,0,0,0,210,0,0
0,4,0,2,4,1,3,127.6377,37.7396,0,0,0,0,111,0,0
0,1,0,1,2,0,2,127.5156,36.6914,0,0,0,0,83,0,0
0,5,0,1,2,4,3,127.491,36.6496,0,0,1,0,83,0,0
1,2,0,0,0,1,1,127.9252,36.9591,0,0,0,0,6,0,0
1,3,0,0,0,7,1,128.2056,37.1848,0,0,0,0,103,0,0
0,6,0,0,0,0,1,128.2861,37.1851,0,0,1,0,103,0,0
1,3,6,1,1,0,3,128.1866,37.0725,0,0,0,0,103,0,0
1,3,0,1,2,0,3,127.6495,37.1179,0,0,0,0,110,0,0
1,0,0,0,0,1,6,127.6401,37.1045,1,0,0,0,110,0,0
1,2,7,1,1,1,7,127.6887,36.9412,0,0,0,0,110,0,0
1,2,0,0,0,8,1,127.4601,36.9135,0,0,1,0,60,0,0
1,3,8,1,1,0,4,127.4372,36.949,0,0,0,0,60,0,0
1,5,0,0,0,9,1,127.4127,36.5139,0,0,1,0,83,0,0
0,2,0,2,4,0,1,127.4283,36.4565,0,0,0,0,83,0,0
0,6,0,0,0,9,1,127.4083,36.5965,0,0,1,0,83,0,0
0,1,3,0,0,5,3,127.4799,36.7554,0,0,0,0,83,0,0
1,3,0,0,0,1,1,126.4287,36.8192,0,0,0,0,69,0,0
1,0,0,0,0,0,5,127.1346,36.8938,0,0,0,0,63,0,0
0,5,5,0,0,7,2,127.1054,36.2101,0,0,1,0,61,0,0
1,0,0,0,0,3,2,126.567,36.601,1,0,0,0,38,0,0
0,1,0,1,2,1,6,126.6245,36.5258,0,0,0,0,38,0,0
1,3,0,0,0,1,12,126.623,36.5174,0,0,0,0,38,0,0
0,6,0,2,4,0,1,127.0434,36.804,0,0,1,0,53,0,0
1,3,0,0,0,6,1,126.5714,36.1479,0,0,0,0,10,0,0
0,2,0,0,0,7,2,127.1382,36.4644,0,0,0,0,19,0,0
1,0,0,0,0,0,1,126.9401,36.5608,0,0,0,0,19,0,0
0,6,5,0,0,4,2,127.1144,36.6143,0,0,1,0,19,0,0
0,3,6,1,1,7,2,127.2565,36.4911,0,1,0,0,229,0,0
1,4,0,0,0,1,5,127.3049,36.6032,0,1,0,0,229,0,0
0,5,0,0,0,4,1,126.8778,36.6261,0,0,1,0,187,0,0
0,5,0,0,0,0,1,126.6447,36.7044,0,0,1,0,187,0,0
0,0,0,0,0,1,1,126.8158,36.2528,0,0,0,0,129,0,0
0,1,0,0,0,8,1,126.7709,36.2568,0,0,0,0,129,0,0
0,5,0,0,0,0,11,126.7509,36.8234,0,0,1,0,46,0,0
0,0,9,0,0,6,3,126.6075,36.8897,0,0,1,0,46,0,0
0,3,5,0,0,0,11,126.7442,36.8,0,0,0,0,46,0,0
1,0,0,2,4,8,1,126.7134,36.8885,0,0,0,0,46,0,0
1,5,0,0,0,0,2,126.763,36.9027,0,0,1,0,46,0,0
1,5,0,0,0,1,3,126.6835,36.8587,0,0,1,0,46,0,0
0,4,0,1,1,0,5,126.8029,36.4509,0,0,0,0,174,0,0
1,0,0,0,0,1,1,126.3165,36.7452,0,0,0,0,169,0,0
0,0,2,2,4,0,1,127.3279,36.2918,1,0,0,0,4,0,0
0,1,0,0,0,2,3,127.0522,36.1756,2,0,0,0,61,0,0
0,3,0,0,0,0,11,127.4267,36.5874,2,0,0,0,83,0,0
1,5,6,1,1,0,4,127.099,35.8018,0,0,1,0,11,0,0
1,1,5,0,0,0,2,127.1139,35.8237,1,0,0,0,11,0,0
1,1,0,0,0,0,4,126.7427,35.9824,0,0,1,0,166,0,0
0,2,0,0,0,1,1,126.5265,35.7305,0,0,0,0,166,0,0
0,4,0,1,2,6,1,126.5363,35.943,0,0,0,0,166,0,0
0,3,5,0,0,0,1,126.8169,35.9416,0,0,0,0,166,0,0
0,1,0,0,0,0,1,127.0008,35.9606,0,0,0,0,125,0,0
0,5,0,0,0,0,1,126.8497,35.5787,0,0,1,0,12,0,0
1,4,0,0,0,1,1,126.9207,35.7077,0,0,0,0,12,0,0
0,5,8,1,1,7,2,126.8818,35.805,0,0,1,0,34,0,0
1,6,0,0,0,0,1,127.5143,35.4464,0,0,1,0,193,0,0
1,0,0,0,0,1,1,127.2398,35.3284,0,0,0,0,193,0,0
0,6,0,0,0,0,11,127.372,35.4043,0,0,1,0,193,0,0
1,2,0,1,3,0,5,126.6082,35.4782,0,0,0,0,219,0,0
1,6,0,0,0,1,1,126.7073,35.5177,0,0,1,0,219,0,0
1,4,0,0,0,0,2,127.347,35.7933,0,0,0,0,192,0,0
0,0,0,0,0,7,1,127.1486,35.9402,0,0,1,0,28,0,0
1,5,5,0,0,1,4,127.1197,35.7096,0,0,1,0,28,0,0
1,1,0,0,0,1,3,127.6464,35.8456,0,0,0,0,182,0,0
0,2,0,0,0,0,1,126.6739,36.101,1,0,0,0,10,0,0
0,3,2,0,0,0,3,126.7758,36.932,0,0,0,0,46,0,0
0,2,7,1,1,0,2,125.9362,34.7128,0,0,0,0,132,0,0
1,0,0,0,0,2,8,127.4304,35.1789,0,0,0,0,27,0,0
1,2,2,0,0,0,3,127.5367,34.9692,0,0,0,0,27,0,0
0,4,5,0,0,0,3,126.8272,34.7521,1,0,0,0,56,0,0
1,2,0,0,0,8,2,127.1808,34.6024,0,0,0,0,191,0,0
0,6,0,0,0,0,1,127.3306,34.7782,0,0,1,0,191,0,0
1,5,0,1,1,4,3,127.1645,34.765,0,0,1,0,122,0,0
0,3,0,0,0,0,3,126.5214,35.2453,0,0,0,0,127,0,0
1,4,0,0,0,0,2,126.531,35.2397,0,0,0,0,127,0,0
1,6,0,0,0,0,1,126.5358,35.2777,0,0,1,0,127,0,0
1,6,0,0,0,9,1,126.587,35.2983,0,0,1,0,127,0,0
1,3,0,0,0,4,1,126.915,34.9946,0,0,0,0,88,0,0
0,5,0,1,1,9,1,126.7754,34.8475,0,0,1,0,16,0,0
1,2,0,0,0,0,1,126.3903,34.7562,0,0,0,0,16,0,0
0,0,0,1,1,0,1,126.9124,35.393,0,0,0,0,146,0,0
1,0,0,0,0,1,5,126.7644,35.3183,0,0,0,0,146,0,0
0,4,0,0,0,0,1,127.0476,35.3508,0,0,0,0,181,0,0
1,3,0,1,2,0,4,126.8875,35.2601,0,0,0,0,181,0,0
1,6,0,2,4,1,4,126.3771,35.008,0,0,1,0,101,0,0
1,4,0,1,2,1,12,126.43,34.9095,0,0,0,0,101,0,0
0,1,0,0,0,1,1,126.4913,35.0019,0,0,0,0,101,0,0
1,0,0,0,0,1,2,127.1031,36.0261,0,0,0,0,125,0,0
0,1,0,0,0,1,1,129.3155,35.7236,0,0,0,0,100,0,0
0,4,5,0,0,8,2,129.2469,35.9647,0,0,0,0,100,0,0
0,3,0,0,0,4,1,129.3597,36.0381,0,0,0,0,160,0,0
0,0,0,1,1,1,4,128.7027,36.5459,0,0,0,0,66,0,0
1,5,0,0,0,4,1,128.5853,36.5719,0,0,1,0,66,0,0
1,3,4,0,0,0,1,128.8028,36.7066,0,0,0,0,66,0,0
0,1,0,0,0,0,1,128.9967,36.5967,0,0,0,0,66,0,0
1,4,0,1,2,8,1,128.6923,36.3592,0,0,0,0,105,0,0
1,5,0,0,0,1,5,128.8338,36.387,0,0,1,0,105,0,0
1,5,5,0,0,1,2,128.5233,36.8946,1,0,1,0,113,0,0
1,0,0,0,0,0,1,128.5589,36.108,0,0,0,0,21,0,0
1,4,0,1,2,0,1,128.3956,35.9675,0,0,0,0,21,0,0
1,4,0,0,0,5,1,128.9126,35.9745,0,0,0,0,5,0,0
0,2,5,0,0,0,1,128.871,35.8762,0,0,0,0,5,0,0
1,5,0,0,0,4,1,128.745,36.0904,0,0,1,0,5,0,0
0,1,0,0,0,0,5,128.7214,35.7865,0,0,0,0,52,0,0
1,0,0,0,0,0,3,128.7338,35.7603,0,0,0,0,52,0,0
0,3,0,0,0,4,1,128.743,35.8074,0,0,0,0,52,0,0
0,6,0,1,1,0,1,128.8045,35.7993,0,0,1,0,52,0,0
0,3,0,1,1,1,4,128.4525,36.6515,0,0,0,0,55,0,0
1,1,0,2,4,8,1,128.9113,35.7136,0,0,0,0,3,0,0
0,4,0,0,0,0,1,128.3084,35.9364,0,0,0,0,168,0,0
1,5,0,0,0,1,1,128.3149,35.8699,0,0,1,0,168,0,0
1,3,0,0,0,4,1,129.3728,37.0151,0,0,1,0,208,0,0
1,4,0,0,0,4,1,128.749,36.1617,0,0,0,0,170,0,0
0,5,6,1,1,4,2,128.4257,36.0996,0,0,1,0,144,0,0
1,4,0,0,0,0,5,128.3115,36.1374,0,0,0,0,144,0,0
1,1,0,0,0,1,9,128.4283,36.1649,1,0,0,0,144,0,0
1,1,0,1,1,1,5,129.3658,35.9992,0,0,0,0,160,0,0
0,5,0,0,0,4,2,129.305,36.0077,0,0,1,0,160,0,0
1,4,6,1,1,4,2,129.3448,36.0041,0,0,0,0,160,0,0
1,1,3,0,0,1,11,128.1281,36.669,0,0,0,0,74,0,0
0,2,0,0,0,1,3,128.2611,36.186,1,0,0,0,76,0,0
1,0,0,0,0,5,2,128.4305,36.0169,0,0,0,0,21,0,0
1,0,0,0,0,1,1,128.2533,35.9167,0,0,0,0,168,0,0
0,0,0,0,0,2,1,128.6863,35.8647,1,0,0,0,26,0,0
0,2,0,0,0,1,3,128.3686,35.7701,0,0,0,0,220,0,0
1,0,0,0,0,1,1,128.415,35.7056,0,0,0,0,220,0,0
1,3,0,0,0,0,1,128.5377,35.1467,0,0,0,0,86,0,0
1,1,0,0,0,1,1,128.0106,35.2314,0,0,0,0,42,0,0
0,6,0,0,0,0,1,128.1586,35.1637,0,0,1,0,42,0,0
0,0,0,0,0,0,1,128.0616,34.9697,0,0,0,0,57,0,0
0,3,0,1,1,2,1,128.0848,35.0723,0,0,0,0,57,0,0
0,1,0,0,0,0,2,128.7598,35.4387,1,0,0,0,177,0,0
1,0,5,0,0,4,9,128.6715,35.4035,0,0,0,0,177,0,0
1,4,0,1,1,1,2,128.8371,35.3963,0,0,0,0,177,0,0
1,1,0,0,0,0,1,128.6934,35.3972,0,0,0,0,177,0,0
1,4,0,0,0,0,1,128.8941,35.302,0,0,1,0,13,0,0
1,5,0,0,0,1,3,127.9061,35.7703,0,0,1,0,154,0,0
0,0,0,0,0,1,1,127.7694,35.5558,0,0,0,0,108,0,0
0,6,0,0,0,1,2,127.7811,35.5442,2,0,1,0,108,0,0
1,0,0,1,1,0,5,129.1874,35.428,0,0,0,0,49,0,0
1,6,3,0,0,7,3,128.3354,34.9737,0,0,1,0,87,0,0
0,2,0,1,1,1,1,127.792,34.9418,0,0,1,0,172,0,0
0,0,0,0,0,0,1,128.5301,34.9166,0,0,0,0,15,0,0
0,0,0,0,0,0,8,128.3356,35.27,0,0,0,0,117,0,0
0,2,0,0,0,0,1,128.4514,35.2017,0,0,0,0,117,0,0
1,4,0,0,0,4,1,128.4458,35.2057,0,0,1,0,117,0,0
0,1,0,2,4,8,1,128.6744,35.3313,0,0,1,0,86,0,0
0,5,0,0,0,0,3,127.7851,35.5434,0,0,1,0,108,0,0
0,6,0,0,0,0,1,126.8341,33.5336,0,0,1,0,90,0,0
1,6,5,0,0,0,2,126.6104,33.3362,0,0,1,0,62,0,0
1,4,0,0,0,1,2,126.3501,33.3195,1,0,0,0,62,0,0
1,2,0,1,1,0,3,126.2261,33.3785,0,0,0,0,90,0,0
1,1,0,0,0,0,1,126.2842,33.3569,0,0,0,0,90,0,0
0,2,0,0,0,0,4,128.6479,35.8778,0,0,0,0,26,0,0
0,6,0,0,0,4,1,128.6789,35.8569,0,0,1,0,37,0,0
1,6,0,0,0,0,4,128.5126,35.8072,0,0,1,0,20,0,0
1,2,0,0,0,1,1,128.5256,35.8959,0,0,0,0,112,0,0
1,5,0,0,0,4,2,126.6508,37.4789,0,0,1,0,207,0,0
1,4,0,0,0,7,1,126.4866,37.4846,0,0,0,0,72,0,0
0,0,2,1,2,2,2,126.6866,37.4582,1,0,0,0,29,0,0
1,3,0,1,1,2,3,126.6543,37.603,0,0,0,0,97,0,0
1,0,5,0,0,0,3,126.7531,37.5712,0,0,0,0,7,0,0
0,6,0,0,0,1,1,126.4537,37.7654,0,0,1,0,92,0,0
0,4,0,0,0,0,1,126.6664,37.3693,0,0,1,0,35,0,0
0,2,0,0,0,0,2,126.7038,37.5236,2,0,1,0,44,0,0
0,5,0,0,0,1,3,126.7708,37.1835,0,0,1,0,50,0,0
0,4,3,0,0,4,6,126.9146,35.1543,0,0,0,0,162,0,0
1,5,0,1,1,4,3,126.8154,35.2023,0,0,1,0,135,0,0
1,5,0,1,1,0,1,126.8119,35.1441,0,0,1,0,135,0,0
1,3,0,0,0,4,1,127.409,36.3478,0,0,0,0,39,0,0