주야,요일,법규위반,도로형태_대분류,도로형태,당사자종별_1당_대분류,당사자종별_2당_대분류,경도,위도,사고피해정도,도시여부,주말/공휴일,인구수,발생지번호,보행자의위치,무단횡단여부
1,0,6,0,0,4,2,128.7091,35.3324,0,0,0,0,86,0,0
1,4,0,0,0,6,1,128.759,35.3335,0,0,0,0,13,0,0
1,3,2,1,1,0,8,126.7578,33.5513,0,0,0,0,90,0,0
0,4,0,1,2,0,1,126.6657,33.2778,1,0,0,0,62,0,0
1,5,0,1,1,0,4,126.252,33.2215,0,0,1,0,62,0,0
1,2,0,1,1,4,2,126.5827,33.2628,0,0,0,0,62,0,0
1,2,8,1,1,1,4,126.2572,33.4115,0,0,0,0,90,0,0
0,0,0,1,1,6,1,126.4928,33.4909,0,0,0,0,90,0,0
1,4,0,0,0,1,3,128.6076,35.8272,0,0,0,0,145,0,0
0,1,0,0,0,0,1,128.7392,35.8579,0,0,0,0,26,0,0
0,3,0,1,1,7,2,128.6064,35.8839,0,0,0,0,112,0,0
1,4,0,0,0,0,2,128.5869,35.8694,0,0,0,0,178,0,0
0,5,10,1,2,0,4,128.5005,35.8519,0,0,1,0,20,0,0
0,5,0,0,0,0,1,128.5993,35.9096,0,0,1,0,112,0,0
1,0,0,0,0,8,1,126.244,37.8075,0,0,0,0,92,0,0
0,4,0,1,1,4,3,126.639,37.3857,0,0,0,0,35,0,0
1,3,0,0,0,0,3,126.869,37.3738,0,0,0,0,73,0,0
0,1,3,0,0,0,2,126.939,35.1344,0,0,0,0,162,0,0
1,1,3,0,0,1,3,126.8742,35.1154,0,0,0,0,190,0,0
1,2,7,1,1,0,5,126.9106,35.1329,0,0,0,0,190,0,0
0,5,5,0,0,0,4,126.8194,35.1834,0,0,1,0,135,0,0
1,1,6,1,1,0,4,126.8046,35.1771,0,0,0,0,135,0,0
1,4,9,0,0,7,3,127.4226,36.3369,0,0,0,0,80,0,0
1,0,6,1,1,1,4,127.3746,36.3281,0,0,0,0,4,0,0
1,2,0,0,0,4,1,127.3484,36.3053,0,0,1,0,4,0,0
1,3,0,0,0,1,9,127.4122,36.3816,1,0,0,0,77,0,0
0,3,0,0,0,0,1,127.3966,36.4376,0,0,0,0,77,0,0
0,5,0,1,2,0,4,129.3277,35.5586,0,0,1,0,205,0,0
1,1,0,0,0,5,1,129.3573,35.4903,0,0,0,0,213,0,0
1,4,0,0,0,7,5,129.1897,35.5541,0,0,0,0,17,0,0
1,4,6,1,1,7,2,127.0437,37.7292,0,0,0,0,64,0,0
0,5,5,0,0,0,2,127.0097,37.7367,1,0,1,0,64,0,0
1,0,0,0,0,6,1,126.7824,37.6571,0,0,0,0,40,0,0
1,5,5,1,2,0,6,127.1896,37.7471,0,0,1,0,70,0,0
1,5,0,0,0,0,3,127.1555,37.6422,0,0,1,0,70,0,0
0,6,5,0,0,0,2,127.0512,37.8247,1,0,1,0,59,0,0
0,5,5,0,0,0,2,126.9491,37.7276,1,0,1,0,59,0,0
1,0,0,0,0,8,1,127.0323,37.9052,0,0,0,0,94,0,0
0,4,5,0,0,0,2,127.1371,37.5974,1,0,0,0,165,0,0
0,5,5,0,0,8,2,127.4793,37.6391,0,0,1,0,176,0,0
1,0,7,1,1,1,5,127.0688,37.5894,0,0,0,0,201,0,0
1,0,0,1,1,1,5,127.0603,37.5963,0,0,0,0,201,0,0
1,1,3,1,3,7,3,127.031,37.574,0,0,1,0,201,0,0
1,5,0,0,0,0,1,127.1089,37.5461,0,0,1,0,183,0,0
0,4,0,0,0,0,1,126.8959,37.5598,0,0,0,0,159,0,0
0,0,0,0,0,0,1,126.8964,37.5601,0,0,0,0,159,0,0
0,5,5,0,0,0,7,126.882,37.5236,0,0,1,0,150,0,0
0,0,0,0,0,7,1,126.9097,37.4838,0,0,0,0,188,0,0
1,4,6,1,1,4,2,127.0971,37.5998,0,0,0,0,196,0,0
1,6,0,0,0,2,5,127.0339,37.5308,0,0,1,0,89,0,0
1,5,6,1,2,0,6,127.1031,37.5097,0,0,1,0,156,0,0
0,3,0,1,2,0,1,126.8418,37.4997,1,0,0,0,79,0,0
0,3,0,0,0,0,3,126.8351,37.5294,0,0,0,0,140,0,0
0,5,0,0,0,1,1,127.0601,37.6338,0,0,1,0,18,0,0
1,1,3,0,0,7,9,127.0679,37.6578,0,0,0,0,18,0,0
1,1,0,0,0,2,1,129.0153,35.0816,0,0,0,0,226,0,0
1,6,0,0,0,0,1,129.0103,35.1096,0,0,1,0,226,0,0
0,5,5,0,0,4,2,129.0769,35.1341,0,0,1,0,180,0,0
0,6,6,1,1,4,2,129.0839,35.2016,0,0,1,0,216,0,0
1,3,0,0,0,4,1,129.1225,35.1746,0,0,0,0,1,0,0
0,2,6,1,1,4,2,129.0655,35.1495,1,0,1,0,163,0,0
0,5,5,0,0,0,2,129.1079,35.2459,1,0,1,0,96,0,0
1,0,0,1,2,4,1,129.2423,35.3171,0,0,0,0,85,0,0
1,4,0,0,0,1,3,129.2526,35.5095,0,0,0,0,17,0,0
0,0,0,0,0,0,2,127.0065,37.2818,0,0,0,0,99,0,0
0,5,4,2,4,0,2,127.0089,37.2843,0,0,1,0,99,0,0
0,5,0,0,0,0,11,126.9893,37.2858,0,0,1,0,99,0,0
1,4,3,0,0,0,2,127.1267,37.4475,0,0,0,0,95,0,0
1,0,0,0,0,4,1,126.9561,36.9541,0,0,1,0,14,0,0
1,2,0,0,0,4,2,126.9136,36.9246,0,0,0,0,14,0,0
1,5,0,0,0,0,1,126.9079,36.9914,0,0,1,0,14,0,0
1,6,0,1,1,4,1,126.8566,36.9841,0,0,1,0,14,0,0
1,6,0,1,1,9,4,127.2809,36.9859,0,0,1,0,23,0,0
1,2,0,0,0,1,9,127.2471,37.0501,0,0,0,0,23,0,0
0,4,6,1,2,4,6,127.2563,37.4192,0,0,0,0,9,0,0
1,5,0,1,1,1,1,127.205,37.3777,0,0,1,0,9,0,0
1,2,0,0,0,0,1,127.3032,37.4283,0,0,0,0,9,0,0
0,6,0,2,4,0,1,127.3391,37.3268,0,0,1,0,9,0,0
0,2,0,0,0,1,3,127.2779,37.4694,0,0,0,0,9,0,0
1,6,7,1,1,4,2,127.3111,37.4704,0,0,1,0,9,0,0
1,6,5,0,0,7,2,127.5807,37.2993,0,0,1,0,22,0,0
1,3,0,0,0,1,1,127.7439,37.2424,0,0,1,0,22,0,0
1,3,0,2,4,0,1,127.138,37.2609,0,0,0,0,51,0,0
0,3,0,0,0,2,1,127.1533,37.2318,0,0,0,0,51,0,0
1,3,6,1,1,4,4,126.5479,37.6375,0,0,0,0,47,0,0
0,3,0,0,0,2,3,126.7809,37.5943,2,0,0,0,47,0,0
1,5,0,0,0,0,1,127.3805,37.6462,0,0,1,0,48,0,0
1,0,5,0,0,0,2,127.3284,37.5623,1,0,0,0,48,0,0
1,4,0,0,0,0,1,127.4572,37.5052,0,0,0,0,48,0,0
0,3,0,0,0,4,1,126.7647,37.5127,0,0,0,0,65,0,0
0,4,0,0,0,4,1,126.895,37.4398,0,0,0,0,81,0,0
1,4,6,1,1,0,4,126.8599,37.4156,0,0,0,0,81,0,0
0,1,0,0,0,1,1,126.806,37.3011,0,0,0,0,2,0,0
1,2,0,1,1,3,5,126.7783,37.2947,0,0,0,0,2,0,0
0,0,0,0,0,0,1,127.1291,37.4215,0,0,0,0,95,0,0
0,5,6,1,1,4,2,126.7318,37.3549,0,0,1,0,73,0,0
1,3,0,0,0,0,3,126.7103,37.3362,0,0,0,0,73,0,0
1,5,0,0,0,4,1,126.719,37.3589,0,0,1,0,73,0,0
1,6,2,0,0,0,1,126.8554,37.3026,0,0,1,0,2,0,0
1,2,3,0,0,1,3,126.8925,37.2678,0,0,1,0,50,0,0
0,4,0,0,0,0,2,127.0989,37.4017,0,0,0,0,95,0,0
1,6,0,0,0,0,1,127.1274,37.5788,0,0,1,0,165,0,0
1,0,0,0,0,1,1,126.8998,37.1201,0,0,0,0,50,0,0
0,5,0,0,0,1,1,126.8897,37.2425,0,0,1,0,50,0,0
0,1,0,0,0,0,1,126.8744,37.1564,0,0,0,0,50,0,0
1,6,0,0,0,1,1,126.8991,37.2305,0,0,1,0,50,0,0
1,3,3,0,0,1,5,127.2013,37.5586,0,0,0,0,67,0,0
1,0,0,1,1,3,5,126.9133,37.4085,0,0,0,0,151,0,0
1,5,7,1,1,0,4,126.9095,37.4125,0,0,1,0,151,0,0
0,2,0,0,0,4,1,127.6459,37.8218,0,0,0,0,111,0,0
1,2,0,1,1,8,1,128.9995,37.6167,0,0,0,0,194,0,0
1,6,5,0,0,1,6,128.9341,37.7793,0,0,1,0,194,0,0
1,3,5,0,0,0,2,127.9505,37.394,0,0,0,0,36,0,0
1,4,0,1,1,1,12,128.366,37.175,0,0,0,0,114,0,0
1,0,0,0,0,8,1,128.4286,37.2429,0,0,0,0,114,0,0
1,2,0,0,0,8,1,128.1677,37.5724,0,0,0,0,31,0,0
0,3,0,0,0,4,3,128.0503,38.1291,0,0,0,0,115,0,0
1,5,0,0,0,4,2,129.1036,37.5106,0,0,1,0,210,0,0
0,6,0,0,0,0,2,127.8407,37.7058,2,0,1,0,82,0,0
0,6,0,0,0,1,3,127.9389,37.4599,0,0,1,0,36,0,0
1,2,6,1,1,1,2,127.4151,36.7166,0,0,1,0,83,0,0
0,2,0,1,1,0,1,127.4732,36.7068,0,0,0,0,83,0,0
0,4,6,1,1,0,3,127.4151,36.7167,0,0,0,0,83,0,0
1,2,5,1,1,0,2,127.4833,36.6741,0,0,0,0,83,0,0
0,1,0,1,2,4,1,127.7321,36.9975,0,0,0,0,6,0,0
1,1,0,0,0,1,1,128.0255,37.1202,0,0,0,0,103,0,0
1,2,5,0,0,0,2,128.0861,36.9165,1,0,0,0,103,0,0
1,0,0,1,1,4,2,128.2167,37.1265,0,0,0,0,103,0,0
1,1,7,1,1,4,1,127.728,36.4096,0,0,0,0,32,0,0
1,2,3,0,0,1,3,127.6278,36.2529,0,0,0,0,142,0,0
1,3,6,1,1,5,4,127.4512,36.8625,0,0,0,0,60,0,0
1,3,3,1,2,0,2,127.5109,36.7693,1,0,0,0,60,0,0
1,5,0,0,0,1,1,127.4114,36.604,0,0,1,0,83,0,0
0,6,6,1,1,0,2,127.4232,36.6891,1,0,1,0,83,0,0
1,1,0,0,0,4,1,127.3101,36.6049,0,0,0,0,83,0,0
1,6,0,0,0,0,1,127.5679,36.5756,0,0,1,0,83,0,0
1,0,0,0,0,1,1,127.5026,36.5206,0,0,0,0,83,0,0
1,2,0,0,0,1,11,127.2665,37.4515,0,0,0,0,9,0,0
1,2,7,1,1,2,3,126.5342,36.6597,1,0,0,0,69,0,0
0,4,0,0,0,1,4,126.3981,36.7764,0,0,0,0,69,0,0
1,1,6,1,1,5,3,126.4999,36.8314,0,0,1,0,69,0,0
0,5,5,0,0,0,2,127.1064,36.9263,1,0,1,0,63,0,0
1,0,0,0,0,1,3,127.1464,36.8902,0,0,0,0,63,0,0
0,3,0,1,2,4,2,127.1088,36.8127,0,0,1,0,63,0,0
1,4,0,0,0,1,1,127.1317,36.0974,0,0,0,0,61,0,0
1,2,5,0,0,4,3,126.6663,36.6006,0,0,0,0,38,0,0
1,1,6,1,2,1,5,126.6741,36.0936,0,0,0,0,10,0,0
0,4,0,0,0,1,3,126.9526,36.556,0,0,0,0,19,0,0
1,2,2,1,1,1,8,126.9716,36.5807,0,0,0,0,19,0,0
1,4,0,0,0,1,1,127.2164,36.4377,0,1,0,0,229,0,0
0,6,8,1,1,1,4,126.6612,36.694,0,0,1,0,187,0,0
1,3,3,1,1,1,2,126.8388,36.7189,0,0,0,0,187,0,0
1,0,0,0,0,2,5,126.831,36.7327,0,0,0,0,187,0,0
0,5,2,0,0,0,1,126.865,36.1075,1,0,1,0,129,0,0
0,5,2,0,0,0,2,126.9778,36.2544,0,0,1,0,129,0,0
1,5,0,0,0,0,3,126.5884,36.9917,0,0,1,0,46,0,0
0,2,0,1,2,0,2,126.5789,36.9893,0,0,1,0,46,0,0
1,5,7,1,1,1,4,127.5115,36.1116,0,0,1,0,68,0,0
0,5,5,0,0,0,3,127.5468,36.1113,0,0,1,0,68,0,0
1,0,6,1,1,0,2,127.1583,36.8124,0,0,0,0,63,0,0
1,1,0,0,0,0,1,126.2254,36.7656,0,0,0,0,169,0,0
1,2,0,0,0,1,3,127.0635,36.2871,0,0,0,0,19,0,0
1,0,0,0,0,0,3,127.4185,36.4217,0,0,0,0,77,0,0
0,6,0,0,0,0,2,127.4313,36.5415,0,0,1,0,83,0,0
1,2,0,0,0,0,1,127.4605,36.2911,1,0,0,0,80,0,0
0,5,0,0,0,4,1,127.1093,35.8422,0,0,1,0,11,0,0
1,2,6,1,1,4,2,127.1294,35.8395,0,0,0,0,11,0,0
0,4,0,0,0,4,1,126.686,35.9427,0,0,0,0,166,0,0
1,0,8,1,1,7,2,126.9586,35.9521,0,0,0,0,125,0,0
0,3,0,1,1,1,1,126.9737,36.0645,0,0,0,0,125,0,0
0,4,5,0,0,0,2,126.8754,35.5407,1,0,0,0,12,0,0
1,0,0,0,0,7,1,126.8559,35.7071,0,0,0,0,12,0,0
0,4,0,0,0,0,8,127.05,35.7934,0,0,0,0,34,0,0
1,3,8,1,1,4,3,126.951,35.7253,0,0,0,0,34,0,0
1,4,5,0,0,3,5,127.2981,35.318,0,0,0,0,193,0,0
1,0,0,0,0,4,3,127.3241,35.3412,0,0,0,0,193,0,0
0,5,0,0,0,1,8,126.5126,35.4635,0,0,1,0,219,0,0
1,4,0,0,0,0,2,127.4054,35.843,1,0,0,0,192,0,0
1,6,0,0,0,1,5,127.2315,35.4261,0,0,1,0,131,0,0
0,2,0,1,2,0,7,127.1525,35.9513,0,0,0,0,28,0,0
1,4,0,0,0,5,1,127.1743,35.8816,0,0,0,0,28,0,0
0,0,0,0,0,2,2,126.6094,36.8452,0,0,1,0,46,0,0
0,2,0,0,0,1,3,126.6955,35.6064,0,0,0,0,185,0,0
0,4,0,0,0,0,9,126.6433,36.8608,1,0,0,0,46,0,0
1,4,4,0,0,0,1,126.4276,34.798,0,0,0,0,153,0,0
0,4,0,0,0,2,1,127.709,34.7836,0,0,0,0,102,0,0
1,1,0,1,2,8,1,126.6015,35.0198,0,0,1,0,33,0,0
1,5,0,1,2,9,1,126.6831,35.0885,0,0,1,0,33,0,0
0,6,2,0,0,0,8,126.6138,34.9398,0,0,1,0,33,0,0
0,2,0,0,0,0,1,126.7104,35.0654,0,0,0,0,33,0,0
1,3,5,0,0,0,3,127.4257,34.5204,0,0,0,0,191,0,0
1,0,5,0,0,0,3,127.2236,34.5301,1,0,0,0,191,0,0
1,4,0,0,0,1,1,126.4462,34.6457,0,0,0,0,119,0,0
0,5,0,0,0,4,1,126.6722,34.5671,0,0,1,0,119,0,0
1,2,0,0,0,8,1,127.1188,34.9327,0,0,0,0,122,0,0
1,2,0,0,0,1,12,126.4401,35.3913,0,0,1,0,127,0,0
1,3,0,0,0,0,1,127.1135,35.0628,0,0,0,0,88,0,0
0,3,0,0,0,6,1,127.0046,35.0741,0,0,0,0,88,0,0
1,3,0,0,0,0,1,126.5822,35.0598,0,0,0,0,157,0,0
1,1,0,1,1,1,7,126.6996,34.8031,0,0,0,0,16,0,0
1,5,5,0,0,4,9,126.6306,35.2974,0,0,1,0,146,0,0
1,1,0,0,0,8,1,126.7157,34.7037,0,0,0,0,121,0,0
1,1,0,1,1,1,4,126.9732,35.2262,0,0,0,0,181,0,0
1,6,0,0,0,7,1,126.9802,35.325,0,0,1,0,181,0,0
1,2,6,0,0,0,3,126.7768,34.3546,0,0,0,0,141,0,0
1,3,7,1,1,8,3,126.2767,34.3972,0,0,0,0,71,0,0
0,2,5,0,0,0,11,127.7146,34.9318,0,0,0,0,130,0,0
0,3,0,1,1,0,1,127.4647,35.216,0,0,0,0,161,0,0
1,3,0,0,0,1,1,127.0801,35.9279,0,0,0,0,125,0,0
0,0,0,0,0,6,6,129.2266,36.015,0,0,1,0,100,0,0
0,0,5,0,0,0,3,129.3246,36.0446,0,0,0,0,160,0,0
0,3,0,0,0,0,4,128.0289,36.1383,0,0,0,0,76,0,0
1,1,0,1,2,9,1,128.0281,36.1184,0,0,0,0,76,0,0
1,4,0,0,0,0,1,128.1787,36.3813,0,0,0,0,58,0,0
0,5,0,0,0,0,8,128.6662,36.4295,0,0,1,0,105,0,0
1,2,0,0,0,4,3,128.7384,36.2304,0,0,0,0,105,0,0
1,3,5,2,4,4,2,128.6758,36.2205,1,0,0,0,105,0,0
1,4,0,0,0,3,1,128.9386,36.1596,0,0,0,0,5,0,0
0,1,0,0,0,0,3,128.1885,36.5962,0,0,1,0,74,0,0
1,2,0,0,0,1,1,128.8795,35.7579,0,0,0,0,52,0,0
1,6,5,0,0,1,4,128.793,35.8739,0,0,1,0,52,0,0
0,3,0,0,0,0,2,128.8313,35.8748,1,0,0,0,52,0,0
1,5,0,0,0,1,1,128.7785,35.7758,0,0,1,0,52,0,0
0,5,0,1,1,4,2,129.3803,36.3575,0,0,1,0,54,0,0
1,4,5,0,0,7,2,129.3524,36.542,0,0,0,0,54,0,0
1,0,0,1,1,0,9,129.3785,36.4146,0,0,0,0,54,0,0
1,6,0,1,1,1,3,128.4226,36.6825,1,0,1,0,55,0,0
0,0,0,0,0,4,1,128.9639,35.8144,0,0,0,0,3,0,0
0,4,0,0,0,4,1,128.2577,36.0044,0,0,0,0,168,0,0
0,3,5,0,0,6,3,128.3925,35.9242,0,0,0,0,168,0,0
1,5,0,1,2,1,1,128.199,35.9682,0,0,1,0,168,0,0
0,6,5,0,0,0,2,128.2155,35.6525,2,0,1,0,220,0,0
0,1,0,1,2,1,5,128.3595,36.0944,0,0,0,0,144,0,0
1,1,0,0,0,3,7,128.3565,36.1266,0,0,0,0,144,0,0
0,5,0,0,0,4,1,129.4223,35.9919,0,0,1,0,160,0,0
0,5,6,1,3,0,3,129.3776,36.0066,0,0,1,0,160,0,0
0,4,4,0,0,8,3,128.4639,35.9372,1,0,0,0,30,0,0
0,6,0,0,0,0,1,128.2852,35.7115,1,0,1,0,220,0,0
1,6,0,0,0,1,3,128.7704,35.5797,0,0,1,0,3,0,0
0,5,0,0,0,5,1,128.2669,36.1556,0,0,1,0,76,0,0
1,4,0,0,0,1,2,128.2576,36.2674,1,0,0,0,144,0,0
1,0,5,0,0,4,2,129.1943,36.0835,0,0,0,0,160,0,0
0,0,0,0,0,1,6,128.149,36.578,2,0,0,0,58,0,0
0,5,6,1,1,0,2,128.0851,35.1913,0,0,1,0,42,0,0
0,0,0,0,0,1,2,128.7542,35.1094,0,0,0,0,86,0,0
1,1,6,1,1,6,3,128.4315,34.85,0,0,0,0,212,0,0
1,1,8,1,1,4,2,127.9151,35.7162,0,0,0,0,154,0,0
1,5,0,0,0,0,1,128.5377,35.4953,1,0,1,0,211,0,0
0,1,0,1,1,1,1,129.0796,35.4603,0,0,0,0,49,0,0
1,2,0,0,0,0,1,128.3618,35.003,0,0,0,0,87,0,0
1,0,0,1,2,1,5,127.8838,35.1788,0,0,0,0,172,0,0
0,4,0,0,0,4,1,127.7763,35.0878,0,0,0,0,172,0,0
1,5,0,0,0,0,4,128.7057,34.8622,0,0,1,0,15,0,0
1,4,0,0,0,1,1,127.9203,35.4015,0,0,0,0,224,0,0
0,4,0,0,0,1,1,127.9212,35.4015,0,0,0,0,224,0,0
1,0,0,0,0,0,8,127.941,35.338,0,0,0,0,224,0,0
0,5,0,0,0,0,1,128.3647,35.2762,0,0,1,0,117,0,0
0,3,0,0,0,0,5,128.4914,35.3855,0,0,0,0,117,0,0
1,2,7,1,1,4,3,128.4268,35.4009,0,0,0,0,189,0,0
1,2,0,1,2,6,2,128.5785,35.2465,0,0,0,0,86,0,0
1,6,10,0,0,6,2,128.5742,35.2204,0,0,1,0,86,0,0
1,5,0,0,0,4,1,128.6295,35.3537,0,0,1,0,86,0,0
1,6,0,0,0,5,2,128.503,35.2904,1,0,1,0,117,0,0
1,2,0,0,0,0,4,126.3051,33.2739,0,0,0,0,62,0,0
0,6,2,1,1,4,2,126.7107,33.2821,0,0,1,0,62,0,0
0,2,0,2,4,8,1,126.8795,33.3849,0,0,0,0,62,0,0
1,0,0,0,0,1,1,126.297,33.4202,0,0,0,0,90,0,0
0,4,5,0,0,4,2,126.4541,33.4664,0,0,0,0,90,0,0
1,3,8,1,1,0,4,126.247,33.3178,0,0,0,0,90,0,0
1,3,0,1,1,1,7,128.5965,35.8478,0,0,0,0,145,0,0
1,3,0,1,3,0,5,128.5802,35.8406,0,0,0,0,145,0,0
1,1,0,0,0,0,1,128.6299,35.9681,0,0,0,0,26,0,0
1,0,0,1,1,2,5,128.718,35.8653,0,0,0,0,26,0,0
1,1,0,0,0,4,1,128.6726,35.8339,0,0,0,0,37,0,0
1,5,0,0,0,3,5,128.5894,35.8818,0,0,1,0,112,0,0
0,5,0,0,0,0,9,128.5547,35.9437,0,0,1,0,112,0,0
0,5,0,1,2,2,3,128.5987,35.9278,0,0,1,0,112,0,0
1,1,0,0,0,1,9,126.5171,37.4735,0,0,0,0,72,0,0
1,2,0,0,0,1,4,126.5436,37.4936,0,0,0,0,72,0,0
1,1,0,0,0,1,3,126.4803,37.4929,0,0,0,0,72,0,0
1,3,6,1,3,5,5,126.6099,37.4548,0,0,0,0,72,0,0
0,0,0,0,0,0,9,126.6839,37.5519,0,0,0,0,97,0,0
1,6,0,1,1,0,4,126.7435,37.5256,1,0,1,0,7,0,0
1,0,6,1,3,2,5,126.6345,37.3938,0,0,0,0,35,0,0
0,2,0,0,0,1,11,126.6385,37.4429,0,0,0,0,29,0,0
1,5,0,0,0,0,1,126.8957,37.4278,0,0,1,0,81,0,0
0,2,0,0,0,0,3,126.7704,37.3614,0,0,0,0,73,0,0
0,3,0,0,0,0,5,126.8978,35.1673,0,0,0,0,137,0,0
1,2,5,0,0,7,3,126.8449,35.1971,0,0,0,0,135,0,0
0,1,0,0,0,4,1,126.7407,35.1309,0,0,1,0,135,0,0
0,6,6,1,1,0,2,127.3868,36.3099,0,0,1,0,39,0,0
1,4,3,1,2,4,2,127.449,36.3099,0,0,0,0,80,0,0
0,4,6,1,1,0,4,127.3684,36.3578,0,0,0,0,4,0,0
0,4,2,1,1,0,2,127.3127,36.329,0,0,0,0,148,0,0
0,6,6,1,1,4,2,127.3501,36.3938,0,0,1,0,148,0,0
0,0,0,0,0,0,1,127.3426,36.3784,0,0,0,0,148,0,0
0,5,0,0,0,4,1,129.3518,35.6121,0,0,1,0,158,0,0
0,2,0,0,0,4,1,129.2644,35.5455,0,0,0,0,213,0,0
1,6,0,0,0,6,1,129.2601,35.542,0,0,1,0,213,0,0
0,6,0,1,2,4,1,129.4089,35.4942,0,0,1,0,225,0,0
1,3,0,0,0,0,6,129.3981,35.5213,2,0,0,0,158,0,0
0,6,0,0,0,0,1,129.0969,35.5941,0,0,1,0,17,0,0
1,3,0,0,0,1,5,129.2184,35.4724,0,0,0,0,17,0,0
1,6,0,0,0,9,1,126.908,37.646,0,0,1,0,40,0,0
1,1,5,0,0,0,3,126.8081,37.7071,0,0,0,0,40,0,0
0,1,0,1,2,1,2,127.1619,37.6983,1,0,0,0,70,0,0
0,2,0,2,4,1,2,127.195,37.7381,0,0,0,0,70,0,0
0,4,6,1,1,4,2,127.1592,37.6031,0,0,0,0,70,0,0
0,0,5,1,2,4,2,126.7533,37.7421,0,0,0,0,175,0,0
0,5,0,0,0,1,3,126.9246,37.9798,0,0,1,0,175,0,0
0,2,6,1,1,4,2,126.8395,37.729,0,0,0,0,175,0,0
0,4,0,1,1,0,1,127.0278,37.785,0,0,0,0,59,0,0
1,0,5,0,0,0,4,126.9957,38.0315,0,0,0,0,106,0,0
0,0,0,1,1,0,1,127.0562,38.0288,0,0,1,0,106,0,0
1,5,2,0,0,0,9,126.9983,37.547,1,0,1,0,8,0,0
0,3,0,0,0,4,1,126.9877,37.546,0,0,0,0,134,0,0
1,2,6,1,3,0,5,126.9915,37.525,0,0,0,0,134,0,0
1,1,0,1,1,0,4,127.0222,37.5803,0,0,0,0,167,0,0
1,0,6,1,2,4,9,126.9263,37.5475,0,0,0,0,159,0,0
0,0,5,1,2,0,4,126.9204,37.5478,0,0,0,0,159,0,0
1,0,6,1,1,4,6,126.9055,37.5254,0,0,0,0,150,0,0
0,3,0,0,0,4,1,127.0372,37.5686,0,0,0,0,84,0,0
1,2,3,0,0,3,4,127.1471,37.4928,0,0,0,0,156,0,0
0,0,6,1,1,0,7,127.1281,37.5119,0,0,0,0,156,0,0
0,6,5,0,0,4,6,126.9827,37.495,0,0,1,0,214,0,0
0,5,0,0,0,7,3,127.1004,37.4885,0,0,1,0,89,0,0
1,6,0,1,2,4,2,129.0195,35.0789,0,0,1,0,226,0,0
0,3,0,1,1,0,4,129.1111,35.1116,0,0,0,0,180,0,0
1,6,10,0,0,4,2,129.0758,35.1746,0,0,1,0,163,0,0
0,0,6,1,1,0,4,129.0593,35.1508,0,0,0,0,163,0,0
1,5,0,0,0,5,2,128.901,35.175,0,0,1,0,206,0,0
1,1,0,0,0,6,11,128.8876,35.1611,0,0,0,0,206,0,0
1,5,7,0,0,1,4,128.9808,35.1906,0,0,1,0,120,0,0
1,2,0,1,1,1,5,128.9816,35.1582,0,0,0,0,120,0,0
1,0,2,1,1,0,1,129.2044,35.2533,1,0,1,0,85,0,0
1,6,3,0,0,1,2,129.2371,35.5634,0,0,1,0,17,0,0
1,2,0,0,0,1,3,129.1689,35.652,0,0,0,0,17,0,0
1,1,2,0,0,3,2,127.0975,37.4246,2,0,0,0,95,0,0
1,3,5,0,0,0,6,127.1372,37.0058,0,0,0,0,14,0,0
1,5,0,0,0,0,11,126.9423,37.0279,0,0,1,0,14,0,0
1,1,0,0,0,1,1,126.9932,36.9557,0,0,0,0,14,0,0
0,0,6,1,1,1,2,127.0529,36.948,0,0,0,0,14,0,0
1,1,5,0,0,0,2,127.31,36.9607,1,0,0,0,23,0,0
0,1,6,1,2,0,5,127.471,37.2637,0,0,0,0,41,0,0
0,2,5,0,0,1,6,127.2176,37.3581,2,0,0,0,9,0,0
1,5,0,0,0,1,2,127.1151,37.2336,1,0,1,0,51,0,0
0,2,0,0,0,4,1,126.7172,37.6369,0,0,0,0,47,0,0
1,3,0,2,4,0,3,126.7393,37.6098,0,0,0,0,47,0,0
0,4,7,1,1,0,4,126.601,37.6106,0,0,0,0,47,0,0
1,6,0,0,0,7,3,127.0681,37.1312,0,0,1,0,143,0,0
0,5,0,0,0,4,2,127.1032,37.1808,0,0,1,0,50,0,0
1,1,0,1,1,7,3,127.0686,37.1536,0,0,0,0,143,0,0
1,5,0,0,0,0,6,127.0648,37.1552,1,0,1,0,143,0,0
0,2,0,0,0,0,2,126.7839,37.4892,0,0,0,0,65,0,0
0,0,0,0,0,1,1,126.6049,37.2394,0,0,0,0,2,0,0
0,3,0,0,0,0,1,127.1189,37.3796,0,0,0,0,95,0,0
1,2,3,0,0,0,2,127.1012,37.3501,0,0,0,0,95,0,0
1,6,7,1,1,0,4,127.1425,37.3746,0,0,1,0,95,0,0
1,3,0,0,0,1,3,126.7261,37.3636,0,0,0,0,73,0,0
1,0,5,1,2,0,2,126.785,37.4059,0,0,0,0,73,0,0
0,0,0,0,0,2,12,126.8614,37.2937,0,0,0,0,2,0,0
1,3,0,0,0,0,1,127.5199,37.373,0,0,0,0,22,0,0
0,5,3,0,0,0,2,127.1034,37.3575,0,0,1,0,95,0,0
0,3,0,0,0,1,11,126.895,37.2719,0,0,0,0,50,0,0
0,0,0,0,0,4,1,126.9077,37.2739,0,0,0,0,50,0,0
1,4,0,1,1,1,1,126.8159,37.2132,0,0,0,0,50,0,0
1,5,0,0,0,1,1,126.968,37.199,0,0,1,0,50,0,0