주야,요일,법규위반,도로형태_대분류,도로형태,당사자종별_1당_대분류,당사자종별_2당_대분류,경도,위도,사고피해정도,도시여부,주말/공휴일,인구수,발생지번호,보행자의위치,무단횡단여부
0,0,2,2,4,0,11,126.9003,37.1188,0,0,0,0,50,0,0
0,4,0,0,0,4,1,126.9569,37.2174,0,0,0,0,50,0,0
0,0,0,1,2,0,11,126.9258,37.0757,0,0,0,0,50,0,0
1,5,6,1,1,7,3,127.2037,37.5518,0,0,1,0,67,0,0
1,4,0,0,0,0,2,127.2103,37.5387,1,0,0,0,67,0,0
1,4,4,0,0,4,1,126.9116,37.4183,0,0,0,0,151,0,0
1,0,6,1,1,4,2,127.7221,37.8671,0,0,0,0,111,0,0
1,3,0,1,1,2,5,127.7361,37.8505,0,0,0,0,111,0,0
1,5,0,1,2,0,1,127.7672,37.7664,0,0,1,0,111,0,0
0,1,10,0,0,1,2,127.7651,37.8733,1,0,0,0,111,0,0
0,3,5,0,0,0,2,128.9266,37.7739,1,0,0,0,194,0,0
0,5,3,0,0,0,9,127.8142,37.283,0,0,1,0,36,0,0
1,5,0,0,0,0,1,128.6308,38.114,0,0,1,0,164,0,0
1,4,0,0,0,9,1,129.1488,37.4329,0,0,0,0,78,0,0
1,0,7,1,1,1,2,128.4066,37.179,0,0,0,0,114,0,0
1,4,0,0,0,0,1,127.7504,37.5998,1,0,0,0,82,0,0
1,6,0,0,0,1,1,128.3812,37.6241,0,0,1,0,24,0,0
1,6,0,0,0,4,2,128.3567,37.4324,0,0,1,0,24,0,0
0,4,5,0,0,0,1,127.6828,38.0711,0,0,0,0,218,0,0
1,6,0,0,0,4,4,127.4589,38.0424,0,0,1,0,218,0,0
1,3,0,0,0,1,1,127.5683,38.1785,0,0,0,0,218,0,0
1,6,2,1,2,0,1,128.991,37.1663,0,0,1,0,215,0,0
1,4,0,0,0,1,1,128.8613,37.5558,0,0,0,0,198,0,0
1,1,0,0,0,1,3,128.0674,37.444,0,0,0,0,31,0,0
1,2,5,2,4,4,2,128.4788,38.3777,0,0,0,0,217,0,0
1,6,0,1,2,8,1,127.4321,38.2305,0,0,1,0,184,0,0
1,2,0,0,0,1,1,127.9292,37.4256,0,0,0,0,36,0,0
1,3,6,1,1,1,3,127.5447,36.7425,0,0,0,0,83,0,0
1,4,5,0,0,4,2,127.4823,36.7234,0,0,0,0,83,0,0
1,6,5,0,0,4,1,127.5657,36.7037,0,0,1,0,83,0,0
1,5,2,0,0,1,4,127.9582,36.9706,0,0,1,0,6,0,0
0,6,0,0,0,1,1,127.9205,37.0174,0,0,1,0,6,0,0
0,3,5,2,4,1,4,128.151,36.9254,0,0,0,0,103,0,0
1,5,0,0,0,0,3,128.2116,37.1107,0,0,1,0,103,0,0
0,4,0,0,0,4,1,127.7843,36.1742,0,0,0,0,75,0,0
1,6,0,0,0,1,1,127.5234,36.2675,0,0,1,0,142,0,0
0,4,0,0,0,0,12,127.572,36.2865,0,0,0,0,142,0,0
0,5,5,0,0,0,6,127.3232,36.5879,1,0,1,0,83,0,0
1,4,0,1,1,4,11,127.312,36.6006,0,0,0,0,83,0,0
0,3,6,1,1,0,2,127.4986,36.5123,1,0,0,0,83,0,0
0,6,0,1,2,1,3,127.672,36.6157,1,0,1,0,83,0,0
0,0,3,0,0,1,3,127.2208,37.5191,0,0,0,0,67,0,0
1,6,0,0,0,0,2,126.4286,36.9696,1,0,1,0,69,0,0
1,3,5,0,0,1,2,126.4415,36.9089,1,0,0,0,69,0,0
1,5,0,0,0,7,1,126.5862,36.8197,0,0,1,0,69,0,0
1,1,0,0,0,4,1,127.2616,36.8975,0,0,0,0,63,0,0
0,0,0,0,0,0,1,127.133,36.8265,0,0,0,0,63,0,0
1,6,0,0,0,4,1,127.2789,36.8936,0,0,1,0,63,0,0
1,4,5,1,2,0,7,127.1346,36.9228,0,0,0,0,63,0,0
1,5,5,0,0,7,3,127.0791,36.1958,0,0,1,0,61,0,0
0,0,0,1,1,4,3,126.6359,36.5496,0,0,0,0,38,0,0
0,5,0,0,0,1,1,126.4684,36.564,0,0,1,0,38,0,0
1,1,3,0,0,1,3,126.987,36.6613,0,0,0,0,53,0,0
1,0,0,1,1,3,4,127.0632,36.7956,0,0,0,0,53,0,0
0,5,0,0,0,4,2,126.9058,36.8793,0,0,1,0,53,0,0
0,0,0,2,4,0,1,127.0487,36.8176,0,0,0,0,53,0,0
0,2,0,0,0,1,9,126.9372,36.876,0,0,0,0,53,0,0
1,6,0,0,0,7,1,126.9977,36.7787,0,0,1,0,53,0,0
0,2,0,0,0,6,1,126.5367,36.1643,0,0,0,0,10,0,0
0,4,0,1,1,0,1,126.6099,36.3614,0,0,0,0,136,0,0
1,0,0,0,0,1,1,126.6576,36.2964,0,0,0,0,136,0,0
0,6,0,0,0,0,1,127.0893,36.4509,0,0,1,0,19,0,0
0,4,0,2,4,1,1,127.1362,36.445,0,0,0,0,19,0,0
0,1,0,0,0,0,3,127.158,36.7252,0,1,0,0,229,0,0
1,0,0,0,0,4,3,127.2924,36.578,0,1,0,0,229,0,0
1,3,0,0,0,1,3,126.8806,36.6401,1,0,0,0,187,0,0
0,6,8,1,1,0,4,126.6937,36.6675,0,0,1,0,187,0,0
1,6,0,0,0,1,3,126.8809,36.637,0,0,1,0,187,0,0
1,4,6,1,1,0,3,126.8327,36.7247,0,0,0,0,187,0,0
1,5,0,1,2,0,2,126.6322,36.6852,1,0,1,0,187,0,0
1,6,0,0,0,4,2,126.6923,36.7288,0,0,1,0,187,0,0
0,5,0,2,4,1,1,126.7492,36.6793,0,0,1,0,187,0,0
1,1,8,1,1,4,8,126.7195,36.7269,0,0,0,0,187,0,0
0,6,0,1,1,1,1,126.8747,36.1485,0,0,1,0,129,0,0
0,1,5,0,0,4,2,126.7163,36.2882,0,0,0,0,129,0,0
1,4,6,1,1,1,3,126.7717,36.8045,0,0,0,0,46,0,0
0,4,0,0,0,0,1,126.728,36.8594,0,0,0,0,46,0,0
1,5,7,1,1,0,6,126.7954,36.8298,1,0,1,0,46,0,0
1,1,0,0,0,4,1,127.1608,36.8254,0,0,0,0,63,0,0
1,0,0,1,1,3,5,127.205,36.7704,0,0,0,0,63,0,0
1,0,0,2,4,4,8,126.3137,36.7269,0,0,0,0,169,0,0
1,4,6,1,1,1,6,126.3029,36.7484,1,0,0,0,169,0,0
1,5,3,2,4,0,2,127.0672,36.1356,2,0,1,0,61,0,0
0,3,0,0,0,1,3,127.42,36.4068,0,0,0,0,77,0,0
1,0,0,0,0,4,3,127.1114,35.8339,0,0,0,0,11,0,0
1,6,6,1,1,2,2,127.1071,35.8351,1,0,1,0,11,0,0
1,0,0,1,2,1,5,127.1293,35.8397,0,0,0,0,11,0,0
1,1,6,1,3,0,5,126.7242,35.978,0,0,0,0,166,0,0
1,6,0,0,0,4,3,126.7656,35.9921,0,0,1,0,166,0,0
1,0,0,0,0,6,1,126.8204,35.9382,0,0,0,0,166,0,0
0,5,0,0,0,0,1,126.9583,35.9516,0,0,1,0,125,0,0
1,5,10,0,0,0,2,126.8938,36.0446,0,0,1,0,125,0,0
1,4,0,0,0,1,4,126.9446,36.0007,0,0,0,0,125,0,0
0,0,8,1,1,0,2,126.8351,35.5741,1,0,0,0,12,0,0
1,4,2,0,0,0,2,126.9753,35.8846,1,0,0,0,34,0,0
1,0,0,0,0,4,1,127.4,35.5147,0,0,0,0,193,0,0
0,1,0,1,1,4,1,126.5917,35.4426,0,0,0,0,219,0,0
1,3,0,0,0,1,3,126.7009,35.4963,0,0,0,0,219,0,0
1,3,0,1,1,1,3,126.6866,35.7793,0,0,0,0,185,0,0
1,2,0,0,0,9,1,127.5487,35.9003,0,0,0,0,192,0,0
0,6,0,0,0,1,1,127.2288,35.4596,0,0,1,0,131,0,0
1,6,5,0,0,1,2,127.2242,35.7375,1,0,1,0,28,0,0
1,3,5,0,0,0,3,127.2928,36.0863,1,0,0,0,28,0,0
0,0,0,0,0,1,1,127.0987,35.9194,0,0,0,0,28,0,0
1,6,0,0,0,0,1,126.7041,36.891,0,0,1,0,46,0,0
1,5,0,0,0,1,2,126.0713,34.9043,0,0,1,0,132,0,0
1,0,0,0,0,1,4,127.5469,34.8207,0,0,0,0,102,0,0
1,4,7,1,1,0,4,127.5645,34.8909,0,0,0,0,27,0,0
1,3,5,0,0,0,2,127.489,34.9674,0,0,0,0,27,0,0
1,5,0,0,0,7,1,127.4495,34.9658,0,0,1,0,27,0,0
1,5,10,0,0,3,4,126.6744,35.0171,0,0,1,0,33,0,0
0,3,0,0,0,8,1,126.6259,34.9639,0,0,0,0,33,0,0
1,2,0,0,0,8,1,127.3236,34.4888,0,0,0,0,191,0,0
1,4,7,1,1,1,7,127.3495,34.8445,0,0,0,0,122,0,0
1,2,6,1,1,0,2,126.9724,35.0512,1,0,0,0,88,0,0
1,5,2,0,0,0,3,126.9891,34.9301,0,0,1,0,88,0,0
0,3,0,0,0,0,1,126.6208,34.7153,0,0,0,0,16,0,0
0,6,0,0,0,1,9,126.6303,34.7656,0,0,1,0,16,0,0
1,0,0,0,0,7,3,126.816,34.4571,0,0,0,0,121,0,0
1,3,0,0,0,1,1,127.001,35.4288,0,0,0,0,181,0,0
1,5,2,1,1,0,7,126.896,35.2752,0,0,1,0,181,0,0
1,4,0,1,2,1,12,126.9601,35.2397,0,0,0,0,181,0,0
1,5,0,1,1,0,4,126.9717,35.3462,0,0,1,0,181,0,0
0,1,0,0,0,0,8,126.8043,34.4072,0,0,1,0,141,0,0
1,1,0,0,0,8,1,126.7944,34.3838,0,0,0,0,141,0,0
1,3,5,0,0,0,9,126.4263,34.9215,0,0,0,0,101,0,0
1,2,2,1,1,0,3,126.2673,34.54,0,0,0,0,71,0,0
0,3,0,0,0,1,3,127.1343,34.8117,0,0,0,0,122,0,0
0,1,0,0,0,1,3,127.4489,35.1798,0,0,0,0,161,0,0
0,1,0,0,0,1,9,127.3627,35.0171,0,0,0,0,27,0,0
1,6,5,0,0,0,2,129.5024,35.812,1,0,1,0,100,0,0
1,1,0,0,0,2,4,129.2184,35.8383,0,0,0,0,100,0,0
1,5,0,0,0,0,1,129.37,36.2475,0,0,1,0,160,0,0
0,3,0,0,0,8,1,128.7189,36.5688,0,0,0,0,66,0,0
1,2,7,1,1,1,7,128.0631,36.5365,0,0,0,0,58,0,0
0,3,0,0,0,1,1,128.1665,36.5592,0,0,1,0,58,0,0
0,3,5,0,0,0,5,128.192,36.5607,0,0,0,0,58,0,0
0,4,0,0,0,4,1,128.1032,36.2987,0,0,0,0,58,0,0
1,2,0,0,0,9,1,128.8747,36.2781,0,0,0,0,105,0,0
0,2,0,0,0,4,1,128.3745,36.3688,0,0,0,0,105,0,0
1,4,0,0,0,1,3,128.5259,36.8575,0,0,0,0,113,0,0
1,3,0,0,0,1,3,128.4884,35.9451,0,0,0,0,21,0,0
0,1,0,0,0,4,1,129.1108,35.9597,0,0,0,0,5,0,0
0,6,0,0,0,0,3,129.0993,35.9853,0,0,1,0,5,0,0
1,2,6,1,1,4,2,128.8179,35.8841,0,0,0,0,52,0,0
0,5,0,0,0,0,4,128.8204,35.8567,0,0,1,0,52,0,0
0,6,0,1,2,1,1,128.7328,35.8167,0,0,1,0,52,0,0
1,4,0,0,0,0,3,129.3787,36.3298,0,0,0,0,54,0,0
0,2,0,0,0,0,8,128.6746,35.6583,0,0,0,0,3,0,0
1,0,0,1,2,9,1,128.1828,35.8628,0,0,0,0,168,0,0
0,5,2,0,0,0,2,128.578,36.2757,0,0,1,0,170,0,0
0,2,0,0,0,1,1,129.1098,36.5184,0,0,0,0,203,0,0
1,2,0,0,0,1,8,129.0848,36.5407,0,0,0,0,203,0,0
1,0,0,0,0,0,1,128.9376,36.2917,0,0,0,0,203,0,0
0,4,0,0,0,0,2,128.3917,36.111,0,0,0,0,144,0,0
1,1,0,1,2,1,4,128.4008,36.1163,0,0,0,0,144,0,0
1,3,7,1,1,1,3,128.171,36.2653,1,0,0,0,144,0,0
0,1,0,0,0,0,3,128.3483,36.2787,0,0,0,0,144,0,0
1,1,2,0,0,4,3,129.4754,35.9868,0,0,0,0,160,0,0
1,2,0,0,0,1,3,128.687,35.8906,0,0,0,0,26,0,0
1,0,0,0,0,1,1,128.9147,36.0322,0,0,0,0,5,0,0
0,3,0,0,0,1,3,128.1509,36.5399,0,0,0,0,58,0,0
1,1,0,0,0,1,3,128.3085,36.14,0,0,0,0,144,0,0
1,2,0,0,0,1,2,128.4878,35.9154,0,0,0,0,21,0,0
1,1,0,0,0,1,1,128.2658,36.1649,0,0,0,0,76,0,0
0,5,0,0,0,0,1,128.4078,34.8986,0,0,1,0,212,0,0
0,6,5,0,0,0,1,128.4229,34.8815,0,0,1,0,212,0,0
1,1,0,0,0,1,1,128.6055,35.4743,0,0,0,0,177,0,0
1,1,0,1,1,1,4,128.8018,35.4477,0,0,0,0,177,0,0
0,3,2,1,1,0,3,128.8483,35.3433,0,0,0,0,13,0,0
1,0,5,0,0,0,4,128.1455,35.5809,0,0,0,0,133,0,0
1,2,0,1,1,9,7,128.4558,35.5945,0,0,1,0,211,0,0
1,0,0,1,1,1,2,128.5147,35.4171,0,0,0,0,211,0,0
0,0,0,1,1,6,1,128.4586,35.3882,0,0,0,0,211,0,0
1,0,0,0,0,1,1,127.6875,35.7084,0,0,0,0,108,0,0
0,0,0,1,1,0,1,129.024,35.3405,0,0,0,0,49,0,0
0,4,0,0,0,0,6,129.1709,35.4067,0,0,0,0,49,0,0
0,0,0,1,1,0,1,129.0014,35.3264,0,0,0,0,49,0,0
0,0,0,0,0,1,11,129.0177,35.3703,0,0,0,0,49,0,0
0,2,0,0,0,1,1,128.3469,34.9839,0,0,0,0,87,0,0
1,2,0,0,0,2,8,128.1872,34.9976,0,0,0,0,87,0,0
1,1,0,0,0,9,2,127.8932,35.0291,0,0,0,0,172,0,0
0,4,0,0,0,0,1,128.597,34.8411,0,0,0,0,15,0,0
0,1,0,0,0,1,1,127.7544,35.2732,0,0,0,0,224,0,0
0,0,0,0,0,0,1,127.8031,35.2439,0,0,0,0,224,0,0
1,2,2,1,1,0,3,128.5257,35.3019,0,0,0,0,117,0,0
0,6,0,0,0,0,5,128.6537,35.2695,0,0,1,0,86,0,0
1,1,0,1,2,4,3,128.8254,35.2782,1,0,0,0,13,0,0
0,1,0,0,0,1,3,128.572,35.2424,0,0,0,0,86,0,0
0,3,0,0,0,0,2,128.4098,34.9017,0,0,0,0,212,0,0
1,2,0,0,0,7,1,126.911,33.4506,0,0,0,0,62,0,0
1,2,0,0,0,1,4,126.2653,33.2338,0,0,0,0,62,0,0
0,2,0,0,0,4,1,126.4179,33.4882,0,0,1,0,90,0,0
1,3,6,1,1,1,3,126.185,33.2998,0,0,0,0,90,0,0
1,4,2,1,1,0,2,128.6801,35.8292,1,0,0,0,37,0,0
0,3,6,1,1,0,4,128.6171,35.8542,0,0,0,0,37,0,0
0,3,2,0,0,0,7,128.6305,35.8588,1,0,1,0,37,0,0
0,3,4,0,0,4,1,128.5517,35.8939,0,0,0,0,112,0,0
0,1,0,0,0,6,9,128.5599,35.8834,0,0,0,0,107,0,0
1,0,5,1,2,0,2,128.4919,35.851,1,0,0,0,20,0,0
1,2,0,1,2,0,2,126.6635,37.5381,0,0,0,0,97,0,0
0,1,0,0,0,0,3,126.7405,37.5242,0,0,1,0,7,0,0
1,4,0,1,2,0,3,126.6374,37.3475,1,0,0,0,35,0,0
0,5,5,0,0,0,7,126.7208,37.4201,0,0,1,0,29,0,0
1,3,3,0,0,0,3,126.8043,37.6317,0,0,0,0,40,0,0
1,1,0,0,0,4,1,126.8638,35.243,0,0,0,0,137,0,0
1,1,0,1,2,2,1,127.4327,36.3589,0,0,0,0,80,0,0
1,6,0,0,0,0,5,127.3622,36.3608,0,0,1,0,4,0,0
0,1,0,2,4,0,2,127.3174,36.3116,0,0,0,0,148,0,0
1,4,0,0,0,0,5,129.3562,35.642,0,0,0,0,158,0,0
1,3,5,1,1,1,2,129.3529,35.6065,0,0,0,0,158,0,0
1,1,0,1,2,1,3,129.3585,35.5154,0,0,0,0,213,0,0
0,2,0,1,2,1,1,129.3994,35.5243,0,0,1,0,158,0,0
1,5,0,0,0,8,1,129.4034,35.6551,0,0,1,0,158,0,0
1,4,0,0,0,0,1,129.448,35.6507,0,0,0,0,158,0,0
1,4,0,0,0,3,2,129.2253,35.4391,0,0,0,0,17,0,0
1,1,0,1,1,0,5,127.0363,37.7534,0,0,0,0,64,0,0
1,0,7,1,1,4,6,126.8755,37.6177,0,0,0,0,40,0,0
1,3,5,0,0,4,3,127.128,37.7186,1,0,0,0,70,0,0
0,4,0,0,0,0,1,126.7057,37.7749,0,0,0,0,175,0,0
1,4,0,0,0,0,9,126.7551,37.8196,1,0,1,0,175,0,0
1,3,0,0,0,4,1,126.7689,37.7308,0,0,0,0,175,0,0
0,4,2,0,0,0,8,127.0142,37.868,0,0,0,0,59,0,0
0,1,0,0,0,0,1,126.9484,37.8169,0,0,0,0,59,0,0
0,0,2,0,0,0,6,127.1562,37.5793,1,0,0,0,165,0,0
1,6,0,0,0,0,1,127.1256,37.7896,0,0,1,0,171,0,0
1,3,0,0,0,8,1,127.3581,37.8446,0,0,0,0,176,0,0
0,4,0,0,0,0,1,126.9466,37.5343,0,0,0,0,134,0,0
1,4,0,1,1,0,4,127.0512,37.5831,0,0,0,0,201,0,0
0,4,5,0,0,1,4,127.0414,37.579,0,0,0,0,201,0,0
1,2,0,0,0,7,2,127.0941,37.521,0,0,0,0,183,0,0
0,1,0,2,4,4,1,126.9444,37.5567,0,0,0,0,159,0,0
0,2,0,1,1,0,1,126.8844,37.4648,0,0,0,0,109,0,0
0,0,0,2,4,1,2,127.0528,37.5281,0,0,0,0,89,0,0
1,6,6,1,1,4,6,127.0544,37.5253,0,0,1,0,89,0,0
1,1,6,1,1,4,6,126.8269,37.5599,0,0,0,0,43,0,0
0,3,6,1,1,4,2,126.8444,37.5579,1,0,0,0,43,0,0
0,5,0,2,4,0,2,126.8369,37.5778,0,0,1,0,43,0,0
1,5,0,1,2,0,5,127.1528,37.539,0,0,1,0,91,0,0
1,0,6,1,1,0,6,127.0703,37.5104,2,0,0,0,156,0,0
0,4,3,0,0,6,2,127.1113,37.4965,0,0,0,0,156,0,0
1,3,0,0,0,1,3,127.0161,37.5168,0,0,0,0,214,0,0
0,1,6,1,1,4,6,127.0133,37.5087,0,0,0,0,214,0,0
0,2,0,0,0,4,1,126.8364,37.5263,0,0,0,0,140,0,0
1,0,7,1,1,3,2,127.0569,37.629,0,0,0,0,18,0,0
1,6,0,0,0,4,1,126.9811,37.5041,0,0,1,0,214,0,0
0,4,0,1,2,0,1,129.0378,35.1117,0,0,0,0,228,0,0
1,6,0,1,1,0,2,129.1175,35.2039,1,0,1,0,1,0,0
0,3,0,0,0,4,1,129.0083,35.1829,0,0,0,0,120,0,0
0,1,0,0,0,0,1,128.8974,35.1344,0,0,1,0,206,0,0
1,2,0,1,1,1,7,128.9466,35.2122,0,0,0,0,206,0,0
0,3,0,1,2,4,3,128.9942,35.15,1,0,0,0,120,0,0
1,0,0,0,0,0,3,129.0335,35.2937,0,0,0,0,13,0,0
0,6,0,1,1,4,1,127.0657,37.1229,0,0,1,0,14,0,0
0,5,5,0,0,1,2,127.2626,36.9632,0,0,1,0,23,0,0
1,3,9,1,3,7,6,126.9544,37.3943,0,0,0,0,151,0,0
1,5,6,1,1,0,2,127.4086,37.2996,0,0,1,0,41,0,0
1,1,0,0,0,4,1,127.3772,37.1513,0,0,0,0,51,0,0
1,5,5,0,0,3,7,127.0745,37.2676,0,0,1,0,51,0,0
0,5,5,0,0,0,5,126.5745,37.6409,0,0,1,0,47,0,0
0,3,6,1,1,0,6,126.6709,37.6463,0,0,0,0,47,0,0
1,5,6,1,1,0,5,126.6079,37.6843,0,0,1,0,47,0,0
1,3,0,0,0,0,4,126.6217,37.6617,0,0,0,0,47,0,0
1,1,7,1,1,8,7,127.4949,37.5033,0,0,0,0,48,0,0
1,4,0,0,0,0,4,127.3625,37.6027,0,0,0,0,48,0,0
1,2,0,1,2,9,1,127.579,37.4372,0,0,0,0,48,0,0
0,0,0,1,2,1,1,127.0431,37.1938,0,0,0,0,143,0,0
0,6,0,1,1,0,6,127.0382,37.2083,1,0,1,0,50,0,0
0,6,5,0,0,0,2,126.8718,37.4828,0,0,1,0,81,0,0
0,3,0,1,1,6,1,126.8137,37.2987,0,0,0,0,2,0,0
1,2,0,1,1,1,2,126.8184,37.3266,0,0,0,0,2,0,0
0,0,6,1,1,4,3,127.0237,37.2637,0,0,0,0,99,0,0
0,2,0,0,0,4,1,127.1721,37.4461,0,0,0,0,95,0,0
0,1,0,0,0,4,2,126.794,37.3836,0,0,0,0,73,0,0
0,6,0,0,0,0,3,126.9796,37.2429,0,0,1,0,99,0,0
0,3,6,1,1,4,2,126.9734,37.2597,0,0,0,0,99,0,0
0,5,0,2,4,0,3,127.1034,37.3191,0,0,1,0,51,0,0
0,1,0,0,0,0,3,127.1484,37.2894,0,0,0,0,51,0,0
1,0,3,0,0,1,3,126.8855,37.0481,0,0,0,0,14,0,0
1,5,0,0,0,1,1,127.0299,37.3124,0,0,1,0,99,0,0
0,1,3,0,0,0,2,127.0404,37.4633,1,0,0,0,95,0,0
1,2,0,0,0,0,2,127.0943,37.4141,0,0,1,0,95,0,0
0,0,0,0,0,0,1,126.9506,37.2473,1,0,1,0,50,0,0
1,3,0,0,0,0,4,126.864,37.1445,0,0,0,0,50,0,0
1,3,0,2,4,1,4,126.8677,37.0782,0,0,0,0,50,0,0
0,2,0,1,2,3,2,126.7628,37.5399,1,0,0,0,65,0,0
1,4,0,0,0,0,1,127.674,37.8324,0,0,0,0,111,0,0
1,1,0,0,0,4,1,127.7803,37.9203,0,0,0,0,111,0,0
0,1,0,0,0,8,1,128.8459,37.545,0,0,0,0,194,0,0
1,5,0,0,0,1,4,128.8473,37.8205,0,0,1,0,194,0,0
0,4,0,1,1,0,2,128.8948,37.7698,0,0,0,0,194,0,0
0,5,0,0,0,0,5,128.9096,37.7705,0,0,1,0,194,0,0
1,6,0,0,0,0,2,128.9092,37.7468,0,0,1,0,194,0,0
1,4,0,1,2,9,1,129.0276,37.684,0,0,0,0,194,0,0
1,0,5,0,0,0,9,128.1607,37.246,0,0,0,0,36,0,0
1,0,0,0,0,4,1,128.6203,38.049,0,0,0,0,164,0,0
0,5,0,0,0,1,2,128.5879,38.2062,0,0,1,0,104,0,0
1,6,0,0,0,1,1,129.0188,37.2637,0,0,1,0,78,0,0
1,2,5,0,0,0,2,128.5469,37.119,1,0,0,0,114,0,0
0,3,0,0,0,0,1,128.6916,37.1447,0,0,0,0,114,0,0
1,6,0,0,0,0,1,128.1728,37.6621,0,0,1,0,82,0,0
0,4,5,0,0,0,2,128.8255,37.2121,2,0,0,0,198,0,0
1,5,0,1,2,7,5,127.9883,37.4919,0,0,1,0,31,0,0
1,3,0,1,1,6,2,128.1504,37.5829,0,0,0,0,31,0,0
1,1,6,1,1,1,2,128.5353,38.2542,0,0,0,0,217,0,0
1,4,0,0,0,1,9,127.9477,38.0517,0,0,0,0,115,0,0
1,1,0,2,4,4,12,127.5152,36.7279,0,0,0,0,83,0,0
1,5,6,1,1,3,2,127.4841,36.759,0,0,1,0,83,0,0
0,3,0,0,0,2,2,127.553,36.7278,1,0,0,0,83,0,0
1,1,0,2,4,3,1,127.7906,36.9759,0,0,0,0,6,0,0
0,0,0,0,0,4,1,127.9053,36.9548,0,0,0,0,6,0,0
0,0,0,0,0,4,9,128.2304,37.1322,0,0,0,0,103,0,0
0,3,5,0,0,0,6,127.7965,36.1964,0,0,0,0,75,0,0
1,5,0,1,1,1,4,127.7546,36.1498,0,0,1,0,75,0,0
1,3,0,1,1,6,1,127.8314,36.8535,0,0,0,0,179,0,0
1,1,10,0,0,1,2,127.7321,36.8004,1,0,0,0,179,0,0
0,3,5,0,0,0,3,127.7571,36.8368,0,0,1,0,179,0,0
0,2,0,1,2,2,1,127.6726,36.9778,0,0,0,0,110,0,0
0,3,2,1,2,1,3,127.5537,36.9799,1,0,0,0,110,0,0
1,5,0,1,1,0,4,127.4385,36.8546,0,0,1,0,60,0,0
0,0,6,1,1,0,3,127.416,36.6922,1,0,0,0,83,0,0
0,6,0,0,0,0,1,127.3874,36.5827,0,0,1,0,83,0,0
1,2,0,1,1,1,4,127.4318,36.6756,0,0,0,0,83,0,0
0,2,0,1,2,0,1,127.5534,36.6505,0,0,0,0,83,0,0
0,1,0,0,0,5,3,127.9622,36.8235,1,0,0,0,179,0,0
1,1,0,2,4,2,3,127.3392,37.3226,0,0,0,0,9,0,0
1,4,0,0,0,5,2,127.9925,36.759,1,0,0,0,179,0,0
0,4,0,0,0,4,8,126.4072,36.617,0,0,0,0,69,0,0
0,4,5,0,0,1,4,126.4231,36.7454,0,0,0,0,69,0,0
1,2,0,0,0,9,1,126.5152,36.6506,0,0,0,0,69,0,0
1,5,0,0,0,4,1,126.4446,36.7502,0,0,1,0,69,0,0
0,6,0,0,0,0,9,127.1266,36.8999,0,0,1,0,63,0,0
1,1,2,0,0,2,1,127.1023,36.1605,0,0,0,0,61,0,0
0,6,0,0,0,0,1,126.6427,36.5918,0,0,1,0,38,0,0
0,2,5,1,2,2,1,126.4921,36.5655,0,0,0,0,38,0,0
0,1,0,1,1,0,4,127.0333,36.7744,0,0,0,0,53,0,0
0,1,0,1,2,0,6,126.9175,36.7618,1,0,0,0,53,0,0
1,0,0,0,0,4,2,126.9365,36.8235,0,0,0,0,53,0,0
1,5,0,0,0,6,1,126.962,36.8907,0,0,1,0,53,0,0
1,3,6,1,1,0,4,127.0339,36.8878,0,0,0,0,53,0,0
1,3,0,0,0,0,1,126.6986,36.1332,0,0,0,0,10,0,0
0,6,0,0,0,0,8,126.7599,36.0924,0,0,1,0,10,0,0
1,4,0,1,1,2,4,126.5777,36.3592,0,0,0,0,136,0,0
1,5,0,0,0,1,11,126.5891,36.346,0,0,1,0,136,0,0
1,6,5,0,0,0,2,126.975,36.6395,1,0,1,0,19,0,0
1,2,5,0,0,0,2,127.2013,36.5038,1,1,0,0,229,0,0
1,4,6,1,1,0,4,127.2908,36.621,0,1,0,0,229,0,0
1,4,0,0,0,1,1,126.8918,36.276,0,0,0,0,129,0,0
1,3,0,1,1,0,1,126.9297,36.2842,0,0,0,0,129,0,0
1,0,0,0,0,9,1,126.8458,36.183,0,0,0,0,129,0,0
1,6,0,0,0,4,1,126.8303,36.1765,0,0,1,0,129,0,0
1,6,0,0,0,4,3,126.9567,36.3055,0,0,1,0,129,0,0
1,0,0,2,4,0,5,126.7327,36.981,0,0,0,0,46,0,0
1,1,0,1,2,7,4,127.5114,36.0208,0,0,0,0,68,0,0
0,4,3,1,2,1,1,127.4306,36.1307,0,0,0,0,68,0,0
0,1,0,1,1,1,6,127.4118,36.7622,0,0,0,0,63,0,0
1,5,0,0,0,2,2,127.1775,36.1602,1,0,1,0,61,0,0
1,5,0,0,0,1,2,127.8894,36.2172,0,0,1,0,75,0,0
0,0,0,2,4,1,2,127.5116,36.3504,0,0,0,0,80,0,0
0,3,0,0,0,0,3,127.4866,36.177,0,0,0,0,68,0,0
0,0,6,1,1,0,3,127.123,35.8253,0,0,0,0,11,0,0
0,2,5,1,2,0,11,126.5993,35.9624,0,0,0,0,166,0,0
1,6,6,1,1,0,4,126.7057,35.9791,0,0,1,0,166,0,0
0,6,5,0,0,7,2,126.7109,35.943,0,0,1,0,166,0,0
1,3,0,0,0,8,1,126.9242,36.0314,0,0,0,0,125,0,0
0,2,0,0,0,4,8,127.0593,35.9788,0,0,0,0,125,0,0
1,4,0,0,0,1,5,126.9417,35.9369,0,0,0,0,125,0,0