주야,요일,법규위반,도로형태_대분류,도로형태,당사자종별_1당_대분류,당사자종별_2당_대분류,경도,위도,사고피해정도,도시여부,주말/공휴일,인구수,발생지번호,보행자의위치,무단횡단여부
1,2,0,1,2,6,1,126.9355,36.001,0,0,0,0,125,0,0
1,1,0,0,0,1,1,126.9631,36.0646,0,0,0,0,125,0,0
1,3,5,1,2,1,6,126.8337,35.6642,0,0,0,0,12,0,0
1,3,9,0,0,7,2,126.8645,35.5652,0,0,0,0,12,0,0
1,0,0,0,0,0,4,126.8697,35.7788,0,0,0,0,34,0,0
1,3,0,0,0,4,1,126.876,35.7985,0,0,0,0,34,0,0
0,5,0,0,0,0,5,126.996,35.7327,0,0,1,0,34,0,0
1,4,6,1,1,8,3,126.9164,35.8264,0,0,0,0,34,0,0
1,5,5,0,0,0,2,127.6156,35.4315,1,0,1,0,193,0,0
1,3,6,1,1,7,2,127.3766,35.4102,0,0,0,0,193,0,0
1,2,0,1,1,2,3,126.6046,35.4421,0,0,0,0,219,0,0
0,4,0,0,0,1,8,126.7634,35.7094,0,0,0,0,185,0,0
0,3,0,1,2,1,1,127.1932,35.3935,0,0,0,0,131,0,0
1,6,0,0,0,0,1,127.0764,35.3532,0,0,1,0,131,0,0
1,3,0,0,0,9,1,127.6687,35.9383,0,0,0,0,182,0,0
1,5,2,0,0,1,3,127.6469,35.8642,1,0,1,0,182,0,0
1,4,0,2,4,5,1,126.7902,36.9373,0,0,0,0,46,0,0
0,5,9,1,3,7,4,126.3794,34.8011,0,0,1,0,153,0,0
1,1,0,0,0,9,1,126.2315,35.0392,0,0,1,0,132,0,0
1,3,0,1,1,0,2,127.655,34.7696,0,0,0,0,102,0,0
0,5,6,1,1,6,2,127.6842,34.7443,0,0,1,0,102,0,0
1,1,5,0,0,0,6,127.7204,34.7564,2,0,0,0,102,0,0
0,3,5,0,0,0,2,127.5021,34.9481,0,0,0,0,27,0,0
1,5,0,0,0,1,4,126.7284,35.0253,0,0,1,0,33,0,0
0,4,0,0,0,0,1,126.9602,34.6589,0,0,0,0,56,0,0
1,0,0,0,0,8,1,127.509,34.4541,0,0,0,0,191,0,0
1,3,2,0,0,2,12,126.6418,34.43,0,0,0,0,119,0,0
1,4,0,1,1,1,5,126.5294,34.3707,0,0,0,0,119,0,0
0,1,2,0,0,0,8,126.4598,35.3506,0,0,0,0,127,0,0
1,0,0,0,0,0,1,126.5206,35.0175,0,0,0,0,157,0,0
0,6,0,0,0,6,1,126.7318,34.8164,0,0,1,0,16,0,0
0,5,6,1,1,2,7,126.6856,34.7989,0,0,1,0,16,0,0
1,2,0,0,0,8,1,126.7167,35.2813,0,0,0,0,146,0,0
1,4,0,0,0,0,5,126.9427,35.3043,0,0,0,0,181,0,0
0,5,0,0,0,4,1,127.0342,34.3509,0,0,1,0,141,0,0
0,5,5,0,0,0,2,126.6733,34.3839,1,0,1,0,141,0,0
0,3,0,0,0,6,1,126.8927,34.1695,0,0,0,0,141,0,0
1,5,0,0,0,1,1,126.701,34.3058,0,0,1,0,141,0,0
1,6,0,0,0,1,1,126.4266,34.9653,0,0,1,0,101,0,0
0,2,0,1,2,0,1,126.4971,34.981,0,0,0,0,101,0,0
0,1,0,0,0,1,1,127.7011,34.9789,0,0,0,0,130,0,0
0,1,0,0,0,4,1,127.7658,34.941,0,0,0,0,130,0,0
1,0,0,0,0,8,1,127.4071,35.2665,0,0,0,0,161,0,0
1,4,0,2,4,4,1,127.4396,35.3193,0,0,0,0,161,0,0
1,0,0,0,0,0,3,127.4328,34.8737,0,0,0,0,27,0,0
1,0,0,1,2,1,12,129.2616,35.9856,0,0,0,0,100,0,0
0,2,5,0,0,0,6,129.4922,35.7937,1,0,0,0,100,0,0
1,3,0,1,3,4,6,129.2075,35.8392,0,0,0,0,100,0,0
1,2,5,0,0,1,2,129.4599,35.7223,1,0,0,0,100,0,0
0,1,0,0,0,1,1,129.2529,35.9853,0,0,0,0,100,0,0
0,2,0,0,0,1,1,129.0346,35.7342,0,0,1,0,100,0,0
0,1,0,0,0,0,1,129.3652,36.0353,0,0,0,0,160,0,0
1,4,0,0,0,0,8,128.6623,36.4715,0,0,0,0,66,0,0
1,4,0,0,0,1,1,128.7706,36.7046,0,0,0,0,66,0,0
1,0,0,0,0,4,1,128.6631,36.439,0,0,1,0,66,0,0
1,3,0,0,0,1,9,128.1771,36.1067,0,0,0,0,76,0,0
1,5,0,1,1,4,1,128.273,36.1169,0,0,1,0,76,0,0
1,1,3,0,0,1,3,128.2464,36.4036,0,0,0,0,58,0,0
0,4,0,0,0,1,11,128.1496,36.3659,0,0,0,0,58,0,0
1,4,7,1,1,5,4,128.0313,36.3975,0,0,0,0,58,0,0
1,0,0,1,2,4,3,128.6948,36.3525,0,0,0,0,105,0,0
1,1,0,0,0,4,1,128.7189,36.7236,0,0,1,0,113,0,0
1,3,5,0,0,4,2,128.4838,36.0613,0,0,0,0,21,0,0
0,0,0,1,2,1,1,128.9733,36.0098,0,0,0,0,5,0,0
1,1,0,1,1,1,4,128.1645,36.6209,0,0,0,0,74,0,0
1,1,5,0,0,2,3,128.8238,35.9087,0,0,0,0,52,0,0
0,1,0,1,2,0,3,128.7314,35.8101,0,0,1,0,52,0,0
1,1,7,1,1,0,2,128.8181,35.9173,0,0,0,0,52,0,0
1,4,5,0,0,0,6,128.9929,36.9556,0,0,0,0,149,0,0
1,5,5,1,2,1,3,128.7983,35.6927,0,0,1,0,3,0,0
0,3,5,0,0,0,2,129.3772,37.073,1,0,0,0,208,0,0
1,6,0,0,0,0,1,129.1228,36.2887,0,0,1,0,203,0,0
1,5,5,0,0,1,6,129.0711,36.3714,2,0,1,0,203,0,0
1,3,0,0,0,1,9,128.3468,36.2426,1,0,0,0,144,0,0
1,2,0,0,0,1,5,128.3212,36.1379,0,0,0,0,144,0,0
0,2,0,0,0,4,1,128.3931,36.1309,0,0,0,0,144,0,0
1,6,0,1,2,0,1,128.3174,36.2326,0,0,1,0,144,0,0
1,0,0,0,0,1,1,128.3291,36.3078,0,0,0,0,144,0,0
0,2,0,0,0,5,2,128.5817,35.9099,0,0,0,0,112,0,0
0,0,0,0,0,0,3,128.2168,36.1589,0,0,0,0,76,0,0
0,1,0,0,0,1,3,128.1436,36.6484,0,0,0,0,74,0,0
0,4,0,2,4,4,2,128.5545,35.1662,0,0,0,0,86,0,0
1,6,0,0,0,0,4,128.1173,35.188,0,0,1,0,42,0,0
1,0,0,0,0,1,2,128.1458,35.1811,0,0,0,0,42,0,0
1,4,6,1,2,0,4,128.0846,35.1933,0,0,0,0,42,0,0
1,4,5,0,0,1,3,127.9863,35.2404,0,0,0,0,42,0,0
0,4,0,1,2,5,1,128.7743,35.0834,0,0,0,0,86,0,0
1,6,3,0,0,0,4,128.3598,34.9264,0,0,1,0,212,0,0
1,4,9,1,1,4,2,128.418,34.841,0,0,0,0,212,0,0
0,0,0,0,0,0,5,128.1638,35.5629,0,0,0,0,133,0,0
1,5,5,0,0,0,6,128.5189,35.4636,1,0,1,0,211,0,0
0,3,0,1,1,1,3,128.6421,35.428,0,0,0,0,211,0,0
1,0,0,0,0,1,1,127.6369,35.5725,0,0,1,0,108,0,0
1,3,0,0,0,0,2,129.0356,35.349,1,0,0,0,49,0,0
1,6,0,0,0,0,3,127.8908,35.0296,0,0,1,0,172,0,0
0,2,0,0,0,1,1,128.0617,34.8412,0,0,0,0,197,0,0
1,0,5,0,0,1,3,128.3929,35.2657,0,0,0,0,117,0,0
1,0,5,1,2,1,2,128.3749,35.2689,0,0,0,0,117,0,0
1,1,0,0,0,1,6,128.4667,35.2676,0,0,0,0,117,0,0
1,0,0,0,0,0,4,128.5102,35.3218,0,0,0,0,117,0,0
0,2,0,0,0,4,9,128.3981,35.2712,0,0,0,0,117,0,0
1,5,7,1,1,4,3,128.1988,35.3354,0,0,1,0,189,0,0
0,0,0,1,2,1,6,128.6949,35.1909,1,0,0,0,86,0,0
0,0,0,1,2,0,1,128.6451,35.2557,0,0,0,0,86,0,0
1,0,0,0,0,1,3,128.6294,35.3529,0,0,0,0,86,0,0
0,3,0,0,0,1,2,128.8537,35.2202,0,0,0,0,13,0,0
1,4,0,0,0,1,11,128.4996,35.334,0,0,0,0,117,0,0
1,6,0,0,0,1,3,128.3525,35.2923,0,0,1,0,117,0,0
1,6,6,1,2,0,4,126.5165,33.4925,0,0,1,0,90,0,0
0,3,2,0,0,1,1,126.7337,33.4371,0,0,0,0,90,0,0
0,2,0,0,0,0,1,126.5606,33.4439,0,0,1,0,90,0,0
0,6,0,0,0,4,2,126.5594,33.4775,0,0,1,0,90,0,0
1,4,5,0,0,0,2,126.7215,33.3431,0,0,0,0,62,0,0
0,0,0,0,0,6,1,126.3717,33.2323,0,0,0,0,62,0,0
1,6,0,0,0,4,6,126.3535,33.2853,0,0,1,0,62,0,0
1,2,0,1,1,1,4,126.3135,33.4251,0,0,0,0,90,0,0
0,6,0,0,0,0,1,126.4161,33.4318,0,0,1,0,90,0,0
0,2,6,1,3,7,2,128.7028,35.8729,0,0,0,0,26,0,0
1,4,0,1,2,1,4,128.6222,35.8067,0,0,0,0,37,0,0
1,0,0,0,0,4,1,128.5332,35.7765,0,0,0,0,30,0,0
1,6,2,0,0,0,8,128.5094,35.8898,0,0,1,0,30,0,0
1,1,0,0,0,0,1,128.4776,35.8726,0,0,0,0,30,0,0
0,6,6,1,1,4,2,128.5573,35.8578,0,0,1,0,107,0,0
0,3,0,1,2,0,5,128.5716,35.8622,0,0,1,0,107,0,0
0,6,0,0,0,4,1,128.5563,35.8708,0,0,1,0,107,0,0
0,2,0,0,0,1,1,128.5417,35.9086,0,0,0,0,112,0,0
1,6,0,1,1,4,6,126.6312,37.4754,0,0,1,0,72,0,0
1,0,0,0,0,1,5,126.6129,37.4785,0,0,0,0,72,0,0
1,4,5,0,0,1,11,126.6338,37.4369,0,0,0,0,29,0,0
1,5,6,1,1,2,2,126.6384,37.4607,0,0,1,0,29,0,0
1,2,0,0,0,0,1,126.6822,37.5245,0,0,0,0,97,0,0
1,2,0,2,4,9,6,126.4635,37.7654,0,0,0,0,92,0,0
1,1,3,0,0,1,6,126.6591,37.4379,1,0,0,0,29,0,0
1,1,0,0,0,1,3,126.8673,37.3801,0,0,0,0,73,0,0
1,0,5,0,0,0,2,126.8439,37.3501,1,0,0,0,2,0,0
0,3,6,1,1,4,2,126.8484,35.1588,1,0,0,0,222,0,0
1,5,0,1,2,0,4,126.863,35.1721,0,0,1,0,137,0,0
1,1,3,0,0,6,2,126.8139,35.1439,0,0,0,0,135,0,0
0,0,0,0,0,0,5,126.7478,35.1266,0,0,0,0,135,0,0
1,2,6,1,1,0,2,126.8117,35.144,1,0,0,0,135,0,0
0,3,6,1,1,0,4,127.4348,36.3384,0,0,0,0,80,0,0
1,2,0,0,0,4,2,127.3247,36.244,0,0,0,0,4,0,0
1,2,3,0,0,0,2,127.3805,36.3442,1,0,0,0,4,0,0
1,6,5,1,2,0,2,127.3359,36.365,0,0,1,0,148,0,0
0,2,0,2,4,7,1,127.3937,36.3736,0,0,0,0,148,0,0
0,5,0,0,0,0,1,127.2653,36.2754,0,0,1,0,148,0,0
1,0,6,1,1,6,3,129.3811,35.5537,0,0,0,0,158,0,0
0,5,0,0,0,4,1,129.4034,35.5015,0,0,1,0,225,0,0
0,3,6,1,1,4,2,129.3381,35.414,0,0,0,0,17,0,0
0,4,7,1,1,0,4,129.0963,35.5144,0,0,0,0,17,0,0
0,0,0,0,0,0,4,127.0421,37.7071,0,0,0,0,64,0,0
1,5,0,0,0,6,2,127.1122,37.7756,0,0,1,0,64,0,0
1,1,0,0,0,0,2,127.1999,37.6506,0,0,0,0,70,0,0
1,3,0,0,0,7,1,127.1786,37.6618,0,0,0,0,70,0,0
0,4,6,1,1,0,6,126.7516,37.7297,0,0,0,0,175,0,0
1,0,0,0,0,0,9,127.1102,37.8087,0,0,0,0,59,0,0
1,5,6,1,1,0,9,127.0125,37.9104,0,0,1,0,94,0,0
0,0,0,0,0,0,1,127.1937,37.8965,0,0,0,0,171,0,0
1,4,0,0,0,1,8,127.2709,38.0558,0,0,0,0,171,0,0
1,5,0,0,0,0,1,127.5139,37.6386,0,0,1,0,176,0,0
0,5,5,0,0,0,2,127.5056,37.8956,0,0,1,0,176,0,0
1,0,0,0,0,0,2,127.0675,38.0019,0,0,0,0,106,0,0
0,6,0,0,0,0,2,126.7686,35.2945,0,0,1,0,146,0,0
0,6,0,0,0,0,2,126.5666,36.5801,0,0,1,0,38,0,0
0,6,0,0,0,0,1,127.0698,36.7785,0,0,1,0,53,0,0
1,6,0,0,0,1,1,126.8674,35.2266,1,0,1,0,137,0,0
0,6,0,0,0,0,3,126.6679,33.2786,0,0,1,0,62,0,0
0,6,0,0,0,0,2,127.0821,36.4118,2,0,1,0,19,0,0
0,6,0,0,0,0,1,126.4683,34.9788,0,0,1,0,101,0,0
1,0,0,1,1,4,1,126.8977,37.4875,0,0,0,0,150,0,0
1,0,5,0,0,0,2,129.0,36.2863,0,0,0,0,203,0,0
1,0,0,0,0,6,3,129.0301,35.3706,0,0,0,0,49,0,0
1,0,6,1,1,0,6,126.9035,37.444,1,0,0,0,109,0,0
1,0,0,0,0,0,1,127.0949,37.5546,0,0,0,0,183,0,0
1,0,0,0,0,4,1,128.3997,36.3581,0,0,0,0,105,0,0
0,0,6,1,1,6,3,127.488,34.9714,0,0,0,0,27,0,0
0,1,0,0,0,4,1,127.2204,37.0042,0,0,0,0,23,0,0
1,1,3,0,0,1,2,128.8842,35.1549,1,0,0,0,206,0,0
1,1,0,1,1,6,2,127.1963,36.8778,0,0,0,0,63,0,0
1,1,3,0,0,1,5,127.0336,35.3498,0,0,0,0,181,0,0
0,1,0,0,0,0,1,127.1728,37.5939,0,0,0,0,70,0,0
1,2,0,1,1,7,2,127.0861,37.5946,0,0,0,0,196,0,0
1,2,0,0,0,0,5,126.7484,37.3402,0,0,0,0,73,0,0
1,2,5,1,1,0,11,127.4911,37.1769,0,0,0,0,41,0,0
0,3,0,0,0,0,1,127.4915,37.2561,0,0,0,0,41,0,0
1,3,6,1,1,6,2,127.1556,35.839,0,0,0,0,11,0,0
1,3,0,0,0,4,1,127.0652,37.5417,0,0,0,0,183,0,0
1,3,0,2,4,7,3,128.5895,35.8554,0,0,0,0,145,0,0
1,3,6,1,1,0,3,127.0778,37.1369,1,0,0,0,143,0,0
0,3,0,0,0,0,1,126.3686,33.3709,0,0,0,0,90,0,0
0,3,0,0,0,0,1,127.4009,36.4419,0,0,0,0,77,0,0
0,3,0,0,0,0,1,127.3741,35.663,0,0,0,0,152,0,0
0,4,0,1,2,0,1,128.2749,35.538,0,0,0,0,133,0,0
1,4,0,0,0,2,1,128.8989,35.0866,0,0,0,0,206,0,0
1,4,7,1,1,0,5,126.7844,37.4662,0,0,0,0,73,0,0
1,4,0,1,1,1,5,126.6965,36.011,0,0,0,0,10,0,0
0,4,0,1,2,6,6,127.108,37.3683,0,0,0,0,95,0,0
1,5,0,0,0,1,3,128.1362,35.1656,0,0,1,0,42,0,0
1,5,0,0,0,0,9,126.201,36.7595,0,0,1,0,169,0,0
1,5,0,0,0,4,4,128.3477,34.9388,0,0,1,0,212,0,0
0,5,8,1,1,4,2,126.6035,36.3196,0,0,1,0,136,0,0
0,5,0,1,1,1,1,126.598,33.5207,0,0,1,0,90,0,0
0,6,6,1,1,4,2,126.9015,37.5067,0,0,1,0,150,0,0
0,6,0,0,0,0,2,127.0633,36.2762,0,0,1,0,129,0,0
1,6,2,0,0,4,5,128.6249,35.8523,0,0,1,0,37,0,0
1,6,0,0,0,9,8,127.6691,36.3968,0,0,1,0,142,0,0
0,6,0,0,0,0,1,126.6118,36.6332,0,0,1,0,187,0,0
1,0,6,1,1,4,2,126.8292,37.3078,0,0,0,0,2,0,0
1,0,0,0,0,4,2,129.3985,36.9937,0,0,0,0,208,0,0
1,0,0,0,0,0,1,127.6957,37.2012,0,0,0,0,22,0,0
1,0,0,0,0,0,9,127.8375,37.4063,0,0,0,0,36,0,0
1,0,0,0,0,1,2,129.3843,35.5458,1,0,0,0,158,0,0
1,0,8,1,1,6,3,126.8006,35.815,0,0,0,0,34,0,0
1,0,6,1,1,1,3,126.9237,37.969,1,0,0,0,175,0,0
0,0,0,2,4,0,5,128.5775,38.1952,0,0,0,0,104,0,0
1,1,6,1,1,7,6,126.98,37.2852,0,0,0,0,99,0,0
1,1,0,0,0,0,2,127.2412,36.5051,0,1,0,0,229,0,0
1,1,5,0,0,2,2,127.0506,37.9255,0,0,0,0,94,0,0
1,1,0,0,0,7,3,127.0739,36.1963,0,0,0,0,61,0,0
0,1,0,0,0,0,5,127.1588,36.8278,0,0,0,0,63,0,0
0,1,0,0,0,0,3,128.1992,38.1068,0,0,0,0,124,0,0
0,1,0,0,0,4,6,126.8834,37.5367,0,0,0,0,140,0,0
0,2,0,0,0,1,3,127.1825,36.9543,0,0,0,0,23,0,0
1,2,0,0,0,1,1,129.0426,37.2241,0,0,0,0,78,0,0
1,2,6,1,1,7,2,129.2206,35.2435,0,0,0,0,85,0,0
1,2,0,0,0,9,1,127.9743,37.6857,0,0,0,0,82,0,0
0,2,0,0,0,6,1,129.4097,35.4855,0,0,0,0,225,0,0
1,3,0,1,1,0,5,126.789,37.5322,0,0,0,0,65,0,0
1,3,5,0,0,7,6,127.1419,37.5003,0,0,0,0,156,0,0
0,3,0,0,0,1,1,128.1453,35.2961,0,0,0,0,42,0,0
0,4,0,1,2,4,1,126.6806,37.6442,0,0,0,0,47,0,0
0,4,3,0,0,0,2,129.1097,35.241,1,0,0,0,96,0,0
0,5,5,0,0,0,9,127.1207,37.1711,0,0,1,0,50,0,0
1,5,0,0,0,0,1,127.7471,36.4968,0,0,1,0,32,0,0
0,5,5,0,0,6,2,129.4499,36.7869,0,0,1,0,208,0,0
0,5,0,2,4,0,2,126.9899,36.8998,0,0,1,0,53,0,0
1,6,5,0,0,4,2,127.4669,34.9283,0,0,1,0,27,0,0
0,6,5,0,0,0,6,128.221,38.1282,1,0,1,0,124,0,0
0,6,5,1,2,4,4,128.7661,35.8412,0,0,1,0,52,0,0
0,0,0,1,1,0,4,127.0276,37.4979,0,0,0,0,89,0,0
1,0,0,1,2,1,2,129.0398,35.3313,1,0,0,0,49,0,0
1,0,5,0,0,4,2,129.4304,35.5098,0,0,0,0,225,0,0
1,0,0,0,0,2,4,126.2262,33.2441,0,0,0,0,62,0,0
1,0,0,0,0,1,2,126.6126,33.4844,0,0,0,0,90,0,0
1,0,7,1,1,0,4,126.8369,36.8053,0,0,0,0,46,0,0
1,0,6,1,1,1,2,127.0176,36.1442,0,0,0,0,125,0,0
1,0,0,1,3,7,3,126.9978,35.0656,0,0,0,0,88,0,0
0,1,0,0,0,0,1,128.4004,36.0356,0,0,0,0,21,0,0
1,1,5,0,0,1,3,127.8093,35.0263,0,0,0,0,172,0,0
1,1,0,0,0,4,1,127.7972,37.2233,0,0,0,0,36,0,0
1,1,0,0,0,0,3,128.8393,35.084,0,0,0,0,206,0,0
1,1,3,1,2,0,6,128.807,35.108,0,0,0,0,86,0,0
1,1,6,1,1,0,2,129.334,35.4561,1,0,0,0,17,0,0
0,1,5,0,0,1,4,127.1969,37.5116,0,0,0,0,67,0,0
0,1,0,0,0,0,6,129.1928,35.8114,0,0,0,0,100,0,0
0,1,6,0,0,0,3,127.0091,36.7545,0,0,0,0,53,0,0
0,2,0,1,2,0,3,127.7512,37.8707,2,0,0,0,111,0,0
0,2,0,1,1,0,1,126.7476,37.4356,0,0,0,0,29,0,0
1,2,0,1,1,1,3,126.8211,35.4322,0,0,0,0,146,0,0
1,2,0,0,0,0,6,127.0672,37.7345,0,0,0,0,64,0,0
1,2,0,2,4,4,3,128.2629,35.9736,0,0,0,0,168,0,0
1,2,5,0,0,0,9,127.5654,37.4818,0,0,0,0,48,0,0
1,2,0,0,0,1,4,127.6648,38.059,0,0,0,0,218,0,0
1,2,0,0,0,1,9,126.6828,35.1619,0,0,0,0,135,0,0
1,2,0,0,0,1,2,128.5493,35.8972,1,0,0,0,112,0,0
0,3,5,0,0,0,2,128.8648,35.2112,1,0,0,0,13,0,0
0,3,0,0,0,1,1,128.9917,35.4162,0,0,0,0,49,0,0
0,3,0,0,0,1,1,128.4803,35.7456,0,0,0,0,30,0,0
0,3,0,0,0,0,1,128.206,36.4183,0,0,0,0,58,0,0
0,3,0,1,2,4,1,127.0341,37.2091,0,0,0,0,50,0,0
1,3,0,0,0,1,5,127.4726,37.7842,0,0,0,0,176,0,0
1,3,0,0,0,0,1,126.9271,37.3719,0,0,0,0,126,0,0
0,3,0,2,4,1,3,127.0227,36.7827,0,0,0,0,53,0,0
0,3,0,0,0,7,2,127.4103,37.7328,0,0,0,0,176,0,0
0,4,0,0,0,1,3,126.8462,37.3981,0,0,0,0,73,0,0
0,4,2,1,1,0,2,126.6837,37.4889,0,0,0,0,97,0,0
0,4,0,0,0,0,1,128.3458,36.1295,0,0,0,0,144,0,0
0,4,0,1,1,0,2,126.7341,37.6667,0,0,0,0,40,0,0
0,4,0,0,0,1,3,126.5763,36.8135,1,0,0,0,69,0,0
1,4,5,0,0,1,2,128.9158,35.9685,0,0,0,0,5,0,0
1,4,0,0,0,0,1,127.2514,37.8058,1,0,0,0,171,0,0
1,4,7,1,1,0,7,129.0836,35.2231,0,0,0,0,216,0,0
1,4,5,0,0,0,4,127.0713,37.5513,0,0,0,0,183,0,0
1,4,4,0,0,2,1,127.9868,37.4044,2,0,0,0,36,0,0
1,4,2,0,0,2,2,129.3428,37.1642,1,0,0,0,78,0,0
1,4,0,0,0,1,1,127.6927,36.397,0,0,0,0,142,0,0
0,4,6,1,1,0,2,126.7268,37.7311,0,0,0,0,175,0,0
0,5,0,0,0,0,1,127.0533,37.551,0,0,1,0,84,0,0
0,5,0,0,0,0,4,126.9667,35.946,0,0,1,0,125,0,0
1,5,6,1,1,0,5,129.3777,36.0066,0,0,1,0,160,0,0
1,5,0,0,0,3,3,126.9437,38.0374,0,0,1,0,106,0,0
0,5,0,0,0,1,1,126.2819,34.4287,0,0,1,0,71,0,0
0,6,0,0,0,0,1,126.8772,35.1937,0,0,1,0,137,0,0
0,6,6,1,1,0,6,126.9094,37.4925,0,0,1,0,93,0,0
1,6,0,0,0,0,4,127.3401,36.35,0,0,1,0,148,0,0
1,6,0,0,0,0,1,126.871,35.6276,0,0,1,0,12,0,0
1,6,5,0,0,0,6,128.7078,34.9629,1,0,1,0,15,0,0
1,6,0,0,0,0,1,128.8353,35.8211,0,0,1,0,52,0,0
1,6,0,2,4,0,1,128.194,36.9351,0,0,1,0,103,0,0
1,6,0,0,0,2,6,126.8651,37.8462,2,0,1,0,175,0,0
1,6,0,0,0,0,1,128.8952,36.0498,0,0,1,0,5,0,0
1,6,0,0,0,0,3,127.2205,37.5755,0,0,1,0,70,0,0
1,0,0,0,0,1,1,129.0099,37.1742,0,0,0,0,215,0,0
1,0,5,0,0,1,2,126.9135,37.3129,1,0,0,0,2,0,0
1,1,0,0,0,0,1,128.0952,35.1963,0,0,0,0,42,0,0
1,1,0,0,0,0,1,126.9976,37.17,0,0,0,0,50,0,0
1,1,2,0,0,0,4,128.7743,36.3103,0,0,0,0,105,0,0
1,1,0,0,0,1,5,127.1242,36.4608,0,0,0,0,19,0,0
1,1,0,2,4,0,1,127.0054,36.8087,0,0,0,0,53,0,0
1,1,0,2,4,4,3,126.3134,33.4602,0,0,0,0,90,0,0
0,2,0,0,0,2,2,127.0167,37.2807,0,0,0,0,99,0,0
0,2,0,0,0,0,2,126.8664,37.6336,0,0,0,0,40,0,0
1,2,0,0,0,1,1,127.3537,38.2466,0,0,0,0,184,0,0
0,2,0,0,0,0,2,126.7764,35.0694,1,0,0,0,190,0,0
0,2,0,0,0,0,2,127.1465,37.5077,1,0,0,0,156,0,0
1,3,0,0,0,0,3,128.2593,36.0767,0,0,0,0,76,0,0
1,3,0,0,0,1,2,128.7495,35.2584,0,0,0,0,13,0,0
1,3,0,0,0,1,4,128.8289,36.0241,0,0,0,0,5,0,0
1,3,0,0,0,1,2,128.2616,36.2106,0,0,0,0,144,0,0
1,3,6,1,1,1,7,127.661,37.2012,0,0,0,0,22,0,0
0,4,0,0,0,0,4,128.5864,35.2211,0,0,1,0,86,0,0
1,4,0,0,0,0,1,127.1785,35.4294,1,0,1,0,131,0,0
1,4,6,0,0,0,4,128.5621,35.8594,0,0,1,0,107,0,0
0,4,0,0,0,0,2,127.1915,36.7669,0,0,1,0,63,0,0
0,5,0,0,0,0,1,127.5088,36.9538,0,0,1,0,110,0,0
1,5,6,1,1,0,2,129.0043,35.2054,0,0,1,0,118,0,0
0,6,0,0,0,1,1,128.1197,37.2524,0,0,1,0,36,0,0
0,6,0,0,0,0,2,128.8117,35.1949,1,0,1,0,13,0,0
1,6,0,0,0,0,1,127.4726,38.1335,0,0,1,0,184,0,0
0,6,0,0,0,0,2,127.8929,37.3915,1,0,1,0,36,0,0
0,6,2,0,0,2,2,127.7381,36.2029,0,0,1,0,75,0,0
0,0,0,0,0,0,1,127.5528,34.9002,0,0,0,0,27,0,0
0,0,5,0,0,0,6,128.8738,35.2287,1,0,0,0,13,0,0
1,0,5,0,0,0,7,126.7999,37.8321,0,0,0,0,175,0,0
1,0,6,1,1,0,2,127.0478,36.462,2,0,0,0,19,0,0
0,0,0,0,0,1,3,128.1765,36.1361,0,0,0,0,76,0,0
0,1,0,0,0,0,1,127.2145,36.1499,0,0,0,0,61,0,0
1,1,0,0,0,0,7,126.6202,34.94,0,0,0,0,33,0,0
1,1,10,0,0,0,3,128.097,35.1328,0,0,0,0,42,0,0
0,1,0,0,0,0,1,128.7773,37.2421,0,0,0,0,198,0,0
0,1,0,0,0,0,3,127.594,34.8888,0,0,0,0,102,0,0
1,2,0,0,0,1,3,128.1437,35.4528,0,0,0,0,133,0,0
1,2,0,0,0,1,3,126.7381,37.4208,0,0,0,0,29,0,0
1,2,0,0,0,4,1,127.7337,34.7401,0,0,0,0,102,0,0
1,2,0,0,0,1,2,126.9011,35.2105,1,0,0,0,137,0,0
1,2,5,0,0,0,6,126.586,34.563,2,0,0,0,119,0,0
0,2,2,0,0,0,4,126.6955,34.901,1,0,0,0,16,0,0
0,2,0,0,0,0,1,128.5166,35.4589,0,0,0,0,211,0,0
0,3,0,0,0,0,2,127.3128,37.2456,1,0,0,0,51,0,0
1,3,0,0,0,0,5,128.5045,35.2392,0,0,0,0,86,0,0
1,3,0,0,0,0,1,126.8736,37.5214,0,0,0,0,140,0,0
1,3,5,2,4,0,2,126.8456,33.4382,0,0,0,0,62,0,0
1,3,0,0,0,0,3,127.1507,36.2692,0,0,0,0,61,0,0
0,3,5,0,0,4,6,127.724,38.1243,0,0,0,0,218,0,0
0,3,0,0,0,0,1,126.3785,33.4359,0,0,0,0,90,0,0
0,3,0,0,0,1,1,126.2406,33.3839,0,0,0,0,90,0,0
0,3,5,0,0,0,2,129.2483,35.5307,0,0,0,0,17,0,0
0,4,0,0,0,4,1,126.8721,37.5312,0,0,0,0,140,0,0
0,4,5,0,0,0,2,126.8389,37.6442,0,0,0,0,40,0,0
0,4,0,0,0,2,2,128.535,36.6013,0,0,0,0,66,0,0
1,4,0,1,2,1,7,126.9116,35.1808,0,0,0,0,137,0,0
1,4,8,1,1,1,7,126.6926,35.4361,0,0,0,0,219,0,0
1,4,0,0,0,4,1,128.626,35.2172,0,0,0,0,86,0,0
0,4,0,0,0,0,2,126.7465,36.6903,0,0,0,0,187,0,0
0,4,6,1,1,6,6,129.1089,35.127,0,0,0,0,180,0,0
0,4,3,1,2,2,5,126.8021,37.5277,0,0,0,0,65,0,0