주야,요일,법규위반,도로형태_대분류,도로형태,당사자종별_1당_대분류,당사자종별_2당_대분류,경도,위도,사고피해정도,도시여부,주말/공휴일,인구수,발생지번호,보행자의위치,무단횡단여부
0,4,0,0,0,2,2,127.8537,36.4528,0,0,0,0,32,0,0
0,4,0,2,4,0,1,126.9988,37.5097,0,0,0,0,214,0,0
0,5,0,0,0,0,1,127.7722,34.6654,0,0,1,0,102,0,0
1,5,2,1,1,3,2,126.2884,36.7314,0,0,1,0,169,0,0
1,5,0,0,0,8,1,127.0225,34.7167,0,0,1,0,122,0,0
1,5,0,0,0,7,6,128.6911,35.2332,0,0,1,0,86,0,0
1,5,7,1,1,0,4,127.3363,37.1804,0,0,1,0,51,0,0
0,5,7,1,1,0,4,127.1255,37.3962,0,0,1,0,95,0,0
0,5,6,1,1,0,4,126.9676,37.2471,0,0,1,0,99,0,0
0,5,0,0,0,0,6,129.0089,35.1073,0,0,1,0,226,0,0
0,6,0,0,0,0,1,127.0502,37.6744,0,0,1,0,18,0,0
0,6,6,1,1,6,2,128.6102,35.2522,0,0,1,0,86,0,0
1,6,6,1,1,1,6,127.0578,37.5776,0,0,1,0,201,0,0
0,6,0,1,1,4,1,127.0012,37.5857,0,0,1,0,116,0,0
0,0,0,1,1,0,4,127.3303,35.5458,0,0,0,0,152,0,0
1,1,9,1,1,7,2,128.7279,35.3118,0,0,0,0,13,0,0
1,1,6,1,1,0,2,129.3414,35.517,0,0,0,0,213,0,0
1,1,6,1,1,3,5,126.8364,35.1776,0,0,0,0,135,0,0
1,1,0,1,2,6,6,128.9707,35.0546,0,0,0,0,25,0,0
1,1,0,0,0,0,1,126.7553,36.8413,0,0,0,0,46,0,0
0,1,0,0,0,1,1,126.4809,34.9914,0,0,0,0,101,0,0
0,2,0,0,0,0,2,129.1004,35.1971,0,0,0,0,216,0,0
1,2,0,1,1,1,3,127.4805,35.0034,0,0,0,0,27,0,0
1,2,0,0,0,0,5,127.3442,35.3914,0,0,0,0,193,0,0
1,2,0,1,2,1,11,128.565,35.2218,0,0,0,0,86,0,0
0,2,3,0,0,4,3,128.1563,36.396,0,0,0,0,58,0,0
0,2,0,0,0,0,2,127.2679,37.0044,0,0,0,0,23,0,0
0,2,0,1,2,0,6,127.4861,36.5936,0,0,0,0,83,0,0
0,3,6,1,1,3,6,127.1121,36.8019,0,0,0,0,63,0,0
1,3,0,0,0,1,2,126.7042,37.5163,0,0,0,0,44,0,0
1,3,0,1,2,1,3,127.3401,37.2557,1,0,0,0,41,0,0
0,4,0,0,0,0,3,129.2541,35.507,0,0,0,0,17,0,0
0,4,0,0,0,4,1,128.5744,35.2028,0,0,0,0,86,0,0
1,4,0,0,0,1,1,128.6813,36.2431,1,0,0,0,105,0,0
1,4,5,0,0,0,2,128.4629,36.0476,1,0,0,0,21,0,0
1,4,0,1,1,2,5,126.7696,37.5106,0,0,0,0,65,0,0
1,4,5,0,0,0,4,126.4943,35.0489,0,0,0,0,157,0,0
0,5,0,0,0,6,1,126.9517,37.4129,0,0,1,0,151,0,0
0,5,0,1,1,1,2,129.4149,35.5884,0,0,1,0,158,0,0
1,5,0,0,0,4,1,126.5727,36.6027,0,0,1,0,38,0,0
0,6,0,1,2,0,4,126.6743,37.5055,0,0,1,0,97,0,0
0,6,0,0,0,0,1,127.4185,36.3636,0,0,1,0,77,0,0
0,6,0,0,0,0,1,129.0507,35.2511,0,0,1,0,96,0,0
0,6,0,1,2,0,2,127.4631,36.2903,0,0,1,0,80,0,0
1,6,0,0,0,0,6,128.7542,35.8723,0,0,1,0,26,0,0
0,6,0,1,1,6,1,127.3681,36.6606,0,0,1,0,83,0,0
0,0,5,0,0,1,6,127.0545,37.588,0,0,0,0,201,0,0
1,0,0,0,0,1,5,126.9596,35.9548,0,0,0,0,125,0,0
1,0,6,1,3,7,2,127.0855,37.1324,0,0,0,0,143,0,0
1,0,5,0,0,8,4,128.8773,35.7708,0,0,0,0,52,0,0
1,0,0,0,0,1,1,128.6416,35.9879,0,0,0,0,26,0,0
1,0,0,0,0,4,1,127.0929,37.1824,0,0,0,0,50,0,0
0,0,0,0,0,1,3,127.4227,36.4151,1,0,0,0,77,0,0
0,0,5,0,0,6,2,128.9934,35.0579,0,0,0,0,25,0,0
0,1,2,0,0,0,1,127.1285,35.8115,0,0,0,0,11,0,0
1,1,0,0,0,0,3,126.4938,34.9953,0,0,0,0,101,0,0
1,1,0,1,1,1,3,126.7962,34.3879,0,0,0,0,141,0,0
1,1,0,0,0,0,5,126.5391,35.5137,0,0,0,0,219,0,0
1,1,0,0,0,3,7,127.1467,36.8763,0,0,0,0,63,0,0
1,1,0,0,0,0,4,128.6253,35.8498,0,0,0,0,37,0,0
0,1,0,0,0,1,3,128.247,35.9927,0,0,0,0,168,0,0
1,2,8,1,1,0,2,126.8443,36.9735,0,0,0,0,14,0,0
0,2,0,0,0,0,3,127.1437,35.4224,0,0,0,0,131,0,0
0,3,0,0,0,1,1,127.0036,37.3127,0,0,0,0,99,0,0
0,3,0,0,0,0,1,126.7827,37.8222,0,0,0,0,175,0,0
0,3,0,0,0,0,7,127.1457,37.5216,0,0,0,0,67,0,0
0,3,0,1,1,0,2,127.0801,37.5728,0,0,0,0,196,0,0
0,4,0,0,0,0,1,126.7915,36.5783,0,0,0,0,187,0,0
1,4,0,1,2,0,1,127.8401,37.6656,0,0,0,0,82,0,0
0,4,0,0,0,1,2,127.0483,37.6964,1,0,0,0,64,0,0
0,4,5,0,0,1,2,126.5776,37.0056,0,0,0,0,46,0,0
0,5,0,0,0,4,1,127.0352,37.5715,0,0,1,0,84,0,0
0,5,4,0,0,0,2,127.084,36.7788,1,0,1,0,53,0,0
0,5,5,0,0,0,2,129.1654,35.1622,1,0,1,0,1,0,0
1,5,8,1,1,0,11,126.5835,36.3664,0,0,1,0,136,0,0
1,5,0,1,1,0,4,127.258,36.2741,0,0,1,0,223,0,0
1,5,0,0,0,4,2,126.5175,35.8959,0,0,1,0,166,0,0
0,6,2,0,0,0,1,127.0632,37.6142,0,0,1,0,167,0,0
1,6,0,1,1,0,4,127.0623,37.1581,0,0,1,0,143,0,0
0,6,0,0,0,0,12,126.2673,33.4025,0,0,1,0,90,0,0
0,6,0,0,0,1,6,127.2377,36.9439,1,0,1,0,23,0,0
0,6,2,1,3,0,2,127.0821,37.271,0,0,1,0,51,0,0
1,0,0,0,0,0,1,127.0872,34.6773,0,0,0,0,122,0,0
1,0,0,0,0,0,3,126.8055,37.6424,0,0,0,0,40,0,0
0,0,0,0,0,0,1,128.6308,36.0202,0,0,0,0,21,0,0
0,0,5,0,0,0,2,126.6646,36.6287,1,0,0,0,38,0,0
0,1,0,0,0,0,6,127.0537,36.811,0,0,0,0,53,0,0
1,1,3,0,0,5,7,129.0352,35.3581,0,0,0,0,49,0,0
1,1,9,0,0,1,3,127.2932,37.382,1,0,0,0,9,0,0
1,1,7,1,1,0,4,128.162,36.4101,0,0,0,0,58,0,0
0,1,0,0,0,2,3,127.7283,34.7448,0,0,0,0,102,0,0
1,2,0,0,0,1,1,127.3988,36.5303,0,1,0,0,229,0,0
1,2,5,0,0,1,11,127.6912,34.835,0,0,0,0,102,0,0
1,2,0,0,0,1,2,128.5068,35.2864,1,0,0,0,117,0,0
1,2,0,0,0,4,2,126.8014,37.4612,0,0,0,0,73,0,0
1,2,2,0,0,2,1,128.2937,37.0012,2,0,0,0,204,0,0
0,2,6,1,1,6,3,128.5307,35.8372,0,0,0,0,20,0,0
0,2,5,0,0,0,2,127.6506,34.7989,0,0,0,0,102,0,0
1,3,0,0,0,3,1,128.5389,36.5923,0,0,0,0,66,0,0
1,3,0,1,1,3,5,127.4909,36.6323,0,0,0,0,83,0,0
0,3,0,0,0,0,2,128.6203,35.8753,0,0,0,0,26,0,0
0,4,0,0,0,0,2,127.0613,37.1343,0,0,0,0,143,0,0
0,4,3,0,0,0,1,126.348,36.5164,0,0,0,0,169,0,0
1,4,0,0,0,1,1,126.4532,33.2834,0,0,0,0,62,0,0
1,4,0,1,1,1,1,127.3735,37.5229,0,0,0,0,48,0,0
1,4,6,1,1,6,2,126.6965,35.7297,0,0,0,0,185,0,0
1,4,5,0,0,1,3,127.0885,36.4502,1,0,0,0,19,0,0
0,4,0,0,0,0,2,127.1288,37.475,1,0,0,0,156,0,0
0,5,0,1,2,0,3,126.6035,36.3195,0,0,1,0,136,0,0
0,5,0,0,0,1,1,126.8519,35.2348,0,0,1,0,137,0,0
1,5,0,0,0,8,1,126.1734,34.4175,0,0,1,0,71,0,0
1,5,0,1,2,2,2,127.6524,35.9741,0,0,1,0,182,0,0
1,5,0,0,0,0,1,128.1302,36.0431,0,0,1,0,76,0,0
0,6,0,0,0,6,6,127.3915,36.3215,0,0,1,0,39,0,0
0,6,0,0,0,0,1,127.4886,35.1924,0,0,1,0,161,0,0
0,0,0,0,0,4,1,126.9011,37.4039,0,0,0,0,151,0,0
0,0,0,0,0,0,3,126.8681,35.9111,0,0,0,0,125,0,0
1,0,0,0,0,0,1,127.2968,36.8984,0,0,0,0,60,0,0
1,0,0,0,0,3,5,128.3469,36.1338,0,0,0,0,144,0,0
1,0,4,0,0,7,1,126.6832,37.7044,0,0,0,0,175,0,0
1,0,7,1,1,0,4,126.6621,36.6044,0,0,0,0,38,0,0
1,0,5,0,0,0,2,127.0267,36.1631,1,0,0,0,61,0,0
1,0,0,0,0,1,2,128.5647,38.2066,1,0,0,0,104,0,0
1,0,2,1,2,1,7,128.8802,35.584,0,0,0,0,177,0,0
0,1,0,0,0,0,2,126.5799,37.4918,0,0,0,0,72,0,0
0,1,0,0,0,0,2,126.9361,35.1594,0,0,0,0,162,0,0
1,1,5,0,0,0,6,127.1799,36.7719,1,0,0,0,63,0,0
1,1,0,1,2,4,1,127.4468,37.3283,0,0,0,0,41,0,0
1,1,7,1,1,6,3,126.8872,37.803,0,0,0,0,175,0,0
1,1,7,1,1,4,2,126.5674,33.524,0,0,0,0,90,0,0
1,1,0,0,0,3,1,127.1076,38.1849,0,0,0,0,106,0,0
1,1,0,0,0,1,11,127.0684,35.917,1,0,0,0,28,0,0
0,1,5,1,2,6,6,127.1381,37.5338,0,0,0,0,91,0,0
0,2,6,1,1,0,2,129.1754,35.1748,0,0,1,0,1,0,0
0,2,0,1,2,0,1,127.7295,36.4763,0,0,1,0,32,0,0
0,2,3,0,0,0,4,126.9177,37.5696,0,0,1,0,195,0,0
1,2,0,1,2,0,1,128.7093,35.3516,0,0,1,0,86,0,0
0,2,0,0,0,4,1,129.1352,35.2198,0,0,1,0,1,0,0
0,2,7,1,1,0,5,127.0986,36.1244,0,0,1,0,61,0,0
1,3,0,1,1,1,7,127.0837,35.9178,0,0,0,0,28,0,0
1,3,5,0,0,8,3,127.8115,35.7757,0,0,0,0,154,0,0
0,3,0,0,0,1,2,126.5639,33.4944,1,0,0,0,90,0,0
0,3,0,1,1,8,2,126.9007,34.7254,0,0,0,0,56,0,0
0,4,0,0,0,4,1,126.6536,37.4682,0,0,0,0,29,0,0
1,4,8,1,1,0,5,126.8482,35.5793,0,0,0,0,12,0,0
0,4,0,2,4,0,3,128.3787,35.867,0,0,0,0,168,0,0
1,5,5,0,0,0,3,126.951,37.7336,0,0,1,0,59,0,0
1,5,0,1,1,7,9,127.1712,37.5572,0,0,1,0,91,0,0
1,5,0,1,1,6,1,129.3752,36.553,0,0,1,0,54,0,0
1,5,0,1,2,1,2,127.2282,36.2455,0,0,1,0,61,0,0
1,5,3,0,0,1,4,129.2683,35.411,0,0,1,0,17,0,0
1,5,0,0,0,7,3,129.0893,35.2265,0,0,1,0,96,0,0
1,5,5,0,0,0,2,127.1321,37.2031,0,0,1,0,50,0,0
0,5,3,0,0,0,6,126.7951,36.6882,0,0,1,0,187,0,0
0,5,0,0,0,4,1,128.8822,35.9286,0,0,1,0,5,0,0
0,6,0,0,0,0,1,126.9987,36.7525,0,0,1,0,53,0,0
1,6,0,0,0,0,1,126.8425,37.5271,0,0,1,0,43,0,0
1,6,6,1,1,0,2,128.1265,36.6876,0,0,1,0,74,0,0
1,6,0,0,0,6,1,128.6334,35.2213,0,0,1,0,86,0,0
0,6,5,0,0,1,7,126.753,35.0305,0,0,1,0,33,0,0
0,6,0,0,0,6,1,127.519,37.4116,0,0,1,0,22,0,0
0,6,6,1,2,0,2,127.1025,37.3085,1,0,1,0,51,0,0
0,0,6,1,1,6,2,126.9552,37.3782,0,0,0,0,151,0,0
0,0,0,0,0,0,3,127.0847,37.1426,0,0,0,0,14,0,0
0,0,0,0,0,0,3,127.1635,35.9269,0,0,0,0,28,0,0
0,0,0,0,0,1,3,126.8253,37.6048,0,0,0,0,40,0,0
1,0,6,1,1,1,2,126.5048,37.4859,0,0,0,0,72,0,0
1,0,0,0,0,9,1,127.3214,34.5352,0,0,0,0,191,0,0
0,0,0,0,0,0,11,127.2132,36.8949,0,0,0,0,63,0,0
0,0,0,0,0,1,1,129.1855,36.5132,0,0,0,0,128,0,0
0,1,0,0,0,4,1,127.0613,37.7201,0,0,0,0,64,0,0
0,1,0,1,2,0,9,129.3826,36.0022,0,0,0,0,160,0,0
1,1,0,1,2,7,9,127.065,37.5945,0,0,0,0,201,0,0
1,1,3,0,0,7,2,126.9633,36.0977,0,0,0,0,125,0,0
1,1,3,0,0,1,2,126.957,35.255,0,0,0,0,181,0,0
1,1,5,0,0,1,3,127.1069,35.0635,0,0,0,0,88,0,0
1,1,0,0,0,1,1,126.9902,35.8637,0,0,0,0,34,0,0
1,1,0,1,1,1,4,128.4101,35.649,0,0,0,0,30,0,0
0,2,0,0,0,0,5,128.5316,35.8054,0,0,0,0,20,0,0
1,2,0,1,1,1,6,127.2771,37.4778,2,0,0,0,9,0,0
1,2,0,0,0,4,3,128.6763,36.5264,0,0,0,0,66,0,0
1,2,0,0,0,1,3,127.481,36.6548,0,0,0,0,83,0,0
1,2,0,0,0,1,3,128.1871,35.0857,0,0,0,0,42,0,0
0,2,0,0,0,6,1,126.7444,35.7292,0,0,0,0,185,0,0
0,2,2,1,2,0,2,127.0592,37.4762,0,0,0,0,89,0,0
0,3,0,0,0,4,1,127.1387,37.4196,0,0,0,0,95,0,0
0,3,0,0,0,1,1,126.3522,34.4369,0,0,0,0,71,0,0
1,3,3,0,0,0,2,128.7006,37.6792,0,0,0,0,24,0,0
1,3,6,1,2,3,2,129.1635,35.4034,0,0,0,0,49,0,0
0,3,0,0,0,1,3,126.7537,37.5725,0,0,0,0,7,0,0
0,3,6,1,3,4,4,127.0231,37.6335,0,0,0,0,200,0,0
0,4,0,1,2,0,11,128.2277,37.1202,0,0,0,0,103,0,0
0,4,5,0,0,0,2,128.6993,35.1811,1,0,0,0,86,0,0
1,4,0,0,0,1,3,126.9467,36.5753,1,0,0,0,19,0,0
0,4,0,0,0,5,2,127.2933,35.6192,0,0,0,0,152,0,0
0,4,0,0,0,4,1,129.2103,35.213,0,0,0,0,85,0,0
0,4,0,0,0,6,1,126.8798,35.905,0,0,0,0,34,0,0
1,5,2,1,1,0,7,127.0754,37.0097,0,0,1,0,14,0,0
1,5,6,1,1,4,9,127.1265,36.7346,0,0,1,0,63,0,0
0,5,8,1,1,1,6,129.4316,35.9898,2,0,1,0,160,0,0
0,6,0,0,0,6,1,127.4351,36.3418,0,0,1,0,80,0,0
1,6,0,0,0,4,1,128.7168,35.3929,0,0,1,0,177,0,0
1,6,0,1,1,5,1,127.0104,36.911,0,0,1,0,53,0,0
1,6,3,0,0,6,2,127.728,34.7413,0,0,1,0,102,0,0
0,6,0,1,1,0,4,126.7984,36.466,0,0,1,0,174,0,0
0,6,0,1,2,1,6,127.4026,34.8413,1,0,1,0,122,0,0
0,6,0,1,1,4,3,127.0438,37.5669,0,0,1,0,84,0,0
0,0,0,0,0,0,3,126.9065,37.5355,0,0,0,0,150,0,0
0,0,6,1,1,0,7,127.0185,37.6199,0,0,0,0,200,0,0
1,0,0,0,0,1,2,127.2636,36.4676,0,1,0,0,229,0,0
1,0,0,0,0,0,2,126.8232,37.6049,1,0,0,0,40,0,0
1,0,5,1,1,0,4,127.9711,37.3389,0,0,0,0,36,0,0
1,0,0,2,4,1,1,127.0197,34.8002,0,0,0,0,122,0,0
1,0,6,1,1,6,3,127.5017,37.4877,0,0,0,0,48,0,0
1,0,0,1,2,1,8,128.4398,36.3497,0,0,0,0,105,0,0
0,1,0,1,2,4,1,129.1188,35.1749,0,0,0,0,45,0,0
0,1,6,1,1,1,2,126.7381,37.33,0,0,0,0,73,0,0
1,1,0,0,0,1,2,126.9784,37.5666,1,0,0,0,2,0,0
1,1,0,0,0,0,1,129.1036,36.5278,0,0,0,0,203,0,0
0,1,0,0,0,1,3,126.1595,35.0061,0,0,0,0,132,0,0
0,2,0,0,0,0,1,126.2644,34.5643,0,0,0,0,71,0,0
1,2,3,0,0,1,3,126.7571,37.3663,1,0,0,0,73,0,0
1,2,0,1,1,2,5,126.8028,35.1423,0,0,0,0,135,0,0
1,2,6,1,1,4,9,126.5322,36.6795,0,0,0,0,69,0,0
1,2,0,1,1,1,5,128.7377,35.5048,0,0,0,0,177,0,0
1,2,0,0,0,1,3,128.7753,35.2631,0,0,0,0,13,0,0
1,2,0,1,2,4,6,127.0156,37.6576,0,0,0,0,98,0,0
0,2,0,0,0,1,5,127.1015,35.4524,0,0,0,0,131,0,0
0,2,3,0,0,4,6,127.0376,37.7612,0,0,0,0,64,0,0
0,3,2,1,2,0,6,128.908,37.7706,0,0,0,0,194,0,0
1,3,0,0,0,0,1,128.5612,36.2056,0,0,0,0,170,0,0
1,3,0,0,0,1,3,127.221,35.7497,0,0,0,0,28,0,0
0,3,3,0,0,1,2,128.9729,35.1525,0,0,0,0,120,0,0
0,3,0,0,0,1,1,126.7488,34.9857,0,0,0,0,33,0,0
0,4,6,1,1,1,7,126.9826,37.5661,0,0,0,0,8,0,0
0,4,0,1,2,0,3,126.9165,37.1139,0,0,0,0,50,0,0
0,4,0,0,0,0,3,127.06,37.7258,0,0,0,0,64,0,0
1,4,0,1,2,1,5,126.4583,34.9999,0,0,0,0,101,0,0
1,4,0,1,1,0,4,128.4229,34.8259,0,0,0,0,212,0,0
1,4,0,0,0,0,4,126.9776,37.6109,0,0,0,0,116,0,0
1,4,0,0,0,4,2,127.7687,37.8716,0,0,0,0,111,0,0
0,4,10,0,0,1,4,126.9191,37.0627,0,0,0,0,14,0,0
0,4,8,1,1,4,6,127.1483,36.498,0,0,0,0,19,0,0
0,4,0,1,1,0,4,127.0259,37.5675,0,0,0,0,84,0,0
0,5,5,0,0,2,2,127.357,38.0168,0,0,1,0,171,0,0
0,5,0,0,0,0,2,127.1144,37.2917,1,0,1,0,51,0,0
0,5,6,1,1,0,4,129.2209,35.2454,0,0,1,0,85,0,0
1,5,6,1,1,4,3,126.7347,37.3452,0,0,1,0,73,0,0
1,5,2,1,2,0,3,126.7866,36.9549,2,0,1,0,46,0,0
1,5,0,0,0,1,3,127.8793,36.9207,2,0,1,0,6,0,0
0,5,0,0,0,1,9,128.7969,36.5317,0,0,1,0,66,0,0
0,6,0,0,0,0,2,128.5425,35.2382,0,0,1,0,86,0,0
0,6,0,0,0,0,1,127.7577,36.2362,0,0,1,0,75,0,0
0,6,0,0,0,4,1,128.612,34.8943,0,0,1,0,15,0,0
1,6,6,1,1,0,7,126.9117,37.5542,0,0,1,0,159,0,0
1,6,0,0,0,0,1,126.8554,35.9814,0,0,1,0,166,0,0
0,6,0,1,2,0,5,128.8846,35.2312,0,0,1,0,13,0,0
1,0,0,1,2,0,3,128.5071,35.8355,0,0,0,0,20,0,0
1,0,5,2,4,1,3,127.8162,35.1091,0,0,0,0,172,0,0
1,0,10,1,2,0,4,127.0406,37.4676,0,0,0,0,214,0,0
0,0,0,0,0,0,1,127.4703,37.1913,0,0,0,0,41,0,0
0,0,0,0,0,1,5,127.0936,37.4919,0,0,0,0,89,0,0
0,1,0,0,0,0,3,127.1124,37.5429,0,0,0,0,91,0,0
0,1,3,0,0,1,4,126.8045,35.1975,0,0,0,0,135,0,0
0,1,0,0,0,6,1,126.7284,36.0843,0,0,0,0,10,0,0
0,1,5,0,0,1,3,128.4471,36.2604,0,0,0,0,170,0,0
0,1,0,0,0,1,4,127.3325,36.299,0,0,0,0,4,0,0
0,2,0,1,1,0,1,126.9933,37.906,0,0,0,0,59,0,0
1,2,6,1,3,0,5,128.9908,35.1968,0,0,0,0,118,0,0
1,2,6,1,2,0,2,127.431,37.2437,0,0,0,0,41,0,0
1,2,0,0,0,4,1,126.8967,37.4511,0,0,0,0,109,0,0
1,2,6,1,2,4,3,126.6637,37.6044,0,0,0,0,97,0,0
0,2,3,0,0,1,8,128.0399,38.1181,0,0,0,0,115,0,0
1,3,10,0,0,7,6,127.0883,37.556,0,0,0,0,183,0,0
1,3,8,1,1,6,3,128.4568,35.8266,0,0,0,0,220,0,0
1,3,0,0,0,4,2,126.4439,36.8279,0,0,0,0,69,0,0
1,3,5,0,0,0,2,128.6432,37.3856,0,0,0,0,198,0,0
1,3,0,0,0,4,1,128.1992,38.1106,0,0,0,0,124,0,0
0,3,0,1,2,4,1,128.804,35.8761,0,0,0,0,52,0,0
0,4,0,0,0,1,2,126.8554,37.6674,2,0,0,0,40,0,0
0,5,0,0,0,0,11,127.4037,36.4441,0,0,1,0,77,0,0
1,5,5,1,1,0,3,126.9784,37.5666,0,0,1,0,2,0,0
1,5,5,0,0,1,3,128.1174,36.4154,1,0,1,0,58,0,0
1,5,0,2,4,2,1,128.9338,36.9165,1,0,1,0,149,0,0
1,5,0,0,0,0,1,126.4994,37.6447,0,0,1,0,92,0,0
0,6,0,1,2,0,2,126.7719,37.5203,0,0,1,0,65,0,0
1,6,6,1,1,4,2,127.4904,36.6604,0,0,1,0,83,0,0
0,6,0,0,0,4,1,126.6142,36.1266,0,0,1,0,10,0,0
1,0,0,0,0,1,1,128.4712,36.0959,1,0,0,0,144,0,0
1,0,5,0,0,1,2,126.2952,36.6771,0,0,0,0,169,0,0
1,0,6,1,1,4,2,128.8045,35.3271,0,0,0,0,13,0,0
1,0,0,0,0,9,1,126.7577,34.9465,0,0,0,0,33,0,0
1,0,6,1,1,1,4,126.7284,37.5302,0,0,0,0,7,0,0
0,0,5,1,2,7,3,126.8364,35.5514,0,0,0,0,12,0,0
0,0,0,1,2,1,1,127.1193,35.7547,0,0,0,0,11,0,0
0,1,0,0,0,1,2,126.471,36.7707,0,0,0,0,69,0,0
0,1,2,1,1,0,5,127.385,35.4048,0,0,0,0,193,0,0
1,1,0,0,0,1,3,128.6521,36.7769,0,0,0,0,113,0,0
0,1,3,0,0,7,3,128.7386,35.8139,0,0,0,0,52,0,0
0,2,0,2,4,1,1,127.7722,36.1682,0,0,0,0,75,0,0
1,2,0,1,1,2,3,127.5158,37.2543,0,0,0,0,41,0,0
1,2,3,0,0,6,3,127.6417,37.1181,0,0,0,0,110,0,0
1,2,7,1,1,0,5,128.1535,36.4191,0,0,0,0,58,0,0
1,2,0,1,1,1,6,126.9835,36.786,0,0,0,0,53,0,0
0,3,6,1,1,4,2,127.3446,36.3621,0,0,0,0,148,0,0
0,3,0,1,2,0,1,127.4008,36.6796,0,0,0,0,83,0,0
0,3,0,1,2,0,2,127.1268,37.496,0,0,0,0,156,0,0
0,3,0,1,1,0,2,126.9785,37.5656,1,0,0,0,2,0,0
1,3,5,0,0,7,2,128.5817,35.8812,0,0,0,0,112,0,0
1,3,0,0,0,6,1,126.2582,36.8144,0,0,0,0,169,0,0
1,3,0,0,0,1,1,127.4102,34.6158,0,0,0,0,191,0,0
0,3,3,0,0,0,1,127.7476,36.9323,0,0,0,0,110,0,0
0,3,6,1,1,0,6,128.3349,34.9688,0,0,0,0,87,0,0
1,4,0,0,0,1,8,126.7938,35.1802,0,0,0,0,135,0,0
0,4,0,0,0,0,6,126.7317,35.118,1,0,0,0,135,0,0
1,5,0,0,0,0,1,128.344,36.9766,0,0,1,0,204,0,0
1,5,5,0,0,1,2,129.358,35.5157,0,0,1,0,213,0,0
1,5,8,1,1,0,6,127.6281,34.8075,1,0,1,0,102,0,0
1,5,0,0,0,1,7,128.0649,34.9676,0,0,1,0,57,0,0
1,5,0,1,1,3,7,126.7219,35.0356,0,0,1,0,33,0,0
1,5,0,0,0,0,1,128.6825,35.5339,0,0,1,0,177,0,0
1,5,6,1,1,6,2,127.121,37.2029,0,0,1,0,50,0,0
0,5,6,1,1,0,4,127.1305,37.3755,0,0,1,0,95,0,0
1,6,0,0,0,4,1,127.3064,35.2978,0,0,1,0,147,0,0
1,6,2,0,0,0,2,127.5709,36.779,0,0,1,0,138,0,0
0,6,0,0,0,1,1,129.0605,37.6146,0,0,1,0,194,0,0
0,6,0,0,0,6,1,128.0452,35.0239,0,0,1,0,57,0,0
0,6,0,1,1,0,3,126.7384,37.2122,0,0,1,0,50,0,0
0,0,0,0,0,0,3,126.981,36.9954,0,0,0,0,14,0,0
0,0,0,1,2,3,1,127.6992,36.4991,0,0,0,0,32,0,0
0,0,0,1,1,2,12,127.9778,37.4715,0,0,0,0,31,0,0
0,0,0,0,0,0,2,126.8792,35.1492,0,0,0,0,222,0,0
1,1,0,0,0,0,1,126.864,37.3992,0,0,0,0,73,0,0
1,1,0,0,0,1,1,128.7722,37.4843,0,0,0,0,198,0,0
1,1,0,0,0,7,1,127.8216,35.8815,0,0,0,0,182,0,0
0,1,5,0,0,4,3,129.5771,36.0501,0,0,0,0,160,0,0
0,2,0,1,1,4,1,128.6019,35.8877,0,0,0,0,112,0,0
0,2,3,0,0,0,3,127.087,37.6766,0,0,0,0,18,0,0
1,2,5,0,0,3,9,128.6831,36.5543,0,0,0,0,66,0,0
1,2,0,0,0,0,3,129.1692,35.6567,0,0,0,0,17,0,0
1,2,5,0,0,0,3,127.012,36.1516,0,0,0,0,61,0,0
1,2,0,0,0,6,1,128.187,35.0811,0,0,0,0,42,0,0
1,2,7,1,1,0,5,126.5415,35.2362,0,0,0,0,127,0,0
1,2,0,0,0,0,1,126.88,37.6871,0,0,0,0,40,0,0
0,2,5,0,0,0,4,128.4176,34.8461,0,0,0,0,212,0,0
0,3,5,0,0,6,2,127.08,37.57,0,0,0,0,183,0,0
0,3,0,0,0,1,2,126.8894,37.0574,0,0,0,0,14,0,0
1,3,0,0,0,0,1,127.007,38.0139,0,0,0,0,106,0,0
1,4,6,1,1,7,2,126.8377,37.3283,0,0,0,0,2,0,0
1,4,0,0,0,0,2,127.8871,37.6962,0,0,0,0,82,0,0
1,4,0,2,4,6,1,126.9731,37.5049,0,0,0,0,93,0,0
1,4,0,0,0,4,1,127.0704,36.7846,0,0,0,0,53,0,0
1,4,0,0,0,1,1,128.838,35.2042,0,0,0,0,13,0,0
1,4,5,0,0,0,4,128.7633,35.6145,0,0,0,0,3,0,0
0,4,0,0,0,0,2,127.6525,35.976,0,0,0,0,182,0,0
0,4,3,0,0,4,3,126.8951,37.4388,0,0,0,0,81,0,0
0,4,5,0,0,6,2,127.0399,37.6629,0,0,0,0,98,0,0
0,5,0,0,0,0,1,127.3108,37.9219,0,0,1,0,171,0,0
0,5,0,0,0,4,1,126.7142,37.7264,0,0,1,0,175,0,0
0,5,0,0,0,1,3,127.1065,36.7968,0,0,1,0,53,0,0
1,5,0,0,0,0,1,128.2444,36.6999,0,0,1,0,74,0,0
1,5,6,1,1,4,2,127.9283,36.9935,0,0,1,0,6,0,0
1,5,0,0,0,0,1,128.4508,37.3458,0,0,1,0,24,0,0
0,5,0,1,1,0,2,128.4723,35.8736,1,0,1,0,30,0,0
0,5,0,0,0,0,4,128.6659,35.2055,0,0,1,0,86,0,0
0,6,0,0,0,0,1,128.6237,38.069,0,0,1,0,164,0,0
1,6,0,0,0,0,1,129.2185,35.8901,0,0,1,0,100,0,0