주야,요일,법규위반,도로형태_대분류,도로형태,당사자종별_1당_대분류,당사자종별_2당_대분류,경도,위도,사고피해정도,도시여부,주말/공휴일,인구수,발생지번호,보행자의위치,무단횡단여부
1,6,0,0,0,4,1,128.3298,36.0504,0,0,1,0,21,0,0
1,0,0,1,1,1,3,126.4793,34.8473,1,0,0,0,101,0,0
1,0,5,0,0,1,3,127.5189,35.6977,1,0,0,0,155,0,0
0,0,6,1,1,2,7,127.0289,37.2919,1,0,0,0,99,0,0
0,1,0,0,0,0,1,128.7333,35.8406,1,0,0,0,52,0,0
1,1,10,0,0,4,2,126.9287,36.9826,0,0,0,0,14,0,0
1,1,0,0,0,6,1,128.0827,34.9385,0,0,0,0,57,0,0
1,1,6,1,1,4,6,126.8394,35.5705,0,0,0,0,12,0,0
1,1,0,0,0,0,3,127.4038,36.597,1,0,0,0,83,0,0
1,1,0,0,0,8,1,127.1512,35.5263,0,0,0,0,152,0,0
0,1,5,0,0,4,2,126.9286,35.1327,0,0,0,0,162,0,0
0,1,0,0,0,1,3,126.5405,36.7958,0,0,0,0,69,0,0
0,1,0,0,0,0,2,129.074,35.3074,0,0,0,0,49,0,0
0,1,3,0,0,1,2,127.1769,37.5547,1,0,0,0,91,0,0
0,1,0,0,0,0,1,128.5339,36.8789,0,0,0,0,113,0,0
0,2,0,0,0,0,2,126.9579,37.3796,0,0,0,0,151,0,0
1,2,0,1,1,0,5,128.8965,37.7572,0,0,0,0,194,0,0
1,2,0,0,0,0,1,126.7958,37.7584,0,0,0,0,175,0,0
0,2,0,0,0,0,5,129.0499,35.1301,0,0,0,0,209,0,0
0,2,0,1,2,0,1,127.1519,37.2795,0,0,0,0,51,0,0
0,3,8,1,1,1,3,126.7434,37.3267,0,0,0,0,73,0,0
1,3,3,0,0,0,3,127.2499,37.9704,0,0,0,0,171,0,0
1,3,0,0,0,0,3,126.9321,36.3644,0,0,0,0,174,0,0
1,3,0,0,0,8,1,126.9003,34.9578,0,0,0,0,88,0,0
1,3,0,0,0,1,1,127.793,36.0098,0,0,0,0,182,0,0
1,3,5,2,4,0,3,128.9258,36.3436,1,0,0,0,66,0,0
1,3,0,0,0,0,5,126.7617,37.7602,0,0,0,0,175,0,0
1,3,0,1,2,4,1,128.5298,35.3818,0,0,0,0,117,0,0
1,3,0,1,1,4,1,127.3532,36.3052,0,0,0,0,4,0,0
0,4,0,1,2,1,1,127.0441,37.0107,0,0,0,0,14,0,0
1,4,0,0,0,1,3,127.0411,36.1454,0,0,0,0,61,0,0
1,4,0,0,0,1,1,129.0472,37.0541,0,0,0,0,149,0,0
1,4,7,1,1,4,6,126.9164,36.9808,0,0,0,0,14,0,0
1,4,0,1,1,1,2,129.4805,35.7413,1,0,0,0,100,0,0
1,4,0,1,2,4,2,127.4342,35.7676,0,0,0,0,192,0,0
1,4,2,0,0,0,1,127.303,37.8921,1,0,0,0,171,0,0
0,5,0,1,3,0,2,126.8576,35.1729,1,0,1,0,137,0,0
0,5,0,0,0,1,1,127.1043,36.5036,0,0,1,0,19,0,0
1,5,0,0,0,0,1,127.5707,36.2033,0,0,1,0,68,0,0
1,5,0,0,0,0,1,126.4076,37.4907,0,0,1,0,72,0,0
1,5,5,0,0,6,6,126.8808,36.8426,0,0,1,0,53,0,0
0,5,0,0,0,4,1,128.7614,35.2471,0,0,1,0,13,0,0
0,6,0,0,0,0,1,127.4602,37.2007,0,0,1,0,41,0,0
0,6,0,1,2,0,7,126.9766,37.3972,0,0,1,0,151,0,0
0,6,0,0,0,4,1,129.0181,35.1523,0,0,1,0,163,0,0
1,6,0,1,1,0,8,126.4254,37.6477,0,0,1,0,92,0,0
1,6,0,0,0,0,5,126.9831,37.2865,0,0,1,0,99,0,0
1,6,0,0,0,2,2,129.2727,35.5495,2,0,1,0,213,0,0
1,6,2,0,0,4,3,127.6589,37.5174,0,0,1,0,48,0,0
1,6,6,1,1,0,6,127.8187,36.9754,1,0,1,0,6,0,0
0,0,0,0,0,1,9,126.7664,37.7294,0,0,0,0,175,0,0
1,0,0,0,0,8,1,126.9086,35.2876,0,0,0,0,181,0,0
1,0,0,0,0,0,2,127.2757,36.2373,1,0,0,0,61,0,0
1,0,3,1,2,0,3,126.7173,37.1926,0,0,0,0,50,0,0
1,0,0,0,0,1,1,129.1568,35.4344,0,0,0,0,49,0,0
1,0,0,0,0,0,1,127.0807,37.1633,0,0,0,0,50,0,0
0,0,0,0,0,0,1,127.7638,37.9234,0,0,0,0,111,0,0
0,0,0,1,1,0,1,126.9973,35.23,0,0,0,0,181,0,0
1,1,5,0,0,7,2,126.9872,35.9593,0,0,0,0,125,0,0
1,1,5,1,2,7,2,126.7518,35.0659,0,0,0,0,33,0,0
1,1,0,1,1,3,5,126.593,36.3516,0,0,0,0,136,0,0
0,2,6,1,1,4,3,127.0383,37.2829,0,0,0,0,99,0,0
0,2,0,1,2,0,1,128.5822,35.8776,0,0,0,0,178,0,0
0,2,0,0,0,0,9,128.4602,34.8897,0,0,0,0,212,0,0
0,2,0,1,1,1,2,129.0821,35.1753,1,0,0,0,221,0,0
1,2,2,0,0,1,3,128.9678,35.2292,0,0,0,0,13,0,0
1,2,5,0,0,4,2,127.4671,37.5225,0,0,0,0,48,0,0
0,3,5,1,1,0,6,127.1702,35.9238,0,0,0,0,28,0,0
1,3,0,0,0,5,3,126.8774,35.1906,0,0,0,0,137,0,0
0,3,6,1,1,1,4,128.0948,36.1278,0,0,0,0,76,0,0
0,3,0,0,0,0,7,127.8151,35.0105,0,0,0,0,172,0,0
1,4,8,1,1,9,3,126.7192,35.7655,0,0,0,0,185,0,0
1,4,0,0,0,1,2,127.1359,36.7268,0,0,0,0,63,0,0
1,4,7,1,1,1,5,128.1108,36.3207,0,0,0,0,58,0,0
0,4,0,0,0,0,7,126.4314,34.9054,0,0,0,0,101,0,0
0,5,0,0,0,6,1,128.3211,36.1342,0,0,1,0,144,0,0
0,5,0,0,0,0,1,128.6294,35.8854,0,0,1,0,26,0,0
0,5,5,0,0,4,3,127.684,36.6084,0,0,1,0,83,0,0
0,6,0,0,0,0,3,127.6481,34.7365,1,0,1,0,102,0,0
0,0,0,1,3,7,2,127.1386,37.5339,0,0,0,0,91,0,0
1,0,0,0,0,0,1,126.8562,37.7876,0,0,0,0,175,0,0
1,0,0,1,3,1,5,128.7573,35.8191,0,0,0,0,52,0,0
1,0,0,0,0,0,1,126.4884,33.2901,0,0,0,0,62,0,0
1,0,0,0,0,7,1,127.1999,37.5132,0,0,0,0,67,0,0
1,0,0,0,0,4,1,128.2979,35.5487,0,0,0,0,133,0,0
1,0,0,1,1,3,8,127.1271,36.753,0,0,0,0,63,0,0
0,0,0,0,0,4,1,128.4119,35.9203,0,0,0,0,21,0,0
0,0,0,0,0,8,1,127.1869,38.022,0,0,0,0,171,0,0
0,0,0,0,0,4,1,126.7144,37.3823,0,0,0,0,29,0,0
0,0,0,0,0,0,11,127.1824,35.8176,0,0,0,0,11,0,0
0,0,0,1,1,0,1,128.4819,35.8432,0,0,0,0,20,0,0
0,0,6,1,1,0,7,126.8175,35.1794,0,0,0,0,135,0,0
0,1,5,0,0,0,2,127.9895,37.8036,1,0,0,0,82,0,0
1,1,5,0,0,7,6,127.3535,36.3052,0,0,0,0,4,0,0
1,1,0,0,0,0,1,127.0131,37.4783,0,0,0,0,214,0,0
1,1,0,0,0,0,6,129.1249,35.1883,1,0,0,0,1,0,0
0,1,5,0,0,0,2,127.6064,37.0729,0,0,0,0,110,0,0
0,2,0,0,0,0,6,126.9898,37.5065,0,0,0,0,214,0,0
1,2,3,0,0,0,3,126.4334,33.4448,0,0,0,0,90,0,0
1,2,0,0,0,3,5,128.6435,35.8837,0,0,0,0,26,0,0
1,2,0,0,0,1,8,128.2133,36.1572,0,0,0,0,76,0,0
0,3,6,1,1,4,3,127.0813,36.2091,0,0,0,0,61,0,0
1,3,8,1,1,4,6,126.9828,36.4024,0,0,0,0,174,0,0
1,3,6,1,1,4,2,128.965,35.0855,0,0,0,0,25,0,0
1,3,6,1,1,7,2,127.8164,35.6311,0,0,0,0,108,0,0
1,3,0,0,0,0,2,127.0264,35.8211,1,0,0,0,28,0,0
1,3,0,1,2,4,1,129.312,35.4256,0,0,0,0,17,0,0
1,3,0,1,1,1,6,126.3219,35.0996,0,0,0,0,101,0,0
0,3,3,1,2,6,2,127.0246,35.8297,0,0,0,0,28,0,0
0,3,2,1,1,0,4,126.9846,37.0801,0,0,0,0,50,0,0
0,3,0,0,0,1,3,127.8043,36.4552,0,0,0,0,32,0,0
1,4,0,0,0,4,1,129.1351,35.2199,0,0,0,0,1,0,0
1,4,0,0,0,9,1,126.1464,34.7188,0,0,0,0,132,0,0
1,4,0,0,0,1,1,128.3864,36.7569,0,0,0,0,55,0,0
0,4,0,0,0,6,1,127.3733,34.6689,0,0,0,0,191,0,0
0,4,6,1,1,4,2,126.7496,37.4493,0,0,0,0,29,0,0
1,5,0,0,0,3,5,126.9533,36.9517,0,0,1,0,14,0,0
1,5,5,1,2,4,3,126.6251,34.4085,0,0,1,0,119,0,0
1,5,5,0,0,1,9,127.8921,36.1936,0,0,1,0,75,0,0
1,5,7,1,1,0,9,126.8528,35.0206,1,0,1,0,33,0,0
1,5,0,0,0,1,4,127.0618,36.3628,0,0,1,0,19,0,0
1,5,0,1,2,0,1,127.0223,37.0612,1,0,1,0,14,0,0
0,5,0,0,0,4,1,127.0763,37.4839,0,0,1,0,89,0,0
0,5,0,1,2,1,5,127.1137,35.8253,0,0,1,0,11,0,0
0,6,0,1,1,2,1,126.882,37.521,0,0,1,0,150,0,0
1,6,6,0,0,0,2,127.0424,37.63,0,0,1,0,200,0,0
1,6,5,2,4,0,2,126.9799,35.6884,1,0,1,0,12,0,0
1,6,5,0,0,4,2,129.3142,35.8278,0,0,1,0,100,0,0
1,6,0,0,0,0,1,128.2818,35.9495,0,0,1,0,168,0,0
1,6,0,0,0,0,1,126.6265,35.1699,1,0,1,0,157,0,0
0,6,0,1,2,8,1,126.7367,36.2777,0,0,1,0,129,0,0
0,6,2,0,0,0,7,126.7318,35.1517,0,0,1,0,135,0,0
1,0,0,0,0,0,1,127.8105,37.0958,0,0,0,0,6,0,0
1,0,0,1,1,0,4,126.9131,35.8917,0,0,0,0,34,0,0
1,0,0,1,1,4,1,127.0629,36.9356,0,0,0,0,53,0,0
0,0,0,0,0,0,1,126.9666,34.4767,0,0,0,0,56,0,0
0,0,0,0,0,2,2,127.7982,36.281,2,0,0,0,75,0,0
0,1,0,0,0,0,1,127.6182,36.479,0,0,0,0,32,0,0
0,1,0,0,0,0,1,129.2096,35.211,0,0,0,0,85,0,0
0,1,0,1,1,0,3,126.6207,37.6818,0,0,0,0,47,0,0
0,1,5,0,0,2,2,127.9412,37.3699,0,0,0,0,36,0,0
1,1,3,0,0,0,9,127.9219,37.0211,1,0,0,0,6,0,0
0,2,0,0,0,4,1,126.9826,37.5199,0,0,1,0,134,0,0
0,2,0,0,0,1,3,127.4065,35.4349,0,0,1,0,193,0,0
0,2,0,0,0,4,1,128.6234,35.805,0,0,1,0,37,0,0
1,2,8,1,1,3,3,126.6917,37.3295,1,0,1,0,73,0,0
1,2,0,1,2,1,3,127.6752,36.6512,0,0,1,0,83,0,0
1,2,5,0,0,7,2,126.9628,35.3175,0,0,1,0,181,0,0
0,2,0,1,1,1,1,126.9143,36.3214,0,0,1,0,174,0,0
0,2,0,0,0,8,1,126.8487,36.6343,0,0,1,0,187,0,0
0,3,0,0,0,6,1,127.712,36.9265,0,0,0,0,110,0,0
0,3,5,0,0,0,3,127.4294,37.0754,0,0,0,0,23,0,0
1,3,3,0,0,7,3,126.3922,34.7884,0,0,0,0,153,0,0
1,3,3,1,2,7,3,127.9101,35.6802,0,0,0,0,154,0,0
1,3,0,0,0,9,1,128.5895,37.6671,0,0,0,0,24,0,0
1,3,8,1,1,0,3,127.2667,38.2001,0,0,0,0,184,0,0
1,3,0,0,0,9,1,127.149,36.3008,0,0,0,0,61,0,0
0,3,0,0,0,0,1,127.1548,36.8113,0,0,0,0,63,0,0
0,4,0,1,2,0,1,128.3649,36.1111,0,0,1,0,144,0,0
0,4,0,1,1,0,1,126.9344,37.9785,0,0,1,0,175,0,0
1,4,0,0,0,0,1,126.3757,36.6402,0,0,1,0,69,0,0
1,4,0,0,0,0,1,127.1381,37.3282,0,0,1,0,51,0,0
1,4,0,0,0,1,1,127.6931,34.7719,0,0,1,0,102,0,0
1,4,0,0,0,2,2,129.2367,35.8343,1,0,1,0,100,0,0
1,4,0,0,0,1,6,128.1057,35.165,0,0,1,0,42,0,0
1,4,5,0,0,0,2,127.4724,38.2345,0,0,1,0,184,0,0
1,4,0,2,4,7,1,127.2942,35.2777,0,0,1,0,147,0,0
0,5,0,0,0,0,11,126.589,36.428,0,0,1,0,136,0,0
0,5,0,0,0,0,3,127.4403,36.3501,0,0,1,0,80,0,0
0,5,0,0,0,4,1,127.0124,37.5912,0,0,1,0,167,0,0
1,5,0,1,1,1,6,127.6212,37.2997,0,0,1,0,22,0,0
1,5,0,0,0,1,1,127.3509,34.4951,0,0,1,0,191,0,0
1,5,0,1,1,4,3,127.6739,36.1069,0,0,1,0,75,0,0
1,5,0,0,0,0,2,128.4248,37.6023,0,0,1,0,24,0,0
1,5,0,1,2,0,5,127.0382,37.7346,0,0,1,0,64,0,0
1,5,6,1,2,6,6,126.9293,37.5132,0,0,1,0,93,0,0
1,5,6,1,1,0,9,126.6104,36.3548,0,0,1,0,136,0,0
0,5,5,0,0,0,2,126.5199,33.4963,0,0,1,0,90,0,0
0,5,0,0,0,1,1,126.551,34.6355,0,0,1,0,119,0,0
0,6,0,0,0,4,1,127.0987,37.2701,0,0,1,0,51,0,0
1,6,6,1,1,4,3,126.8487,36.9949,1,0,1,0,14,0,0
1,6,0,1,1,0,1,128.9007,37.753,0,0,1,0,194,0,0
0,6,0,0,0,4,3,128.7674,35.8534,0,0,1,0,52,0,0
0,0,0,1,2,4,1,126.376,33.4741,0,0,0,0,90,0,0
0,0,0,0,0,0,1,127.1677,35.8412,0,0,0,0,11,0,0
0,0,0,0,0,2,8,126.937,34.5662,0,0,0,0,56,0,0
1,0,0,1,1,1,7,128.4496,35.6592,0,0,0,0,30,0,0
1,0,0,1,1,8,3,127.5995,35.7259,0,0,0,0,155,0,0
1,0,0,1,1,1,7,128.1474,36.3761,0,0,0,0,58,0,0
1,0,0,0,0,9,1,126.4847,35.2202,0,0,0,0,127,0,0
1,0,0,1,1,0,2,126.6411,34.9501,1,0,0,0,33,0,0
1,0,7,1,1,1,4,126.6624,34.5662,0,0,0,0,119,0,0
1,0,6,1,1,0,2,128.4174,35.6637,0,0,0,0,30,0,0
1,0,7,1,1,0,4,126.8439,36.1205,0,0,0,0,129,0,0
0,0,6,1,1,7,2,129.207,35.8422,0,0,0,0,100,0,0
1,1,0,0,0,7,2,127.0706,36.2127,0,0,1,0,61,0,0
1,1,0,0,0,1,1,126.9131,36.9454,0,0,1,0,14,0,0
1,1,6,1,2,1,5,127.7265,37.8624,0,0,1,0,111,0,0
0,2,2,1,2,0,1,128.9173,37.7938,0,0,0,0,194,0,0
0,2,0,0,0,0,9,128.5069,35.8222,0,0,0,0,20,0,0
1,2,0,0,0,0,3,126.7282,37.7293,0,0,0,0,175,0,0
1,2,3,0,0,0,1,126.3825,36.7839,0,0,0,0,69,0,0
1,2,5,0,0,0,2,128.727,35.852,0,0,0,0,52,0,0
1,2,0,0,0,9,1,126.6762,36.4739,0,0,0,0,38,0,0
1,2,0,1,1,4,2,128.5549,38.1896,0,0,0,0,104,0,0
0,3,0,0,0,0,3,127.0633,36.2862,0,0,0,0,19,0,0
1,3,0,0,0,1,4,126.4736,35.1023,0,0,0,0,157,0,0
1,3,0,0,0,4,1,127.2008,37.5914,0,0,0,0,70,0,0
1,3,0,0,0,4,3,128.3893,35.8814,0,0,0,0,168,0,0
1,3,0,0,0,4,1,126.9025,36.9888,0,0,0,0,14,0,0
1,3,0,0,0,2,6,128.3299,37.5569,2,0,0,0,24,0,0
0,3,0,0,0,4,1,126.9549,37.6689,0,0,0,0,40,0,0
0,3,0,0,0,1,3,126.7535,36.6729,0,0,0,0,187,0,0
1,4,0,0,0,0,1,129.3137,35.6968,0,0,0,0,100,0,0
1,4,0,0,0,0,3,127.8998,37.5898,0,0,0,0,31,0,0
1,4,0,0,0,0,2,127.3516,36.3024,1,0,0,0,4,0,0
1,4,0,0,0,1,1,126.8766,35.3003,0,0,0,0,181,0,0
1,4,0,1,1,1,4,129.2426,35.8897,0,0,0,0,100,0,0
0,4,0,0,0,1,5,126.7806,37.532,0,0,0,0,65,0,0
0,5,0,0,0,0,1,127.4741,36.9136,0,0,1,0,60,0,0
1,5,0,1,1,0,2,127.5071,34.9491,0,0,1,0,27,0,0
1,5,0,0,0,0,1,127.6887,35.4251,0,0,1,0,108,0,0
1,5,0,0,0,8,1,126.7131,36.7513,0,0,1,0,187,0,0
1,5,0,0,0,7,1,128.5371,35.8384,0,0,1,0,20,0,0
0,5,0,0,0,0,3,126.8399,37.475,0,0,1,0,79,0,0
0,5,0,1,1,4,1,126.6085,37.7044,0,0,1,0,47,0,0
0,6,0,0,0,0,2,126.9377,35.1053,0,0,1,0,162,0,0
0,6,0,0,0,0,2,127.3557,37.2484,0,0,1,0,41,0,0
0,6,0,0,0,4,1,127.6504,36.0052,0,0,1,0,182,0,0
1,6,5,0,0,1,4,127.9047,35.9356,0,0,1,0,76,0,0
1,6,0,0,0,4,1,127.9283,37.0379,0,0,1,0,6,0,0
0,0,0,0,0,0,1,126.9137,37.4965,0,0,0,0,93,0,0
0,0,0,0,0,0,1,128.0757,35.0701,0,0,0,0,57,0,0
1,0,6,1,1,0,12,126.9175,35.4472,0,0,0,0,131,0,0
1,0,0,0,0,6,5,127.1652,37.5519,0,0,0,0,91,0,0
1,0,0,1,3,5,5,126.9633,37.3341,0,0,0,0,199,0,0
1,0,6,1,1,6,3,126.8792,37.5276,1,0,0,0,140,0,0
1,0,2,0,0,1,3,126.4499,34.6396,1,0,0,0,119,0,0
1,0,0,1,2,4,1,127.3272,35.3246,0,0,0,0,193,0,0
0,0,3,0,0,1,2,127.8414,37.0197,0,0,0,0,6,0,0
0,0,0,0,0,1,3,127.7842,37.0348,1,0,0,0,6,0,0
0,1,6,1,1,0,4,126.7076,37.4498,0,0,0,0,29,0,0
0,1,0,1,1,0,8,126.7284,37.3649,0,0,0,0,73,0,0
0,1,0,0,0,4,1,128.9063,35.2283,0,0,0,0,13,0,0
1,1,6,1,1,5,3,128.3214,36.053,0,0,0,0,21,0,0
1,1,5,0,0,4,6,128.5678,35.8723,0,0,0,0,107,0,0
1,1,0,0,0,4,2,128.2984,37.9616,0,0,0,0,124,0,0
1,1,5,0,0,4,2,126.682,36.8231,0,0,0,0,46,0,0
0,1,0,1,1,1,3,126.3597,34.979,1,0,0,0,101,0,0
0,1,0,2,4,9,1,127.291,37.1619,0,0,0,0,51,0,0
0,2,5,0,0,1,3,129.3088,35.5105,1,0,0,0,213,0,0
1,2,7,1,1,1,4,128.3285,34.9942,0,0,0,0,87,0,0
1,2,0,0,0,4,1,126.811,37.2243,0,0,0,0,50,0,0
1,2,5,1,2,4,11,129.4402,35.7914,0,0,0,0,100,0,0
1,2,0,0,0,1,8,127.877,37.6695,0,0,0,0,82,0,0
1,2,0,0,0,0,1,129.0845,35.8447,0,0,0,0,100,0,0
1,3,6,0,0,7,2,128.5641,35.8836,0,0,0,0,107,0,0
1,3,0,0,0,0,1,127.4017,36.3194,0,0,0,0,39,0,0
1,3,0,0,0,0,8,127.3765,36.1161,0,0,0,0,68,0,0
1,3,6,0,0,7,5,129.2162,35.8667,0,0,0,0,100,0,0
1,3,0,2,4,0,1,128.9915,37.1717,0,0,0,0,215,0,0
1,3,0,0,0,1,9,127.2517,34.8292,0,0,0,0,122,0,0
1,3,0,2,4,0,1,127.4767,36.3346,0,0,0,0,80,0,0
0,3,6,1,1,0,4,128.7136,35.153,0,0,0,0,86,0,0
0,3,0,1,1,4,3,127.9852,37.4901,0,0,0,0,31,0,0
0,3,6,1,2,0,4,127.0468,37.5242,0,0,0,0,89,0,0
0,4,0,0,0,0,3,128.7081,35.861,0,0,0,0,26,0,0
0,4,5,0,0,0,2,126.9266,35.1455,0,0,0,0,162,0,0
1,4,3,0,0,4,3,127.2359,37.001,0,0,0,0,23,0,0
1,4,5,0,0,8,9,128.3026,35.4235,0,0,0,0,189,0,0
1,4,0,0,0,8,1,126.5995,33.3023,0,0,0,0,62,0,0
1,4,0,1,2,0,1,127.6676,36.9278,0,0,0,0,110,0,0
1,4,0,0,0,0,1,127.9065,37.0765,0,0,0,0,6,0,0
0,4,0,1,1,1,4,127.9217,36.9837,0,0,0,0,6,0,0
0,4,5,0,0,4,3,126.5317,37.007,0,0,0,0,46,0,0
0,4,5,0,0,0,3,127.3535,35.3901,1,0,0,0,193,0,0
0,4,0,1,1,1,1,128.6262,36.9226,0,0,0,0,113,0,0
0,4,0,1,1,0,1,126.8698,37.6373,0,0,0,0,40,0,0
1,5,8,1,1,0,2,127.2064,36.887,1,0,1,0,63,0,0
1,5,0,1,1,1,5,127.3048,36.6033,0,1,1,0,229,0,0
1,5,6,1,1,2,3,127.1019,38.1597,2,0,1,0,106,0,0
1,5,0,0,0,1,5,126.5584,37.7091,0,0,1,0,47,0,0
1,5,5,0,0,0,4,128.4076,36.0732,0,0,1,0,21,0,0
1,5,0,0,0,0,1,129.3113,35.8324,0,0,1,0,100,0,0
1,5,0,0,0,7,1,128.8921,36.906,0,0,1,0,149,0,0
0,5,9,0,0,7,2,127.0713,37.0261,0,0,1,0,14,0,0
0,5,0,0,0,0,5,126.7717,37.781,0,0,1,0,175,0,0
0,5,0,0,0,0,3,129.4049,36.8942,0,0,1,0,208,0,0
0,6,0,1,1,0,2,129.2064,35.2046,0,0,1,0,85,0,0
1,6,0,0,0,9,1,127.505,36.9295,0,0,1,0,60,0,0
1,6,0,0,0,7,1,126.724,33.4349,0,0,1,0,90,0,0
1,6,0,0,0,9,2,126.5629,34.6311,0,0,1,0,119,0,0
1,6,0,0,0,4,1,128.0058,38.2077,0,0,1,0,115,0,0
1,6,0,0,0,4,1,127.1539,37.8095,0,0,1,0,171,0,0
1,6,0,1,2,4,1,128.3028,36.205,0,0,1,0,144,0,0
0,6,0,1,2,0,1,126.6763,35.0037,0,0,1,0,33,0,0
0,6,0,0,0,4,1,127.0272,37.6044,0,0,1,0,167,0,0
0,6,6,1,1,6,2,126.7234,35.0357,0,0,1,0,33,0,0
1,0,5,1,2,1,4,127.8459,37.1199,1,0,0,0,6,0,0
1,0,0,0,0,2,4,126.4559,34.8821,0,0,0,0,101,0,0
1,0,8,1,1,1,2,126.692,36.1671,0,0,0,0,10,0,0
1,0,7,1,1,1,4,128.4881,35.8373,0,0,0,0,20,0,0
0,0,0,0,0,1,2,126.9994,37.0129,1,0,0,0,14,0,0
0,0,6,1,1,4,7,127.1563,37.5492,0,0,0,0,91,0,0
0,1,0,1,2,4,1,127.8716,36.9683,0,0,0,0,6,0,0
1,1,0,1,1,1,12,126.8887,35.2731,0,0,0,0,181,0,0
1,1,2,1,1,1,4,126.5082,34.5247,0,0,0,0,119,0,0
1,1,5,0,0,0,2,127.5223,35.6698,0,0,0,0,155,0,0
1,1,0,2,4,7,5,129.419,36.0964,0,0,0,0,160,0,0
1,1,0,0,0,9,1,128.2263,35.189,0,0,0,0,42,0,0
1,1,0,0,0,4,1,127.1549,34.9005,0,0,0,0,122,0,0
1,1,5,0,0,1,9,126.3785,35.0506,1,0,0,0,101,0,0
0,1,0,0,0,1,4,127.0879,34.9884,0,0,0,0,88,0,0
0,2,5,1,2,0,4,126.9231,37.6006,0,0,0,0,139,0,0
0,2,6,1,1,4,3,128.5309,35.268,0,0,0,0,86,0,0
1,2,7,1,1,0,2,128.1257,35.399,0,0,0,0,133,0,0
1,2,0,1,2,4,3,128.7202,35.6513,0,0,0,0,3,0,0
1,2,8,1,1,1,7,126.7856,36.0735,0,0,0,0,10,0,0
1,2,0,1,1,0,1,128.5034,37.6398,0,0,0,0,24,0,0
0,2,0,0,0,6,1,128.5704,36.7635,0,0,0,0,113,0,0
0,2,0,0,0,4,3,127.146,37.497,0,0,0,0,156,0,0
0,3,0,0,0,0,3,128.7465,36.5516,0,0,0,0,66,0,0
0,3,0,0,0,1,1,127.1143,36.2115,0,0,0,0,61,0,0
1,3,0,0,0,0,1,128.2309,36.5497,0,0,0,0,74,0,0
1,3,8,1,1,1,4,126.9319,35.7036,0,0,0,0,12,0,0
1,3,5,0,0,4,3,127.5626,35.7831,0,0,0,0,155,0,0
1,3,0,2,4,9,1,129.3372,36.2768,0,0,0,0,54,0,0
1,3,0,0,0,1,1,128.3362,35.909,0,0,0,0,168,0,0
1,3,6,1,1,7,2,126.7217,35.9778,0,0,0,0,166,0,0
0,3,2,0,0,0,3,127.4201,36.4251,0,0,0,0,77,0,0
0,3,0,0,0,2,1,128.7032,34.8974,0,0,0,0,15,0,0
1,4,0,0,0,2,8,126.7985,37.0774,0,0,0,0,50,0,0
1,4,5,0,0,0,2,126.6188,36.3391,0,0,0,0,136,0,0
1,4,8,1,1,2,2,127.0798,35.3541,0,0,0,0,131,0,0
1,4,0,0,0,2,1,129.1071,35.1414,0,0,0,0,45,0,0
0,4,0,0,0,0,1,128.3971,37.1856,1,0,0,0,114,0,0
0,4,0,0,0,1,8,126.5399,36.6912,0,0,0,0,69,0,0
0,4,0,0,0,0,5,128.4801,35.9522,0,0,0,0,21,0,0
0,4,0,2,4,6,1,126.7019,34.8065,0,0,0,0,16,0,0
0,4,0,0,0,6,1,127.1036,37.6184,0,0,0,0,196,0,0
0,4,0,0,0,4,2,128.3363,36.2933,0,0,0,0,144,0,0
0,5,0,0,0,1,1,127.3128,37.2454,0,0,1,0,51,0,0
1,5,8,1,1,0,4,127.1171,36.1975,0,0,1,0,61,0,0
1,5,7,1,1,1,4,127.3829,35.4192,0,0,1,0,193,0,0
1,5,0,0,0,1,5,127.4385,35.1105,0,0,1,0,27,0,0
1,5,5,0,0,7,3,128.3713,37.6136,0,0,1,0,24,0,0
0,5,0,0,0,0,2,128.7911,35.1209,0,0,1,0,86,0,0
1,6,0,0,0,9,1,128.5713,36.6603,0,0,1,0,55,0,0
1,6,0,1,2,1,1,126.6908,35.6953,0,0,1,0,185,0,0
0,6,0,0,0,4,2,127.0747,37.5593,0,0,1,0,183,0,0
0,6,6,1,1,2,4,126.9365,36.9813,0,0,1,0,14,0,0
0,6,6,1,1,1,4,127.106,35.8136,0,0,1,0,11,0,0
0,6,6,1,1,0,6,128.5746,36.1128,0,0,1,0,170,0,0
1,0,0,0,0,1,1,127.2845,37.7852,0,0,0,0,176,0,0
0,1,9,1,1,7,2,128.6267,35.8671,0,0,0,0,26,0,0
0,1,0,0,0,0,1,128.6052,35.6566,0,0,0,0,3,0,0
1,1,0,0,0,1,1,128.3713,35.4576,0,0,0,0,189,0,0
1,1,0,0,0,1,2,128.8387,35.2704,0,0,0,0,13,0,0
1,1,6,1,1,1,3,128.8018,36.0222,0,0,0,0,5,0,0
1,1,3,0,0,1,2,126.7468,36.9771,1,0,0,0,46,0,0
1,1,0,0,0,1,4,126.8014,35.6676,0,0,0,0,12,0,0
0,1,2,0,0,0,2,127.1037,37.318,1,0,0,0,51,0,0
1,2,0,1,1,1,4,127.3677,37.2273,0,0,0,0,41,0,0
1,2,6,1,1,4,3,127.2193,37.2522,0,0,0,0,51,0,0
1,2,7,1,1,4,3,127.7621,37.8857,0,0,0,0,111,0,0
0,3,0,1,2,7,3,128.6655,35.2461,0,0,0,0,86,0,0
1,3,0,1,2,1,3,127.3929,37.2145,0,0,0,0,41,0,0