주야,요일,법규위반,도로형태_대분류,도로형태,당사자종별_1당_대분류,당사자종별_2당_대분류,경도,위도,사고피해정도,도시여부,주말/공휴일,인구수,발생지번호,보행자의위치,무단횡단여부
0,6,0,0,0,0,1,126.9071,35.1557,0,0,1,0,137,0,0
1,6,0,0,0,4,3,128.1038,36.3452,0,0,1,0,58,0,0
1,6,0,1,1,1,8,128.2452,36.63,1,0,1,0,74,0,0
1,6,0,0,0,4,1,128.1857,36.6008,0,0,1,0,74,0,0
0,6,0,1,2,0,8,126.6973,35.7001,0,0,1,0,185,0,0
0,0,0,0,0,1,1,127.0972,37.2544,0,0,0,0,51,0,0
1,0,0,0,0,1,9,127.2293,37.2329,0,0,0,0,51,0,0
1,0,0,0,0,7,2,128.1078,35.169,0,0,0,0,42,0,0
1,0,0,0,0,9,1,127.3352,35.0531,0,0,0,0,27,0,0
1,0,6,1,1,4,2,127.5058,36.6295,0,0,0,0,83,0,0
1,0,0,0,0,0,2,127.0586,37.517,0,0,0,0,89,0,0
0,0,0,1,2,6,1,128.1688,35.1308,0,0,0,0,42,0,0
0,0,0,0,0,2,1,127.8351,35.8568,0,0,0,0,154,0,0
0,0,0,1,1,2,5,127.3172,36.5902,0,0,0,0,83,0,0
0,1,0,1,1,0,1,129.2129,35.19,0,0,0,0,85,0,0
0,1,10,0,0,1,2,126.7499,37.5147,1,0,0,0,65,0,0
1,1,0,0,0,4,1,128.3565,36.6067,0,0,0,0,55,0,0
1,1,0,0,0,1,8,126.5333,35.0582,1,0,0,0,157,0,0
1,1,0,0,0,4,9,126.8362,35.2702,0,0,0,0,146,0,0
1,1,0,0,0,9,1,128.3849,36.3672,0,0,0,0,105,0,0
1,1,0,0,0,4,3,128.2895,35.3321,0,0,0,0,189,0,0
1,1,8,1,1,4,2,127.223,34.7756,0,0,0,0,122,0,0
0,1,6,1,3,0,5,126.8476,37.502,0,0,0,0,79,0,0
0,1,0,0,0,4,1,128.1876,35.8409,0,0,0,0,168,0,0
0,2,0,2,4,4,3,127.0237,37.2353,0,0,0,0,99,0,0
1,2,4,1,2,0,3,126.8083,35.3337,0,0,0,0,146,0,0
1,2,0,0,0,6,2,126.8619,37.2829,0,0,0,0,2,0,0
1,2,0,1,1,9,1,128.8513,36.717,0,0,0,0,66,0,0
1,2,0,0,0,4,1,128.0857,36.2922,0,0,0,0,58,0,0
0,2,0,0,0,1,3,126.998,35.7659,0,0,0,0,34,0,0
0,2,0,0,0,0,9,128.1989,35.1814,0,0,0,0,42,0,0
0,3,0,1,1,0,2,127.4473,37.2823,0,0,0,0,41,0,0
1,3,0,0,0,0,8,126.8702,33.5201,0,0,0,0,90,0,0
1,3,0,1,2,0,4,126.3749,35.0519,0,0,0,0,101,0,0
1,3,0,0,0,3,1,126.8607,36.0921,0,0,0,0,129,0,0
1,3,0,0,0,4,1,127.289,36.6283,0,1,0,0,229,0,0
1,3,0,0,0,1,3,128.7142,35.1941,2,0,0,0,86,0,0
0,3,0,0,0,0,2,127.973,35.3121,0,0,0,0,224,0,0
0,3,6,1,1,1,2,128.3524,35.854,0,0,0,0,168,0,0
0,3,0,2,4,0,1,128.4039,36.9791,0,0,0,0,204,0,0
0,3,0,1,2,0,1,128.4204,35.9284,0,0,0,0,21,0,0
0,4,0,0,0,0,3,126.8591,35.1217,0,0,0,0,222,0,0
0,4,0,0,0,0,4,127.0709,37.6298,0,0,0,0,18,0,0
1,4,0,0,0,1,1,126.9634,37.768,0,0,0,0,59,0,0
1,4,0,1,2,0,1,127.1103,37.3245,0,0,0,0,51,0,0
1,4,0,0,0,1,1,128.4592,37.2583,0,0,0,0,114,0,0
1,4,7,1,1,0,9,128.2709,36.065,0,0,0,0,76,0,0
0,4,0,1,1,0,12,126.9922,37.5705,0,0,0,0,116,0,0
0,4,0,1,2,0,8,128.7012,36.4597,0,0,0,0,66,0,0
0,4,0,0,0,1,3,127.7703,36.4546,0,0,0,0,32,0,0
1,5,6,1,1,4,2,129.3609,35.5707,0,0,1,0,158,0,0
1,5,0,0,0,1,1,129.0033,37.1277,0,0,1,0,215,0,0
1,5,0,0,0,0,5,128.6121,35.838,0,0,1,0,37,0,0
1,5,0,2,4,1,4,127.2377,37.5546,0,0,1,0,70,0,0
1,5,0,0,0,4,1,127.3463,34.8212,0,0,1,0,191,0,0
1,5,9,0,0,7,3,127.9189,35.687,0,0,1,0,154,0,0
0,5,0,0,0,1,3,128.3091,36.3302,0,0,1,0,144,0,0
0,6,0,2,4,0,1,128.3515,36.0772,0,0,1,0,144,0,0
1,6,0,0,0,4,1,128.8125,35.8167,0,0,1,0,52,0,0
0,6,0,1,2,1,1,128.2793,37.024,0,0,1,0,204,0,0
0,0,0,0,0,0,1,129.0301,35.3495,0,0,0,0,49,0,0
0,0,0,1,1,0,1,127.0147,36.7896,0,0,0,0,53,0,0
0,0,0,0,0,4,1,127.0367,37.5888,0,0,0,0,201,0,0
1,0,0,1,1,0,5,126.8246,37.4891,0,0,0,0,79,0,0
1,0,0,1,1,0,4,126.4721,36.7698,0,0,0,0,69,0,0
0,1,0,1,1,2,4,126.7338,37.4484,0,0,0,0,29,0,0
1,1,0,0,0,9,1,127.4284,35.3175,0,0,0,0,161,0,0
1,1,0,0,0,4,3,126.4964,36.8254,0,0,0,0,69,0,0
1,1,0,0,0,0,9,126.7074,34.9661,0,0,0,0,33,0,0
1,1,6,1,1,0,3,128.3703,36.5307,1,0,0,0,55,0,0
1,1,0,1,2,9,1,127.6302,34.7829,0,0,0,0,102,0,0
1,1,0,2,4,0,5,127.7525,35.0741,0,0,0,0,172,0,0
0,1,0,0,0,0,2,127.5872,36.2707,1,0,0,0,142,0,0
0,2,5,0,0,0,3,127.7508,37.8502,0,0,0,0,111,0,0
0,2,0,0,0,0,1,126.9535,37.5257,0,0,0,0,134,0,0
0,2,5,1,3,7,3,127.0603,37.6127,0,0,0,0,167,0,0
1,2,0,0,0,0,1,126.6374,34.8344,0,0,0,0,16,0,0
1,2,0,0,0,1,1,129.0406,36.1349,0,0,0,0,5,0,0
1,2,0,1,1,4,3,127.2989,35.3181,0,0,0,0,193,0,0
0,2,6,1,2,7,2,128.4406,36.0931,0,0,0,0,144,0,0
0,3,0,0,0,1,2,127.9868,36.7627,2,0,0,0,179,0,0
0,3,0,0,0,1,2,127.9848,36.7651,0,0,0,0,179,0,0
0,3,0,0,0,0,2,127.5027,36.6822,1,0,0,0,83,0,0
0,3,0,2,4,1,1,129.4331,36.665,0,0,0,0,208,0,0
1,3,0,0,0,9,1,126.7552,34.8695,0,0,0,0,16,0,0
1,3,0,1,2,3,1,128.8787,35.7677,0,0,0,0,52,0,0
0,3,0,0,0,1,3,128.7111,35.3598,0,0,0,0,86,0,0
1,4,0,0,0,4,1,128.1007,35.4178,0,0,0,0,133,0,0
1,4,7,1,1,1,4,128.2065,36.1752,0,0,0,0,76,0,0
1,4,4,1,1,5,2,127.9191,36.9991,0,0,0,0,6,0,0
1,4,6,1,1,4,3,127.2003,36.2127,0,0,0,0,61,0,0
1,4,0,1,1,0,1,127.4529,37.3788,0,0,0,0,22,0,0
0,4,0,0,0,0,7,126.7903,34.9694,0,0,0,0,33,0,0
0,4,0,0,0,0,2,127.3802,35.0135,0,0,0,0,27,0,0
0,5,5,0,0,0,3,126.7044,36.8999,1,0,1,0,46,0,0
0,5,0,1,2,6,3,127.3143,37.6518,0,0,1,0,70,0,0
1,5,0,2,4,1,3,127.1695,35.8403,0,0,1,0,11,0,0
1,5,9,1,2,7,2,128.581,35.8893,0,0,1,0,112,0,0
1,5,0,1,1,0,4,126.8677,37.6487,0,0,1,0,40,0,0
1,5,6,1,1,2,4,128.0953,35.1705,0,0,1,0,42,0,0
0,5,0,0,0,0,2,127.8408,37.0201,0,0,1,0,6,0,0
0,6,4,2,4,1,1,128.6537,35.7719,0,0,1,0,30,0,0
0,6,0,0,0,2,3,127.8239,37.0312,2,0,1,0,6,0,0
1,6,0,0,0,0,3,126.7442,37.608,0,0,1,0,47,0,0
1,6,5,0,0,0,9,126.8468,37.8301,0,0,1,0,175,0,0
1,6,9,0,0,6,2,126.6618,34.948,0,0,1,0,33,0,0
1,6,3,0,0,4,8,126.4114,36.9811,0,0,1,0,69,0,0
0,6,6,0,0,2,4,126.8571,35.1501,0,0,1,0,222,0,0
0,0,6,1,1,2,4,127.0518,37.5159,0,0,0,0,89,0,0
0,0,0,0,0,1,8,126.7359,35.5384,0,0,0,0,219,0,0
1,0,0,0,0,0,3,126.5655,36.2111,1,0,0,0,136,0,0
0,0,0,0,0,0,8,128.5693,36.1892,0,0,0,0,170,0,0
0,0,0,0,0,1,1,126.6084,34.3926,0,0,0,0,119,0,0
0,1,0,0,0,0,1,127.464,36.3569,0,0,0,0,77,0,0
0,1,0,0,0,0,1,126.6683,35.9186,0,0,0,0,166,0,0
0,1,0,0,0,7,2,127.1261,37.6556,0,0,0,0,70,0,0
0,1,2,0,0,0,4,127.5311,34.9167,0,0,0,0,27,0,0
1,1,0,0,0,6,1,127.06,37.5438,0,0,0,0,84,0,0
1,1,0,0,0,0,4,126.6693,35.6137,0,0,0,0,185,0,0
1,1,0,0,0,2,4,127.1239,36.6212,0,0,0,0,19,0,0
1,1,5,0,0,1,6,127.3142,37.1589,1,0,0,0,51,0,0
1,1,2,1,1,3,2,129.008,37.6835,1,0,0,0,194,0,0
1,1,6,1,2,5,4,129.0216,35.1114,0,0,0,0,226,0,0
1,1,6,1,1,2,4,126.8132,37.6815,0,0,0,0,40,0,0
0,1,6,1,1,0,4,126.8147,37.313,0,0,0,0,2,0,0
0,1,0,1,1,1,4,129.4276,35.5043,0,0,0,0,225,0,0
0,1,0,0,0,1,2,127.0276,37.2854,0,0,0,0,99,0,0
0,2,0,0,0,1,1,127.2772,36.7063,0,0,0,0,63,0,0
1,2,9,1,2,7,3,128.9909,35.1971,0,0,0,0,118,0,0
1,2,8,1,1,0,5,126.6549,37.5585,0,0,0,0,97,0,0
0,3,5,0,0,0,4,126.66,37.6418,0,0,0,0,47,0,0
0,3,6,1,1,0,2,129.029,35.3347,1,0,0,0,49,0,0
0,3,0,1,1,0,1,126.7978,36.4626,0,0,0,0,174,0,0
0,3,5,0,0,0,2,127.1979,37.744,0,0,0,0,70,0,0
1,3,0,0,0,0,4,127.1334,35.3749,0,0,0,0,131,0,0
1,3,0,0,0,1,1,127.2719,35.2314,0,0,0,0,147,0,0
1,3,0,1,1,0,9,126.2632,35.0637,0,0,0,0,101,0,0
1,3,0,0,0,4,1,126.9442,35.9408,0,0,0,0,125,0,0
0,3,0,0,0,0,1,128.9957,35.2054,0,0,0,0,118,0,0
0,3,0,0,0,0,1,126.9321,37.9478,0,0,0,0,175,0,0
0,3,0,1,1,0,5,128.9015,37.7541,0,0,0,0,194,0,0
0,3,0,1,1,0,6,127.2374,37.5555,0,0,0,0,70,0,0
1,4,0,0,0,3,1,128.5671,36.4646,0,0,0,0,66,0,0
1,4,0,0,0,9,1,127.5796,34.7072,0,0,0,0,102,0,0
1,4,0,0,0,9,1,129.4298,35.8272,0,0,0,0,100,0,0
1,4,0,1,1,0,9,128.3316,37.0158,0,0,0,0,204,0,0
0,4,6,1,1,0,7,127.3478,35.838,0,0,0,0,192,0,0
0,5,0,0,0,0,2,126.6443,37.67,0,0,1,0,47,0,0
1,5,0,0,0,1,1,128.8971,37.2062,0,0,1,0,198,0,0
1,5,0,0,0,1,1,127.1563,35.899,0,0,1,0,28,0,0
1,5,0,0,0,0,1,128.8335,37.2143,0,0,1,0,198,0,0
1,5,6,1,1,4,3,127.2365,37.0269,0,0,1,0,23,0,0
1,5,0,0,0,0,1,126.7952,34.6443,1,0,1,0,121,0,0
1,5,5,0,0,3,3,128.1249,35.7481,0,0,1,0,133,0,0
1,5,6,1,1,4,2,126.9042,35.1121,0,0,1,0,190,0,0
0,5,0,0,0,1,3,127.3173,37.9688,0,0,1,0,171,0,0
0,5,0,0,0,1,1,127.6681,36.6426,0,0,1,0,83,0,0
0,6,0,0,0,4,2,128.6961,35.2291,0,0,1,0,86,0,0
0,6,0,2,4,0,3,128.5423,35.8395,1,0,1,0,20,0,0
1,6,0,0,0,1,1,128.1444,37.2497,0,0,1,0,36,0,0
1,6,0,0,0,0,1,127.9105,35.3816,0,0,1,0,224,0,0
0,6,7,1,1,0,4,127.068,37.166,0,0,1,0,143,0,0
0,6,0,0,0,0,2,127.364,37.0508,0,0,1,0,23,0,0
0,6,4,0,0,1,1,127.1128,36.715,0,0,1,0,63,0,0
0,0,0,1,1,6,3,127.3921,36.4365,0,0,0,0,77,0,0
1,0,0,0,0,0,8,126.8614,36.7443,0,0,0,0,53,0,0
1,0,0,2,4,0,1,128.5717,38.2368,0,0,0,0,217,0,0
1,0,0,0,0,3,1,127.7569,37.7609,0,0,0,0,111,0,0
1,0,0,1,1,0,1,126.6735,33.275,0,0,0,0,62,0,0
0,0,2,0,0,0,1,128.4363,35.045,0,0,0,0,87,0,0
0,1,0,1,2,2,1,128.1889,36.5936,0,0,0,0,74,0,0
1,1,0,0,0,2,3,126.7601,37.6396,0,0,0,0,40,0,0
1,1,0,0,0,0,4,128.5293,35.2444,0,0,0,0,86,0,0
1,1,4,0,0,1,1,129.0957,36.1603,0,0,0,0,160,0,0
1,1,3,0,0,0,2,127.1291,36.9928,1,0,0,0,14,0,0
1,1,3,0,0,0,6,127.0956,37.183,1,0,0,0,50,0,0
1,1,0,1,1,0,2,127.0643,37.7268,0,0,0,0,64,0,0
1,1,0,1,1,4,3,126.5224,35.0595,0,0,0,0,157,0,0
1,1,0,0,0,1,2,126.5716,36.807,2,0,0,0,69,0,0
0,1,5,0,0,0,3,127.6383,37.1031,0,0,0,0,110,0,0
0,1,0,0,0,0,1,127.1198,37.782,0,0,0,0,171,0,0
0,2,0,0,0,0,1,128.7264,35.7623,0,0,0,0,52,0,0
0,2,0,0,0,6,1,127.9199,34.8356,0,0,0,0,197,0,0
0,2,0,1,1,3,5,126.4291,34.8152,0,0,0,0,153,0,0
1,2,0,0,0,0,2,126.6402,37.3866,0,0,0,0,35,0,0
1,2,0,0,0,2,1,127.4199,37.3795,0,0,0,0,22,0,0
1,2,8,1,1,6,2,126.7775,34.6403,0,0,0,0,121,0,0
1,2,7,1,1,0,9,126.7259,34.9432,0,0,0,0,33,0,0
1,2,0,0,0,0,3,126.7882,36.9523,0,0,0,0,46,0,0
1,2,0,1,1,4,1,126.7937,34.3389,0,0,0,0,141,0,0
1,2,5,1,2,0,3,128.091,36.6547,0,0,0,0,74,0,0
1,2,2,0,0,0,5,126.8769,35.1585,0,0,0,0,222,0,0
1,2,0,0,0,1,1,127.2035,37.7682,0,0,0,0,171,0,0
0,2,6,1,2,0,2,127.6025,37.1145,1,0,0,0,41,0,0
0,3,0,0,0,0,5,127.9051,35.0284,0,0,0,0,172,0,0
0,3,0,0,0,8,1,127.0265,37.2471,0,0,0,0,99,0,0
0,4,0,0,0,1,2,127.2175,36.5438,0,1,0,0,229,0,0
0,4,0,0,0,1,3,127.5224,36.344,0,0,0,0,142,0,0
1,4,5,0,0,4,2,127.3016,37.7273,0,0,0,0,70,0,0
0,4,0,0,0,1,5,128.165,35.2984,0,0,0,0,42,0,0
0,4,0,0,0,0,5,127.8088,36.8084,0,0,0,0,179,0,0
0,5,0,1,2,0,2,126.8632,35.1604,0,0,1,0,222,0,0
1,5,6,1,2,1,4,128.5645,35.2326,0,0,1,0,86,0,0
1,5,6,1,1,0,9,127.5896,36.7978,0,0,1,0,138,0,0
1,5,0,0,0,0,1,128.6453,36.5957,0,0,1,0,66,0,0
1,5,0,1,1,4,2,126.9787,35.9807,0,0,1,0,125,0,0
1,5,0,1,1,0,1,127.0655,37.7717,0,0,1,0,59,0,0
0,5,0,1,2,7,1,127.385,36.657,0,0,1,0,83,0,0
0,6,0,0,0,0,1,126.6928,36.9783,0,0,1,0,46,0,0
0,6,0,0,0,1,1,129.1354,37.4727,0,0,1,0,210,0,0
1,6,5,2,4,0,3,129.144,35.3574,0,0,1,0,85,0,0
1,6,0,0,0,1,1,127.6452,36.8028,0,0,1,0,179,0,0
1,6,0,0,0,0,1,126.8036,34.8041,1,0,1,0,56,0,0
0,6,0,0,0,0,2,126.6834,35.5091,1,0,1,0,219,0,0
0,0,0,0,0,0,1,126.988,37.5732,0,0,0,0,116,0,0
1,0,0,0,0,1,3,127.3407,37.3207,0,0,0,0,9,0,0
1,0,0,0,0,4,1,128.4524,35.9643,0,0,0,0,21,0,0
0,0,0,0,0,0,3,128.6015,35.8812,1,0,0,0,112,0,0
0,1,4,0,0,0,4,129.3289,35.5598,0,0,0,0,205,0,0
1,1,0,1,2,0,6,129.092,35.1352,0,0,0,0,180,0,0
1,1,6,0,0,0,5,129.0658,35.1747,0,0,0,0,163,0,0
1,1,6,1,1,0,6,127.9058,35.6829,1,0,0,0,154,0,0
1,1,0,0,0,1,2,127.0008,37.2636,1,0,0,0,99,0,0
0,2,0,0,0,0,4,126.7173,37.6423,0,0,0,0,47,0,0
0,2,0,0,0,0,2,126.9245,37.3456,0,0,0,0,126,0,0
1,2,0,0,0,1,6,126.6989,37.6015,0,0,0,0,97,0,0
1,2,0,1,2,0,5,129.3478,36.1113,1,0,0,0,160,0,0
1,2,0,0,0,1,2,126.8641,37.3403,1,0,0,0,2,0,0
1,2,0,0,0,1,3,128.7663,36.6181,2,0,0,0,66,0,0
1,3,3,1,2,4,9,128.3666,35.0565,0,0,0,0,87,0,0
1,3,5,1,2,7,3,126.7517,35.0659,0,0,0,0,33,0,0
1,3,0,0,0,1,2,127.0965,35.9496,0,0,0,0,125,0,0
0,3,6,1,1,4,6,128.4343,35.7813,0,0,0,0,30,0,0
0,4,0,0,0,0,1,126.6717,37.3296,0,0,0,0,73,0,0
0,4,0,0,0,8,1,126.6672,36.8109,0,0,0,0,46,0,0
0,4,0,0,0,4,9,126.8699,37.489,0,0,0,0,81,0,0
1,4,6,1,1,0,4,127.2148,37.5354,0,0,0,0,67,0,0
1,4,5,0,0,1,4,126.8152,34.3987,0,0,0,0,141,0,0
1,4,6,1,1,0,2,126.6719,35.511,0,0,0,0,219,0,0
1,4,0,1,2,6,1,128.4073,36.6775,0,0,0,0,55,0,0
1,4,0,0,0,6,1,126.9329,35.3024,0,0,0,0,181,0,0
0,5,0,0,0,0,1,126.791,37.4277,1,0,1,0,73,0,0
1,5,5,0,0,0,2,126.2385,36.73,0,0,1,0,169,0,0
1,5,5,0,0,1,3,128.5637,35.3497,0,0,1,0,117,0,0
1,5,0,0,0,0,6,126.4815,35.1013,0,0,1,0,157,0,0
1,5,0,0,0,0,9,127.8846,37.1704,0,0,1,0,36,0,0
0,5,0,1,1,0,2,127.0672,36.7858,1,0,1,0,53,0,0
0,5,0,2,4,4,2,126.2441,33.397,0,0,1,0,90,0,0
0,5,0,1,1,0,1,126.5345,36.2254,0,0,1,0,136,0,0
0,6,0,0,0,0,2,126.626,36.13,0,0,1,0,34,0,0
0,6,0,0,0,1,1,127.7967,37.2633,0,0,1,0,36,0,0
0,6,5,0,0,1,3,127.3503,37.1728,0,0,1,0,51,0,0
1,0,0,0,0,0,1,126.9497,37.2451,0,0,0,0,50,0,0
1,0,0,0,0,7,2,126.5339,36.7175,0,0,0,0,69,0,0
1,0,0,0,0,4,2,128.425,35.7096,0,0,0,0,220,0,0
1,0,7,1,1,1,3,126.9905,35.7132,1,0,0,0,34,0,0
0,0,0,0,0,1,4,127.9199,35.6951,0,0,0,0,154,0,0
0,0,0,1,2,4,1,129.5747,36.0441,0,0,0,0,160,0,0
0,1,0,0,0,0,3,128.605,35.8846,0,0,0,0,112,0,0
0,1,0,0,0,6,1,127.4182,36.3233,1,0,0,0,39,0,0
1,1,7,1,1,1,7,128.1517,35.2331,0,0,0,0,42,0,0
1,1,0,0,0,1,3,128.1326,36.6634,0,0,0,0,74,0,0
1,1,5,0,0,8,3,126.9407,36.0736,0,0,0,0,125,0,0
0,1,6,1,1,0,4,127.0009,35.961,0,0,0,0,125,0,0
0,1,5,0,0,0,2,126.6613,37.5214,2,0,0,0,97,0,0
0,2,0,0,0,4,1,128.4151,36.1161,0,0,0,0,144,0,0
1,2,5,0,0,2,9,128.5548,35.3493,0,0,0,0,117,0,0
1,2,0,1,1,4,3,128.2936,35.3393,0,0,0,0,189,0,0
0,2,0,0,0,0,4,127.2077,35.8545,0,0,0,0,28,0,0
1,3,0,2,4,0,9,128.5908,35.8332,0,0,0,0,145,0,0
1,3,0,0,0,0,1,126.8564,36.6861,0,0,0,0,187,0,0
1,3,0,0,0,0,8,126.954,35.3118,0,0,0,0,181,0,0
1,3,0,0,0,0,4,126.7975,36.3304,0,0,0,0,129,0,0
0,3,0,1,2,1,1,126.7958,36.4576,0,0,0,0,174,0,0
0,3,0,0,0,1,2,126.9848,37.0403,1,0,0,0,14,0,0
0,4,0,0,0,0,2,127.0104,37.2738,0,0,0,0,99,0,0
0,4,0,1,2,1,3,127.482,36.6842,0,0,0,0,83,0,0
0,4,0,0,0,1,6,126.6687,37.4522,0,0,0,0,29,0,0
0,4,5,0,0,0,2,126.7185,37.3581,2,0,0,0,73,0,0
1,4,0,1,1,0,1,127.0499,36.9674,0,0,0,0,14,0,0
1,4,0,2,4,0,3,127.1788,36.7588,0,0,0,0,63,0,0
1,4,5,0,0,0,2,129.0395,35.0948,1,0,0,0,173,0,0
1,4,0,1,2,0,1,129.3082,35.5031,0,0,0,0,213,0,0
1,4,0,0,0,8,1,127.4155,34.8439,0,0,0,0,27,0,0
0,4,0,1,1,9,1,126.5484,36.4465,0,0,0,0,136,0,0
0,4,0,0,0,0,4,127.1653,37.2549,0,0,0,0,51,0,0
0,4,0,0,0,0,1,126.8706,37.6877,0,0,0,0,40,0,0
0,5,0,1,1,0,3,128.9897,35.2202,0,0,1,0,206,0,0
1,5,5,0,0,6,2,127.2584,37.4218,0,0,1,0,9,0,0
1,5,6,1,1,0,6,128.4574,35.6883,0,0,1,0,30,0,0
0,5,7,1,1,0,2,129.3791,36.3601,1,0,1,0,54,0,0
0,6,0,0,0,0,6,127.271,37.4503,0,0,1,0,9,0,0
1,6,0,0,0,0,1,128.7083,35.866,0,0,1,0,26,0,0
1,6,0,0,0,4,2,128.4155,35.8785,0,0,1,0,30,0,0
1,6,7,1,1,0,4,127.011,36.1589,0,0,1,0,61,0,0
1,6,4,0,0,3,6,128.7295,37.6691,2,0,1,0,24,0,0
1,0,5,0,0,0,2,127.139,36.8389,0,0,0,0,63,0,0
1,0,0,0,0,0,11,126.6048,36.1631,2,0,0,0,10,0,0
1,0,7,1,1,4,3,128.6495,35.6402,0,0,0,0,3,0,0
0,0,0,0,0,1,2,126.7841,36.9446,0,0,0,0,46,0,0
1,1,0,1,1,1,4,128.5263,35.4583,0,0,0,0,211,0,0
1,1,0,1,1,1,4,127.0856,34.7664,0,0,0,0,122,0,0
1,1,0,1,2,0,1,127.4386,37.1584,0,0,0,0,41,0,0
0,1,0,1,2,4,3,127.0231,37.5753,0,0,0,0,201,0,0
0,1,0,1,1,0,4,127.514,34.9321,0,0,0,0,27,0,0
0,2,3,0,0,2,3,127.0046,36.9215,0,0,0,0,53,0,0
0,2,0,1,2,0,3,129.0631,35.1576,0,0,0,0,163,0,0
0,2,0,0,0,0,1,126.5666,37.6467,0,0,0,0,47,0,0
0,2,0,0,0,0,2,126.5785,33.2552,0,0,0,0,62,0,0
0,3,0,0,0,1,3,128.2615,36.0955,0,0,0,0,76,0,0
0,3,5,0,0,0,2,126.9154,35.8615,0,0,0,0,34,0,0
0,3,0,0,0,0,1,126.8501,37.0703,0,0,0,0,50,0,0
0,3,0,0,0,0,6,127.1436,35.8316,0,0,0,0,11,0,0
1,3,0,0,0,0,2,127.4703,37.0915,0,0,0,0,23,0,0
1,3,0,1,3,7,6,126.939,37.5046,0,0,0,0,93,0,0
1,3,5,1,2,1,2,126.8755,37.198,0,0,0,0,50,0,0
1,3,7,1,1,0,4,127.2117,34.6051,0,0,0,0,191,0,0
0,3,3,0,0,0,8,126.3497,34.7044,0,0,0,0,119,0,0
0,4,0,0,0,0,2,127.1546,37.6007,0,0,0,0,70,0,0
0,4,0,0,0,0,1,128.5297,36.8592,0,0,0,0,113,0,0
1,4,0,0,0,6,3,126.9399,37.5026,0,0,0,0,93,0,0
1,4,0,0,0,1,1,127.6594,34.5711,0,0,0,0,102,0,0
1,4,0,1,2,0,4,126.9797,37.8845,0,0,0,0,59,0,0
0,4,0,1,2,1,1,127.1608,36.5735,0,0,0,0,19,0,0
0,4,0,0,0,0,3,126.5929,35.9744,0,0,0,0,166,0,0
0,5,0,1,2,0,2,127.3953,36.3577,1,0,1,0,4,0,0
0,5,2,0,0,0,2,127.4827,37.0255,1,0,1,0,110,0,0
1,5,0,0,0,4,2,127.1217,37.534,0,0,1,0,156,0,0
0,5,0,0,0,4,1,127.2438,34.5216,0,0,1,0,191,0,0
0,5,5,0,0,0,2,128.9669,35.1401,1,0,1,0,120,0,0
0,6,0,0,0,0,2,128.4645,35.8583,0,0,1,0,30,0,0
1,6,0,0,0,7,1,126.7259,34.9113,0,0,1,0,33,0,0
0,6,5,1,2,0,4,126.9045,35.1493,0,0,1,0,222,0,0
1,0,5,0,0,0,9,127.7631,36.7782,0,0,0,0,179,0,0
1,0,0,0,0,1,3,129.0969,35.8636,0,0,0,0,100,0,0
0,1,0,0,0,0,1,126.8534,35.9855,0,0,0,0,166,0,0
1,1,0,1,1,0,7,129.2622,35.3183,0,0,0,0,85,0,0
1,1,0,0,0,0,1,127.4428,36.3225,0,0,0,0,80,0,0
1,1,4,0,0,1,4,127.3001,34.8402,0,0,0,0,122,0,0
1,1,0,0,0,1,1,127.1367,36.0037,0,0,0,0,28,0,0
1,1,0,0,0,4,1,126.7563,36.867,0,0,0,0,46,0,0
1,1,3,0,0,6,2,128.5814,35.8411,0,0,0,0,145,0,0
1,1,0,1,1,1,1,126.7233,35.7231,0,0,0,0,185,0,0
0,1,0,0,0,4,3,126.9587,37.4733,0,0,0,0,188,0,0
0,2,0,0,0,0,1,127.612,37.0385,0,0,0,0,110,0,0
0,2,0,1,3,1,12,127.0469,37.742,0,0,0,0,64,0,0
1,2,0,1,1,4,3,128.2777,35.9615,0,0,0,0,168,0,0
1,2,0,0,0,0,9,128.5058,36.2098,0,0,0,0,170,0,0
0,2,7,1,2,4,3,126.991,35.9563,0,0,0,0,125,0,0
0,3,0,0,0,0,1,128.7963,35.1185,0,0,0,0,86,0,0
0,3,0,0,0,0,2,126.7893,37.328,0,0,0,0,2,0,0
0,3,0,0,0,4,3,127.4331,36.8703,0,0,0,0,60,0,0
1,3,0,0,0,1,3,129.0032,35.9259,1,0,0,0,5,0,0
1,3,5,0,0,1,3,127.1891,34.6169,0,0,0,0,191,0,0
1,3,0,1,1,1,4,128.3543,35.9017,0,0,0,0,168,0,0
1,3,8,1,1,0,4,126.7748,35.0758,0,0,0,0,135,0,0
1,3,0,0,0,1,1,127.7703,37.7918,0,0,0,0,111,0,0
0,3,0,0,0,0,1,127.7948,37.7538,0,0,0,0,111,0,0
0,3,0,1,1,0,2,127.4793,36.6412,0,0,0,0,83,0,0
0,4,0,0,0,2,3,127.0663,37.0653,0,0,0,0,14,0,0
1,4,5,0,0,0,7,126.8992,35.8125,0,0,0,0,34,0,0
1,4,0,0,0,1,1,126.4037,36.7232,0,0,0,0,69,0,0
1,4,0,1,1,7,6,127.0644,37.1622,0,0,0,0,143,0,0
1,4,8,1,1,1,5,126.7529,36.0571,0,0,0,0,10,0,0
1,4,0,2,4,6,9,127.0902,37.5428,0,0,0,0,183,0,0
1,4,7,1,1,0,4,127.5995,34.9899,0,0,0,0,130,0,0
1,4,0,0,0,1,2,128.5186,35.2833,0,0,0,0,117,0,0