주야,요일,법규위반,도로형태_대분류,도로형태,당사자종별_1당_대분류,당사자종별_2당_대분류,경도,위도,사고피해정도,도시여부,주말/공휴일,인구수,발생지번호,보행자의위치,무단횡단여부
0,4,5,0,0,4,2,127.0343,37.5559,0,0,0,0,84,0,0
0,4,7,1,1,0,4,127.0153,37.2858,0,0,0,0,99,0,0
0,5,0,1,2,4,1,129.4017,35.5068,0,0,1,0,225,0,0
1,5,6,1,1,4,3,129.3349,35.442,0,0,1,0,17,0,0
1,5,6,1,1,0,2,127.1113,35.8516,0,0,1,0,11,0,0
1,5,0,1,1,0,7,127.0693,37.6394,0,0,1,0,18,0,0
0,5,3,0,0,1,3,127.0594,35.7984,0,0,1,0,28,0,0
0,5,0,0,0,1,1,126.7946,34.6217,0,0,1,0,121,0,0
0,6,0,0,0,0,1,128.2492,37.51,0,0,1,0,31,0,0
0,6,0,0,0,0,1,126.7515,37.4802,0,0,1,0,44,0,0
1,6,0,0,0,0,1,128.5837,34.8592,0,0,1,0,15,0,0
0,6,0,0,0,0,5,126.9028,35.1421,0,0,1,0,190,0,0
0,6,5,0,0,0,6,128.4449,35.7257,1,0,1,0,30,0,0
0,0,0,0,0,7,1,127.3007,35.2953,0,0,1,0,147,0,0
1,0,0,1,1,1,5,127.354,36.5468,0,1,1,0,229,0,0
1,0,5,0,0,0,9,126.9814,37.1164,0,0,1,0,50,0,0
1,0,5,1,2,6,2,128.1818,35.1215,0,0,1,0,42,0,0
0,0,0,1,1,0,4,126.9078,35.144,0,0,1,0,190,0,0
0,1,3,0,0,0,3,129.0809,37.5963,0,0,0,0,210,0,0
0,1,5,0,0,0,1,126.6876,37.6829,0,0,0,0,40,0,0
1,1,0,0,0,1,11,128.2132,36.4265,0,0,0,0,58,0,0
1,1,0,0,0,1,5,128.9636,35.196,0,0,0,0,206,0,0
1,1,7,1,1,4,3,128.1969,36.557,0,0,0,0,58,0,0
0,1,0,0,0,1,11,128.7816,35.1324,0,0,0,0,86,0,0
0,1,0,0,0,1,3,126.5782,35.3447,0,0,0,0,219,0,0
0,1,0,0,0,0,1,127.9718,34.976,1,0,0,0,57,0,0
0,2,0,1,2,0,1,128.6429,35.8906,0,0,0,0,26,0,0
0,2,0,1,2,1,1,126.7974,36.4435,0,0,0,0,174,0,0
0,2,0,0,0,0,1,127.0278,37.5813,0,0,0,0,201,0,0
1,2,5,0,0,0,2,126.4571,36.7609,0,0,0,0,69,0,0
1,2,3,0,0,0,2,127.1929,37.0058,1,0,0,0,23,0,0
1,2,5,0,0,1,2,127.0513,37.8248,0,0,0,0,59,0,0
1,2,0,0,0,0,1,129.2484,36.4886,0,0,0,0,54,0,0
1,2,0,0,0,0,1,128.6697,36.5004,0,0,0,0,66,0,0
1,2,0,0,0,0,5,127.011,37.5716,1,0,0,0,116,0,0
0,2,6,1,1,4,2,127.0147,36.7717,0,0,0,0,53,0,0
0,2,5,0,0,0,6,127.2367,37.2558,0,0,0,0,51,0,0
0,2,5,0,0,0,2,127.1358,37.8325,0,0,0,0,171,0,0
1,3,0,1,2,0,1,128.7575,35.4645,0,0,0,0,177,0,0
1,3,0,1,1,1,1,127.5967,34.9375,0,0,0,0,130,0,0
0,4,3,0,0,3,4,126.9848,37.4689,0,0,0,0,214,0,0
1,4,0,0,0,1,1,129.2489,36.9368,0,0,0,0,208,0,0
1,4,0,0,0,3,1,127.4779,36.6911,0,0,0,0,83,0,0
1,4,0,0,0,0,3,127.1337,37.6365,0,0,0,0,165,0,0
0,4,0,1,1,0,1,127.4864,37.6804,0,0,0,0,176,0,0
0,4,5,0,0,0,6,127.1053,37.1614,0,0,0,0,50,0,0
0,4,0,0,0,0,3,126.8286,37.4423,0,0,0,0,73,0,0
0,5,0,0,0,0,5,127.953,37.3406,0,0,1,0,36,0,0
1,5,0,0,0,0,1,127.2336,37.9438,0,0,1,0,171,0,0
1,5,5,0,0,0,9,127.8318,35.0608,0,0,1,0,172,0,0
1,5,0,0,0,2,1,128.4609,37.9424,1,0,1,0,124,0,0
0,5,0,1,2,0,1,126.4326,34.8957,1,0,1,0,101,0,0
0,5,5,0,0,0,2,126.9373,35.1061,1,0,1,0,162,0,0
1,6,7,1,2,4,6,128.7297,35.8202,0,0,1,0,52,0,0
0,6,0,0,0,1,3,127.9888,35.1398,0,0,1,0,57,0,0
0,6,0,0,0,6,1,129.2677,35.3221,0,0,1,0,85,0,0
0,6,0,0,0,1,1,128.2685,37.8204,0,0,1,0,82,0,0
0,6,5,0,0,0,2,127.0565,37.8863,2,0,1,0,94,0,0
1,0,0,0,0,3,1,126.7704,36.7273,0,0,0,0,187,0,0
1,5,0,0,0,9,1,127.5539,37.8686,0,0,1,0,176,0,0
1,5,0,0,0,4,1,126.7256,37.7091,0,0,1,0,175,0,0
0,4,0,1,2,0,2,126.9492,37.221,0,0,0,0,50,0,0
0,5,5,0,0,0,2,127.9168,37.4127,0,0,1,0,36,0,0
0,4,0,0,0,2,1,127.7067,36.8854,0,0,0,0,110,0,0
1,6,0,0,0,0,1,128.2633,35.5566,0,0,1,0,133,0,0
1,6,0,0,0,6,2,127.1144,35.3659,0,0,1,0,131,0,0
1,0,0,0,0,0,5,127.6178,37.5048,0,0,0,0,48,0,0
1,4,0,1,2,1,3,127.2442,37.3663,1,0,0,0,9,0,0
0,5,0,0,0,0,1,126.9482,37.4657,0,0,1,0,188,0,0
1,6,0,0,0,4,1,128.1589,37.8217,0,0,1,0,82,0,0
1,5,7,1,2,1,4,128.8425,35.8786,0,0,1,0,52,0,0
1,0,5,1,2,1,3,128.5116,35.2525,0,0,0,0,86,0,0
1,0,0,0,0,0,5,127.3219,35.5028,0,0,0,0,152,0,0
0,0,0,0,0,4,2,126.869,37.5256,0,0,0,0,140,0,0
1,6,6,1,1,6,2,128.5384,35.2591,0,0,1,0,86,0,0
1,5,0,0,0,0,1,129.1095,35.2402,1,0,1,0,96,0,0
0,6,0,0,0,0,1,127.2799,36.4694,0,1,1,0,229,0,0
1,6,6,1,1,4,2,128.8415,35.7914,0,0,1,0,52,0,0
0,1,5,2,0,0,2,126.6703,37.4827,1,0,0,0,97,0,0
0,2,0,0,0,6,1,127.0803,37.5373,0,0,0,0,183,0,0
1,6,0,1,2,0,5,128.6438,35.9425,0,0,1,0,26,0,0
1,2,0,0,0,1,1,127.1334,35.8078,1,0,0,0,11,0,0
1,2,5,0,0,0,2,126.9596,37.4969,0,0,0,0,93,0,0
1,1,0,1,1,0,4,126.8772,37.4841,0,0,0,0,109,0,0
0,3,0,0,0,0,1,129.1951,35.2537,0,0,0,0,85,0,0
1,4,6,1,1,0,4,127.0891,37.6223,0,0,0,0,18,0,0
1,1,0,1,2,2,1,129.2335,35.5991,0,0,0,0,17,0,0
1,0,0,0,0,9,1,126.9374,35.0,0,0,0,0,88,0,0
0,0,0,0,0,0,1,126.7962,37.6779,0,0,1,0,40,0,0
0,2,0,0,0,1,3,129.3851,35.5431,0,0,0,0,158,0,0
0,3,0,1,2,0,1,127.5228,36.7358,1,0,0,0,83,0,0
0,3,5,0,0,0,2,128.6811,34.9097,1,0,0,0,15,0,0
1,2,5,0,0,0,9,126.8555,37.8076,1,0,0,0,175,0,0
1,0,0,0,0,0,1,126.5838,34.1945,0,0,0,0,141,0,0
0,4,0,1,1,0,1,126.4679,36.7974,0,0,0,0,69,0,0
1,1,5,0,0,7,6,126.8252,36.7413,0,0,1,0,187,0,0
1,1,0,0,0,0,3,127.0566,37.5886,0,0,1,0,201,0,0
0,0,0,0,0,0,2,127.9685,37.3175,0,0,0,0,36,0,0
1,0,0,0,0,0,1,128.632,36.4807,0,0,0,0,66,0,0
0,6,5,0,0,2,3,129.0654,36.361,0,0,1,0,203,0,0
1,5,5,0,0,0,2,127.6744,34.9556,1,0,1,0,130,0,0
0,2,0,0,0,0,1,126.6782,36.935,0,0,0,0,46,0,0
0,5,0,0,0,0,2,128.8374,35.9212,0,0,1,0,52,0,0
1,0,0,0,0,1,3,128.7779,35.0159,0,0,0,0,206,0,0
1,6,0,1,2,0,9,127.0757,37.5041,0,0,1,0,156,0,0
0,4,3,1,2,0,4,129.0363,35.3486,0,0,0,0,49,0,0
1,4,6,1,1,4,2,127.525,34.9457,0,0,0,0,27,0,0
1,0,0,0,0,0,1,128.1367,35.9811,1,0,1,0,76,0,0
1,0,0,0,0,2,6,126.7315,34.5913,2,0,0,0,121,0,0
0,1,3,0,0,0,2,128.1054,35.1527,0,0,0,0,42,0,0
1,1,0,0,0,4,1,126.6813,35.6452,0,0,0,0,185,0,0
0,0,6,1,1,2,4,127.2025,37.6987,0,0,0,0,70,0,0
0,5,5,0,0,7,2,129.0134,35.2597,0,0,1,0,118,0,0
0,6,6,1,1,4,2,126.9981,37.5666,0,0,1,0,8,0,0
0,6,5,1,2,0,6,128.5277,38.2036,2,0,1,0,104,0,0
1,5,0,0,0,0,1,128.5946,37.6722,0,0,1,0,24,0,0
1,6,5,0,0,1,3,126.7077,35.9565,0,0,1,0,166,0,0
0,6,0,1,1,0,1,128.9297,35.9488,0,0,1,0,5,0,0
1,5,0,0,0,0,1,126.8639,36.7482,0,0,1,0,53,0,0
0,4,0,1,2,0,11,128.8731,35.0889,0,0,0,0,206,0,0
1,3,7,1,1,4,2,126.8883,34.964,0,0,0,0,88,0,0
1,3,0,1,2,3,5,128.7046,35.1351,0,0,0,0,86,0,0
1,1,0,0,0,4,1,126.9194,37.0709,0,0,0,0,50,0,0
1,6,0,1,1,1,1,127.5451,35.1595,0,0,1,0,161,0,0
0,2,6,1,1,6,2,128.6653,35.246,0,0,0,0,86,0,0
0,3,0,0,0,0,2,127.1273,37.3666,0,0,0,0,95,0,0
1,3,0,1,1,0,3,127.3868,37.2087,0,0,0,0,41,0,0
1,3,4,0,0,1,3,127.2139,37.7875,0,0,0,0,171,0,0
1,3,0,0,0,0,1,126.5433,36.4924,0,0,0,0,136,0,0
0,2,0,0,0,1,7,126.8769,37.1698,0,0,0,0,50,0,0
0,4,7,1,1,0,4,129.019,35.3385,0,0,0,0,49,0,0
0,4,5,0,0,6,2,128.5917,35.8325,0,0,0,0,145,0,0
1,0,2,0,0,2,2,128.643,38.0652,1,0,0,0,164,0,0
1,2,0,0,0,2,5,127.4863,36.6366,0,0,0,0,83,0,0
1,1,0,0,0,0,3,126.6161,33.2514,0,0,0,0,62,0,0
1,1,0,0,0,1,8,126.1912,34.399,0,0,0,0,71,0,0
1,1,0,0,3,2,5,126.7489,37.6809,0,0,0,0,40,0,0
1,4,0,0,0,0,1,128.2162,36.9147,0,0,0,0,103,0,0
1,4,6,1,1,1,7,127.0129,36.7898,0,0,0,0,53,0,0
1,1,6,1,1,4,2,127.1018,37.4873,0,0,0,0,89,0,0
1,4,6,1,1,4,2,126.8941,35.2795,0,0,0,0,181,0,0
1,2,0,0,0,4,1,129.2816,35.5464,0,0,0,0,213,0,0
0,5,5,0,0,1,2,126.5862,36.9872,0,0,1,0,46,0,0
1,5,5,0,0,0,3,126.448,36.8455,0,0,1,0,69,0,0
1,6,0,0,0,1,1,126.7684,37.4162,1,0,1,0,73,0,0
0,3,0,0,0,4,1,128.6662,35.9565,0,0,0,0,26,0,0
0,3,0,1,1,6,2,126.69,37.4465,0,0,0,0,29,0,0
0,2,0,0,0,0,6,127.0358,37.4827,0,0,0,0,214,0,0
0,2,0,0,0,4,1,126.8531,37.4537,0,0,0,0,81,0,0
1,2,0,0,0,3,1,128.108,38.2599,0,0,0,0,115,0,0
1,2,2,0,0,0,4,128.3274,36.2852,0,0,0,0,144,0,0
1,1,0,0,0,2,1,127.668,36.6173,0,0,0,0,83,0,0
1,2,3,0,0,2,4,127.3043,36.7516,0,0,0,0,63,0,0
0,3,0,0,0,0,1,126.8412,36.7125,0,0,0,0,187,0,0
1,2,0,0,0,1,9,126.7424,37.6472,0,0,0,0,40,0,0
0,1,0,0,0,0,4,126.9977,37.4293,0,0,0,0,227,0,0
0,1,5,1,2,7,2,127.3051,36.603,0,1,0,0,229,0,0
0,4,0,0,0,4,1,126.8589,37.3041,0,0,0,0,2,0,0
1,1,6,1,1,6,2,126.9722,35.3185,0,0,0,0,181,0,0
1,0,0,0,0,4,1,128.6594,35.852,0,0,0,0,37,0,0
1,4,0,1,1,0,4,128.6393,35.8751,0,0,0,0,26,0,0
0,1,0,0,0,4,2,127.3741,36.6236,0,0,0,0,83,0,0
1,1,6,1,1,0,2,128.6458,35.2431,0,0,0,0,86,0,0
1,2,0,2,4,0,1,126.9149,35.1539,0,0,0,0,162,0,0
0,2,6,1,1,7,2,126.846,37.5441,0,0,0,0,43,0,0
1,0,6,1,1,0,6,127.6741,34.8158,2,0,0,0,102,0,0
0,6,0,1,1,0,1,126.9294,36.2843,0,0,1,0,129,0,0
0,4,6,1,1,0,2,127.0802,37.757,0,0,0,0,64,0,0
0,4,6,1,1,4,2,127.3861,36.4285,0,0,0,0,148,0,0
0,0,5,0,0,6,2,126.307,36.6659,0,0,0,0,169,0,0
1,1,0,2,0,0,1,128.6073,35.8267,0,0,0,0,37,0,0
0,2,2,0,0,0,4,126.9963,37.5147,0,0,0,0,134,0,0
0,1,0,0,0,1,3,127.3419,37.3502,0,0,0,0,9,0,0
1,1,8,1,1,1,2,126.8321,33.4124,0,0,0,0,62,0,0
1,2,7,1,2,4,3,126.7518,36.5049,0,0,0,0,38,0,0
0,3,0,0,0,4,2,128.6932,35.2337,0,0,0,0,86,0,0
1,0,0,0,0,1,3,127.1541,37.4216,1,0,0,0,95,0,0
0,6,0,0,0,0,5,128.6445,35.8591,0,0,1,0,37,0,0
1,6,0,0,0,4,1,127.0945,36.4776,0,0,1,0,19,0,0
1,2,0,0,0,3,8,128.6511,36.5545,0,0,0,0,66,0,0
1,1,0,0,0,1,1,126.8802,34.1745,0,0,0,0,141,0,0
0,1,0,0,0,3,8,127.1872,35.9512,0,0,0,0,28,0,0
0,1,5,0,0,0,6,127.0542,37.5657,1,0,0,0,201,0,0
0,3,0,1,1,0,2,126.4793,35.003,1,0,0,0,101,0,0
0,0,5,0,0,0,1,129.3573,35.5156,0,0,0,0,213,0,0
1,4,6,1,1,0,6,126.7429,37.7297,0,0,0,0,175,0,0
1,4,5,0,0,0,3,126.6827,36.0795,0,0,0,0,10,0,0
1,1,0,1,1,2,4,127.9596,37.3268,0,0,0,0,36,0,0
0,0,0,0,0,0,9,128.128,35.1946,0,0,0,0,42,0,0
1,0,0,0,0,9,1,127.6346,36.736,0,0,0,0,138,0,0
0,6,2,0,0,0,3,126.9479,37.5165,0,0,1,0,93,0,0
1,0,0,0,0,5,1,127.3757,36.8099,0,0,0,0,63,0,0
1,6,0,0,0,0,1,127.0901,38.0353,0,0,1,0,106,0,0
1,5,0,1,1,2,5,129.2935,36.4186,0,0,1,0,54,0,0
1,2,0,0,0,4,1,127.3669,35.2233,0,0,0,0,147,0,0
1,0,3,1,1,0,7,128.1296,35.1804,0,0,0,0,42,0,0
0,6,0,0,0,0,7,126.8976,37.5398,0,0,1,0,150,0,0
1,3,5,0,0,4,2,126.3855,34.7901,0,0,0,0,153,0,0
0,5,6,0,3,0,5,126.7194,37.456,0,0,1,0,29,0,0
1,4,0,0,0,9,1,127.2047,35.5721,0,0,0,0,152,0,0
1,0,0,0,0,2,8,127.1281,37.391,0,0,0,0,95,0,0
1,0,5,0,0,0,3,128.6951,35.4922,1,0,0,0,177,0,0
1,6,0,0,0,0,1,127.4141,34.6644,0,0,1,0,191,0,0
0,6,0,1,1,0,1,127.6581,36.8117,0,0,1,0,179,0,0
1,6,0,0,0,0,1,126.8367,37.5227,0,0,1,0,140,0,0
1,3,5,0,0,3,2,127.4011,35.1887,1,0,0,0,147,0,0
0,3,0,0,0,0,1,127.3706,36.3851,0,0,0,0,148,0,0
1,1,2,0,0,0,8,129.2716,35.7934,0,0,0,0,100,0,0
1,1,0,1,1,0,2,127.1043,37.3723,1,0,0,0,95,0,0
0,4,0,1,2,0,1,127.0026,37.2018,0,0,0,0,50,0,0
0,6,0,1,1,0,1,126.6634,36.0587,0,0,1,0,10,0,0
1,5,0,0,0,6,1,127.9296,36.9287,0,0,1,0,6,0,0
1,5,0,0,0,9,1,128.1505,35.1575,0,0,1,0,42,0,0
0,4,0,1,2,6,3,127.1345,36.9964,0,0,0,0,14,0,0
0,3,0,0,0,1,1,126.5974,36.3857,0,0,0,0,136,0,0
1,0,6,1,1,3,3,127.2627,37.8221,0,0,0,0,171,0,0
1,4,0,1,1,6,6,128.6029,34.8875,0,0,0,0,15,0,0
1,4,6,1,1,0,4,126.8293,37.3046,0,0,0,0,2,0,0
0,2,5,0,0,0,3,127.4693,36.6505,1,0,0,0,83,0,0
0,0,0,1,1,1,1,129.2226,35.8404,0,0,0,0,100,0,0
1,6,5,0,0,0,2,127.6198,37.7513,0,0,1,0,111,0,0
0,4,5,0,0,0,2,128.0821,37.2304,1,0,0,0,36,0,0
1,5,5,0,0,0,4,129.3012,35.8309,0,0,1,0,100,0,0
0,2,0,0,0,3,4,126.716,37.42,0,0,0,0,29,0,0
1,2,5,0,0,0,3,129.2243,35.8587,1,0,0,0,100,0,0
0,6,0,0,0,3,1,126.743,37.8217,0,0,1,0,175,0,0
0,3,5,0,0,4,6,126.919,37.4976,0,0,0,0,93,0,0
1,1,0,0,0,0,2,128.117,35.1872,1,0,0,0,42,0,0
0,3,0,0,0,6,1,129.1406,36.1059,0,0,0,0,160,0,0
1,1,0,0,0,6,3,126.7795,37.7675,0,0,0,0,175,0,0
1,2,0,1,2,0,5,126.9227,36.9846,0,0,0,0,14,0,0
1,6,3,0,0,6,2,126.954,35.9884,0,0,1,0,125,0,0
1,1,0,1,2,0,11,129.0838,35.1104,1,0,0,0,180,0,0
1,2,0,0,0,4,3,126.6857,35.9517,0,0,0,0,166,0,0
0,1,0,0,0,0,1,127.5838,37.3331,0,0,0,0,22,0,0
1,2,6,1,1,7,2,129.0252,35.1032,0,0,0,0,228,0,0
1,6,0,0,0,1,1,126.8483,37.8002,0,0,1,0,175,0,0
0,5,0,0,0,1,8,128.3231,36.2741,1,0,1,0,144,0,0
1,1,2,1,1,1,4,126.5109,37.6531,0,0,0,0,92,0,0
0,0,3,1,2,4,4,126.4714,33.4939,0,0,1,0,90,0,0
1,6,0,0,0,0,1,126.6176,36.6261,0,0,1,0,187,0,0
1,5,4,1,2,0,3,128.2934,34.9794,1,0,1,0,87,0,0
0,3,0,0,0,0,8,126.6561,34.5143,0,0,0,0,119,0,0
0,0,0,0,0,1,1,126.3793,34.6671,0,0,0,0,119,0,0
0,1,6,1,1,0,7,129.0695,35.2081,0,0,0,0,216,0,0
1,5,5,0,0,2,9,129.2636,36.0484,0,0,1,0,100,0,0
1,6,0,0,0,1,1,128.9631,36.447,0,0,1,0,66,0,0
0,6,0,0,0,0,2,127.6886,37.1157,0,0,1,0,110,0,0
1,5,5,0,0,0,2,126.9467,37.0272,1,0,1,0,14,0,0
1,6,0,0,0,1,4,127.9265,36.4009,0,0,1,0,58,0,0
1,3,8,1,1,1,2,126.7846,35.5937,2,0,0,0,12,0,0
0,6,0,0,0,0,9,127.9833,37.3348,0,0,1,0,36,0,0
1,1,5,0,0,1,3,127.9444,35.625,0,0,0,0,154,0,0
1,4,4,0,0,1,2,127.0382,37.274,0,0,0,0,99,0,0
1,2,0,1,1,0,3,126.9837,37.2339,0,0,0,0,99,0,0
1,6,6,1,1,4,3,126.5306,35.0679,0,0,1,0,157,0,0
1,6,0,0,0,0,3,128.5137,35.8233,0,0,1,0,20,0,0
1,5,0,0,0,4,1,127.7419,35.9164,0,0,1,0,182,0,0
1,3,0,0,0,0,1,127.2545,35.8572,0,0,0,0,28,0,0
0,2,6,1,1,1,5,126.9009,37.691,0,0,0,0,40,0,0
1,1,0,0,0,1,3,128.2139,35.3349,0,0,0,0,189,0,0
0,1,0,0,0,0,2,129.2324,35.9606,0,0,0,0,100,0,0
0,0,6,1,1,4,2,126.6575,37.4278,0,0,0,0,35,0,0
0,4,0,0,0,0,1,127.6398,34.8022,1,0,0,0,102,0,0
1,4,6,1,1,0,4,126.7896,37.5321,0,0,0,0,65,0,0
0,2,0,0,0,0,2,127.6424,34.8014,0,0,0,0,102,0,0
1,1,0,1,2,3,4,127.0589,36.1749,0,0,0,0,61,0,0
0,0,5,0,3,7,2,127.2907,36.5977,0,1,0,0,229,0,0
0,6,0,2,0,0,1,126.8809,35.1067,0,0,1,0,190,0,0
0,6,0,0,0,4,1,126.4274,34.8192,0,0,1,0,153,0,0
1,5,0,0,0,1,3,127.2883,37.5304,1,0,1,0,70,0,0
1,4,5,0,0,0,3,128.4414,36.7456,1,0,0,0,55,0,0
1,1,5,0,0,0,7,129.3845,35.9683,0,0,0,0,160,0,0
0,2,6,1,1,4,2,128.6708,35.2025,0,0,0,0,86,0,0
1,4,0,0,0,1,1,128.5104,36.6505,0,0,0,0,55,0,0
1,4,9,0,0,1,2,128.4588,35.7877,0,0,0,0,30,0,0
0,6,0,0,0,0,1,126.7699,35.2861,0,0,1,0,146,0,0
1,3,0,0,0,3,1,129.0035,35.6157,0,0,0,0,17,0,0
0,0,6,1,1,1,3,126.7104,36.6189,0,0,0,0,38,0,0
0,5,0,0,0,0,3,126.4339,34.7748,0,0,1,0,16,0,0
1,5,0,0,0,0,4,126.7049,37.1648,0,0,1,0,50,0,0
0,5,0,1,2,0,8,126.691,34.8904,0,0,1,0,16,0,0
0,3,6,1,2,4,2,127.1658,37.4327,0,0,0,0,95,0,0
0,0,2,0,0,0,7,126.5865,37.298,0,0,0,0,2,0,0
1,6,0,0,0,4,1,127.1158,35.7152,0,0,1,0,28,0,0
0,3,0,0,0,1,1,128.1082,37.9343,1,0,0,0,124,0,0
1,4,0,1,1,2,1,126.7106,36.0649,1,0,0,0,10,0,0
1,0,0,1,1,0,2,129.3586,35.6489,0,0,1,0,158,0,0
1,5,0,0,0,0,2,126.9864,37.2258,1,0,1,0,50,0,0
0,4,6,1,1,0,2,126.651,37.4831,0,0,0,0,207,0,0
1,4,0,0,0,0,1,127.442,37.0712,0,0,0,0,23,0,0
0,1,3,1,2,1,6,127.2442,37.3868,0,0,0,0,9,0,0
0,3,2,0,0,0,8,128.3101,37.434,1,0,0,0,24,0,0
0,3,0,0,0,0,5,127.4483,36.3059,1,0,0,0,39,0,0
1,1,0,0,0,9,1,128.151,37.4488,0,0,0,0,31,0,0
1,5,8,1,1,1,4,129.2975,35.4225,0,0,1,0,17,0,0
0,6,0,1,2,0,1,129.3467,35.6384,0,0,1,0,158,0,0
1,4,0,0,0,0,1,127.9034,35.0261,0,0,0,0,172,0,0
0,3,6,1,1,0,7,127.0986,36.1844,0,0,0,0,61,0,0
1,5,5,0,0,0,2,126.7629,35.9631,0,0,1,0,166,0,0
1,5,0,1,2,0,2,127.7257,36.7459,0,0,1,0,179,0,0
1,4,7,0,0,2,4,125.9374,34.7148,0,0,0,0,132,0,0
1,4,0,0,0,0,2,128.9761,35.1074,0,0,0,0,25,0,0
1,4,0,0,0,1,3,127.07,37.0369,0,0,0,0,14,0,0
1,3,3,0,0,0,2,126.9865,36.1279,1,0,0,0,125,0,0
1,3,0,1,2,4,1,126.8935,34.3789,0,0,0,0,141,0,0
0,6,0,0,0,0,1,126.4413,36.8241,0,0,1,0,69,0,0
0,5,0,0,0,1,1,126.8543,35.673,0,0,1,0,12,0,0
0,4,2,1,2,0,2,126.632,37.5392,1,0,0,0,97,0,0
0,5,0,0,0,4,1,128.8973,35.2374,0,0,1,0,13,0,0
0,2,0,2,4,1,3,127.2324,37.2319,1,0,0,0,51,0,0
1,1,0,0,0,0,1,127.137,36.6672,0,0,0,0,63,0,0
1,4,0,0,0,1,9,126.5034,36.4562,0,0,0,0,136,0,0
0,1,0,1,1,4,2,126.368,34.7978,0,0,0,0,153,0,0
1,4,9,0,0,0,7,127.4547,36.317,0,0,0,0,80,0,0
0,4,0,0,0,0,11,127.2545,36.4989,0,1,0,0,229,0,0
0,6,0,0,0,4,3,128.3321,34.9787,0,0,1,0,87,0,0
0,5,0,0,0,2,1,127.2763,38.1922,0,0,1,0,184,0,0
1,0,0,0,0,5,4,128.4228,35.11,0,0,0,0,86,0,0
1,4,6,1,1,0,5,127.0539,37.5713,0,0,0,0,201,0,0
0,0,2,1,2,0,1,126.6098,36.3453,0,0,0,0,136,0,0
1,4,6,1,1,2,4,126.9876,37.5661,0,0,0,0,8,0,0
1,5,7,1,1,0,7,127.8058,36.4344,0,0,1,0,32,0,0
1,0,0,0,0,9,1,127.0017,36.1942,0,0,0,0,61,0,0
1,0,0,1,2,1,2,126.9365,37.1728,0,0,0,0,50,0,0
1,2,7,1,1,1,7,128.2639,35.7308,0,0,0,0,220,0,0
1,1,9,0,0,7,2,126.4769,36.767,0,0,0,0,69,0,0
0,1,0,0,0,0,6,128.6162,35.2673,0,0,0,0,86,0,0
1,1,0,0,0,1,1,128.192,35.3828,0,0,0,0,189,0,0
1,0,5,1,2,6,9,127.2208,36.6581,0,1,0,0,229,0,0
0,4,0,0,0,0,1,124.7097,37.8364,1,0,0,0,186,0,0
1,3,0,0,0,0,1,127.2846,35.8321,0,0,0,0,28,0,0
1,4,0,0,0,6,3,127.1612,35.3799,0,0,0,0,131,0,0
1,3,5,0,0,0,2,128.657,36.0766,1,0,0,0,170,0,0
1,4,0,0,0,4,1,126.4972,37.0527,0,0,0,0,46,0,0
0,3,0,0,0,1,1,127.1998,36.4422,0,0,0,0,19,0,0
1,2,0,1,2,4,3,127.4745,36.8776,0,0,0,0,60,0,0
1,0,8,1,1,1,3,126.7668,37.7371,0,0,0,0,175,0,0
0,3,0,0,0,0,3,126.8404,35.1953,0,0,0,0,135,0,0
1,1,8,1,1,1,9,126.6967,37.3317,0,0,0,0,73,0,0
1,5,0,0,0,0,1,126.6528,37.6424,0,0,1,0,47,0,0
0,0,0,1,2,0,1,127.1047,37.244,0,0,0,0,51,0,0
1,6,0,0,0,1,3,128.9917,35.0842,0,0,1,0,25,0,0
0,0,0,1,2,0,9,127.2166,37.2333,0,0,0,0,51,0,0
1,5,0,0,0,2,2,128.1376,36.9289,0,0,1,0,103,0,0
1,4,0,0,0,4,3,128.189,36.1016,0,0,0,0,76,0,0
0,4,5,0,0,1,3,127.6912,37.1147,0,0,0,0,110,0,0
0,2,0,1,1,0,5,127.1216,37.3824,0,0,1,0,95,0,0
1,6,2,1,2,0,2,127.1516,37.4299,0,0,1,0,95,0,0
1,5,0,0,0,0,3,127.0076,36.8001,0,0,1,0,53,0,0
1,6,6,1,1,6,2,127.917,36.9988,0,0,1,0,6,0,0
0,6,0,1,2,0,1,128.5596,35.1734,0,0,1,0,86,0,0
0,5,0,0,0,0,1,129.2968,35.4417,0,0,1,0,17,0,0
0,1,0,0,0,1,8,126.463,37.7779,1,0,0,0,92,0,0
0,5,9,0,0,2,4,126.9467,37.3734,0,0,1,0,126,0,0
0,0,0,0,0,0,5,127.0154,37.3196,0,0,0,0,99,0,0
1,6,6,1,1,0,2,126.4374,34.7655,1,0,1,0,16,0,0
0,1,0,1,1,0,5,128.752,35.8063,0,0,0,0,52,0,0
0,5,3,1,2,1,7,127.0273,37.208,0,0,1,0,50,0,0
0,6,0,0,0,7,1,127.739,36.1331,0,0,1,0,75,0,0
0,5,0,0,0,0,1,126.8768,35.1929,0,0,1,0,137,0,0
0,6,6,1,1,1,2,127.4052,36.3285,0,0,1,0,39,0,0
1,2,5,0,0,1,2,127.4757,37.3049,0,0,0,0,41,0,0
1,0,8,1,1,0,7,128.8983,36.2703,0,0,0,0,203,0,0
1,0,0,1,2,1,5,128.7179,36.1726,0,0,0,0,170,0,0
1,4,2,0,0,1,5,127.1518,37.4221,0,0,0,0,95,0,0
1,4,0,0,0,9,1,126.2538,36.7763,0,0,0,0,169,0,0