주야,요일,법규위반,도로형태_대분류,도로형태,당사자종별_1당_대분류,당사자종별_2당_대분류,경도,위도,사고피해정도,도시여부,주말/공휴일,인구수,발생지번호,보행자의위치,무단횡단여부
1,3,0,0,0,6,6,127.0569,36.7696,0,0,0,0,53,0,0
1,3,0,0,0,0,3,128.907,36.1931,0,0,0,0,203,0,0
1,4,0,0,0,3,4,129.048,35.3792,0,0,0,0,49,0,0
0,4,0,0,0,1,1,128.1753,35.838,0,0,0,0,168,0,0
1,3,4,0,0,0,3,127.1424,37.444,1,0,0,0,95,0,0
1,3,5,1,2,4,9,127.1329,36.8262,0,0,0,0,63,0,0
1,2,0,0,0,7,1,126.7935,37.3239,0,0,0,0,2,0,0
1,0,0,1,1,4,1,126.4325,35.2131,0,0,1,0,127,0,0
1,4,0,1,2,0,7,127.9596,37.0781,0,0,0,0,6,0,0
1,5,0,0,0,4,9,126.942,36.2323,0,0,1,0,129,0,0
1,4,0,2,4,7,1,126.9519,37.5153,0,0,0,0,93,0,0
0,4,0,0,0,4,1,127.0855,37.49,0,0,0,0,89,0,0
1,5,0,0,0,0,1,128.651,35.4882,0,0,1,0,177,0,0
1,1,3,1,2,4,2,128.3909,35.3199,0,0,0,0,117,0,0
1,6,6,1,1,2,4,127.0523,37.8959,0,0,1,0,94,0,0
0,3,5,0,0,4,2,128.3904,37.003,0,0,0,0,204,0,0
1,4,8,1,1,4,2,126.736,35.9775,0,0,0,0,166,0,0
0,0,0,0,0,0,1,128.4982,35.338,0,0,0,0,117,0,0
0,5,6,1,1,4,6,127.0474,37.6265,0,0,1,0,200,0,0
0,4,0,2,4,0,9,128.3441,36.2581,0,0,0,0,144,0,0
0,2,6,1,1,0,4,126.939,37.343,0,0,0,0,126,0,0
1,4,3,0,0,0,4,128.3638,36.9907,0,0,0,0,204,0,0
1,4,0,0,0,1,1,128.8574,35.5465,0,0,0,0,177,0,0
1,6,0,0,0,9,8,126.6449,35.2361,0,0,1,0,146,0,0
0,0,0,0,0,0,4,127.1384,37.8207,0,0,0,0,171,0,0
1,4,0,1,2,4,3,129.3393,35.5143,0,0,0,0,213,0,0
1,0,0,0,0,1,2,127.7939,37.0423,0,0,0,0,6,0,0
0,2,0,0,0,1,1,127.3071,36.6347,0,0,0,0,83,0,0
1,5,9,1,1,7,2,128.4395,35.7014,0,0,1,0,30,0,0
0,1,6,1,1,1,4,126.753,37.6944,0,0,0,0,40,0,0
1,6,3,0,0,0,4,128.3332,36.1358,0,0,1,0,144,0,0
0,0,0,0,0,0,3,127.1696,36.8785,0,0,0,0,63,0,0
1,0,0,1,2,1,5,126.9799,35.3196,0,0,0,0,181,0,0
1,5,0,0,0,7,1,128.6647,35.9846,0,0,1,0,26,0,0
1,2,0,0,0,0,5,126.6797,35.1835,0,0,0,0,135,0,0
1,6,0,0,0,0,1,129.1953,35.9169,0,0,1,0,100,0,0
1,0,0,1,1,6,1,128.6172,35.2601,0,0,0,0,86,0,0
1,3,0,0,0,7,1,127.4573,36.3557,0,0,0,0,77,0,0
1,5,0,0,0,0,9,127.3768,37.7739,0,0,1,0,176,0,0
0,4,0,0,0,4,1,126.3882,34.7436,0,0,0,0,16,0,0
1,4,5,0,0,0,9,129.1304,35.2371,0,0,0,0,96,0,0
1,3,6,1,1,0,2,128.6244,35.8398,1,0,1,0,37,0,0
1,6,0,0,0,6,6,126.9829,37.5348,0,0,1,0,134,0,0
1,5,7,1,1,6,2,128.1232,35.5649,0,0,1,0,133,0,0
0,3,5,0,0,1,3,126.2829,34.3946,0,0,0,0,71,0,0
1,1,2,0,0,1,3,127.4426,36.602,0,0,0,0,83,0,0
0,1,0,0,0,1,2,127.9682,37.0934,2,0,0,0,6,0,0
0,5,0,0,0,4,1,128.4932,36.7031,0,0,1,0,55,0,0
1,5,0,0,0,0,1,129.0341,35.2097,1,0,1,0,118,0,0
1,1,0,0,0,1,3,126.8271,36.324,0,0,0,0,129,0,0
0,6,5,0,0,0,2,126.4359,36.7694,1,0,1,0,69,0,0
1,0,0,0,0,4,1,127.0701,36.1717,0,0,0,0,61,0,0
0,5,0,0,0,2,1,127.3428,34.8672,0,0,1,0,27,0,0
1,0,0,0,0,0,5,128.551,35.9324,0,0,0,0,112,0,0
1,3,0,0,0,4,1,126.7304,35.1537,0,0,0,0,135,0,0
0,2,5,0,0,0,6,128.9791,35.3245,0,0,1,0,49,0,0
1,1,0,0,0,4,1,128.7724,36.7131,0,0,0,0,66,0,0
0,1,0,0,0,0,3,127.2122,37.8824,1,0,0,0,171,0,0
0,0,0,0,0,1,1,127.6188,35.1773,0,0,0,0,161,0,0
1,3,5,0,0,1,3,126.5923,35.5323,0,0,0,0,219,0,0
1,6,0,0,0,0,8,126.509,36.7465,0,0,1,0,69,0,0
0,1,0,1,1,5,4,126.8333,37.4637,0,0,0,0,81,0,0
1,2,0,1,2,4,1,126.8925,35.6043,0,0,0,0,12,0,0
0,2,0,0,0,1,5,127.213,37.8808,0,0,0,0,171,0,0
0,3,0,2,4,7,1,127.1187,37.4324,0,0,0,0,95,0,0
1,0,0,1,2,0,5,127.2021,35.0925,0,0,1,0,27,0,0
1,1,7,1,2,4,9,127.1909,36.6634,0,1,0,0,229,0,0
1,1,4,2,4,1,1,127.0327,37.5491,0,0,0,0,84,0,0
1,3,0,1,2,0,7,128.4863,35.1151,0,0,0,0,86,0,0
1,1,0,0,0,9,1,127.1287,36.9386,0,0,0,0,63,0,0
1,0,0,0,0,4,1,126.4196,34.9943,0,0,0,0,101,0,0
0,6,0,2,4,2,1,127.1408,37.6223,0,0,1,0,165,0,0
0,6,0,0,0,1,3,126.839,37.4906,0,0,1,0,79,0,0
1,6,6,1,1,0,2,128.6171,35.8095,2,0,1,0,37,0,0
0,0,0,0,0,6,1,126.7596,37.7165,0,0,0,0,175,0,0
0,6,5,0,0,0,2,127.9712,37.484,0,0,1,0,31,0,0
1,2,3,1,1,1,11,128.3674,35.0575,0,0,0,0,87,0,0
1,2,0,1,1,1,8,128.7353,36.1734,0,0,0,0,170,0,0
0,2,0,0,0,0,2,128.3875,36.0078,0,0,0,0,21,0,0
1,3,5,0,0,0,2,126.8906,36.2656,0,0,0,0,129,0,0
1,2,0,1,2,1,1,128.7524,36.8241,0,0,0,0,149,0,0
1,2,0,1,2,0,2,128.7046,35.2151,0,0,0,0,86,0,0
0,1,8,1,2,6,2,127.234,35.4546,0,0,0,0,131,0,0
0,6,0,0,0,1,1,128.0259,37.8068,0,0,1,0,82,0,0
0,0,3,0,0,1,2,127.0741,37.8115,0,0,0,0,59,0,0
1,3,0,1,1,1,4,128.7299,34.8715,0,0,0,0,15,0,0
0,0,0,2,4,0,1,127.0468,36.881,0,0,0,0,53,0,0
1,5,0,0,0,4,3,129.0925,36.6367,0,0,1,0,128,0,0
1,3,7,1,1,4,4,128.0943,36.4068,0,0,0,0,58,0,0
0,4,0,0,0,1,3,126.8592,35.1212,0,0,0,0,222,0,0
0,1,0,0,0,4,1,129.2086,35.2075,0,0,0,0,85,0,0
0,0,2,0,0,0,1,127.3267,34.8312,1,0,0,0,122,0,0
1,0,3,0,0,3,7,126.6644,37.506,0,0,0,0,97,0,0
1,6,0,0,0,4,1,126.642,37.4733,0,0,1,0,207,0,0
1,2,0,0,0,1,1,127.2429,38.1641,0,0,0,0,184,0,0
0,0,0,0,0,4,1,128.1974,36.9327,0,0,1,0,103,0,0
1,1,0,0,0,1,1,128.1691,37.8207,0,0,0,0,82,0,0
0,6,0,0,0,1,1,127.0372,38.1313,0,0,1,0,106,0,0
1,0,3,0,0,0,2,127.3633,36.3616,0,0,0,0,4,0,0
1,4,0,0,0,6,1,127.4602,35.2231,0,0,0,0,161,0,0
1,3,0,1,2,1,5,126.8453,35.0477,0,0,0,0,33,0,0
0,5,5,0,0,0,4,126.9045,37.6198,0,0,1,0,40,0,0
1,2,0,0,3,7,2,128.5835,38.2019,0,0,0,0,104,0,0
0,0,6,1,1,4,2,127.1444,36.8253,0,0,0,0,63,0,0
1,5,0,1,2,0,1,128.8274,37.7799,0,0,1,0,194,0,0
1,6,7,1,1,1,4,127.694,36.9351,0,0,1,0,110,0,0
1,0,0,0,0,9,1,128.189,38.0773,0,0,0,0,124,0,0
1,3,0,0,0,4,1,127.7456,37.1096,0,0,0,0,6,0,0
1,1,7,1,1,0,4,126.6165,35.2349,0,0,0,0,146,0,0
1,3,6,1,1,7,2,127.1394,35.8213,0,0,0,0,11,0,0
0,2,0,0,0,1,8,126.8427,36.6741,1,0,0,0,187,0,0
0,4,0,0,0,0,3,126.6053,34.5617,0,0,0,0,119,0,0
0,5,0,0,0,0,8,128.4851,37.1849,0,0,1,0,114,0,0
1,1,5,0,0,4,2,128.0157,35.456,0,0,0,0,133,0,0
1,0,0,0,0,2,1,128.3887,36.0126,2,0,0,0,21,0,0
1,5,0,0,0,9,1,127.529,36.2428,0,0,1,0,68,0,0
0,0,0,1,1,0,5,126.6949,35.4383,0,0,0,0,219,0,0
1,5,5,0,0,0,6,129.0623,37.2651,2,0,1,0,78,0,0
1,2,6,1,1,4,2,128.1341,36.1173,0,0,0,0,76,0,0
0,4,0,0,0,0,1,127.1963,36.8008,0,0,0,0,63,0,0
0,1,0,0,0,4,1,129.4091,35.5299,0,0,0,0,225,0,0
0,0,6,1,1,4,2,127.5156,36.9152,0,0,0,0,60,0,0
0,4,6,1,1,0,4,128.8251,37.8839,0,0,1,0,194,0,0
1,3,0,1,1,0,5,126.8208,37.4677,0,0,1,0,65,0,0
1,5,0,1,1,0,7,127.7322,37.9222,0,0,1,0,111,0,0
1,1,0,0,0,9,1,127.2657,35.4207,0,0,0,0,193,0,0
0,0,0,1,1,1,5,129.5551,35.99,0,0,0,0,160,0,0
0,6,0,0,0,0,2,127.1999,37.4112,0,0,1,0,9,0,0
1,5,0,0,0,1,4,128.6877,35.8737,0,0,1,0,26,0,0
1,5,6,1,1,0,2,126.5376,37.5008,0,0,1,0,72,0,0
1,2,5,0,0,4,2,127.1249,37.9349,0,0,1,0,171,0,0
1,1,0,0,0,1,4,127.19,34.7616,0,0,0,0,122,0,0
1,0,0,1,2,6,3,126.9013,34.6975,0,0,0,0,56,0,0
1,2,6,1,1,4,3,127.437,36.8597,0,0,0,0,60,0,0
0,3,0,0,0,0,5,129.2469,35.8924,0,0,1,0,100,0,0
0,1,6,2,4,0,2,128.9558,35.0966,1,0,0,0,25,0,0
1,2,6,1,1,2,7,126.8394,37.9219,0,0,1,0,175,0,0
1,5,0,0,0,0,4,128.5385,36.0857,0,0,1,0,21,0,0
0,4,0,1,1,5,1,127.0559,37.1895,0,0,0,0,143,0,0
0,3,0,0,0,1,1,128.6074,36.6067,0,0,0,0,66,0,0
1,3,0,1,2,2,3,127.3843,36.4479,0,0,0,0,148,0,0
1,1,0,0,0,5,7,127.2266,37.7787,0,0,0,0,171,0,0
1,0,5,0,0,0,3,127.2443,37.0201,0,0,0,0,23,0,0
1,3,0,0,0,0,7,127.0687,36.8945,0,0,0,0,53,0,0
1,4,0,0,0,0,1,128.7823,35.8727,0,0,0,0,52,0,0
1,3,0,0,0,5,1,127.0383,36.2646,0,0,0,0,129,0,0
1,2,5,1,2,0,2,127.1322,36.9932,0,0,0,0,14,0,0
1,0,7,1,1,4,2,128.308,36.0578,0,0,0,0,21,0,0
1,5,6,1,1,1,4,127.7716,36.1774,0,0,1,0,75,0,0
1,5,2,0,0,0,2,129.1201,37.4548,2,0,1,0,78,0,0
0,6,6,1,1,4,2,128.492,35.8513,0,0,1,0,20,0,0
0,0,0,0,0,0,1,128.69,37.3022,1,0,0,0,198,0,0
1,2,0,1,2,7,2,126.9127,37.5703,0,0,0,0,195,0,0
0,2,0,0,0,0,2,127.3393,37.0284,0,0,0,0,23,0,0
1,2,0,1,1,6,3,128.1947,36.4998,0,0,0,0,58,0,0
1,2,5,0,0,0,2,126.1768,36.7624,0,0,0,0,169,0,0
1,1,0,0,0,2,1,128.506,36.0503,2,0,0,0,21,0,0
1,0,5,0,0,1,2,128.645,37.4312,2,0,0,0,198,0,0
0,1,0,1,2,1,1,126.5684,33.266,0,0,0,0,62,0,0
0,5,0,0,3,0,3,128.6084,35.873,0,0,1,0,178,0,0
1,3,0,0,0,1,4,126.8251,36.7421,0,0,0,0,187,0,0
1,3,6,1,2,0,2,128.5634,35.2107,2,0,0,0,86,0,0
0,5,0,0,0,0,7,126.8152,37.0957,0,0,1,0,50,0,0
1,3,0,0,0,4,1,127.4992,36.5733,0,0,0,0,83,0,0
0,6,7,1,1,1,4,126.8348,37.5369,0,0,1,0,140,0,0
0,6,0,0,0,2,1,127.1486,37.2763,0,0,1,0,51,0,0
0,6,0,1,1,1,4,128.9757,35.237,0,0,1,0,13,0,0
1,5,0,1,1,6,2,128.2259,35.6802,0,0,1,0,220,0,0
0,1,6,1,2,0,5,126.7513,37.4974,0,0,0,0,65,0,0
0,1,0,1,2,6,2,128.6942,35.19,0,0,0,0,86,0,0
1,1,0,1,1,1,8,128.7035,36.6727,0,0,0,0,66,0,0
1,5,6,1,1,7,2,129.3434,35.5201,0,0,1,0,213,0,0
1,5,7,1,1,6,3,126.9844,35.3233,0,0,1,0,181,0,0
1,1,6,1,1,0,4,126.9294,37.5292,0,0,0,0,150,0,0
0,5,5,0,0,0,2,127.3839,36.4243,1,0,1,0,148,0,0
1,1,0,0,0,6,1,126.5605,34.5354,0,0,0,0,119,0,0
0,0,7,1,1,1,3,127.3809,36.2903,0,0,0,0,39,0,0
0,5,0,0,0,1,1,128.6662,36.4296,0,0,1,0,105,0,0
0,5,0,0,0,0,1,127.0994,35.2087,0,0,1,0,181,0,0
0,5,3,0,0,1,2,127.3456,36.2586,0,0,1,0,4,0,0
1,5,5,0,0,4,2,126.7037,35.0753,0,0,1,0,33,0,0
0,4,0,0,0,0,6,129.3585,36.0539,1,0,0,0,160,0,0
1,0,0,0,0,1,5,127.0842,37.0364,0,0,0,0,14,0,0
1,5,5,0,0,4,2,127.4928,37.6281,0,0,1,0,176,0,0
0,2,3,0,0,4,2,129.0124,35.2579,0,0,0,0,118,0,0
1,0,8,1,1,0,4,126.4485,36.7722,0,0,0,0,69,0,0
1,3,0,0,0,5,3,126.7307,35.159,0,0,0,0,135,0,0
0,6,3,0,0,2,4,126.4733,33.4798,0,0,1,0,90,0,0
1,0,0,0,0,4,1,129.344,35.5399,0,0,0,0,213,0,0
1,2,5,0,0,1,2,127.3568,34.8289,1,0,1,0,122,0,0
0,0,0,1,1,4,1,127.8926,34.7705,0,0,0,0,197,0,0
1,0,0,0,0,1,5,127.0447,35.9838,0,0,0,0,125,0,0
0,0,0,0,0,6,1,128.0143,36.6786,0,0,0,0,74,0,0
0,1,0,1,2,0,1,128.8861,35.7139,0,0,0,0,3,0,0
0,3,0,1,1,4,1,128.1656,36.9093,0,0,0,0,103,0,0
0,5,6,1,1,0,2,126.97,37.291,0,0,1,0,99,0,0
0,5,7,1,1,0,4,127.5251,34.9431,0,0,1,0,27,0,0
1,2,0,0,0,0,4,127.4377,37.5137,0,0,0,0,48,0,0
0,3,10,0,0,0,5,126.9086,37.4768,0,0,0,0,188,0,0
0,1,0,0,0,0,7,129.3162,35.5498,0,0,0,0,213,0,0
0,3,0,0,0,4,9,127.084,37.7475,0,0,0,0,64,0,0
0,2,0,0,0,1,1,126.3265,36.7138,0,0,0,0,169,0,0
1,0,0,0,0,6,1,127.8619,36.9687,0,0,0,0,6,0,0
1,5,0,0,0,4,1,127.7141,36.6667,0,0,1,0,179,0,0
1,6,0,0,3,4,1,127.0429,37.5572,0,0,1,0,84,0,0
1,5,0,0,0,1,4,128.881,36.9054,0,0,1,0,149,0,0
0,4,6,1,1,0,7,127.0629,36.9272,0,0,0,0,53,0,0
1,4,6,1,1,0,6,126.4595,36.8415,1,0,0,0,69,0,0
0,4,2,0,0,0,7,126.9203,35.9197,0,0,0,0,125,0,0
1,3,0,0,0,1,3,127.7921,36.9761,0,0,0,0,6,0,0
0,0,4,0,0,0,8,126.8141,35.3379,0,0,0,0,146,0,0
1,4,0,0,0,9,1,127.4569,35.4109,0,0,0,0,193,0,0
1,4,0,0,0,1,3,126.8088,37.5968,0,0,0,0,40,0,0
1,0,0,0,0,0,1,127.0321,35.2036,0,0,0,0,181,0,0
0,0,0,0,0,7,6,127.1377,35.8325,0,0,0,0,11,0,0
0,1,0,0,0,0,9,127.2177,37.755,0,0,0,0,70,0,0
1,1,5,0,0,6,3,128.9877,35.9846,0,0,0,0,5,0,0
1,0,0,0,0,4,1,128.5669,36.2214,0,0,0,0,170,0,0
0,1,0,0,0,0,3,126.7074,37.3901,0,0,0,0,29,0,0
1,1,0,0,0,1,8,124.6823,37.9425,0,0,0,0,186,0,0
1,0,0,0,0,1,1,128.357,36.4016,0,0,0,0,105,0,0
1,5,0,0,0,4,1,127.7743,36.4567,0,0,1,0,32,0,0
0,4,0,0,0,7,1,128.9096,35.2289,0,0,0,0,13,0,0
0,1,0,0,0,1,3,126.8366,35.1617,0,0,0,0,222,0,0
1,1,7,1,1,6,3,126.8194,34.5701,0,0,0,0,121,0,0
1,0,0,0,0,4,2,127.4477,35.4236,0,0,0,0,193,0,0
0,6,0,1,1,0,1,128.3988,36.1362,0,0,1,0,144,0,0
1,6,0,0,0,0,1,126.5622,35.9507,0,0,1,0,166,0,0
1,0,0,0,0,0,4,126.6636,33.537,0,0,0,0,90,0,0
1,4,5,0,0,4,6,128.1239,35.6713,0,0,1,0,133,0,0
0,5,6,1,1,4,6,127.1619,37.6984,0,0,1,0,70,0,0
1,3,7,1,1,0,4,127.9282,35.2698,0,0,1,0,224,0,0
1,3,5,0,0,1,3,129.1953,36.4797,0,0,1,0,54,0,0
0,1,0,0,0,0,1,126.4937,36.7349,0,0,0,0,69,0,0
1,5,5,1,2,4,2,126.9911,37.4744,0,0,1,0,214,0,0
0,1,0,0,0,6,1,126.7221,37.7313,0,0,0,0,175,0,0
1,1,3,0,0,0,2,127.0702,36.1867,0,0,0,0,61,0,0
1,1,0,1,2,1,5,128.9182,35.9657,0,0,0,0,5,0,0
1,6,6,1,1,0,2,126.4177,34.7577,1,0,1,0,16,0,0
1,4,0,0,0,4,1,128.9625,36.8063,0,0,0,0,149,0,0
0,5,6,1,1,0,7,126.7316,37.5116,0,0,1,0,44,0,0
1,5,0,0,0,1,1,128.3065,36.5045,0,0,1,0,55,0,0
0,6,3,1,1,4,2,127.0014,37.5857,0,0,1,0,116,0,0
0,4,0,1,1,0,4,126.899,37.5012,0,0,0,0,150,0,0
0,2,0,0,0,0,7,127.5676,37.4165,0,0,0,0,48,0,0
1,3,0,1,1,1,2,128.5284,35.2668,0,0,0,0,86,0,0
1,0,0,0,0,0,4,126.6598,34.7865,0,0,0,0,16,0,0
1,0,6,1,1,7,2,127.4314,36.3614,0,0,0,0,77,0,0
1,4,4,1,1,1,1,127.3507,34.8463,0,0,0,0,122,0,0
0,2,0,0,0,6,6,127.0383,37.6138,0,0,0,0,200,0,0
1,2,6,1,1,1,7,128.8916,37.7652,0,0,0,0,194,0,0
1,0,6,1,1,4,6,128.2576,35.3163,0,0,0,0,189,0,0
1,4,5,0,0,0,3,126.9308,37.6984,0,0,0,0,59,0,0
1,4,8,1,1,1,4,126.8049,37.4146,0,0,0,0,73,0,0
1,4,3,0,0,1,2,127.9542,37.4038,0,0,0,0,36,0,0
1,4,0,0,0,0,1,129.3955,36.559,0,0,0,0,54,0,0
1,3,0,0,0,1,4,128.0077,35.7116,0,0,0,0,154,0,0
1,1,0,1,2,1,5,127.3706,36.6254,0,0,0,0,83,0,0
1,0,0,0,0,6,3,127.4221,36.3794,0,0,0,0,77,0,0
0,6,9,0,0,0,4,126.7877,37.6367,0,0,1,0,40,0,0
0,4,5,0,0,0,4,129.3985,35.522,0,0,0,0,158,0,0
0,0,0,1,1,0,4,129.0994,35.2027,0,0,0,0,216,0,0
0,0,0,1,2,4,1,127.2101,37.8102,0,0,0,0,171,0,0
1,0,0,0,0,6,1,128.6186,36.7895,0,0,0,0,113,0,0
1,0,7,1,1,4,2,128.3484,36.1228,0,0,0,0,144,0,0
0,0,0,0,0,7,1,128.9562,35.0815,0,0,0,0,25,0,0
0,0,5,0,0,4,4,126.8573,35.1446,0,0,0,0,222,0,0
1,6,0,0,0,4,1,128.384,36.0205,0,0,1,0,21,0,0
1,6,8,1,1,0,7,126.7321,37.4948,0,0,1,0,44,0,0
1,6,0,0,0,0,5,127.0762,37.618,0,0,1,0,18,0,0
1,3,0,1,2,4,2,126.8823,37.5912,0,0,0,0,40,0,0
1,0,0,0,0,4,1,126.7956,36.4508,0,0,0,0,174,0,0
1,5,0,0,0,0,7,129.4249,36.6472,0,0,1,0,208,0,0
1,4,0,0,0,7,1,129.017,35.213,0,0,0,0,118,0,0
1,5,0,0,0,1,5,126.8128,37.3334,0,0,1,0,2,0,0
1,5,5,0,0,4,2,127.9854,36.7652,0,0,1,0,179,0,0
1,2,0,0,0,4,1,126.6354,37.3736,0,0,0,0,35,0,0
1,2,0,1,2,3,3,127.007,36.2576,0,0,0,0,129,0,0
1,2,5,0,0,6,3,128.6758,36.4183,0,0,0,0,105,0,0
0,3,0,0,0,0,1,126.88,34.7836,0,0,0,0,56,0,0
0,2,0,0,0,6,1,126.844,37.6947,0,0,0,0,40,0,0
1,3,3,1,2,7,2,127.2629,37.4138,0,0,0,0,9,0,0
1,3,0,0,0,1,3,127.4877,37.1039,0,0,0,0,23,0,0
1,5,0,1,2,0,1,126.9717,37.5425,0,0,1,0,134,0,0
1,6,0,1,2,1,1,126.8864,34.7059,0,0,1,0,56,0,0
0,4,10,0,0,0,2,126.7398,36.6909,0,0,0,0,187,0,0
0,3,0,0,0,0,2,129.2743,35.9866,0,0,0,0,100,0,0
0,6,0,0,0,4,1,127.5096,37.2983,0,0,1,0,41,0,0
0,5,0,0,0,4,1,126.8945,37.5244,0,0,1,0,150,0,0
1,2,0,0,0,2,4,126.9012,37.507,0,0,0,0,150,0,0
1,0,7,1,1,1,9,127.2951,36.5297,0,1,0,0,229,0,0
1,1,0,0,0,0,6,126.921,37.4508,1,0,0,0,109,0,0
1,5,0,0,0,1,3,127.2679,34.697,0,0,1,0,191,0,0
1,2,6,1,1,4,2,126.4602,34.8146,0,0,0,0,101,0,0
1,4,5,0,0,1,9,127.692,37.0445,0,0,0,0,6,0,0
1,4,6,1,1,0,2,127.422,35.0894,0,0,0,0,27,0,0
0,0,0,0,0,9,1,126.6927,34.2993,0,0,0,0,141,0,0
0,5,5,0,0,0,2,127.7147,37.8465,1,0,1,0,111,0,0
1,4,0,0,0,0,1,127.0405,37.1764,0,0,0,0,143,0,0
1,3,6,1,1,4,6,126.5362,36.6842,0,0,0,0,69,0,0
0,4,0,0,0,4,1,127.1162,37.337,0,0,0,0,95,0,0
0,3,0,0,0,4,3,127.371,36.3193,0,0,0,0,4,0,0
1,5,5,0,0,1,2,127.4331,38.2211,0,0,1,0,184,0,0
1,4,0,0,0,4,1,127.0521,37.2274,0,0,0,0,50,0,0
1,3,5,0,0,0,3,127.1898,37.8613,0,0,0,0,171,0,0
1,4,5,0,0,1,3,127.7338,36.2745,1,0,0,0,142,0,0
1,0,5,0,0,0,11,128.0124,35.3382,1,0,0,0,224,0,0
0,5,0,0,0,1,1,127.5651,37.4798,1,0,1,0,48,0,0
1,3,0,1,1,1,5,127.4658,36.6673,0,0,0,0,83,0,0
1,2,0,0,0,7,1,127.071,37.5582,0,0,0,0,84,0,0
0,2,6,1,1,0,4,129.1655,35.4112,0,0,0,0,49,0,0
0,5,0,0,0,4,1,128.7665,36.6407,0,0,1,0,66,0,0
1,4,2,0,0,1,4,127.2471,37.8041,0,0,0,0,171,0,0
0,2,6,1,1,4,2,127.4443,36.616,0,0,1,0,83,0,0
1,2,0,1,1,0,7,126.3173,34.6419,0,0,1,0,119,0,0
1,0,2,1,1,1,5,127.581,37.2991,0,0,0,0,22,0,0
0,5,0,0,0,6,1,126.8053,37.7579,0,0,1,0,175,0,0
0,1,7,1,1,0,2,126.8754,35.1978,0,0,0,0,137,0,0
0,2,0,0,0,6,1,126.7636,35.9132,0,0,0,0,166,0,0
0,3,5,0,0,7,3,127.3395,35.5327,0,0,0,0,152,0,0
1,1,0,0,0,9,1,128.2757,37.2881,0,0,0,0,114,0,0
0,2,0,0,0,0,1,127.2603,36.3707,0,0,0,0,19,0,0
0,0,5,0,0,0,5,126.9098,37.3892,0,0,0,0,151,0,0
1,6,0,0,0,4,3,128.2335,36.1881,0,0,1,0,76,0,0
0,4,6,1,1,6,2,128.9455,35.9581,0,0,0,0,5,0,0
1,2,6,1,1,1,4,129.0547,35.1576,0,0,0,0,231,0,0
0,3,0,0,0,0,5,127.2321,36.4576,0,1,0,0,229,0,0
1,0,5,0,0,1,2,127.256,38.0239,0,0,0,0,171,0,0
0,5,0,0,0,0,8,128.2371,35.1091,0,0,1,0,87,0,0
1,6,0,1,1,0,1,128.0802,36.2825,1,0,1,0,58,0,0
1,4,2,1,1,0,4,127.9235,35.6962,0,0,0,0,154,0,0
1,2,8,1,1,0,2,127.458,37.5794,1,0,0,0,48,0,0
0,4,0,0,0,4,1,128.5748,35.8721,0,0,1,0,107,0,0
1,3,7,1,1,7,3,126.5323,33.4983,0,0,1,0,90,0,0
1,1,5,1,2,1,3,127.0872,37.8056,0,0,0,0,59,0,0
0,1,0,1,1,0,5,127.3933,36.3418,0,0,0,0,4,0,0
1,1,0,0,0,0,1,128.5066,35.543,0,0,0,0,211,0,0
0,5,6,1,1,0,7,127.0729,37.1359,0,0,1,0,143,0,0
1,5,2,0,0,1,4,128.1399,36.4156,0,0,1,0,58,0,0
1,3,0,2,4,6,1,126.8853,36.8719,0,0,0,0,53,0,0
1,2,0,0,0,7,5,126.8847,37.5507,0,0,0,0,150,0,0
1,2,6,1,1,0,4,126.9124,35.1558,0,0,0,0,162,0,0
1,1,0,0,0,1,4,126.8818,37.4032,0,0,0,0,151,0,0
1,1,0,2,4,4,1,126.1166,34.8057,0,0,0,0,132,0,0
1,0,8,1,1,6,3,126.9325,34.6852,0,0,0,0,56,0,0
1,4,0,1,2,1,1,126.3091,36.7487,0,0,0,0,169,0,0
1,3,6,1,1,3,2,126.6466,37.4084,0,0,0,0,35,0,0
1,4,0,2,0,1,2,126.8007,35.1598,1,0,0,0,135,0,0
1,1,5,0,0,1,6,127.2046,37.6992,0,0,0,0,70,0,0
1,5,0,0,0,4,1,126.5248,36.3329,0,0,1,0,136,0,0
0,2,6,1,2,0,2,127.3381,36.3644,0,0,0,0,148,0,0
1,2,0,2,4,6,1,126.9669,34.6403,0,0,0,0,56,0,0
1,5,0,0,0,1,1,127.4558,37.5189,0,0,1,0,48,0,0
1,4,6,1,1,2,7,128.8177,36.0006,0,0,0,0,5,0,0
1,3,10,0,0,4,6,128.6681,34.9123,0,0,0,0,15,0,0
0,6,0,1,2,0,4,126.8037,36.1863,0,0,1,0,129,0,0
0,5,0,0,0,9,1,126.7045,35.6826,0,0,1,0,185,0,0
1,5,7,1,1,5,7,127.0629,37.0016,0,0,1,0,14,0,0
1,5,0,0,0,0,1,128.1728,38.1537,0,0,1,0,124,0,0
1,5,0,0,0,4,1,127.0132,36.7685,0,0,1,0,53,0,0
1,3,5,0,0,0,4,128.525,38.2361,0,0,0,0,217,0,0
0,1,5,0,0,9,3,128.8659,35.738,0,0,0,0,3,0,0
1,1,0,0,0,3,4,127.5079,37.3442,0,0,0,0,22,0,0
0,1,0,0,0,4,1,127.0782,37.2893,0,0,0,0,99,0,0
1,5,6,1,1,0,2,127.1057,37.2829,1,0,1,0,51,0,0
1,5,6,1,1,6,2,127.3856,36.4414,0,0,1,0,148,0,0
1,4,0,0,0,6,1,127.1098,36.1692,0,0,0,0,61,0,0