주야,요일,법규위반,도로형태_대분류,도로형태,당사자종별_1당_대분류,당사자종별_2당_대분류,경도,위도,사고피해정도,도시여부,주말/공휴일,인구수,발생지번호,보행자의위치,무단횡단여부
1,0,6,1,1,0,2,127.459,36.6149,0,0,0,0,83,0,0
1,5,5,0,0,1,3,127.8919,37.4165,1,0,1,0,36,0,0
1,1,5,0,0,6,6,126.9375,36.2916,0,0,0,0,129,0,0
1,1,4,0,0,2,1,126.6751,37.4228,0,0,0,0,35,0,0
1,6,0,0,0,4,1,126.3929,34.7429,0,0,1,0,16,0,0
1,0,5,1,2,2,3,128.6251,38.0745,0,0,0,0,164,0,0
0,5,6,1,1,6,2,127.4936,36.1144,0,0,1,0,68,0,0
1,2,5,0,0,0,9,128.4559,36.3724,1,0,0,0,105,0,0
1,1,0,0,0,1,1,127.1194,36.6059,0,0,0,0,19,0,0
1,3,0,0,0,1,1,127.3097,35.852,0,0,0,0,28,0,0
1,4,0,0,0,6,1,129.0175,35.8864,0,0,0,0,5,0,0
1,0,0,0,0,9,1,128.2135,36.7254,0,0,1,0,74,0,0
0,6,0,1,2,0,1,127.2638,37.0089,0,0,1,0,23,0,0
0,6,0,0,0,9,1,127.4365,35.2385,0,0,1,0,161,0,0
0,0,0,0,0,0,1,126.361,36.485,0,0,0,0,169,0,0
1,0,0,0,0,4,1,127.4836,36.3192,0,0,0,0,80,0,0
1,5,0,1,2,1,3,127.2071,37.2164,0,0,1,0,51,0,0
1,6,5,0,0,4,2,128.9177,35.3718,0,0,1,0,49,0,0
1,1,0,1,1,0,4,126.9702,37.5851,0,0,0,0,116,0,0
0,0,2,2,4,0,8,128.3883,35.8817,0,0,0,0,168,0,0
1,0,0,0,0,4,1,128.3839,38.2226,0,0,0,0,124,0,0
1,4,0,0,0,2,1,127.7151,37.8528,0,0,0,0,111,0,0
1,2,5,0,0,7,3,127.9323,36.1822,0,0,0,0,75,0,0
1,0,0,1,1,0,2,126.6827,36.0837,1,0,0,0,10,0,0
1,6,6,1,1,0,2,129.1741,35.172,2,0,1,0,1,0,0
1,1,0,1,1,6,6,126.797,34.5801,0,0,0,0,121,0,0
1,5,0,0,0,0,1,127.7826,36.9477,0,0,1,0,6,0,0
1,5,0,0,0,0,3,127.1406,36.8891,0,0,1,0,63,0,0
1,0,5,0,0,4,2,129.3845,36.4142,0,0,0,0,54,0,0
1,0,0,1,1,1,5,126.5518,35.0879,0,0,0,0,157,0,0
0,0,0,1,1,0,2,127.9441,37.3347,0,0,0,0,36,0,0
1,3,6,1,1,4,2,129.059,35.1578,0,0,0,0,231,0,0
1,3,0,0,0,0,1,128.3689,36.0406,0,0,0,0,21,0,0
1,3,0,0,0,7,1,126.783,37.4797,0,0,0,0,65,0,0
1,0,2,1,1,4,4,126.7977,33.5495,0,0,0,0,90,0,0
1,0,5,0,0,1,3,127.1747,37.5438,0,0,0,0,67,0,0
1,5,6,1,1,1,3,126.6676,33.5309,0,0,1,0,90,0,0
1,5,0,0,0,4,1,127.5301,37.8317,0,0,1,0,111,0,0
0,4,0,0,0,4,2,128.8216,35.9121,0,0,0,0,52,0,0
0,6,0,0,0,4,1,126.7212,37.3755,0,0,1,0,73,0,0
1,0,7,1,2,4,2,127.4886,36.1032,0,0,0,0,68,0,0
1,1,6,1,1,0,2,127.9056,35.6839,0,0,0,0,154,0,0
1,5,0,2,4,0,1,127.1709,37.0059,0,0,1,0,23,0,0
1,0,0,0,0,1,5,127.4297,36.4448,0,0,0,0,77,0,0
1,2,0,0,0,4,1,127.4492,35.0275,0,0,0,0,27,0,0
1,6,0,0,0,0,1,127.0547,34.7483,0,0,1,0,122,0,0
1,6,10,1,2,0,4,129.2552,35.5583,0,0,1,0,17,0,0
1,3,5,1,2,4,3,128.731,35.6577,0,0,0,0,3,0,0
1,3,2,0,0,0,4,126.4463,36.7721,0,0,0,0,69,0,0
1,5,6,1,1,4,2,129.1856,35.8421,0,0,1,0,100,0,0
1,4,0,2,4,4,1,127.0768,35.0274,0,0,1,0,88,0,0
0,1,6,1,1,7,2,127.1202,37.3914,0,0,0,0,95,0,0
0,2,8,1,1,4,3,127.7663,36.8329,0,0,0,0,179,0,0
1,1,0,0,0,0,4,127.0613,34.8443,0,0,0,0,122,0,0
0,5,7,1,1,4,3,128.649,35.248,0,0,1,0,86,0,0
1,4,5,0,0,0,2,126.7693,36.0366,1,0,0,0,10,0,0
0,4,0,0,0,0,1,126.8273,35.5841,0,0,0,0,12,0,0
1,1,0,0,0,0,1,126.4517,33.4799,0,0,0,0,90,0,0
0,6,0,0,0,0,1,126.6514,36.7379,1,0,1,0,187,0,0
0,4,5,0,0,0,2,129.3661,36.0109,1,0,0,0,160,0,0
1,4,4,1,2,1,1,127.5611,37.2197,0,0,0,0,22,0,0
1,3,0,0,0,0,6,127.1015,36.4508,0,0,0,0,19,0,0
0,2,0,1,1,0,1,128.5533,35.242,0,0,0,0,86,0,0
1,1,10,0,0,0,2,126.9244,37.5103,0,0,0,0,93,0,0
0,4,5,2,4,2,6,126.5055,36.7862,2,0,0,0,69,0,0
0,5,0,0,0,4,1,127.1918,37.6503,0,0,1,0,70,0,0
0,3,2,1,1,0,7,127.1172,35.9848,0,0,0,0,28,0,0
1,5,0,1,2,9,1,127.5799,34.6885,0,0,1,0,102,0,0
0,3,0,0,0,4,1,127.346,34.4943,0,0,0,0,191,0,0
1,2,0,0,0,4,1,127.78,38.0524,0,0,0,0,218,0,0
0,2,0,0,0,4,1,129.4402,35.9889,0,0,0,0,160,0,0
1,1,0,0,0,2,11,129.4439,36.7106,1,0,0,0,208,0,0
1,2,0,0,0,4,1,126.7793,36.8027,0,0,0,0,46,0,0
1,4,2,1,2,0,2,128.6862,35.8415,0,0,1,0,37,0,0
1,0,0,1,2,1,3,127.3464,37.1737,0,0,0,0,51,0,0
1,1,6,1,1,0,2,127.125,35.9269,1,0,0,0,28,0,0
0,5,0,0,0,1,1,126.8347,34.643,0,0,1,0,121,0,0
1,5,6,1,1,0,4,126.7561,35.7112,0,0,1,0,185,0,0
0,0,0,0,0,0,3,126.8272,37.3592,0,0,0,0,2,0,0
0,4,0,0,0,2,1,126.7956,37.3259,0,0,0,0,2,0,0
1,4,6,1,1,4,3,128.6405,35.9066,0,0,0,0,26,0,0
1,4,8,1,1,1,3,126.7114,35.5231,0,0,0,0,219,0,0
1,3,0,0,0,0,1,126.6693,36.2959,0,0,0,0,136,0,0
1,2,0,0,0,0,1,129.2639,37.3224,0,0,0,0,78,0,0
1,2,0,2,4,4,2,128.8597,35.1338,0,0,0,0,206,0,0
1,2,0,2,4,6,1,128.3712,35.7115,0,0,0,0,220,0,0
0,2,0,0,0,0,1,129.0389,35.7576,0,0,0,0,100,0,0
1,1,0,0,0,9,1,128.0224,35.7984,0,0,0,0,154,0,0
1,5,8,1,1,1,4,126.3825,33.2641,0,0,1,0,62,0,0
0,0,5,1,2,0,4,127.0378,37.5712,0,0,0,0,84,0,0
1,2,0,0,0,0,8,126.9533,33.5095,0,0,0,0,90,0,0
1,0,0,0,0,4,1,128.7887,37.3379,0,0,0,0,198,0,0
0,5,0,0,0,0,2,126.822,34.3283,0,0,1,0,141,0,0
1,5,5,0,0,1,3,126.8431,37.9533,0,0,1,0,175,0,0
0,5,0,0,0,4,1,128.6296,35.2038,0,0,1,0,86,0,0
1,6,7,1,1,0,9,129.1555,37.4622,1,0,1,0,78,0,0
1,5,5,1,1,1,7,127.0042,35.721,0,0,1,0,34,0,0
0,4,5,0,0,1,2,126.8561,37.2844,2,0,0,0,2,0,0
0,4,0,0,0,0,4,127.0914,37.2525,0,0,0,0,51,0,0
0,4,6,1,1,0,4,126.9907,37.5203,0,0,0,0,134,0,0
1,4,0,1,1,1,5,126.7361,37.3468,0,0,0,0,73,0,0
1,3,5,0,0,0,4,128.4388,36.3875,0,0,0,0,105,0,0
0,3,5,0,0,0,2,127.3059,36.3759,0,0,0,0,148,0,0
1,2,0,0,0,6,1,127.997,36.6105,0,0,0,0,74,0,0
1,0,0,0,0,4,1,126.7178,36.6219,0,0,0,0,38,0,0
0,3,6,1,1,0,4,128.5167,35.8589,0,0,0,0,20,0,0
1,1,0,0,0,4,4,126.4333,36.8653,0,0,0,0,69,0,0
1,0,0,0,0,4,3,127.3215,34.5304,0,0,0,0,191,0,0
0,6,0,0,0,0,3,128.6421,35.8454,1,0,1,0,37,0,0
0,6,2,0,0,0,2,129.0945,35.1736,0,0,1,0,221,0,0
1,5,0,1,2,1,5,126.9672,36.0812,0,0,1,0,125,0,0
1,2,0,0,0,4,1,127.1754,36.8421,0,0,0,0,63,0,0
0,5,0,1,2,0,4,128.7208,35.8184,0,0,1,0,52,0,0
0,6,0,0,0,7,1,126.6624,35.1717,0,0,1,0,135,0,0
1,4,0,1,2,0,4,126.9309,36.1766,0,0,0,0,129,0,0
0,3,0,0,0,6,1,128.7905,35.1189,0,0,0,0,86,0,0
0,6,6,1,1,0,6,126.7709,37.2998,0,0,1,0,2,0,0
1,2,6,1,1,0,2,127.6093,36.9923,0,0,0,0,110,0,0
1,5,5,0,0,4,2,127.3056,37.4706,0,0,1,0,9,0,0
0,5,0,1,1,6,2,127.3855,35.4161,0,0,1,0,193,0,0
1,3,0,0,0,1,1,127.4508,34.9647,0,0,0,0,27,0,0
1,5,6,1,1,4,2,128.3563,36.12,0,0,1,0,144,0,0
0,6,6,1,1,1,7,126.6894,37.4579,0,0,1,0,29,0,0
1,4,0,0,0,2,1,126.8412,37.5152,0,0,0,0,140,0,0
1,2,3,0,0,0,8,126.8557,33.3498,1,0,0,0,62,0,0
0,6,6,1,1,4,2,128.912,35.2456,0,0,1,0,13,0,0
0,6,0,1,2,0,1,127.4326,36.3592,0,0,1,0,77,0,0
1,3,5,0,0,0,4,126.4763,35.2829,0,0,0,0,127,0,0
1,0,0,0,0,1,4,127.6118,34.701,0,0,0,0,102,0,0
0,0,0,0,0,4,1,126.8627,37.5298,0,0,0,0,43,0,0
1,0,0,0,0,1,1,127.5553,38.1798,0,0,0,0,218,0,0
1,0,0,0,0,9,1,126.1811,33.2774,0,0,0,0,62,0,0
1,3,0,0,0,1,2,129.4171,36.1161,0,0,0,0,160,0,0
1,0,5,0,0,0,2,128.1287,35.175,0,0,0,0,42,0,0
1,3,3,0,0,0,2,129.2564,35.527,0,0,0,0,17,0,0
1,4,5,0,0,1,9,127.3608,36.1544,0,0,0,0,68,0,0
0,5,3,0,0,4,1,127.106,36.1786,0,0,1,0,61,0,0
1,5,0,0,0,1,5,128.181,36.422,0,0,1,0,58,0,0
0,1,0,0,0,1,1,128.531,38.1838,0,0,0,0,104,0,0
0,6,0,1,2,0,5,129.2143,35.8551,0,0,1,0,100,0,0
0,0,0,0,0,4,1,127.3314,36.3668,0,0,0,0,148,0,0
1,6,0,1,1,0,1,126.9264,37.6023,0,0,1,0,139,0,0
1,2,0,0,0,1,3,129.3313,37.2592,0,0,0,0,78,0,0
1,6,0,0,0,4,1,126.66,37.3264,0,0,1,0,73,0,0
1,1,0,0,0,9,1,128.5349,36.7369,0,0,0,0,55,0,0
1,0,0,0,0,1,1,127.9117,35.6526,0,0,0,0,154,0,0
1,4,0,0,0,4,1,126.913,35.0917,0,0,0,0,190,0,0
0,1,0,0,0,4,1,127.0934,37.3363,0,0,0,0,51,0,0
0,5,0,0,0,0,1,129.2738,35.9866,0,0,1,0,100,0,0
1,4,2,0,0,0,4,127.6825,37.0526,0,0,0,0,110,0,0
0,5,0,0,0,0,1,126.8111,33.3709,0,0,1,0,62,0,0
1,5,2,1,1,0,2,127.1063,37.4927,0,0,1,0,156,0,0
0,3,6,1,1,0,2,126.731,37.3502,1,0,0,0,73,0,0
1,3,0,1,1,0,2,126.9796,37.0237,0,0,0,0,14,0,0
0,5,0,0,0,6,3,126.8166,37.1085,0,0,1,0,50,0,0
1,6,0,0,0,4,1,128.1421,35.1575,0,0,1,0,42,0,0
0,2,6,1,1,0,4,126.7226,37.5279,0,0,0,0,7,0,0
1,3,0,1,2,6,1,126.7477,35.7165,0,0,0,0,185,0,0
0,0,6,1,1,1,4,127.1856,37.6655,0,0,0,0,70,0,0
0,6,5,2,4,0,2,127.1995,37.6727,1,0,1,0,70,0,0
1,6,0,0,0,0,1,126.2301,33.3237,0,0,1,0,90,0,0
1,6,6,1,1,4,2,126.7388,37.4455,0,0,1,0,29,0,0
0,5,0,0,0,1,3,126.8474,37.6666,0,0,1,0,40,0,0
0,1,5,0,0,7,2,127.0982,36.209,0,0,0,0,61,0,0
1,1,8,1,1,4,2,127.64,34.7719,0,0,0,0,102,0,0
0,6,2,1,2,0,4,126.9818,37.2947,0,0,1,0,99,0,0
1,2,2,1,1,2,5,128.352,34.9896,0,0,0,0,87,0,0
1,4,0,0,0,4,1,127.1536,37.568,0,0,1,0,91,0,0
0,1,0,0,0,6,1,127.0183,37.6026,0,0,0,0,167,0,0
1,4,7,1,1,4,3,127.3118,37.1488,0,0,0,0,51,0,0
0,4,0,0,0,0,8,127.324,34.8636,0,0,0,0,122,0,0
1,6,0,1,1,9,1,126.959,35.1969,0,0,1,0,181,0,0
1,6,0,0,0,4,1,126.9906,35.605,0,0,1,0,12,0,0
1,3,0,0,0,1,1,127.8166,35.0369,0,0,0,0,172,0,0
1,2,0,1,1,4,2,128.6156,34.817,0,0,0,0,15,0,0
1,2,0,0,0,9,1,126.6493,36.413,0,0,0,0,136,0,0
0,2,6,1,1,4,2,126.9183,37.5526,0,0,0,0,159,0,0
1,0,5,0,0,2,11,128.3881,35.9639,0,0,0,0,21,0,0
1,0,6,1,1,0,2,126.5412,35.4552,1,0,0,0,219,0,0
0,6,0,0,0,0,3,127.1998,37.4025,0,0,1,0,9,0,0
1,0,0,1,1,1,6,127.7892,35.5811,1,0,0,0,108,0,0
0,6,0,0,0,3,1,128.1247,37.9586,0,0,1,0,124,0,0
1,2,0,0,0,1,7,126.5159,35.0583,0,0,0,0,157,0,0
1,6,0,0,0,4,1,127.5066,37.816,0,0,1,0,176,0,0
1,6,0,0,0,4,1,127.5385,36.5637,0,0,1,0,83,0,0
1,5,0,1,1,7,2,126.7181,35.04,0,0,1,0,33,0,0
0,5,2,1,1,0,4,128.4578,35.6986,0,0,1,0,30,0,0
1,2,2,1,1,1,2,126.5559,36.7434,0,0,0,0,69,0,0
1,5,9,0,0,7,2,126.9783,35.9381,0,0,1,0,125,0,0
1,5,0,0,0,6,1,127.7841,35.083,0,0,1,0,172,0,0
1,6,0,0,0,4,3,127.0437,37.6185,1,0,1,0,167,0,0
0,6,0,0,3,4,1,126.8464,37.6249,0,0,1,0,40,0,0
1,6,0,0,0,9,1,127.7303,36.5779,0,0,1,0,32,0,0
1,4,0,0,0,0,1,126.7788,37.6301,0,0,0,0,40,0,0
0,3,6,1,1,4,2,129.3308,35.5296,0,0,0,0,213,0,0
1,2,7,1,1,1,4,126.6855,36.9753,0,0,0,0,46,0,0
1,3,6,1,1,0,1,127.011,36.7771,0,0,0,0,53,0,0
1,4,5,0,0,6,3,127.5458,37.0942,0,0,0,0,41,0,0
1,4,6,1,1,0,7,126.742,37.3433,0,0,0,0,73,0,0
1,3,6,1,1,3,4,126.743,37.6727,0,0,0,0,40,0,0
1,0,6,1,2,4,2,127.1592,35.8302,0,0,1,0,11,0,0
0,4,0,0,0,1,2,128.5786,38.1925,1,0,0,0,104,0,0
1,4,0,0,0,4,1,127.8767,36.8702,0,0,0,0,179,0,0
1,5,0,1,1,1,1,128.871,35.3137,0,0,1,0,13,0,0
0,0,5,1,1,9,2,126.5271,37.0344,0,0,0,0,46,0,0
0,1,0,0,0,4,1,128.5389,35.9234,0,0,0,0,112,0,0
0,1,5,0,0,4,4,126.9206,37.4898,0,0,0,0,188,0,0
1,2,0,1,1,1,4,126.9027,37.4646,0,0,0,0,109,0,0
1,1,5,0,0,0,2,128.3945,34.9631,0,0,0,0,212,0,0
1,3,0,1,2,0,2,126.9453,35.2268,0,0,0,0,137,0,0
1,1,0,0,0,1,1,128.7723,37.6026,0,0,0,0,194,0,0
1,2,0,2,4,6,1,127.2831,35.3921,0,0,0,0,193,0,0
1,1,0,1,1,0,4,127.3372,37.6562,0,0,0,0,70,0,0
0,1,0,0,0,4,1,127.187,36.4063,0,0,0,0,19,0,0
0,6,5,2,0,1,2,129.0531,35.1701,1,0,1,0,231,0,0
1,5,0,0,0,1,1,126.1925,36.8234,0,0,1,0,169,0,0
1,4,6,1,1,4,2,126.7783,37.4944,0,0,0,0,65,0,0
1,1,10,0,0,6,2,126.532,33.5135,0,0,0,0,90,0,0
0,3,5,1,1,4,3,128.5877,35.8739,1,0,0,0,178,0,0
0,5,9,0,0,7,2,127.1293,35.8399,0,0,1,0,11,0,0
0,6,0,0,0,0,1,128.6405,35.2295,0,0,1,0,86,0,0
1,5,5,0,0,7,2,128.1956,37.1482,0,0,1,0,103,0,0
1,3,7,1,1,1,4,127.6472,37.1019,0,0,0,0,110,0,0
1,3,0,0,0,0,1,127.0868,37.6756,0,0,0,0,18,0,0
0,3,0,0,0,4,1,127.0176,37.2505,0,0,0,0,99,0,0
1,5,0,1,1,3,4,128.8046,35.3274,0,0,1,0,13,0,0
0,0,0,0,0,0,1,127.3594,37.8055,0,0,1,0,176,0,0
1,0,0,1,1,1,4,127.3507,34.8462,0,0,0,0,122,0,0
1,4,6,1,1,5,2,126.4643,36.8565,0,0,0,0,69,0,0
0,4,0,0,0,1,6,126.4277,34.8139,0,0,0,0,153,0,0
1,0,5,0,0,2,3,127.1555,35.7365,0,0,0,0,28,0,0
1,6,0,1,2,6,1,129.3432,35.5682,0,0,1,0,205,0,0
0,5,0,1,1,7,2,127.0185,37.2501,0,0,1,0,99,0,0
0,4,0,0,0,0,5,126.4363,36.7942,0,0,0,0,69,0,0
0,3,0,0,0,6,1,126.604,34.7879,0,0,0,0,16,0,0
1,1,0,0,0,1,1,128.688,34.9832,0,0,0,0,15,0,0
0,5,0,1,1,4,2,127.6554,36.6335,0,0,1,0,83,0,0
0,2,0,0,0,0,1,127.5597,34.895,0,0,0,0,27,0,0
0,0,5,0,0,0,3,129.3098,35.5163,0,0,0,0,213,0,0
0,1,5,0,0,0,2,127.0293,37.7843,0,0,0,0,59,0,0
1,5,9,0,3,7,2,129.096,35.1979,0,0,1,0,216,0,0
0,5,0,0,0,0,3,127.7771,37.2947,0,0,1,0,36,0,0
0,3,0,0,0,4,1,127.0437,37.5381,0,0,0,0,84,0,0
0,3,0,0,0,7,1,128.9513,35.4624,0,0,0,0,177,0,0
0,1,0,0,0,4,1,126.757,36.7603,0,0,0,0,187,0,0
1,3,2,1,2,2,3,126.3588,34.7652,0,0,0,0,153,0,0
0,5,0,0,0,4,1,126.6381,37.6731,0,0,1,0,47,0,0
0,6,0,0,0,4,1,127.233,37.0135,0,0,1,0,23,0,0
1,6,0,0,0,0,2,127.0611,35.8738,0,0,1,0,11,0,0
1,0,0,0,0,9,1,126.7338,35.5795,0,0,1,0,12,0,0
1,1,0,0,0,0,1,126.8684,33.3686,0,0,0,0,62,0,0
0,2,0,0,0,0,1,127.1252,35.833,0,0,0,0,11,0,0
0,1,0,0,0,0,5,127.4757,36.6577,0,0,0,0,83,0,0
0,5,5,0,0,1,4,126.4634,37.7634,0,0,1,0,92,0,0
0,6,5,0,0,4,1,126.6729,37.5165,0,0,1,0,97,0,0
1,5,0,1,1,6,2,126.6189,34.7895,0,0,1,0,16,0,0
1,2,0,1,1,0,4,126.9225,37.4999,0,0,0,0,93,0,0
1,5,0,1,1,4,2,127.1986,35.779,0,0,1,0,11,0,0
1,5,0,2,4,0,1,128.1895,37.3097,0,0,1,0,114,0,0
0,3,0,0,0,0,1,126.9438,37.2148,0,0,0,0,50,0,0
1,5,0,0,0,0,1,126.9453,37.004,0,0,1,0,14,0,0
1,5,0,0,0,1,1,127.3163,34.6539,0,0,1,0,191,0,0
1,5,0,0,0,1,1,126.9163,34.364,0,0,1,0,141,0,0
1,3,10,0,0,4,2,126.6445,36.5531,0,0,0,0,38,0,0
1,1,5,0,0,1,2,126.8131,37.888,2,0,0,0,175,0,0
1,0,0,1,2,7,3,128.5578,38.1896,0,0,0,0,104,0,0
1,6,0,1,1,1,5,126.9705,36.2215,0,0,1,0,129,0,0
1,0,0,2,4,0,1,127.529,37.505,0,0,0,0,48,0,0
1,5,0,1,1,0,4,127.1711,36.754,0,0,1,0,63,0,0
1,3,0,0,0,4,3,128.5771,36.6012,0,0,0,0,66,0,0
0,4,0,0,0,6,1,129.0047,35.207,0,0,1,0,118,0,0
1,2,0,0,0,1,1,126.4994,36.158,0,0,0,0,10,0,0
0,0,0,0,0,0,1,127.1562,35.8846,0,0,0,0,28,0,0
1,5,0,2,4,9,1,128.1393,36.5743,0,0,1,0,58,0,0
1,0,0,0,0,4,3,127.5444,37.1058,0,0,0,0,41,0,0
1,6,0,1,1,1,7,126.9106,35.8677,0,0,1,0,34,0,0
0,3,6,1,1,0,4,126.859,37.3318,1,0,0,0,2,0,0
1,5,0,0,0,6,1,126.838,37.6301,0,0,1,0,40,0,0
0,6,0,0,0,6,1,126.8899,37.5847,0,0,1,0,139,0,0
0,5,0,0,0,4,1,127.0391,37.6323,0,0,1,0,200,0,0
1,6,0,1,2,6,2,128.1608,36.4059,0,0,1,0,58,0,0
0,6,0,0,0,0,1,127.3595,36.5404,0,1,1,0,229,0,0
1,5,5,0,0,0,11,129.3423,35.5052,0,0,1,0,213,0,0
1,3,0,1,2,0,5,127.341,36.3528,0,0,1,0,148,0,0
0,2,0,1,1,1,2,126.6094,35.4793,0,0,0,0,219,0,0
1,1,0,0,0,1,1,128.1205,36.1056,0,0,0,0,76,0,0
1,6,0,0,0,6,1,128.4174,36.151,0,0,1,0,144,0,0
1,4,0,1,2,0,5,127.071,37.6648,0,0,0,0,18,0,0
0,0,0,1,1,7,2,127.2709,37.0042,0,0,0,0,23,0,0
1,1,5,0,0,2,2,126.8047,37.4143,1,0,0,0,73,0,0
1,4,0,1,2,0,5,126.6369,37.3902,0,0,0,0,35,0,0
1,6,0,0,0,0,7,127.1814,35.9462,0,0,1,0,28,0,0
0,6,2,0,0,0,3,128.0883,35.3111,1,0,1,0,42,0,0
1,6,5,0,0,7,2,127.0007,36.7832,0,0,1,0,53,0,0
1,5,0,1,2,0,1,127.1103,37.6458,0,0,1,0,70,0,0
1,5,0,1,1,0,2,127.9024,35.0259,0,0,1,0,172,0,0
1,1,5,0,0,0,2,128.6016,38.1814,0,0,0,0,104,0,0
1,5,6,1,1,0,4,127.4353,36.6443,0,0,1,0,83,0,0
0,2,0,0,0,0,1,126.8231,35.9234,0,0,0,0,166,0,0
1,3,0,1,1,2,4,128.4596,35.3916,0,0,0,0,211,0,0
0,1,5,0,0,7,3,126.9421,35.9089,0,0,0,0,34,0,0
0,0,8,1,1,1,2,126.8395,36.7067,0,0,0,0,187,0,0
0,4,6,1,2,0,4,127.057,37.5199,0,0,0,0,89,0,0
0,5,0,0,0,4,1,126.935,36.089,0,0,1,0,125,0,0
1,5,5,1,2,0,2,128.6891,38.0348,1,0,1,0,164,0,0
1,4,0,1,1,9,1,126.3004,33.2866,0,0,0,0,62,0,0
1,0,0,0,0,3,1,128.3056,35.55,0,0,0,0,133,0,0
1,6,0,0,0,1,4,128.4083,35.6019,0,0,1,0,211,0,0
1,5,5,0,0,1,3,126.8809,36.2135,0,0,1,0,129,0,0
0,4,8,1,1,0,2,126.359,34.7549,1,0,0,0,153,0,0
1,2,7,0,0,6,3,128.1538,36.4708,0,0,0,0,58,0,0
1,5,0,0,0,4,1,125.9922,34.6968,0,0,1,0,132,0,0
1,4,3,0,0,4,3,126.939,37.1925,0,0,0,0,50,0,0
1,3,0,0,0,0,4,129.2256,35.8337,0,0,0,0,100,0,0
0,0,0,1,1,1,8,128.5551,36.7012,0,0,0,0,55,0,0
1,0,5,0,0,0,3,126.5246,36.5837,0,0,0,0,38,0,0
1,6,6,1,1,4,2,127.1478,35.3682,0,0,1,0,131,0,0
1,5,0,0,0,0,8,128.6662,36.4292,0,0,1,0,105,0,0
0,5,0,1,2,0,1,128.4055,35.9886,0,0,1,0,21,0,0
0,5,5,0,0,4,1,127.1653,37.5543,0,0,1,0,91,0,0
1,3,5,0,0,4,3,126.7787,36.2067,0,0,0,0,129,0,0
0,2,0,0,0,0,3,126.7361,37.6504,0,0,0,0,40,0,0
1,2,5,1,2,2,2,127.1457,35.3745,0,0,0,0,131,0,0
0,6,5,0,3,6,6,129.0035,35.2097,0,0,1,0,118,0,0
1,5,7,1,1,0,3,127.9666,36.9005,0,0,1,0,6,0,0
0,5,0,0,0,4,1,127.9945,37.1234,0,0,1,0,103,0,0
0,5,0,0,0,6,1,127.0506,37.2651,0,0,1,0,99,0,0
1,5,7,1,1,0,4,126.6623,36.5734,0,0,1,0,38,0,0
1,1,0,1,2,2,8,128.2704,35.9711,0,0,0,0,168,0,0
0,1,6,0,3,1,5,127.2695,37.4157,0,0,0,0,9,0,0
0,3,0,0,0,0,2,128.6321,35.8253,1,0,0,0,37,0,0
1,3,0,0,0,9,1,126.6644,36.4927,0,0,0,0,38,0,0
0,0,0,0,0,0,1,126.6658,36.9026,0,0,1,0,46,0,0
0,5,0,0,0,1,1,126.9214,35.6376,0,0,1,0,12,0,0
1,4,0,0,0,0,1,126.6266,36.5293,0,0,0,0,38,0,0
1,3,6,1,2,0,2,127.4762,36.3316,1,0,0,0,80,0,0
1,6,6,1,1,4,6,126.7494,37.7115,0,0,1,0,175,0,0
0,2,5,0,0,4,2,129.416,36.6302,1,0,1,0,54,0,0
1,3,0,0,0,4,1,128.7719,35.6558,0,0,1,0,3,0,0
1,3,0,0,0,7,1,126.6985,37.6686,0,0,1,0,40,0,0
1,6,0,0,0,0,1,127.1201,35.4377,0,0,1,0,131,0,0
1,2,0,1,1,0,7,128.4829,35.5401,0,0,1,0,211,0,0
0,0,0,1,2,1,5,127.7063,38.0981,0,0,0,0,218,0,0
0,4,0,0,0,0,1,129.1453,35.3647,0,0,0,0,85,0,0
1,4,6,1,1,4,6,127.4413,36.8695,0,0,0,0,60,0,0
1,1,6,1,1,1,6,126.5233,37.6292,1,0,0,0,92,0,0
0,1,5,0,0,4,2,128.0962,37.1888,0,0,0,0,103,0,0
0,6,6,0,0,6,5,127.4487,36.3358,0,0,1,0,80,0,0
0,4,3,0,0,1,2,127.0714,35.8679,0,0,0,0,11,0,0
0,4,0,0,0,4,1,128.7493,35.8242,0,0,0,0,52,0,0
0,1,0,1,1,0,4,128.6654,36.196,0,0,0,0,170,0,0
1,1,6,1,1,0,3,127.4219,35.0894,2,0,0,0,27,0,0
1,0,0,0,0,1,1,126.4472,33.2699,0,0,0,0,62,0,0
1,5,8,1,1,1,2,128.3372,36.9911,1,0,1,0,204,0,0
1,2,0,0,0,0,7,129.2904,35.7658,0,0,0,0,100,0,0
1,3,0,0,0,1,11,128.4573,35.6446,0,0,0,0,30,0,0
0,5,0,1,2,4,3,127.1664,36.7298,0,1,1,0,229,0,0
1,4,3,0,0,1,3,127.3814,36.6212,0,0,0,0,83,0,0
0,0,5,1,1,4,6,127.0848,37.6232,0,0,0,0,18,0,0
1,4,0,0,0,6,1,128.5452,35.8165,0,0,0,0,20,0,0
1,3,4,0,0,2,1,126.7843,37.6644,0,0,0,0,40,0,0
0,3,0,0,0,1,1,128.8007,36.3082,0,0,0,0,105,0,0
0,4,0,1,1,0,1,127.1844,36.8553,0,0,0,0,63,0,0
0,3,0,0,0,0,3,128.5135,35.86,0,0,1,0,20,0,0
1,5,5,0,0,4,2,127.2241,36.128,0,0,1,0,61,0,0
1,4,0,0,0,4,1,127.2411,35.3845,0,0,0,0,193,0,0
0,3,0,1,1,1,1,127.0634,37.1096,0,0,0,0,14,0,0
1,2,0,0,0,0,1,126.7331,37.0739,0,0,0,0,50,0,0