주야,요일,법규위반,도로형태_대분류,도로형태,당사자종별_1당_대분류,당사자종별_2당_대분류,경도,위도,사고피해정도,도시여부,주말/공휴일,인구수,발생지번호,보행자의위치,무단횡단여부
1,2,0,0,0,1,3,126.6247,36.855,0,0,0,0,46,0,0
0,5,6,2,4,1,3,127.1791,36.8493,1,0,1,0,63,0,0
0,2,0,0,0,1,2,127.1255,37.4273,1,0,0,0,95,0,0
0,1,3,0,0,1,3,126.5698,36.8024,0,0,0,0,69,0,0
1,5,0,2,4,0,2,127.0806,36.1028,2,0,1,0,61,0,0
1,4,3,0,0,0,2,128.1322,36.664,2,0,0,0,74,0,0
1,4,0,0,0,1,3,128.5775,35.9083,1,0,0,0,112,0,0
0,0,5,0,0,1,2,127.4628,36.2937,0,0,0,0,80,0,0
1,6,0,0,0,1,1,128.8931,35.2252,0,0,1,0,13,0,0
0,4,0,0,0,1,3,127.8537,36.2475,0,0,0,0,75,0,0
0,1,0,0,0,1,3,128.4817,35.9269,0,0,0,0,21,0,0
0,5,0,0,0,0,3,126.8207,37.1169,0,0,1,0,50,0,0
0,3,0,0,0,1,3,126.8476,36.9546,1,0,0,0,14,0,0
0,2,0,0,0,0,3,126.8827,37.2456,0,0,0,0,50,0,0
1,3,0,2,4,1,3,126.6531,37.4369,1,0,0,0,29,0,0
0,3,0,0,0,1,3,127.8553,36.9366,1,0,0,0,6,0,0
1,0,3,0,0,2,6,128.5762,35.2893,2,0,0,0,117,0,0
0,5,0,0,0,1,3,127.4488,36.7238,0,0,1,0,83,0,0
1,4,0,0,0,1,2,126.8637,37.3412,0,0,0,0,2,0,0
1,0,0,0,0,1,3,128.5468,36.0079,0,0,0,0,21,0,0
0,0,0,0,0,0,1,129.0275,35.3268,0,0,0,0,49,0,0
0,2,0,0,0,1,1,128.3095,36.9506,0,0,0,0,204,0,0
1,5,0,0,0,0,1,127.2196,36.2109,1,0,1,0,61,0,0
1,5,6,1,1,0,3,126.8116,37.7422,0,0,1,0,175,0,0
0,4,0,0,0,4,1,126.8792,37.5783,0,0,0,0,159,0,0
0,2,5,0,0,0,6,127.2032,37.1494,0,0,0,0,51,0,0
0,6,0,0,0,0,3,127.787,36.511,1,0,1,0,32,0,0
0,0,0,0,0,6,3,127.1814,37.8712,0,0,0,0,171,0,0
0,5,0,0,0,0,1,129.0916,35.2497,0,0,1,0,96,0,0
0,4,0,0,0,0,1,127.1391,34.8299,0,0,0,0,122,0,0
0,3,5,0,0,0,2,127.7351,34.7307,0,0,0,0,102,0,0
1,5,0,0,0,1,9,127.3183,37.3605,0,0,1,0,9,0,0
1,1,0,0,0,1,3,127.1684,36.7952,0,0,0,0,63,0,0
1,0,3,0,0,7,3,126.8135,37.7414,0,0,0,0,175,0,0
1,4,6,1,1,6,2,126.9816,35.0557,0,0,1,0,88,0,0
1,4,5,0,0,4,2,126.4344,34.5787,0,0,1,0,119,0,0
1,3,5,0,0,0,3,127.6699,37.963,1,0,0,0,111,0,0
1,1,0,0,0,0,5,127.2421,36.1339,0,0,0,0,61,0,0
1,0,0,1,2,0,5,128.4256,36.1066,0,0,0,0,144,0,0
1,6,0,1,2,0,7,128.6427,35.237,0,0,1,0,86,0,0
1,5,5,0,0,0,3,126.6981,35.025,1,0,1,0,33,0,0
0,6,2,0,0,0,1,126.8769,35.5853,1,0,1,0,12,0,0
1,6,0,0,0,0,1,128.3937,35.9833,1,0,1,0,21,0,0
0,6,0,0,0,0,3,126.712,36.0131,0,0,1,0,10,0,0
1,5,0,2,4,1,2,127.1004,37.5026,0,0,1,0,156,0,0
1,4,6,1,1,3,5,127.1587,36.7812,0,0,0,0,63,0,0
1,6,0,1,2,0,1,128.2472,34.9865,1,0,1,0,87,0,0
1,4,0,0,0,1,2,127.3187,37.3586,1,0,0,0,9,0,0
1,1,0,0,0,0,1,126.9022,37.5343,0,0,0,0,150,0,0
0,1,3,0,0,0,2,126.9009,37.5518,0,0,0,0,159,0,0
1,1,0,0,0,1,8,127.1389,36.3509,0,0,0,0,19,0,0
0,3,0,0,0,0,1,129.398,36.1288,0,0,0,0,160,0,0
0,6,0,1,1,2,5,129.2117,35.8399,0,0,1,0,100,0,0
0,0,5,0,0,0,2,127.0453,37.899,0,0,0,0,94,0,0
1,5,0,1,2,4,1,127.9348,37.3523,0,0,1,0,36,0,0
1,0,3,0,0,1,2,128.7754,35.4796,1,0,0,0,177,0,0
0,0,0,0,0,0,2,128.5317,37.6452,1,0,0,0,24,0,0
0,4,3,0,0,1,3,127.5871,37.2442,2,0,0,0,22,0,0
0,0,0,0,0,0,2,127.2981,37.4249,1,0,0,0,9,0,0
1,0,0,0,0,5,2,129.1971,35.763,0,0,0,0,100,0,0
1,0,0,0,0,1,3,128.5581,36.2384,0,0,0,0,170,0,0
0,2,0,0,0,0,1,126.8137,35.3441,1,0,0,0,146,0,0
1,0,0,0,0,7,1,128.6909,35.1599,0,0,0,0,86,0,0
1,5,0,2,4,1,1,127.6384,35.3668,0,0,1,0,108,0,0
0,3,5,0,0,6,2,129.1091,35.1432,0,0,0,0,45,0,0
0,1,5,0,0,0,2,126.8788,37.6317,1,0,0,0,40,0,0
0,5,0,0,0,4,3,127.0703,37.607,0,0,1,0,201,0,0
1,5,0,1,2,0,5,128.6893,35.2222,0,0,1,0,86,0,0
0,1,5,0,0,1,2,126.6824,36.9442,1,0,0,0,46,0,0
1,3,0,0,0,1,3,128.3579,36.1188,1,0,0,0,144,0,0
0,4,2,0,0,0,2,129.2513,35.9847,0,0,0,0,100,0,0
1,2,0,0,0,1,3,126.9506,37.2896,0,0,0,0,99,0,0
1,0,0,0,0,2,6,127.1039,37.266,2,0,0,0,51,0,0
0,4,3,0,0,1,3,127.8459,37.0138,0,0,0,0,6,0,0
1,6,0,0,0,2,2,129.2208,35.9878,1,0,1,0,100,0,0
0,6,5,0,0,0,3,126.9651,37.7122,0,0,1,0,59,0,0
0,6,7,1,1,1,4,127.4654,36.6601,0,0,1,0,83,0,0
0,6,0,0,0,6,1,127.2784,36.5021,0,1,1,0,229,0,0
0,5,0,0,0,1,3,128.9908,35.0641,0,0,1,0,25,0,0
1,4,0,1,2,1,9,128.4173,35.6614,0,0,0,0,30,0,0
1,3,0,0,0,0,1,126.9572,37.8179,0,0,0,0,59,0,0
0,3,0,1,2,6,1,126.9127,37.564,0,0,0,0,159,0,0
0,4,0,0,0,0,3,126.6002,36.1702,1,0,0,0,10,0,0
0,5,0,0,0,0,1,126.624,36.8548,0,0,1,0,46,0,0
0,5,0,0,0,4,1,128.4989,35.8091,0,0,1,0,30,0,0
0,2,5,1,1,0,2,126.6392,37.4019,0,0,0,0,35,0,0
1,2,7,1,1,4,2,126.8357,36.694,0,0,0,0,187,0,0
1,1,0,0,0,1,4,126.3314,34.4415,0,0,0,0,71,0,0
0,6,0,0,0,0,2,127.2377,36.786,0,0,1,0,63,0,0
0,3,0,0,0,0,1,127.044,37.7019,0,0,0,0,64,0,0
0,6,0,0,0,0,3,128.555,36.6919,0,0,1,0,55,0,0
1,0,0,0,0,0,1,128.5755,36.7265,0,0,0,0,55,0,0
1,4,0,0,0,0,1,127.3762,35.3174,0,0,0,0,193,0,0
1,1,0,0,0,1,9,128.201,36.4789,0,0,0,0,58,0,0
1,5,2,0,0,1,2,128.9822,35.2661,1,0,1,0,13,0,0
0,2,0,0,0,1,3,128.5746,36.264,0,0,0,0,170,0,0
1,5,0,0,0,0,1,127.1557,37.5131,0,0,1,0,67,0,0
1,1,0,0,0,1,1,128.7946,35.9538,0,0,0,0,52,0,0
0,5,0,0,0,5,1,127.25,37.4638,0,0,1,0,9,0,0
1,1,0,0,0,0,1,127.3964,37.4886,0,0,0,0,48,0,0
1,1,0,0,0,0,1,127.5144,36.6579,0,0,0,0,83,0,0
0,5,5,0,0,0,3,126.5729,36.3519,0,0,1,0,136,0,0
0,4,0,0,0,0,1,129.0802,37.5978,0,0,0,0,210,0,0
0,5,2,0,0,0,3,126.8881,37.5423,1,0,1,0,150,0,0
1,3,0,1,1,1,7,127.3683,36.3622,0,0,0,0,4,0,0
0,2,0,0,0,0,1,127.9936,35.2627,0,0,0,0,42,0,0
1,6,6,1,1,2,3,127.0634,37.0926,2,0,1,0,14,0,0
0,6,0,0,0,1,1,128.8777,36.9116,0,0,1,0,149,0,0
0,3,0,0,0,1,3,127.1892,36.9345,0,0,0,0,23,0,0
0,3,0,0,0,1,9,126.6321,37.4464,0,0,0,0,29,0,0
0,0,0,0,0,0,3,127.8602,35.4223,0,0,0,0,224,0,0
1,4,0,0,0,0,3,126.5875,36.452,1,0,0,0,136,0,0
0,3,0,0,0,1,3,128.8012,35.2205,1,0,0,0,13,0,0
1,2,0,0,0,1,11,126.4993,34.9039,0,0,0,0,101,0,0
0,5,0,1,2,6,1,128.6338,35.8285,0,0,1,0,37,0,0
1,4,5,0,0,0,2,126.2717,34.4686,1,0,0,0,71,0,0
1,1,0,2,4,0,3,127.0624,35.8738,2,0,0,0,11,0,0
1,4,0,0,0,6,1,128.7924,35.2914,0,0,0,0,13,0,0
1,2,0,0,0,0,1,127.2509,37.6486,0,0,0,0,70,0,0
0,2,0,0,0,1,3,126.9821,37.3205,0,0,0,0,99,0,0
1,5,0,0,0,1,2,127.5189,36.3472,1,0,1,0,142,0,0
0,1,4,0,0,1,2,127.1921,35.8232,1,0,0,0,11,0,0
0,3,0,0,0,1,3,128.4719,35.557,0,0,0,0,211,0,0
1,3,0,0,0,1,2,128.5322,36.0263,0,0,0,0,21,0,0
1,5,3,2,4,1,3,127.7197,37.0878,1,0,1,0,6,0,0
0,6,0,0,0,0,2,127.2046,36.7662,0,0,1,0,63,0,0
0,2,0,0,0,0,1,126.8943,35.6297,0,0,0,0,12,0,0
1,0,0,0,0,0,1,128.258,35.2085,0,0,0,0,42,0,0
0,1,0,0,0,1,3,128.4558,35.6082,0,0,0,0,211,0,0
0,5,0,0,0,0,1,126.3248,33.4618,0,0,1,0,90,0,0
0,3,0,0,0,0,7,126.5087,35.2763,0,0,0,0,127,0,0
1,2,0,0,0,4,1,126.8631,35.1237,0,0,0,0,222,0,0
0,1,0,0,0,0,4,128.5869,35.2123,1,0,0,0,86,0,0
0,1,0,0,0,6,6,127.5826,34.9769,1,0,0,0,130,0,0
0,6,0,0,0,6,1,127.034,35.8327,0,0,1,0,28,0,0
0,6,0,0,0,0,7,126.7825,33.4029,0,0,1,0,62,0,0
0,6,0,0,0,0,5,129.2719,35.9851,0,0,1,0,100,0,0
1,4,0,0,0,0,1,128.5217,38.2868,0,0,0,0,217,0,0
0,0,0,0,0,0,9,126.6166,36.1531,0,0,0,0,10,0,0
1,1,0,0,0,0,1,126.3035,35.0919,0,0,0,0,101,0,0
0,2,0,0,0,6,1,126.7348,37.7348,0,0,0,0,175,0,0
0,5,6,1,1,1,3,128.175,37.1581,0,0,1,0,103,0,0
0,4,5,0,0,0,2,126.8435,37.6096,1,0,0,0,40,0,0
0,4,0,0,0,0,1,128.2684,35.9717,0,0,0,0,168,0,0
0,2,5,0,0,0,3,126.7528,36.0146,0,0,0,0,166,0,0
1,2,0,1,2,1,3,127.5117,36.6622,1,0,0,0,83,0,0
0,2,0,0,0,0,3,129.3803,35.998,1,0,0,0,160,0,0
1,1,6,1,1,0,7,128.0802,35.1836,0,0,0,0,42,0,0
0,0,0,1,1,1,2,128.7265,35.3068,0,0,0,0,13,0,0
0,1,0,1,2,4,11,126.935,37.3361,0,0,0,0,126,0,0
0,4,5,0,0,0,3,127.3905,36.4368,0,0,0,0,148,0,0
1,3,0,0,0,6,1,126.8168,34.6466,0,0,0,0,121,0,0
0,0,0,0,0,1,3,126.9578,37.7018,1,0,0,0,59,0,0
0,1,0,0,0,1,3,127.9534,35.0526,0,0,0,0,57,0,0
1,2,0,0,0,1,3,127.0986,37.4069,0,0,0,0,95,0,0
1,0,0,0,0,1,3,128.0024,36.1953,0,0,0,0,76,0,0
0,5,4,0,0,4,1,127.1734,36.7628,0,0,1,0,63,0,0
1,6,0,0,0,2,2,128.3935,37.5736,2,0,1,0,24,0,0
1,3,0,0,0,2,2,126.5338,37.5155,2,0,0,0,72,0,0
1,4,0,0,0,1,2,127.117,36.6807,1,0,0,0,63,0,0
0,0,0,0,0,1,1,128.7034,35.2864,0,0,0,0,86,0,0
1,5,0,0,0,0,1,128.2908,35.8995,1,0,1,0,168,0,0
0,4,0,0,0,6,2,126.9897,37.0148,0,0,0,0,14,0,0
0,6,0,1,1,0,5,127.1104,35.8508,0,0,1,0,11,0,0
1,4,5,0,0,0,3,126.6456,36.9107,0,0,0,0,46,0,0
0,2,0,0,0,1,3,127.153,36.8575,0,0,0,0,63,0,0
0,3,0,1,1,0,2,127.106,35.8136,1,0,0,0,11,0,0
1,6,0,1,2,0,1,126.6615,37.5033,0,0,1,0,97,0,0
1,6,0,0,0,6,2,128.0776,36.759,0,0,1,0,74,0,0
0,6,5,1,2,2,2,127.7044,34.9295,1,0,1,0,130,0,0
0,3,0,0,0,0,1,127.714,36.6671,0,0,0,0,179,0,0
0,2,5,1,2,0,7,126.8973,37.706,0,0,0,0,40,0,0
0,3,0,0,0,0,1,126.6565,37.5528,0,0,0,0,97,0,0
1,0,0,0,0,1,7,127.4132,34.8651,0,0,1,0,27,0,0
0,5,6,1,1,0,4,127.2128,37.2625,0,0,1,0,51,0,0
0,1,5,0,0,6,2,127.4772,35.2107,0,0,0,0,161,0,0
1,0,0,0,0,1,1,128.7983,35.4931,0,0,0,0,177,0,0
0,3,6,1,1,4,2,126.742,37.3433,0,0,0,0,73,0,0
0,6,6,1,1,4,2,126.7623,37.521,0,0,1,0,65,0,0
1,1,5,0,0,1,4,126.5874,34.9681,0,0,0,0,33,0,0
0,5,0,0,0,0,1,127.0949,35.8313,0,0,1,0,11,0,0
0,2,0,1,1,0,1,127.496,36.6161,0,0,0,0,83,0,0
1,1,0,0,0,6,1,127.4912,36.1007,0,0,0,0,68,0,0
1,5,0,0,0,9,1,127.5739,36.6533,0,0,1,0,83,0,0
0,3,6,1,1,4,6,126.7157,35.964,0,0,0,0,166,0,0
1,2,6,1,1,0,6,126.5868,36.3403,2,0,0,0,136,0,0
1,4,0,1,2,1,9,126.8176,35.5864,1,0,0,0,12,0,0
0,2,0,1,2,4,1,126.7327,37.3491,0,0,0,0,73,0,0
1,1,5,0,0,0,3,127.3569,35.4048,0,0,0,0,193,0,0
0,5,5,0,0,0,7,127.6055,37.487,0,0,1,0,48,0,0
1,3,0,0,0,4,2,126.6916,36.7284,0,0,0,0,187,0,0
0,4,0,0,0,2,2,126.8409,35.2052,0,0,0,0,135,0,0
0,1,0,2,4,2,1,128.5886,38.0723,0,0,0,0,164,0,0
1,4,0,0,0,0,5,128.9568,35.0584,0,0,0,0,25,0,0
0,4,0,0,0,0,9,127.1398,37.3284,0,0,0,0,51,0,0
0,5,6,1,1,0,2,129.1845,35.3169,0,0,1,0,85,0,0
1,3,6,1,1,0,4,127.1074,37.2092,0,0,0,0,50,0,0
1,5,6,1,1,7,2,127.4259,36.3846,0,0,1,0,77,0,0
1,1,0,0,0,4,1,129.0516,35.167,0,0,0,0,231,0,0
0,2,0,0,0,1,2,126.8813,36.6058,0,0,0,0,187,0,0
1,1,0,0,0,6,3,126.8783,37.7389,0,0,0,0,175,0,0
1,6,0,0,0,0,1,128.641,34.7749,0,0,1,0,15,0,0
0,3,2,2,4,0,1,126.9092,36.7918,0,0,0,0,53,0,0
0,3,0,0,0,4,1,128.8926,35.2275,0,0,0,0,13,0,0
0,4,6,1,1,0,2,129.1209,35.2134,0,0,0,0,1,0,0
1,2,8,1,1,7,2,126.6899,36.0103,0,0,0,0,10,0,0
1,6,5,0,0,0,4,128.525,36.8817,0,0,1,0,113,0,0
1,6,0,0,0,0,1,127.1058,37.4111,0,0,1,0,95,0,0
1,0,0,1,1,4,1,129.3033,35.5535,0,0,0,0,205,0,0
0,0,0,1,2,0,1,127.6189,37.4114,0,0,0,0,22,0,0
1,5,0,0,0,1,9,126.7259,37.6327,0,0,1,0,47,0,0
1,3,0,0,0,0,3,126.8856,35.1728,1,0,0,0,137,0,0
1,4,0,1,2,3,5,126.6718,35.5131,0,0,0,0,219,0,0
1,1,0,0,0,4,1,126.5393,35.21,0,0,0,0,127,0,0
1,3,0,0,0,3,1,128.5967,34.8405,0,0,0,0,15,0,0
0,0,6,1,1,2,7,126.9293,35.1494,0,0,0,0,162,0,0
1,5,5,0,0,0,2,126.325,34.8607,0,0,1,0,132,0,0
1,5,0,0,0,4,1,127.0654,37.5912,0,0,1,0,201,0,0
0,1,0,0,0,1,1,126.7163,37.6139,0,0,0,0,47,0,0
0,0,6,1,1,2,5,127.1364,35.7969,0,0,0,0,11,0,0
0,3,5,0,0,4,2,126.8293,37.4972,0,0,0,0,79,0,0
0,6,0,0,0,0,1,129.1256,37.5099,0,0,1,0,210,0,0
1,6,3,1,2,0,2,126.9693,37.5595,1,0,1,0,8,0,0
0,3,0,0,0,0,1,128.5842,35.6533,0,0,1,0,3,0,0
0,1,0,1,1,0,3,127.0795,35.9194,0,0,0,0,28,0,0
0,3,0,0,0,0,5,127.0147,36.7569,0,0,0,0,53,0,0
1,6,0,0,0,4,1,127.6575,37.2892,0,0,1,0,22,0,0
0,4,0,0,0,4,1,128.5276,35.8655,0,0,0,0,107,0,0
0,6,0,0,0,0,1,128.6679,35.2724,0,0,1,0,86,0,0
0,1,0,0,0,4,1,129.0322,35.1128,0,0,0,0,228,0,0
0,5,0,1,2,1,1,127.251,37.3471,0,0,1,0,51,0,0
1,0,0,0,0,4,1,126.3929,36.8119,0,0,0,0,69,0,0
1,1,0,0,0,4,3,127.6475,36.8138,0,0,0,0,179,0,0
0,4,0,0,0,1,1,126.3332,35.0881,0,0,0,0,101,0,0
1,5,0,0,0,0,2,127.4438,37.5115,1,0,1,0,48,0,0
1,3,0,0,0,0,2,127.0653,37.0753,0,0,0,0,14,0,0
0,2,6,1,1,0,4,126.8759,37.5804,0,0,0,0,40,0,0
0,1,0,1,1,4,3,127.4651,36.9795,0,0,0,0,110,0,0
0,4,0,0,0,1,8,126.8694,35.6849,0,0,0,0,12,0,0
0,3,0,1,2,4,1,130.8608,37.5352,0,0,0,0,97,0,0
0,2,0,1,1,0,1,128.6271,35.8667,0,0,1,0,37,0,0
0,2,0,0,0,4,1,126.4572,33.4913,0,0,1,0,90,0,0
1,2,0,0,0,9,1,127.5555,34.8094,0,0,0,0,102,0,0
1,4,0,0,0,0,1,128.735,35.1225,0,0,0,0,86,0,0
1,2,5,0,0,1,2,127.4935,36.6662,0,0,0,0,83,0,0
0,4,0,0,0,0,7,126.7904,37.5884,1,0,0,0,47,0,0
1,5,6,1,1,0,7,126.8896,37.4506,0,0,1,0,81,0,0
1,2,5,1,2,6,3,127.4937,36.9002,0,0,0,0,60,0,0
1,3,0,1,1,7,2,128.5862,38.2082,0,0,0,0,104,0,0
0,3,0,0,0,1,3,126.9409,34.5748,1,0,0,0,56,0,0
0,6,6,1,1,4,2,126.7221,37.5955,1,0,1,0,47,0,0
0,6,0,0,0,4,1,128.5139,35.4266,0,0,1,0,211,0,0
0,1,0,0,0,9,1,126.8968,34.184,0,0,0,0,141,0,0
0,1,6,1,1,0,4,126.7918,37.5044,0,0,0,0,65,0,0
1,2,8,1,1,0,3,126.4918,33.4837,0,0,0,0,90,0,0
1,2,0,0,0,0,3,126.7825,36.9615,1,0,0,0,46,0,0
1,3,0,0,3,2,5,127.1344,35.8363,0,0,0,0,11,0,0
1,1,0,0,0,4,1,128.7472,36.6383,0,0,0,0,66,0,0
1,5,6,0,0,2,5,127.0166,37.2765,0,0,1,0,99,0,0
1,6,0,0,0,1,4,127.9476,37.3848,0,0,1,0,36,0,0
1,4,0,0,0,3,4,128.7276,35.3068,0,0,0,0,13,0,0
1,5,0,0,0,7,1,126.4861,35.6374,0,0,1,0,185,0,0
1,1,0,1,2,6,6,126.7131,35.0014,0,0,0,0,33,0,0
1,4,0,0,0,1,1,129.3304,36.0092,0,0,0,0,160,0,0
0,5,0,0,0,4,1,127.7336,35.5108,0,0,1,0,108,0,0
1,0,0,0,0,0,5,128.4294,35.7081,0,0,0,0,220,0,0
1,0,2,0,0,0,5,126.9002,36.2761,0,0,0,0,129,0,0
1,0,2,1,2,1,2,126.9394,35.1024,1,0,0,0,162,0,0
1,6,6,1,1,6,3,127.7201,35.0184,0,0,1,0,130,0,0
1,4,6,1,1,4,3,127.6485,34.7794,0,0,0,0,102,0,0
1,2,7,1,1,1,4,127.0984,36.131,0,0,0,0,61,0,0
1,4,0,0,0,1,1,128.2463,35.6901,0,0,0,0,220,0,0
1,4,3,0,0,4,6,126.898,37.4688,0,0,0,0,109,0,0
0,4,0,1,1,0,2,127.1712,35.828,0,0,0,0,11,0,0
0,4,0,1,1,6,1,127.2879,37.3896,0,0,0,0,9,0,0
1,0,0,1,1,3,5,126.7431,37.6728,0,0,0,0,40,0,0
0,1,6,1,1,0,5,129.3217,35.5527,0,0,0,0,205,0,0
0,3,5,0,0,1,2,126.68,37.5192,0,0,0,0,97,0,0
0,3,0,0,0,0,5,126.8237,36.0062,0,0,0,0,166,0,0
1,2,0,0,0,1,1,127.1011,36.0798,0,0,0,0,61,0,0
1,3,0,2,4,0,1,126.8799,35.2894,0,0,0,0,181,0,0
1,3,0,0,0,1,3,126.7761,35.0711,1,0,0,0,135,0,0
1,0,3,0,0,4,2,127.0625,35.8251,0,0,0,0,11,0,0
1,2,0,1,2,1,3,127.4213,37.7399,0,0,0,0,176,0,0
1,6,5,0,0,0,6,126.9334,36.8232,1,0,1,0,53,0,0
0,4,6,1,1,0,4,127.3951,36.3489,0,0,0,0,4,0,0
0,3,0,1,2,1,5,127.9457,36.9874,0,0,0,0,6,0,0
1,3,0,1,1,9,3,126.1502,34.7911,0,0,0,0,132,0,0
0,6,0,0,0,0,1,128.3075,35.9397,0,0,1,0,168,0,0
0,4,5,0,0,0,2,127.2378,37.0017,0,0,0,0,23,0,0
1,0,5,0,0,6,3,126.82,37.8673,0,0,0,0,175,0,0
1,6,0,1,2,4,1,128.0,36.7579,0,0,1,0,179,0,0
1,4,5,0,0,1,4,126.8757,37.4017,0,0,0,0,81,0,0
1,2,0,1,2,6,1,127.7564,34.9428,0,0,0,0,130,0,0
1,3,0,1,1,7,3,126.4513,35.2417,0,0,0,0,127,0,0
1,1,7,1,1,0,2,128.8337,35.878,0,0,0,0,52,0,0
1,0,7,1,1,2,4,127.256,37.4041,0,0,0,0,9,0,0
1,0,0,0,0,7,2,126.8019,37.5216,0,0,0,0,65,0,0
0,4,8,1,1,0,8,128.9197,36.4143,1,0,0,0,66,0,0
1,6,0,0,0,7,1,129.2945,35.5449,0,0,1,0,213,0,0
1,0,0,0,0,7,1,127.1807,37.7499,0,0,0,0,70,0,0
0,1,0,0,0,2,5,127.6216,34.7267,0,0,0,0,102,0,0
1,2,0,0,0,0,1,127.9969,36.5802,0,0,0,0,74,0,0
0,3,0,0,0,0,2,128.5126,35.4848,0,0,0,0,211,0,0
1,1,5,0,0,0,2,126.5212,37.6472,1,0,0,0,92,0,0
1,5,0,0,0,4,1,127.1142,36.8598,0,0,1,0,63,0,0
1,6,0,0,0,1,1,128.4426,35.6691,0,0,1,0,30,0,0
0,0,0,0,0,0,8,127.3997,35.6959,0,0,1,0,192,0,0
1,3,0,1,1,0,5,128.5996,35.921,0,0,0,0,112,0,0
0,2,5,0,0,0,2,128.5479,35.908,1,0,0,0,112,0,0
1,2,0,1,2,4,1,126.8715,37.6105,0,0,0,0,40,0,0
0,3,6,1,1,0,4,128.5045,35.2345,0,0,0,0,86,0,0
1,1,6,1,1,1,2,126.7727,35.3032,0,0,0,0,146,0,0
1,1,0,0,0,0,8,128.1355,36.4161,0,0,0,0,58,0,0
0,3,3,0,0,7,5,127.0278,37.5755,0,0,0,0,201,0,0
1,0,5,0,0,1,9,127.8465,36.184,0,0,0,0,75,0,0
1,5,0,0,0,9,1,126.8652,34.9747,0,0,1,0,33,0,0
1,4,5,0,0,0,3,126.8982,37.8067,1,0,0,0,175,0,0
1,0,0,1,1,5,5,128.2055,37.4991,0,0,0,0,31,0,0
1,6,0,0,0,0,2,126.9371,35.1618,0,0,1,0,137,0,0
0,0,0,0,0,1,8,128.204,36.4631,0,0,0,0,58,0,0
1,1,8,1,1,0,2,126.9517,35.9419,0,0,0,0,125,0,0
0,3,3,0,0,4,1,126.6201,37.6183,0,0,0,0,47,0,0
0,4,0,0,0,0,2,129.3996,36.965,0,0,0,0,208,0,0
1,3,0,1,1,0,4,126.8122,37.4779,0,0,0,0,65,0,0
1,6,0,2,4,9,1,128.3931,37.1084,0,0,1,0,204,0,0
1,3,5,0,0,3,2,126.8927,34.6411,0,0,0,0,56,0,0
1,3,0,2,0,1,8,128.6662,36.4299,0,0,0,0,105,0,0
1,6,0,0,0,9,4,127.3253,34.6019,0,0,1,0,191,0,0
1,1,0,1,2,4,3,128.4973,35.1317,0,0,0,0,86,0,0
0,1,0,0,0,4,1,126.7386,37.4207,0,0,0,0,29,0,0
1,3,5,0,0,7,2,126.722,37.4489,0,0,0,0,29,0,0
1,0,0,1,1,1,2,126.2383,34.8496,0,0,0,0,132,0,0
1,4,9,0,0,6,7,127.2892,36.6078,1,1,0,0,229,0,0
1,6,7,0,0,4,2,127.7858,35.5207,0,0,1,0,108,0,0
0,2,5,0,0,6,2,127.3592,35.0208,0,0,0,0,27,0,0
1,4,0,1,2,1,3,129.052,35.393,0,0,0,0,49,0,0
1,6,8,1,1,1,4,126.3534,33.2817,0,0,1,0,62,0,0
0,0,9,1,2,7,2,126.6422,37.4596,0,0,0,0,29,0,0
1,0,0,1,2,9,1,127.0353,34.6416,0,0,0,0,56,0,0
1,0,0,0,0,9,1,126.7165,35.5111,0,0,0,0,219,0,0
1,2,0,0,0,1,1,128.4618,36.8369,0,0,0,0,55,0,0
1,4,0,0,0,4,1,127.2731,37.9175,0,0,0,0,171,0,0
1,3,0,0,0,1,2,126.4883,33.4462,0,0,0,0,90,0,0
1,2,5,1,2,0,4,126.6485,34.5757,0,0,0,0,119,0,0
1,6,0,0,0,4,1,126.6112,35.2008,0,0,1,0,157,0,0
1,6,3,0,0,4,2,126.687,36.604,0,0,1,0,38,0,0
0,1,0,0,0,0,3,126.9601,37.2663,0,0,0,0,99,0,0
1,5,6,1,1,1,2,127.0995,37.0444,0,0,1,0,14,0,0
0,3,0,0,0,0,1,128.3506,36.0753,1,0,0,0,144,0,0
0,0,0,0,0,0,7,129.373,36.0966,0,0,0,0,160,0,0
1,6,8,1,1,0,4,127.3925,35.4149,0,0,1,0,193,0,0
1,6,0,0,0,4,1,126.9377,36.7694,0,0,1,0,53,0,0
1,5,0,0,0,0,1,127.1302,36.9933,0,0,1,0,14,0,0
1,3,0,0,0,1,11,128.4466,35.6817,0,0,0,0,30,0,0
0,2,5,1,1,1,4,127.9447,36.4433,0,0,0,0,58,0,0
0,2,0,1,2,1,5,128.5625,35.8291,0,0,0,0,145,0,0
0,0,6,1,1,6,2,127.0549,37.6458,0,0,0,0,98,0,0
1,3,5,0,0,6,3,126.9939,35.2272,0,0,0,0,181,0,0
1,4,0,0,0,0,1,126.615,33.3489,0,0,0,0,62,0,0
0,0,6,1,1,1,5,126.8897,37.4577,0,0,0,0,109,0,0
0,4,0,0,0,4,1,128.9109,35.2453,0,0,0,0,13,0,0
1,0,6,1,1,0,4,126.5813,33.5213,0,0,0,0,90,0,0
1,0,0,0,0,4,1,127.528,35.6479,0,0,0,0,155,0,0
0,1,6,1,1,0,4,127.0339,37.5215,0,0,0,0,89,0,0
1,4,5,0,0,6,2,127.0897,37.095,0,0,0,0,14,0,0
1,5,0,2,4,0,1,128.726,34.8693,0,0,1,0,15,0,0
1,2,0,0,0,1,1,126.8011,35.1621,0,0,0,0,135,0,0