주야,요일,법규위반,도로형태_대분류,도로형태,당사자종별_1당_대분류,당사자종별_2당_대분류,경도,위도,사고피해정도,도시여부,주말/공휴일,인구수,발생지번호,보행자의위치,무단횡단여부
0,4,0,0,0,1,4,126.5672,37.7036,0,0,0,0,47,0,0
0,1,0,2,4,6,1,128.9586,35.1138,0,0,0,0,25,0,0
0,4,0,0,0,0,4,126.8573,35.1447,0,0,0,0,222,0,0
0,1,0,0,0,1,3,128.9771,35.1854,0,0,0,0,120,0,0
1,0,6,1,1,7,3,127.4668,35.2045,0,0,0,0,161,0,0
1,0,0,0,0,4,6,126.4655,37.7629,0,0,0,0,92,0,0
1,4,0,0,0,4,1,126.5105,36.7843,0,0,0,0,69,0,0
1,5,0,1,2,9,1,128.4854,35.7946,0,0,1,0,30,0,0
0,1,0,1,1,2,7,127.1454,37.5913,0,0,0,0,165,0,0
0,4,0,0,0,4,3,129.0092,35.0837,0,0,0,0,25,0,0
0,2,0,1,2,0,1,127.1457,35.2753,0,0,0,0,147,0,0
1,6,0,0,0,4,3,126.8583,33.5141,0,0,1,0,90,0,0
1,6,5,0,0,1,2,126.6894,36.2923,1,0,1,0,129,0,0
1,1,0,0,0,9,2,127.4462,36.8597,0,0,0,0,60,0,0
1,4,5,1,2,0,2,126.9412,35.3036,1,0,1,0,181,0,0
0,3,5,2,4,0,2,126.2534,36.7637,0,0,0,0,169,0,0
1,0,0,0,0,7,1,129.1151,37.5209,0,0,0,0,210,0,0
1,2,7,1,1,1,3,127.1875,34.5708,0,0,0,0,191,0,0
0,3,9,1,1,7,2,126.9157,37.5989,0,0,0,0,139,0,0
1,3,0,0,0,4,1,126.8534,37.6474,0,0,0,0,40,0,0
0,5,9,0,0,7,2,126.9543,37.3795,0,0,1,0,151,0,0
1,4,5,1,2,6,2,127.4046,36.3285,0,0,0,0,39,0,0
1,6,0,0,0,4,1,126.3628,36.4782,0,0,1,0,169,0,0
1,2,0,1,1,1,7,128.824,35.8628,0,0,0,0,52,0,0
1,5,0,0,0,3,3,127.1456,36.4092,0,0,1,0,19,0,0
1,6,0,0,0,7,1,128.7664,35.468,0,0,1,0,177,0,0
1,5,0,1,1,0,7,128.3415,36.53,0,0,1,0,55,0,0
1,6,2,0,0,0,1,126.9703,35.0764,0,0,1,0,88,0,0
1,3,2,0,0,0,8,127.5298,35.7291,0,0,0,0,155,0,0
0,4,0,1,1,0,1,126.6242,37.5586,0,0,0,0,97,0,0
0,6,0,2,4,1,6,127.1478,36.8723,0,0,1,0,63,0,0
0,0,9,1,1,0,4,127.1158,35.8274,0,0,1,0,11,0,0
0,6,0,0,0,1,1,127.2532,36.389,0,0,1,0,19,0,0
0,2,0,0,0,0,1,127.2326,37.6247,0,0,0,0,70,0,0
1,4,0,1,1,6,1,127.9624,37.0895,0,0,0,0,6,0,0
1,6,6,1,1,0,3,128.7359,36.554,0,0,1,0,66,0,0
0,2,0,0,0,0,3,127.2357,37.3941,1,0,0,0,9,0,0
1,1,2,1,1,1,7,126.8045,34.5516,0,0,0,0,121,0,0
0,2,5,0,0,0,2,126.8127,36.8813,0,0,0,0,46,0,0
1,0,0,0,0,1,3,127.0157,36.242,0,0,0,0,129,0,0
1,6,9,0,0,0,2,127.1099,35.87,0,0,1,0,11,0,0
1,6,0,0,0,0,1,128.4439,38.4426,0,0,1,0,217,0,0
0,3,5,0,0,0,2,126.9805,37.8271,0,0,0,0,59,0,0
0,0,0,0,0,0,5,127.278,36.5948,0,1,0,0,229,0,0
0,0,0,0,0,0,9,128.4882,35.9451,1,0,0,0,21,0,0
1,5,0,0,0,6,1,126.6285,34.9836,0,0,1,0,33,0,0
0,2,0,0,0,7,1,128.2875,35.922,0,0,0,0,168,0,0
1,0,9,1,1,4,3,126.6984,34.8171,0,0,0,0,16,0,0
0,6,2,1,1,0,8,127.3713,35.3379,0,0,1,0,193,0,0
0,4,0,0,0,0,1,126.9989,36.2559,0,0,0,0,129,0,0
0,4,5,0,0,0,3,128.9321,36.2966,0,0,0,0,203,0,0
0,5,6,1,1,0,7,127.1443,37.5547,0,0,1,0,91,0,0
0,5,0,0,0,1,1,127.5116,36.6563,2,0,1,0,83,0,0
1,2,0,0,0,2,1,128.9183,35.0906,0,0,0,0,206,0,0
1,6,6,1,1,6,2,126.9424,35.0919,0,0,1,0,162,0,0
0,0,0,1,1,7,3,126.9161,37.6092,0,0,1,0,139,0,0
0,2,6,1,1,0,4,128.6421,34.8963,0,0,0,0,15,0,0
0,4,0,0,0,0,2,126.7149,37.4304,0,0,0,0,29,0,0
0,5,0,1,2,0,5,127.4097,36.3474,0,0,1,0,39,0,0
0,1,0,0,0,4,1,128.8671,35.7637,0,0,0,0,52,0,0
1,4,0,0,0,4,1,129.0829,35.2119,0,0,1,0,216,0,0
1,0,5,0,0,0,3,126.4091,33.2953,0,0,0,0,62,0,0
1,3,8,1,1,1,5,126.953,36.3511,0,0,0,0,174,0,0
1,4,0,0,0,0,2,127.1445,37.3748,0,0,0,0,95,0,0
0,4,0,0,0,2,1,128.2891,36.5996,0,0,0,0,55,0,0
1,1,0,1,2,1,5,127.1234,36.878,0,0,0,0,63,0,0
1,5,0,0,0,4,1,128.3892,37.3126,0,0,1,0,24,0,0
0,4,9,1,1,7,2,126.9255,37.5126,0,0,1,0,93,0,0
1,0,6,1,1,1,4,127.128,37.502,0,0,0,0,156,0,0
0,4,0,0,0,4,4,128.6787,35.2433,0,0,0,0,86,0,0
1,1,0,1,1,0,2,127.5737,37.2341,1,0,0,0,22,0,0
0,0,8,1,1,0,2,126.4564,33.493,0,0,1,0,90,0,0
1,2,0,0,0,4,1,128.3551,36.1011,0,0,0,0,144,0,0
1,5,0,1,1,0,4,126.7823,37.5266,0,0,1,0,65,0,0
0,1,0,0,0,0,3,127.2328,36.9239,0,0,0,0,63,0,0
0,5,0,0,0,0,1,127.7319,37.8707,0,0,1,0,111,0,0
0,3,0,1,2,4,2,127.0416,37.733,0,0,0,0,64,0,0
0,2,0,0,0,0,1,127.2642,36.7565,0,0,0,0,63,0,0
0,3,2,1,1,0,3,127.3535,36.6451,0,0,0,0,83,0,0
0,5,0,0,0,4,1,127.0567,37.7796,0,0,1,0,59,0,0
1,1,0,0,0,0,1,128.0815,35.0748,0,0,0,0,57,0,0
1,3,6,1,2,0,5,128.4127,36.1371,0,0,0,0,144,0,0
0,3,0,0,0,0,1,127.0585,37.3277,0,0,0,0,51,0,0
0,1,0,0,0,0,2,127.1066,37.2298,0,0,0,0,51,0,0
0,5,0,0,0,0,2,129.1364,36.058,1,0,1,0,160,0,0
0,5,5,0,0,1,6,128.6097,34.8878,0,0,1,0,15,0,0
1,5,6,1,1,4,6,126.8445,37.558,0,0,1,0,43,0,0
0,5,0,0,0,2,1,127.9767,37.3093,0,0,1,0,36,0,0
0,3,6,1,2,7,5,126.8699,37.5267,0,0,0,0,140,0,0
1,3,0,0,0,2,3,126.7241,37.5239,1,0,0,0,44,0,0
0,5,0,0,0,1,3,128.0858,36.1343,0,0,1,0,76,0,0
1,6,0,0,0,0,3,127.0468,37.4565,0,0,1,0,214,0,0
0,5,2,0,0,0,1,128.4367,35.7189,2,0,1,0,30,0,0
0,3,0,0,0,0,1,128.8257,35.9635,0,0,0,0,52,0,0
1,0,0,1,2,1,2,126.6304,37.4689,0,0,0,0,72,0,0
1,0,0,0,0,0,8,127.6286,37.3343,0,0,0,0,22,0,0
1,3,0,0,0,0,3,127.2012,37.0515,1,0,0,0,23,0,0
0,3,0,0,0,1,1,127.1187,36.5426,0,0,0,0,19,0,0
1,5,0,2,4,0,4,128.9608,35.1021,0,0,1,0,25,0,0
1,4,0,0,0,1,5,129.0702,35.1748,0,0,0,0,231,0,0
1,4,5,0,0,0,3,129.1172,35.9883,0,0,0,0,100,0,0
1,4,5,0,0,7,6,126.7755,37.4912,0,0,0,0,65,0,0
1,5,0,0,0,7,1,128.4956,35.9028,0,0,1,0,21,0,0
0,5,5,0,0,0,7,128.6988,35.1274,0,0,1,0,86,0,0
0,5,6,1,1,0,4,126.9419,37.5479,0,0,1,0,159,0,0
1,6,0,0,0,4,1,127.0889,36.0708,0,0,1,0,125,0,0
0,2,0,0,0,2,1,126.8753,35.1363,0,0,0,0,222,0,0
1,5,5,0,0,1,6,127.4686,37.6794,1,0,1,0,176,0,0
1,5,0,0,0,4,1,126.8669,36.8053,0,0,1,0,53,0,0
1,1,5,1,2,0,2,127.6979,36.9288,2,0,0,0,110,0,0
1,1,2,1,1,0,4,126.1914,36.7587,0,0,0,0,169,0,0
0,6,0,1,1,6,1,127.0601,37.2214,0,0,1,0,50,0,0
1,5,6,1,1,4,2,128.5375,35.8686,0,0,1,0,107,0,0
0,0,0,1,1,0,1,127.0545,36.9786,0,0,0,0,14,0,0
1,6,0,1,1,0,1,127.4598,37.2825,0,0,1,0,41,0,0
1,3,0,0,0,6,1,126.4134,36.4188,0,0,1,0,169,0,0
0,0,0,0,0,0,1,126.6034,34.5596,0,0,0,0,119,0,0
1,2,2,1,1,0,2,128.5185,35.8039,0,0,0,0,20,0,0
1,1,0,1,2,4,1,128.3094,35.3098,0,0,0,0,117,0,0
0,4,0,0,0,1,3,127.4548,36.9857,0,0,0,0,110,0,0
1,4,0,0,0,1,1,127.6251,36.6352,0,0,0,0,83,0,0
0,5,0,0,0,1,3,128.7007,36.5994,0,0,1,0,66,0,0
1,1,0,0,0,0,1,127.498,37.6748,0,0,0,0,176,0,0
1,3,0,0,0,1,1,128.5107,36.496,0,0,0,0,105,0,0
1,4,5,0,0,6,6,128.2619,36.6643,0,0,0,0,74,0,0
1,4,5,0,0,0,2,127.0242,35.6098,0,0,0,0,12,0,0
0,4,0,0,0,0,1,126.8762,37.4743,0,0,0,0,81,0,0
1,3,0,0,0,0,3,128.273,36.0659,1,0,0,0,76,0,0
0,1,5,0,0,0,2,127.4895,37.2865,1,0,0,0,41,0,0
1,5,0,0,0,1,1,126.3853,36.9499,0,0,1,0,69,0,0
1,6,5,0,0,7,2,126.8239,37.481,0,0,1,0,79,0,0
1,5,0,0,0,6,2,126.9402,37.5089,0,0,1,0,93,0,0
1,1,0,0,0,1,2,126.8656,35.6024,2,0,0,0,12,0,0
0,6,0,0,0,0,2,129.0072,35.2941,0,0,1,0,49,0,0
0,6,0,0,0,0,1,128.3708,36.102,0,0,1,0,144,0,0
1,6,0,0,0,0,8,128.1244,35.6499,0,0,1,0,133,0,0
1,6,0,1,2,0,6,126.8326,37.3126,0,0,1,0,2,0,0
1,5,0,0,0,0,2,127.1213,37.5398,1,0,1,0,91,0,0
1,6,0,0,0,0,1,126.4302,34.7627,1,0,1,0,16,0,0
1,5,0,0,0,4,1,126.6007,37.6859,0,0,1,0,47,0,0
0,6,6,0,3,0,5,126.5405,33.4875,0,0,1,0,90,0,0
1,3,7,1,1,0,4,128.8731,35.0875,0,0,0,0,206,0,0
0,4,0,0,0,1,3,129.2256,35.8719,0,0,0,0,100,0,0
1,3,0,1,2,1,2,128.4228,34.8428,0,0,0,0,212,0,0
0,0,6,1,1,4,2,126.7292,37.4873,0,0,0,0,44,0,0
0,0,0,0,0,4,3,127.9511,35.1639,0,0,0,0,42,0,0
0,0,0,0,0,1,1,128.338,36.4885,0,0,0,0,105,0,0
0,3,0,0,0,1,8,126.6642,36.6268,0,0,0,0,38,0,0
1,5,0,0,3,0,5,128.631,35.9008,0,0,1,0,26,0,0
1,3,0,1,1,0,3,128.4825,35.8349,1,0,0,0,20,0,0
1,3,5,0,0,0,2,127.2579,35.4624,1,0,0,0,131,0,0
1,5,6,1,1,0,4,126.7251,37.4556,0,0,1,0,29,0,0
1,1,4,0,3,7,2,127.4236,36.3371,0,0,0,0,80,0,0
1,5,0,0,0,0,1,127.388,37.6814,0,0,1,0,176,0,0
1,4,0,0,0,4,12,128.5634,35.8447,0,0,0,0,145,0,0
1,4,6,1,2,1,1,128.8555,35.127,0,0,0,0,206,0,0
1,6,6,1,1,1,7,127.0281,37.6218,0,0,1,0,200,0,0
0,6,0,1,2,2,1,129.2477,35.9332,0,0,1,0,100,0,0
0,6,0,0,0,0,4,129.0368,35.0949,0,0,1,0,173,0,0
0,1,5,0,0,0,2,127.4397,36.7782,0,0,0,0,60,0,0
0,4,0,0,0,4,6,127.4944,37.0078,0,0,0,0,110,0,0
0,2,0,0,0,4,1,128.199,38.1069,0,0,0,0,124,0,0
0,4,0,0,0,0,2,129.3405,35.5515,1,0,0,0,205,0,0
1,1,2,0,0,0,2,127.4902,36.6061,1,0,0,0,83,0,0
1,4,0,0,0,4,1,128.186,35.8885,0,0,0,0,168,0,0
0,4,0,0,0,1,3,126.691,37.6546,0,0,0,0,47,0,0
1,6,6,1,1,1,4,126.8975,37.4537,0,0,1,0,109,0,0
0,1,5,1,2,6,2,127.0904,35.9196,0,0,0,0,28,0,0
0,0,5,0,0,0,6,126.6218,36.4948,1,0,0,0,38,0,0
0,3,0,0,0,1,2,127.2809,36.6392,0,0,0,0,83,0,0
1,0,5,1,1,3,2,128.9951,37.2614,1,0,0,0,215,0,0
1,0,0,0,0,4,1,128.2732,35.3413,0,0,0,0,189,0,0
0,4,0,0,0,4,1,127.0784,37.5674,0,0,0,0,183,0,0
1,4,0,1,1,0,1,128.4428,38.3944,0,0,0,0,217,0,0
1,1,0,0,0,6,1,127.4502,35.3986,0,0,0,0,193,0,0
1,0,5,0,0,1,6,129.0033,37.1279,2,0,0,0,215,0,0
1,0,0,2,4,0,3,128.324,35.9118,1,0,0,0,168,0,0
1,0,0,0,0,0,1,127.1231,37.9606,0,0,0,0,171,0,0
0,0,0,0,0,0,1,127.4635,36.2981,0,0,0,0,80,0,0
0,3,0,0,0,0,4,127.1524,37.3597,0,0,0,0,9,0,0
1,4,0,0,0,4,1,126.4742,34.7622,0,0,0,0,16,0,0
1,3,0,0,0,1,1,127.4716,37.0856,0,0,0,0,23,0,0
0,4,4,0,0,0,2,128.4023,35.9438,0,0,0,0,21,0,0
1,6,0,0,0,0,1,127.6672,37.5561,0,0,1,0,48,0,0
0,4,0,0,0,0,9,128.817,35.167,0,0,0,0,13,0,0
1,4,5,2,4,1,6,126.4138,36.4178,0,0,0,0,169,0,0
1,2,0,0,0,0,1,127.4376,35.4256,0,0,0,0,193,0,0
0,1,0,0,0,1,3,129.2412,35.9896,0,0,0,0,100,0,0
1,4,3,0,0,2,6,127.2203,35.2278,2,0,1,0,147,0,0
0,1,0,0,0,2,7,126.8747,35.7878,0,0,0,0,34,0,0
0,0,0,0,0,4,1,128.1156,36.1681,0,0,0,0,76,0,0
1,0,0,0,0,0,5,129.0206,35.3137,0,0,0,0,49,0,0
0,1,7,1,1,2,5,127.1309,37.4332,0,0,0,0,95,0,0
1,5,0,0,0,4,1,127.6277,35.4881,0,0,1,0,193,0,0
1,4,7,1,1,4,9,126.523,36.6953,0,0,0,0,69,0,0
0,6,0,0,0,0,1,126.6902,37.7675,0,0,1,0,175,0,0
0,6,0,0,0,0,1,129.0635,37.2826,0,0,1,0,78,0,0
1,3,0,0,0,9,1,129.118,35.325,0,0,0,0,49,0,0
1,4,6,1,1,0,2,128.1592,36.4187,0,0,0,0,58,0,0
0,4,5,0,0,0,6,127.1312,36.8391,0,0,0,0,63,0,0
0,2,6,1,1,6,2,128.8798,35.2334,0,0,0,0,13,0,0
1,2,5,0,0,0,3,128.751,36.1329,0,0,0,0,170,0,0
0,6,0,0,0,0,1,128.7503,36.084,0,0,1,0,5,0,0
0,1,5,0,0,0,2,127.1007,36.9805,0,0,0,0,14,0,0
0,1,0,0,0,4,1,129.2091,35.2102,0,0,0,0,85,0,0
1,0,0,1,2,4,8,127.5928,36.9974,0,0,0,0,110,0,0
1,2,5,0,0,0,9,127.6777,36.6125,0,0,0,0,83,0,0
0,6,0,0,0,1,5,129.0432,35.8874,0,0,1,0,100,0,0
0,6,6,1,1,6,2,126.936,37.5819,1,0,1,0,195,0,0
0,6,0,0,0,0,5,127.9191,35.7202,0,0,1,0,154,0,0
1,0,8,1,1,4,9,126.9365,36.33,0,0,0,0,174,0,0
1,4,0,0,0,1,4,126.5123,34.855,0,0,0,0,101,0,0
0,1,0,0,0,0,3,127.7423,37.9072,0,0,0,0,111,0,0
1,0,7,1,1,0,5,127.5447,36.9159,0,0,0,0,110,0,0
1,1,0,0,0,4,1,129.0494,36.2952,0,0,0,0,203,0,0
0,6,0,1,2,0,6,128.0927,35.1912,1,0,1,0,42,0,0
1,3,0,1,2,0,1,126.8972,35.8258,0,0,0,0,34,0,0
0,3,0,0,0,0,1,128.3636,35.051,0,0,0,0,87,0,0
0,4,0,0,0,0,7,126.2792,37.7859,0,0,0,0,92,0,0
1,5,0,0,0,1,11,126.9905,35.951,0,0,1,0,125,0,0
0,5,0,0,0,0,1,126.9319,35.6633,1,0,1,0,12,0,0
0,6,0,0,0,1,2,127.2545,37.6044,0,0,1,0,70,0,0
1,0,0,0,0,0,1,128.8883,36.0192,0,0,0,0,5,0,0
0,2,0,0,0,1,3,126.6849,36.8738,0,0,0,0,46,0,0
1,3,0,1,1,4,5,128.5824,35.8798,0,0,0,0,112,0,0
0,2,2,1,2,0,2,126.644,34.4938,0,0,0,0,119,0,0
1,4,0,0,0,0,9,126.5541,36.3542,0,0,0,0,136,0,0
1,4,5,0,0,7,2,126.6894,35.6946,0,0,0,0,185,0,0
1,5,5,1,2,0,3,128.7583,35.271,0,0,1,0,13,0,0
1,6,0,0,0,4,1,129.0306,35.6204,0,0,1,0,17,0,0
0,0,0,0,0,0,5,129.2771,35.7873,0,0,0,0,100,0,0
1,3,4,0,0,1,7,128.8987,36.2691,0,0,0,0,203,0,0
0,3,0,0,0,0,1,127.2776,36.4617,0,1,0,0,229,0,0
0,2,0,0,0,2,9,127.9708,37.0975,1,0,0,0,6,0,0
0,6,6,1,1,1,4,126.8483,35.1516,0,0,1,0,222,0,0
1,3,0,0,0,1,1,127.9013,36.1302,0,0,0,0,75,0,0
1,0,5,1,1,7,2,126.8724,37.5199,0,0,0,0,140,0,0
1,3,0,1,1,0,4,126.7703,35.2904,0,0,0,0,146,0,0
1,6,5,0,0,7,2,127.9141,36.9733,0,0,1,0,6,0,0
0,3,5,0,0,4,2,128.5053,35.8167,0,0,0,0,20,0,0
1,2,6,0,0,0,5,128.3614,36.0883,0,0,0,0,144,0,0
0,5,0,0,0,6,3,128.3632,36.1055,0,0,1,0,144,0,0
0,5,0,0,0,4,2,126.3607,36.5152,0,0,1,0,169,0,0
0,5,0,0,0,0,1,127.9284,37.038,0,0,1,0,6,0,0
0,5,0,0,3,0,1,128.5781,35.2023,1,0,1,0,86,0,0
1,5,5,0,0,0,2,127.9313,35.0265,1,0,1,0,57,0,0
0,2,0,0,0,0,1,126.4624,37.2548,0,0,0,0,186,0,0
1,1,0,1,2,0,3,128.7124,36.5504,1,0,0,0,66,0,0
0,0,0,1,2,4,2,127.4278,36.3746,0,0,0,0,77,0,0
0,3,0,2,4,4,1,126.9693,37.2839,0,0,0,0,99,0,0
1,0,6,1,2,3,2,129.1291,35.1671,0,0,0,0,1,0,0
1,1,7,1,1,7,3,126.5161,34.382,0,0,0,0,119,0,0
0,1,0,1,2,0,1,128.4709,36.6394,0,0,0,0,55,0,0
1,5,5,1,2,4,3,126.9432,36.0169,0,0,1,0,125,0,0
1,4,0,0,0,0,1,126.5736,34.1943,0,0,0,0,141,0,0
0,4,0,0,0,0,1,128.463,35.8836,0,0,0,0,30,0,0
0,5,0,2,0,1,3,129.0156,35.1536,0,0,1,0,120,0,0
0,0,0,0,0,1,2,128.2662,36.163,0,0,1,0,76,0,0
0,2,0,0,0,1,11,126.8852,37.2573,2,0,0,0,50,0,0
0,5,3,0,0,1,3,126.7529,36.914,0,0,1,0,46,0,0
1,1,0,0,0,1,7,126.636,37.7192,0,0,0,0,47,0,0
1,1,0,0,0,1,1,126.7811,36.5274,0,0,0,0,174,0,0
0,3,0,0,0,0,2,126.9723,36.814,1,0,0,0,53,0,0
1,3,6,1,2,7,6,126.7163,37.4911,0,0,0,0,44,0,0
1,4,5,0,0,0,2,127.3079,37.1774,0,0,0,0,51,0,0
0,1,5,0,0,1,6,129.1409,37.4704,0,0,0,0,210,0,0
1,6,0,2,4,0,1,127.0596,36.8362,0,0,1,0,53,0,0
1,5,9,0,3,7,2,126.7363,37.3419,0,0,1,0,73,0,0
1,2,0,1,2,1,9,129.1023,37.3859,0,0,0,0,78,0,0
1,4,0,0,0,0,3,126.8692,35.2212,1,0,0,0,137,0,0
0,0,0,1,2,0,3,127.1082,36.9991,0,0,0,0,14,0,0
1,5,0,0,0,8,1,124.7185,37.8238,0,0,1,0,186,0,0
1,1,0,0,0,1,1,126.3361,34.907,0,0,0,0,132,0,0
1,3,0,0,0,6,1,127.3423,35.3023,0,0,0,0,147,0,0
1,4,7,1,1,1,6,127.9401,37.3926,0,0,0,0,36,0,0
0,4,5,0,0,6,2,127.0832,37.5402,0,0,0,0,183,0,0
1,6,0,0,0,7,1,127.6295,34.7393,0,0,1,0,102,0,0
1,2,0,1,1,1,7,126.9673,36.1277,0,0,0,0,125,0,0
1,2,2,1,2,0,5,126.8157,35.1718,0,0,0,0,135,0,0
1,2,0,1,1,7,2,127.9006,37.7021,0,0,0,0,82,0,0
0,3,0,0,0,0,1,127.6056,34.9697,0,0,0,0,130,0,0
0,4,0,0,0,0,2,127.0458,37.4573,0,0,0,0,214,0,0
0,0,5,0,0,0,2,126.7726,37.4315,0,0,0,0,73,0,0
0,0,0,0,0,1,6,127.4188,36.4478,0,0,0,0,77,0,0
1,3,0,0,0,6,1,129.0735,36.7141,0,0,0,0,128,0,0
0,2,0,0,0,4,1,127.7191,36.489,0,0,0,0,32,0,0
0,6,5,0,0,6,3,128.1618,35.1494,0,0,1,0,42,0,0
0,3,0,0,0,0,1,129.0839,37.481,0,0,0,0,210,0,0
1,6,0,0,3,0,5,127.4425,36.3438,0,0,1,0,80,0,0
0,5,6,1,1,0,2,127.3603,36.3588,1,0,1,0,4,0,0
1,1,0,0,0,0,1,128.5633,38.2539,0,0,0,0,217,0,0
1,5,0,0,0,5,2,126.8176,35.7691,1,0,1,0,34,0,0
1,1,0,0,0,4,1,128.0135,35.3871,0,0,0,0,224,0,0
1,3,10,0,0,4,2,129.3614,35.561,0,0,0,0,158,0,0
1,3,0,1,1,0,5,127.3694,35.3974,0,0,0,0,193,0,0
1,3,0,1,1,0,2,126.7904,35.3086,1,0,0,0,146,0,0
0,4,0,2,4,4,1,128.7119,35.1946,0,0,0,0,86,0,0
1,6,0,0,0,0,1,129.0067,37.1314,0,0,1,0,215,0,0
0,4,5,1,2,0,2,126.8821,37.5833,0,0,0,0,159,0,0
0,3,0,0,0,0,6,129.2889,35.5354,0,0,0,0,213,0,0
1,2,7,1,1,7,3,128.8699,35.2184,0,0,0,0,13,0,0
0,4,0,2,4,6,1,127.808,34.9931,0,0,0,0,172,0,0
1,4,0,0,0,5,2,129.3802,35.9919,0,0,0,0,160,0,0
1,0,0,0,0,0,1,127.2531,37.4557,1,0,0,0,9,0,0
1,3,0,0,0,1,1,128.8329,37.7724,0,0,0,0,194,0,0
0,4,0,0,0,1,3,126.9981,35.7637,0,0,0,0,34,0,0
0,2,0,0,0,1,1,127.0841,37.1504,0,0,0,0,143,0,0
0,6,0,0,0,0,2,127.3052,37.4096,2,0,1,0,9,0,0
0,6,2,0,0,0,3,127.0734,36.3732,0,0,1,0,19,0,0
0,5,0,0,0,0,1,128.0714,35.1539,0,0,1,0,42,0,0
0,4,0,0,0,1,1,126.4947,34.981,0,0,0,0,101,0,0
1,4,0,0,0,1,1,128.4876,36.6917,0,0,0,0,55,0,0
0,6,0,0,0,0,1,128.5988,35.6447,0,0,1,0,3,0,0
0,4,5,0,0,4,7,126.9289,37.4793,1,0,0,0,188,0,0
1,2,3,2,4,0,9,126.9994,37.5005,0,0,0,0,214,0,0
1,5,7,1,1,1,7,128.7343,35.3778,0,0,1,0,177,0,0
0,3,0,2,4,0,1,126.994,37.2701,0,0,0,0,99,0,0
0,3,6,1,1,2,4,127.1288,37.4169,0,0,0,0,95,0,0
0,1,2,0,0,0,2,126.4271,34.8583,0,0,0,0,101,0,0
0,6,5,0,0,0,2,128.7745,35.5372,1,0,1,0,177,0,0
1,4,2,1,1,1,8,127.0742,36.19,1,0,0,0,61,0,0
1,1,0,0,0,1,3,126.5529,36.6236,1,0,0,0,38,0,0
1,0,0,0,0,1,3,127.0926,37.405,0,0,0,0,95,0,0
1,3,4,0,0,5,1,127.6838,34.8258,0,0,0,0,102,0,0
1,4,0,0,0,0,1,127.2592,35.1155,0,0,0,0,147,0,0
1,1,0,0,0,9,1,127.549,37.3373,0,0,0,0,22,0,0
0,0,0,0,0,0,3,127.2989,37.2416,0,0,0,0,51,0,0
0,3,0,0,0,1,3,128.2388,36.2849,0,0,0,0,144,0,0
0,1,0,0,0,1,1,129.1761,35.6719,0,0,0,0,17,0,0
0,1,0,0,0,0,3,126.9244,37.0487,0,0,0,0,14,0,0
1,1,0,0,0,0,2,129.3661,36.3855,2,0,0,0,54,0,0
1,0,0,0,0,0,1,128.3076,35.8894,0,0,0,0,168,0,0
1,4,0,1,1,3,3,128.9815,35.2705,0,0,0,0,13,0,0
0,2,0,1,2,4,2,128.3025,36.2378,0,0,0,0,144,0,0
1,6,0,0,0,0,1,127.9869,37.2955,0,0,1,0,36,0,0
1,0,7,1,1,0,4,126.555,37.7153,0,0,0,0,47,0,0
0,3,9,0,0,7,2,127.3235,37.5704,0,0,0,0,70,0,0
0,2,0,0,0,1,1,128.9154,35.0894,0,0,0,0,206,0,0
0,1,6,1,1,6,3,127.0252,37.5524,0,0,0,0,84,0,0
1,6,0,0,0,2,5,128.6428,35.8849,0,0,1,0,26,0,0
1,0,6,1,1,7,2,126.9617,36.7852,0,0,0,0,53,0,0
0,6,0,0,0,0,1,129.0944,35.8357,0,0,1,0,100,0,0
1,5,0,1,2,4,1,127.7403,35.0597,0,0,1,0,130,0,0
0,5,0,1,2,0,3,128.2154,35.9453,0,0,1,0,168,0,0
1,4,5,0,0,1,9,128.2496,36.6418,0,0,0,0,74,0,0
0,5,5,0,0,0,2,126.4413,34.8033,1,0,1,0,153,0,0
0,0,5,0,0,0,2,126.4466,34.7904,1,0,0,0,16,0,0
1,1,5,2,4,0,7,128.9498,35.2146,0,0,0,0,206,0,0
1,4,0,0,0,0,1,128.4096,37.2031,0,0,0,0,114,0,0
0,4,6,1,1,0,2,128.7181,35.866,0,0,0,0,26,0,0
0,2,0,1,2,0,6,127.0137,37.6339,0,0,0,0,200,0,0
1,3,0,1,1,4,1,128.2976,35.0136,0,0,0,0,87,0,0
0,5,0,0,0,0,1,128.724,36.1735,0,0,1,0,170,0,0
1,3,0,0,0,1,3,129.267,35.7988,0,0,0,0,100,0,0
1,0,0,0,0,1,3,128.7724,35.5766,1,0,0,0,3,0,0
0,1,0,0,0,1,3,127.9769,36.2123,0,0,0,0,75,0,0
0,4,0,0,0,2,1,127.1228,37.4353,0,0,0,0,95,0,0
1,4,0,0,0,4,1,126.9814,36.2245,0,0,0,0,129,0,0
0,5,0,0,0,4,2,129.0989,35.1928,0,0,1,0,216,0,0
0,2,0,0,0,0,4,126.422,35.3687,0,0,0,0,127,0,0
1,0,0,1,1,7,2,127.0416,37.6307,0,0,0,0,200,0,0
0,5,0,1,1,0,2,129.3941,36.0818,0,0,1,0,160,0,0
1,0,0,0,0,9,1,128.4733,35.5447,0,0,0,0,211,0,0
0,2,0,0,0,1,3,127.3273,36.3631,0,0,0,0,148,0,0
1,6,0,0,0,0,2,129.4575,35.9891,1,0,1,0,160,0,0
0,6,3,0,0,0,1,127.6613,35.6838,0,0,1,0,108,0,0
1,6,0,0,0,4,1,127.5391,36.1295,0,0,1,0,68,0,0