주야,요일,법규위반,도로형태_대분류,도로형태,당사자종별_1당_대분류,당사자종별_2당_대분류,경도,위도,사고피해정도,도시여부,주말/공휴일,인구수,발생지번호,보행자의위치,무단횡단여부
0,3,0,0,0,4,1,126.8542,37.3265,0,0,0,0,2,0,0
1,4,0,2,4,4,1,127.0672,36.3674,0,0,0,0,19,0,0
1,5,0,0,0,0,1,126.9924,36.2314,0,0,1,0,129,0,0
0,5,0,0,0,7,2,128.8153,35.8271,0,0,1,0,52,0,0
1,2,5,0,0,0,3,128.1616,36.5438,1,0,0,0,58,0,0
1,0,5,0,0,4,11,126.8628,35.975,0,0,0,0,166,0,0
1,4,0,0,0,0,2,127.3629,37.3008,1,0,0,0,9,0,0
1,3,6,1,2,1,5,126.9148,37.6431,0,0,0,0,139,0,0
0,4,0,2,0,4,1,126.8999,35.1343,0,0,0,0,190,0,0
1,4,6,1,1,2,5,127.4387,36.3279,0,0,0,0,80,0,0
1,1,0,1,1,6,2,126.952,35.9296,0,0,0,0,125,0,0
1,6,0,0,0,0,1,126.8672,35.5974,0,0,1,0,12,0,0
1,4,0,0,0,0,3,128.0017,36.1994,0,0,0,0,76,0,0
1,3,0,0,0,1,3,128.6552,35.9146,0,0,0,0,26,0,0
1,6,0,0,0,0,6,127.42,36.4068,2,0,1,0,77,0,0
1,1,0,0,0,1,3,128.2624,36.2147,1,0,0,0,144,0,0
1,2,0,0,0,0,3,127.8049,34.9943,1,0,0,0,172,0,0
1,3,6,1,1,5,4,127.1438,37.5172,0,0,0,0,91,0,0
0,3,2,0,0,1,3,128.8468,37.7295,1,0,0,0,194,0,0
0,6,0,0,0,2,1,126.8338,35.5819,0,0,1,0,12,0,0
0,5,5,0,0,4,2,126.7016,34.8091,0,0,1,0,16,0,0
1,5,6,1,1,4,9,127.479,36.3337,0,0,1,0,80,0,0
1,4,7,1,1,1,4,127.2619,38.2083,0,0,0,0,184,0,0
0,4,6,1,1,4,3,127.1061,37.4756,0,0,0,0,89,0,0
1,5,0,0,0,1,5,127.3693,36.5311,0,1,1,0,229,0,0
1,3,5,0,0,4,2,126.6761,36.603,0,0,0,0,38,0,0
1,6,4,0,0,1,9,126.3422,33.3044,0,0,1,0,62,0,0
1,0,0,0,0,0,1,127.9392,36.8001,0,0,0,0,179,0,0
0,0,0,0,0,4,1,127.0372,36.0445,0,0,0,0,125,0,0
1,0,6,1,1,7,2,128.5635,35.1878,0,0,0,0,86,0,0
1,5,0,0,0,1,1,129.111,36.3146,0,0,1,0,203,0,0
0,0,10,0,0,6,2,128.5308,35.8162,0,0,0,0,20,0,0
1,4,0,0,0,1,5,129.0288,35.3231,0,0,0,0,49,0,0
1,5,3,0,0,1,3,128.2647,36.2266,0,0,1,0,144,0,0
0,1,0,0,0,1,3,128.1469,36.6328,0,0,0,0,74,0,0
0,0,0,0,0,1,3,127.2642,37.2462,0,0,0,0,51,0,0
0,5,0,0,0,0,2,127.7372,37.2441,1,0,1,0,22,0,0
0,2,0,0,0,5,3,128.6862,35.8908,1,0,0,0,26,0,0
0,1,6,1,1,0,3,126.746,37.662,0,0,0,0,40,0,0
0,4,0,0,0,0,3,127.023,37.2306,0,0,1,0,99,0,0
0,2,0,0,0,0,3,126.537,35.0697,0,0,0,0,157,0,0
1,0,0,1,1,6,1,127.0166,36.165,0,0,0,0,61,0,0
0,0,0,1,2,0,3,129.3873,35.987,0,0,0,0,160,0,0
0,5,0,0,0,1,5,127.01,36.7787,0,0,1,0,53,0,0
1,5,0,1,1,3,1,128.412,34.9582,0,0,1,0,212,0,0
0,2,0,1,1,0,1,127.2253,37.2781,0,0,0,0,51,0,0
0,2,6,1,1,4,2,127.0673,37.501,0,0,0,0,89,0,0
0,6,0,0,0,1,6,126.727,37.4592,2,0,1,0,29,0,0
0,2,6,1,1,0,2,128.982,35.1509,0,0,0,0,120,0,0
1,0,0,0,0,0,6,128.0874,35.1867,0,0,0,0,42,0,0
0,4,6,1,1,0,2,129.1105,35.1705,1,0,0,0,45,0,0
0,6,0,0,0,0,1,126.6505,35.3633,0,0,1,0,219,0,0
0,4,0,0,0,1,5,129.218,35.9998,0,0,0,0,100,0,0
0,2,0,0,0,0,4,126.9907,36.6818,0,0,0,0,53,0,0
0,3,0,1,2,4,2,126.7046,37.5921,0,0,0,0,97,0,0
1,1,0,0,0,0,2,128.6831,36.8517,2,0,0,0,113,0,0
0,3,0,0,0,1,1,127.7075,34.9901,0,0,0,0,130,0,0
0,5,0,0,0,1,1,128.0531,36.6597,0,0,1,0,74,0,0
1,0,0,0,0,9,1,126.6633,36.1545,0,0,0,0,10,0,0
1,4,0,1,1,4,6,128.5107,35.4799,0,0,0,0,211,0,0
1,4,0,1,1,1,4,128.5017,36.6996,0,0,0,0,55,0,0
0,6,0,0,0,4,1,126.9152,37.4276,0,0,1,0,151,0,0
1,4,5,0,0,1,9,127.2212,38.1349,0,0,0,0,171,0,0
1,1,0,0,0,4,1,127.0698,34.335,0,0,0,0,141,0,0
1,6,0,0,0,0,1,126.8754,37.2905,0,0,1,0,2,0,0
1,3,5,0,0,1,9,126.6736,36.8184,0,0,0,0,46,0,0
1,4,0,0,0,5,1,129.0084,37.0999,0,0,0,0,215,0,0
0,4,0,0,0,4,1,128.9627,35.1257,0,0,0,0,120,0,0
0,2,0,0,0,4,1,129.1333,35.596,0,0,0,0,17,0,0
0,3,0,0,0,0,2,127.5224,36.6829,1,0,0,0,83,0,0
0,4,0,0,0,0,3,128.1301,35.1805,1,0,0,0,42,0,0
1,1,0,0,0,7,6,126.8678,37.4968,0,0,0,0,79,0,0
0,3,5,0,0,0,2,126.8119,37.5362,1,0,0,0,65,0,0
0,5,6,1,1,0,2,128.5298,35.8261,2,0,1,0,20,0,0
1,5,9,0,0,7,3,128.5395,35.8763,0,0,1,0,107,0,0
0,4,6,1,1,1,2,126.7532,37.5059,1,0,0,0,65,0,0
1,4,3,1,2,2,2,127.31,36.749,0,0,0,0,63,0,0
1,5,0,0,0,0,8,128.02,37.4865,0,0,1,0,31,0,0
0,1,6,1,1,0,2,128.6139,36.8147,1,0,0,0,113,0,0
1,6,0,2,0,0,3,126.899,37.1239,1,0,1,0,50,0,0
1,5,0,0,0,4,1,128.4924,36.6198,0,0,1,0,55,0,0
1,6,6,1,1,5,2,126.9951,35.0525,1,0,1,0,88,0,0
0,3,6,1,1,4,2,128.7228,34.8698,0,0,0,0,15,0,0
1,0,6,1,1,0,2,127.0674,37.501,1,0,0,0,89,0,0
1,4,7,1,1,1,4,127.2688,35.6043,0,0,0,0,152,0,0
0,5,0,0,0,4,1,126.5838,35.9618,0,0,1,0,166,0,0
1,6,0,1,1,0,2,126.9888,37.2975,0,0,1,0,99,0,0
1,6,0,0,0,1,8,127.1736,34.4824,0,0,1,0,191,0,0
1,5,5,0,0,0,3,127.0618,35.9882,0,0,1,0,125,0,0
1,5,8,1,1,1,2,126.7818,35.6707,1,0,1,0,12,0,0
1,5,5,0,0,1,3,128.4956,35.4041,1,0,1,0,211,0,0
1,3,0,0,0,0,9,127.0541,37.1342,0,0,0,0,143,0,0
0,5,0,0,0,4,1,127.4969,36.6202,0,0,1,0,83,0,0
1,0,5,1,2,1,3,128.6997,36.3414,0,0,0,0,105,0,0
1,0,0,0,0,1,1,128.0522,36.485,0,0,0,0,58,0,0
0,0,0,0,0,0,1,126.8768,35.1922,0,0,0,0,137,0,0
0,6,0,1,2,0,6,127.4773,37.0942,0,0,1,0,23,0,0
0,0,0,1,1,7,2,127.1452,35.8233,0,0,1,0,11,0,0
0,5,6,1,1,4,2,126.8879,37.5798,0,0,1,0,159,0,0
1,3,0,0,0,5,1,126.7268,35.2797,0,0,0,0,146,0,0
1,5,0,1,2,4,2,129.3388,35.5743,0,0,1,0,205,0,0
0,5,0,0,3,0,1,128.8978,36.4437,1,0,1,0,66,0,0
0,5,0,1,1,0,6,128.3028,37.034,0,0,1,0,204,0,0
1,3,0,0,0,2,5,128.0681,37.4568,0,0,0,0,31,0,0
0,0,0,0,0,0,8,128.6781,36.4517,1,0,0,0,66,0,0
0,3,0,1,1,6,2,129.1161,35.1524,0,0,0,0,45,0,0
0,5,6,1,1,1,3,127.1677,37.7043,0,0,1,0,70,0,0
0,3,5,0,0,9,2,126.4879,35.2974,2,0,1,0,127,0,0
1,2,0,0,0,6,1,127.5507,36.3177,0,0,0,0,142,0,0
1,0,0,0,0,1,6,126.7981,36.251,1,0,0,0,129,0,0
0,6,6,1,1,0,2,129.1836,35.4276,0,0,1,0,49,0,0
1,1,7,1,1,6,3,126.9244,35.9893,0,0,0,0,125,0,0
1,0,0,0,0,7,1,128.4484,35.4032,0,0,0,0,211,0,0
1,0,6,1,1,4,3,126.8578,37.3732,0,0,0,0,73,0,0
1,0,0,1,2,1,6,127.0554,37.8393,0,0,0,0,59,0,0
1,2,0,1,2,7,2,127.0601,37.1506,0,0,0,0,143,0,0
1,1,0,0,0,4,3,128.7553,35.8059,0,0,0,0,52,0,0
1,6,0,0,0,9,1,126.727,34.9197,0,0,1,0,33,0,0
1,4,0,0,0,6,1,126.4602,33.4952,0,0,0,0,90,0,0
0,4,6,1,1,5,7,128.3331,37.2365,0,0,0,0,114,0,0
1,2,0,1,1,1,4,126.6095,34.8685,0,0,0,0,16,0,0
1,0,0,0,0,4,1,126.3846,35.2921,0,0,0,0,127,0,0
0,0,0,0,0,0,7,126.6965,37.4231,0,0,1,0,35,0,0
1,5,5,0,0,0,6,128.4013,37.7447,1,0,1,0,82,0,0
1,2,0,0,0,6,1,126.7927,37.8779,0,0,0,0,175,0,0
1,4,5,1,2,7,11,127.0006,37.1238,0,0,0,0,14,0,0
1,2,0,0,0,0,1,126.7112,37.5289,0,0,0,0,7,0,0
1,5,6,1,1,3,7,127.6891,34.9394,0,0,1,0,130,0,0
1,0,0,0,0,0,1,127.0633,37.1417,0,0,0,0,50,0,0
1,0,0,0,0,1,8,126.8592,36.2733,0,0,0,0,129,0,0
0,2,0,0,0,0,3,127.113,36.8637,0,0,0,0,63,0,0
1,5,6,1,2,0,2,126.7874,37.2035,0,0,1,0,50,0,0
1,0,0,1,1,0,5,127.1433,36.9937,0,0,0,0,23,0,0
1,0,0,0,0,2,1,126.6682,35.3955,0,0,0,0,219,0,0
1,2,5,0,0,1,2,126.8254,35.2305,0,0,0,0,135,0,0
0,4,0,1,1,1,1,129.3714,36.0124,0,0,0,0,160,0,0
0,5,0,2,4,0,4,128.2463,35.9126,0,0,1,0,168,0,0
1,1,0,0,0,0,2,127.119,38.1334,0,0,0,0,106,0,0
1,1,0,0,0,0,2,128.4394,36.0932,0,0,0,0,144,0,0
1,3,5,0,0,4,2,126.9411,36.398,0,0,0,0,174,0,0
1,5,0,1,1,6,1,129.0987,35.1216,0,0,1,0,180,0,0
0,0,0,1,1,0,4,127.37,36.3072,0,0,0,0,4,0,0
1,3,0,0,0,0,3,127.2222,37.3547,0,0,0,0,9,0,0
1,3,0,0,0,1,3,129.3127,36.0006,0,0,0,0,160,0,0
0,2,0,0,0,0,2,127.892,37.216,0,0,0,0,36,0,0
1,6,5,0,0,0,3,126.8949,37.5032,0,0,1,0,150,0,0
0,0,0,1,2,0,3,127.4681,36.6646,0,0,0,0,83,0,0
0,0,0,0,0,0,6,127.2666,37.4055,0,0,0,0,9,0,0
0,0,6,0,0,0,1,129.3526,36.0246,0,0,0,0,160,0,0
1,0,0,2,4,0,1,128.9223,35.7139,0,0,0,0,3,0,0
0,4,0,1,2,0,3,126.542,35.9438,0,0,0,0,166,0,0
1,4,3,0,0,1,7,126.5932,36.8402,0,0,0,0,46,0,0
1,6,0,0,0,0,9,127.0921,35.8733,0,0,1,0,11,0,0
1,0,0,0,0,5,5,126.8555,37.2814,0,0,0,0,2,0,0
1,1,0,0,0,1,1,126.6217,35.0253,0,0,0,0,33,0,0
1,4,0,0,0,0,2,126.5958,37.6928,0,0,0,0,47,0,0
0,1,6,1,1,4,2,127.0695,37.6491,0,0,0,0,18,0,0
1,5,3,2,4,4,2,126.9017,37.5063,0,0,1,0,150,0,0
0,6,8,1,1,1,4,129.4222,35.4928,0,0,1,0,225,0,0
0,5,0,1,1,0,4,127.507,36.6088,0,0,1,0,83,0,0
1,3,6,1,1,3,5,128.9631,35.1276,0,0,0,0,120,0,0
0,4,0,0,0,0,1,127.0186,38.0782,0,0,0,0,106,0,0
1,4,0,0,0,4,1,128.6836,34.9815,0,0,0,0,15,0,0
1,2,0,0,0,3,1,127.4894,34.9818,0,0,0,0,27,0,0
1,0,0,2,4,0,2,127.7135,37.0024,0,0,0,0,6,0,0
1,0,9,0,0,4,3,128.4917,35.8445,0,0,0,0,20,0,0
0,6,5,0,0,0,1,126.8025,33.3158,0,0,1,0,62,0,0
0,6,0,0,0,0,9,129.271,35.9849,0,0,1,0,100,0,0
0,1,0,0,0,0,3,127.3128,35.3386,1,0,0,0,193,0,0
0,6,0,0,0,0,9,126.8034,37.2051,0,0,1,0,50,0,0
0,0,0,0,0,1,2,126.94,37.5168,1,0,0,0,93,0,0
1,4,0,0,0,6,2,127.0476,36.7897,0,0,0,0,53,0,0
1,4,0,0,0,1,3,127.3557,34.7025,1,0,0,0,191,0,0
1,1,0,0,0,1,1,128.5874,37.6524,0,0,0,0,24,0,0
1,3,0,0,0,1,6,126.8143,37.4705,0,0,0,0,65,0,0
0,3,0,0,0,0,2,126.9931,37.5556,1,0,0,0,8,0,0
0,5,0,0,0,6,1,126.7376,37.3533,0,0,1,0,73,0,0
1,6,0,0,0,0,7,127.616,35.009,0,0,1,0,130,0,0
1,4,0,0,0,1,9,127.3044,38.1849,0,0,0,0,184,0,0
0,3,0,1,2,0,1,128.6895,34.8697,0,0,1,0,15,0,0
1,0,0,0,0,4,1,127.5581,38.0573,0,0,0,0,218,0,0
1,4,0,0,0,3,5,128.9727,35.0876,0,0,0,0,25,0,0
0,5,7,1,1,0,4,128.5177,35.812,0,0,1,0,20,0,0
0,3,0,0,0,0,3,128.7203,35.3074,0,0,0,0,13,0,0
1,3,0,0,0,1,1,128.1268,37.3729,0,0,0,0,31,0,0
1,6,0,0,0,0,1,128.6604,36.5786,0,0,1,0,66,0,0
0,0,6,1,1,0,6,126.8038,35.144,0,0,0,0,135,0,0
1,4,5,0,0,0,2,127.057,37.5201,0,0,0,0,89,0,0
1,2,0,0,0,1,5,126.7827,36.6725,0,0,0,0,187,0,0
0,5,0,0,0,0,2,128.1122,36.7325,0,0,1,0,74,0,0
1,1,0,1,2,1,5,126.3864,34.7933,0,0,0,0,153,0,0
1,1,0,1,1,6,3,128.8184,35.1967,0,0,0,0,13,0,0
1,1,10,1,2,7,3,127.4279,36.4581,0,0,0,0,83,0,0
1,3,0,0,0,0,1,127.0599,35.3486,0,0,0,0,181,0,0
0,3,0,0,0,1,1,127.9592,38.2162,0,0,0,0,115,0,0
1,6,0,0,0,4,1,128.1823,35.8274,0,0,1,0,168,0,0
0,2,0,0,0,4,12,127.0124,37.4822,0,0,0,0,214,0,0
0,1,6,1,1,0,5,128.1734,36.4238,0,0,0,0,58,0,0
1,5,0,0,3,3,5,127.0881,37.159,0,0,1,0,143,0,0
1,5,0,1,1,1,1,127.042,36.3309,1,0,1,0,19,0,0
1,1,5,0,0,1,3,127.5527,37.0041,0,0,0,0,110,0,0
0,2,0,0,0,4,1,126.8691,36.1367,0,0,0,0,129,0,0
0,4,0,1,2,1,3,128.8347,35.0837,0,0,0,0,206,0,0
1,6,0,1,1,0,4,127.5984,35.7265,0,0,1,0,155,0,0
1,3,0,0,0,9,1,128.4223,35.2667,0,0,0,0,117,0,0
0,6,0,0,0,0,1,127.2526,34.7479,1,0,1,0,191,0,0
1,5,0,1,2,2,5,127.5362,36.7265,0,0,1,0,83,0,0
0,5,2,1,2,1,8,126.8644,36.3286,0,0,1,0,174,0,0
1,2,6,1,1,4,3,126.9557,35.9453,0,0,0,0,125,0,0
1,5,0,0,0,7,1,128.7258,37.2274,0,0,1,0,198,0,0
1,3,0,0,0,1,8,128.4821,35.5544,0,0,0,0,211,0,0
1,4,5,1,2,1,7,127.2255,37.5121,0,0,0,0,67,0,0
0,4,5,2,4,0,2,127.2203,36.9079,1,0,0,0,63,0,0
1,3,6,1,1,0,3,127.3997,37.2653,1,0,0,0,41,0,0
1,0,3,0,0,1,7,126.7732,34.6378,0,0,0,0,121,0,0
0,4,0,0,0,0,1,127.9904,37.7588,0,0,0,0,82,0,0
0,4,0,1,1,0,3,126.9539,35.9897,0,0,0,0,125,0,0
0,2,0,0,0,0,1,127.1022,37.3011,0,0,0,0,51,0,0
1,3,5,0,0,0,2,126.3974,35.0342,1,0,0,0,101,0,0
0,1,6,1,1,4,6,127.1214,37.3254,0,0,0,0,51,0,0
0,4,0,1,2,1,3,127.1315,35.9622,0,0,0,0,28,0,0
0,2,0,0,0,6,1,128.1905,36.599,0,0,0,0,74,0,0
1,3,0,0,0,2,1,126.3496,34.6971,0,0,0,0,119,0,0
1,6,8,1,1,2,4,127.9647,37.3433,0,0,1,0,36,0,0
1,6,6,1,1,4,6,128.5549,35.8791,0,0,1,0,107,0,0
0,6,7,1,1,4,2,127.1253,35.934,0,0,1,0,28,0,0
1,3,0,0,0,4,2,127.9698,37.7994,0,0,0,0,82,0,0
0,0,0,0,0,1,2,127.4205,37.7394,0,0,0,0,176,0,0
0,4,0,0,0,0,1,127.1537,35.8764,0,0,0,0,11,0,0
1,3,3,1,2,0,6,128.5927,35.861,0,0,0,0,178,0,0
1,4,0,1,1,3,5,127.0375,37.6379,0,0,0,0,98,0,0
0,3,0,0,0,0,1,127.0108,36.1259,0,0,0,0,125,0,0
1,4,0,1,1,7,3,128.1553,36.4259,0,0,0,0,58,0,0
1,5,0,0,0,3,7,127.1128,36.2113,0,0,1,0,61,0,0
1,1,5,0,0,2,3,128.5716,35.1325,1,0,0,0,86,0,0
1,5,2,1,1,0,7,126.8337,33.534,0,0,1,0,90,0,0
1,5,0,0,0,0,4,126.6717,37.2405,0,0,1,0,50,0,0
0,3,0,0,0,0,2,126.5834,33.2634,0,0,0,0,62,0,0
0,4,6,1,1,0,3,127.3361,37.1804,0,0,0,0,51,0,0
0,6,0,0,0,0,1,127.1922,37.7253,1,0,1,0,70,0,0
0,4,0,1,2,0,5,126.9807,37.4114,0,0,0,0,227,0,0
0,6,6,1,1,0,2,129.0499,37.2493,1,0,1,0,78,0,0
0,6,0,0,0,1,1,126.4563,36.7689,0,0,1,0,69,0,0
1,4,3,0,0,6,3,127.2138,35.8545,0,0,0,0,28,0,0
1,2,0,1,1,1,7,126.791,35.3082,0,0,0,0,146,0,0
1,3,5,0,0,0,3,127.8567,37.5898,1,0,0,0,82,0,0
0,2,0,0,0,1,1,128.1484,35.8812,0,0,0,0,168,0,0
1,4,0,0,0,3,4,129.243,37.3367,0,0,0,0,78,0,0
0,5,0,1,2,0,3,126.7024,37.4641,2,0,1,0,29,0,0
1,1,0,0,0,6,3,129.125,35.8341,0,0,0,0,100,0,0
0,5,5,1,2,4,3,126.9231,37.4898,0,0,1,0,188,0,0
0,4,6,1,1,0,6,126.7052,37.3327,0,0,0,0,73,0,0
1,4,0,1,2,7,3,126.5429,35.0314,0,0,0,0,157,0,0
1,5,0,0,0,1,5,128.1164,36.1251,0,0,1,0,76,0,0
1,2,6,1,1,6,9,128.4556,35.8237,0,0,0,0,220,0,0
0,1,5,0,0,0,2,127.0063,34.7657,0,0,0,0,56,0,0
0,3,2,0,0,0,1,128.8145,37.8338,0,0,0,0,194,0,0
0,2,0,0,0,1,3,127.2362,36.7444,1,0,0,0,63,0,0
0,4,0,0,0,1,3,127.4315,36.5212,0,0,0,0,83,0,0
0,1,0,0,0,0,11,127.0796,36.4291,0,0,0,0,19,0,0
1,5,0,0,0,0,3,127.3228,37.6317,2,0,1,0,70,0,0
1,0,0,0,0,0,1,128.2552,35.9157,0,0,0,0,168,0,0
0,1,0,0,0,0,3,127.4789,37.0044,0,0,0,0,110,0,0
0,3,0,0,0,1,3,126.9379,37.3772,0,0,0,0,151,0,0
1,2,0,0,0,0,2,126.8953,37.542,0,0,0,0,150,0,0
0,1,0,0,0,0,7,126.4358,34.7438,0,0,0,0,16,0,0
1,6,0,0,0,4,1,126.9477,36.2258,0,0,1,0,129,0,0
1,4,7,1,1,4,6,129.0875,35.2439,0,0,0,0,96,0,0
0,4,0,0,0,1,3,128.2837,36.2402,0,0,0,0,144,0,0
1,0,6,1,1,0,2,126.7886,37.6638,0,0,0,0,40,0,0
0,5,0,1,2,0,1,126.87,36.8641,0,0,1,0,53,0,0
1,4,6,1,1,1,2,126.2659,36.7596,0,0,0,0,169,0,0
1,3,6,1,1,6,2,127.019,37.6025,0,0,0,0,167,0,0
1,4,8,1,1,2,4,126.8057,33.3883,0,0,0,0,62,0,0
0,4,0,1,1,0,2,126.7532,37.5058,0,0,0,0,65,0,0
1,3,0,0,0,5,4,129.327,35.5628,0,0,0,0,205,0,0
0,1,0,1,2,4,2,126.843,37.3036,0,0,1,0,2,0,0
0,3,0,0,0,1,3,128.613,35.9152,0,0,0,0,112,0,0
0,6,0,0,0,0,2,128.5151,36.1432,1,0,1,0,144,0,0
1,4,0,2,0,2,2,126.6053,37.4053,0,0,0,0,35,0,0
0,1,0,0,0,0,2,127.3153,37.3849,2,0,0,0,9,0,0
0,4,0,0,0,1,3,128.8438,35.1772,0,0,0,0,13,0,0
0,4,0,0,0,1,3,127.2241,36.1613,0,0,0,0,61,0,0
0,0,0,0,0,0,3,127.453,36.73,0,0,0,0,83,0,0
0,6,0,0,0,0,2,126.742,35.6845,1,0,1,0,185,0,0
1,1,0,0,0,1,2,128.2062,36.4468,0,0,0,0,58,0,0
1,0,0,0,0,0,6,128.5357,35.9363,1,0,1,0,112,0,0
1,6,0,0,0,4,8,127.3653,36.1403,0,0,1,0,68,0,0
1,0,3,0,0,4,3,126.8555,35.117,0,0,0,0,222,0,0
0,6,5,0,0,1,6,128.6944,37.6599,0,0,1,0,24,0,0
0,4,0,0,0,0,1,128.6994,35.3216,0,0,1,0,86,0,0
0,6,0,0,0,0,1,127.0023,35.9612,1,0,1,0,125,0,0
1,5,5,0,0,1,6,126.4423,34.5604,0,0,1,0,119,0,0
1,4,0,1,2,6,3,127.8711,35.1964,0,0,0,0,172,0,0
0,3,0,0,0,4,2,128.6156,35.8323,0,0,0,0,37,0,0
1,3,0,0,0,1,3,129.1458,35.2244,0,0,0,0,1,0,0
1,1,5,0,0,1,3,126.7956,36.6828,0,0,0,0,187,0,0
1,5,0,0,0,4,1,127.827,37.2726,0,0,1,0,36,0,0
1,5,3,0,0,0,4,126.8824,37.4668,0,0,1,0,81,0,0
0,0,0,0,0,1,3,127.7459,37.0422,0,0,0,0,6,0,0
0,0,0,0,0,1,2,128.2263,36.367,0,0,0,0,58,0,0
1,1,0,0,0,1,6,127.3257,35.5915,2,0,0,0,152,0,0
1,3,0,0,0,1,3,126.8826,37.674,0,0,0,0,40,0,0
1,4,0,0,0,1,2,126.6417,37.4413,1,0,0,0,29,0,0
1,0,0,0,0,1,1,128.9058,35.2274,0,0,0,0,13,0,0
1,5,0,0,0,0,3,126.8816,37.3195,0,0,1,0,2,0,0
0,4,0,1,2,4,1,128.7209,36.5667,0,0,1,0,66,0,0
1,2,0,0,0,6,3,127.442,36.5625,0,0,0,0,83,0,0
1,1,0,1,1,1,4,127.8696,37.6817,0,0,0,0,82,0,0
1,0,0,2,4,0,8,127.6974,35.1095,0,0,0,0,172,0,0
1,0,6,0,3,2,5,128.5613,35.9315,0,0,0,0,112,0,0
1,0,0,0,0,6,1,126.9945,35.7218,0,0,0,0,34,0,0
1,3,5,0,0,0,2,127.3768,37.1518,1,0,0,0,51,0,0
0,3,0,0,0,1,3,127.2074,37.1986,0,0,0,0,51,0,0
0,4,0,0,0,0,3,128.6137,36.5092,0,0,0,0,66,0,0
0,1,0,0,0,1,11,128.2702,36.1067,0,0,0,0,76,0,0
0,3,0,0,0,0,3,127.4754,35.0041,0,0,0,0,27,0,0
1,2,0,0,0,1,3,126.8966,37.3063,0,0,0,0,2,0,0
1,4,0,0,0,1,3,128.8769,35.1701,0,0,0,0,13,0,0
1,3,3,0,0,1,3,127.1505,36.1396,0,0,0,0,61,0,0
0,3,3,0,0,1,3,127.4339,37.2344,0,0,0,0,41,0,0
1,0,0,0,0,1,3,126.7801,36.9355,0,0,0,0,46,0,0
0,3,0,0,0,2,1,129.1312,35.5711,2,0,0,0,17,0,0
0,6,0,0,0,1,2,126.8702,36.9843,0,0,1,0,14,0,0
1,1,0,0,0,2,1,126.5871,35.0668,1,0,0,0,157,0,0
1,1,2,0,0,1,2,127.7483,37.042,2,0,0,0,6,0,0
0,2,0,2,4,1,3,128.3614,36.0945,0,0,0,0,144,0,0
0,3,0,0,0,0,9,126.9288,37.5144,0,0,1,0,150,0,0
1,3,0,2,4,9,1,126.7757,35.9863,0,0,1,0,166,0,0
1,4,0,1,1,0,2,128.388,36.006,1,0,0,0,21,0,0
1,4,0,0,0,1,3,126.9161,36.9374,1,0,0,0,14,0,0
0,5,6,1,1,0,3,128.8953,37.7542,1,0,1,0,194,0,0
1,5,0,0,0,2,1,127.8717,34.9412,0,0,1,0,197,0,0
1,5,6,1,1,0,5,128.5239,35.8181,0,0,1,0,112,0,0
1,5,0,0,0,9,1,127.6644,35.0596,0,0,1,0,130,0,0
1,5,0,2,4,2,1,127.1596,37.4378,0,0,1,0,95,0,0
1,5,0,0,0,0,1,127.1494,37.368,0,0,1,0,95,0,0
1,5,5,0,0,0,2,126.9481,34.5399,0,0,1,0,56,0,0
0,6,0,0,0,0,1,126.1043,35.0922,0,0,1,0,132,0,0
0,6,0,1,2,0,1,128.4087,36.0514,0,0,1,0,21,0,0
1,6,0,0,0,4,1,127.1284,36.7798,0,0,1,0,63,0,0
1,6,0,0,0,0,9,127.2857,37.3896,0,0,1,0,9,0,0
1,6,0,0,0,4,2,127.2964,36.5861,0,1,1,0,229,0,0
1,6,0,0,0,1,5,127.9147,36.9695,0,0,1,0,6,0,0
1,6,0,0,0,6,1,126.6753,34.8061,0,0,1,0,16,0,0
0,6,0,0,0,1,2,126.5251,36.6686,1,0,1,0,69,0,0
0,6,0,0,0,4,1,128.46,36.6742,0,0,1,0,55,0,0
0,0,0,0,0,6,1,126.8408,37.4845,0,0,0,0,79,0,0
0,0,0,0,0,0,1,128.5566,35.9839,0,0,0,0,21,0,0
1,0,0,0,3,0,3,127.028,37.2776,0,0,0,0,99,0,0
1,0,5,0,0,0,9,128.9453,37.3485,0,0,0,0,78,0,0
1,0,2,1,1,3,2,126.4841,36.5094,0,0,0,0,136,0,0
0,0,7,1,1,0,6,126.7426,37.5641,1,0,0,0,7,0,0
0,0,0,1,1,2,2,126.7378,37.3639,0,0,0,0,73,0,0
0,0,0,0,0,0,1,126.4371,36.7712,0,0,0,0,69,0,0
1,1,0,0,0,3,3,126.7638,37.8632,0,0,0,0,175,0,0
1,1,0,0,0,0,5,126.809,37.3387,0,0,0,0,2,0,0
1,1,0,1,2,0,2,128.1694,36.1104,0,0,0,0,76,0,0
1,1,0,0,0,0,7,126.6046,36.307,0,0,0,0,136,0,0
1,1,0,0,0,2,3,126.995,37.61,1,0,0,0,167,0,0
1,1,0,0,0,0,1,129.1156,37.5575,0,0,0,0,210,0,0
1,1,0,2,4,0,1,127.2198,37.4875,0,0,0,0,67,0,0
1,1,0,0,0,1,5,127.5389,37.0361,0,0,0,0,110,0,0
1,1,0,1,2,1,2,127.4249,34.8416,0,0,0,0,27,0,0
1,1,0,2,4,9,1,127.0161,35.2534,0,0,0,0,181,0,0
0,1,5,0,0,0,3,127.0457,37.2957,0,0,0,0,99,0,0
0,1,5,0,0,1,2,127.4017,36.3422,1,0,0,0,4,0,0