주야,요일,법규위반,도로형태_대분류,도로형태,당사자종별_1당_대분류,당사자종별_2당_대분류,경도,위도,사고피해정도,도시여부,주말/공휴일,인구수,발생지번호,보행자의위치,무단횡단여부
1,2,0,0,0,0,1,128.0462,37.2092,0,0,0,0,36,0,0
1,2,5,0,0,0,3,127.4991,36.9401,1,0,0,0,110,0,0
1,2,7,1,1,1,2,126.8578,37.6263,2,0,0,0,40,0,0
0,2,0,1,1,2,6,126.9877,37.7904,1,0,0,0,59,0,0
0,2,0,0,0,0,1,127.9957,36.8445,0,0,0,0,6,0,0
0,3,0,0,0,0,1,126.3053,36.7443,0,0,0,0,169,0,0
1,3,0,0,0,5,3,127.1485,35.2596,0,0,0,0,147,0,0
1,3,5,0,0,0,9,127.0481,35.2846,0,0,0,0,181,0,0
1,3,0,0,0,3,1,129.0291,36.5924,0,0,0,0,128,0,0
1,3,0,1,1,6,3,127.3464,34.8344,0,0,0,0,122,0,0
1,4,0,0,0,6,6,129.0774,35.1875,0,0,0,0,221,0,0
1,4,0,0,0,0,6,126.4686,34.979,0,0,0,0,101,0,0
1,4,6,1,1,2,7,126.6948,37.5249,0,0,0,0,7,0,0
1,4,0,0,0,1,1,127.6907,35.4824,0,0,0,0,108,0,0
0,4,0,1,1,2,4,126.9012,37.715,0,0,0,0,40,0,0
0,5,0,0,0,2,1,127.4017,37.7186,0,0,1,0,176,0,0
0,5,0,0,0,6,1,128.6377,35.8207,0,0,1,0,37,0,0
0,5,0,0,0,1,1,126.8726,35.1138,0,0,1,0,190,0,0
1,5,5,0,0,0,2,127.3341,36.769,0,0,1,0,63,0,0
0,6,0,0,0,0,1,127.1033,37.3344,0,0,1,0,51,0,0
0,6,0,0,0,4,6,127.0551,37.6126,0,0,1,0,167,0,0
0,6,0,0,0,0,11,127.0708,37.4296,1,0,1,0,95,0,0
1,6,0,0,0,2,1,127.3801,36.4094,0,0,1,0,148,0,0
1,6,0,0,0,0,1,127.852,35.7219,0,0,1,0,154,0,0
1,6,5,0,0,2,2,126.7094,36.8025,1,0,1,0,46,0,0
1,6,0,0,0,1,1,128.3713,35.7602,0,0,1,0,220,0,0
1,6,0,0,0,0,2,128.4606,37.1934,1,0,1,0,114,0,0
0,6,5,0,0,0,2,129.037,37.0958,1,0,1,0,215,0,0
1,0,0,0,0,9,1,127.5605,34.6592,0,0,0,0,102,0,0
0,0,0,0,0,4,1,128.5876,35.8726,0,0,0,0,178,0,0
0,0,0,0,0,1,3,127.1348,37.6782,0,0,0,0,70,0,0
0,1,0,0,0,1,3,128.9465,35.9222,0,0,0,0,5,0,0
1,1,0,1,2,6,6,126.9435,37.4831,0,0,0,0,188,0,0
1,1,5,0,0,0,11,127.7339,36.8653,0,0,0,0,179,0,0
1,1,0,0,0,6,3,129.3033,35.7724,0,0,0,0,100,0,0
1,1,0,1,2,1,3,129.3005,35.5185,2,0,0,0,213,0,0
1,1,0,0,0,4,1,128.2803,35.7714,0,0,0,0,220,0,0
1,1,5,0,0,5,3,127.7348,36.7227,0,0,0,0,179,0,0
1,1,0,0,0,1,1,127.7625,36.3338,1,0,0,0,142,0,0
0,1,0,1,2,1,5,129.2155,35.8445,0,0,0,0,100,0,0
0,1,6,1,1,0,3,127.1492,35.3716,1,0,0,0,131,0,0
0,1,0,0,0,0,1,127.0754,37.7997,0,0,0,0,59,0,0
0,1,0,2,4,4,3,126.4983,34.6232,0,0,0,0,119,0,0
0,2,5,0,0,0,2,127.6471,34.7738,0,0,0,0,102,0,0
0,2,0,1,1,0,1,126.9804,34.54,0,0,0,0,56,0,0
0,2,10,1,2,6,3,127.1286,37.5239,0,0,0,0,91,0,0
0,2,2,0,0,0,1,129.1193,37.5303,0,0,0,0,210,0,0
1,2,0,1,2,1,2,128.7669,35.2786,0,0,0,0,13,0,0
1,2,0,0,0,1,1,128.1824,37.8178,0,0,0,0,82,0,0
0,3,0,0,0,1,3,128.7885,35.8768,0,0,0,0,52,0,0
1,3,0,0,0,1,9,126.8971,37.2771,0,0,0,0,50,0,0
1,3,0,0,0,0,1,127.3722,36.5313,0,1,0,0,229,0,0
1,3,0,0,0,0,1,126.339,36.7592,0,0,0,0,169,0,0
1,3,0,1,1,1,1,126.4146,36.4296,0,0,0,0,169,0,0
0,3,5,0,0,0,4,127.605,37.4989,0,0,0,0,48,0,0
0,3,0,0,0,0,5,126.7277,33.2818,0,0,0,0,62,0,0
0,4,6,1,1,0,4,126.8525,37.309,0,0,0,0,2,0,0
1,4,6,1,1,6,11,126.6417,37.4991,0,0,0,0,97,0,0
1,4,0,1,1,4,6,128.5698,35.2029,0,0,0,0,86,0,0
1,4,0,1,1,4,1,127.0093,37.3017,0,0,0,0,99,0,0
1,4,3,0,3,4,3,126.9096,37.5189,0,0,0,0,150,0,0
0,4,0,0,0,0,2,129.29,36.0362,0,0,0,0,160,0,0
0,4,5,0,0,7,4,126.9038,35.1615,0,0,0,0,137,0,0
0,5,0,0,0,0,2,127.4308,36.4796,0,0,1,0,83,0,0
0,5,0,0,0,7,1,126.7256,37.4125,0,0,1,0,29,0,0
0,5,5,0,0,1,6,127.785,35.6266,0,0,1,0,108,0,0
0,5,0,0,0,0,1,128.0335,36.6684,0,0,1,0,74,0,0
0,5,6,1,1,4,4,128.5329,35.8686,0,0,1,0,107,0,0
0,6,6,1,1,0,1,126.9872,37.5347,0,0,1,0,134,0,0
1,6,0,0,0,0,1,126.6189,37.671,0,0,1,0,47,0,0
1,6,0,0,0,0,5,127.4288,38.2455,0,0,1,0,184,0,0
0,0,0,0,0,1,3,126.9091,37.2527,0,0,0,0,50,0,0
1,0,0,0,0,4,1,128.7846,35.7222,0,0,0,0,3,0,0
1,0,4,0,0,1,2,127.09,36.1976,0,0,0,0,61,0,0
0,0,0,0,0,0,1,128.0658,37.9457,2,0,0,0,124,0,0
0,1,0,0,0,0,1,126.7394,37.65,0,0,0,0,40,0,0
0,1,0,0,0,0,1,128.5646,35.8515,1,0,0,0,20,0,0
1,1,5,0,0,0,2,127.0816,37.1105,1,0,0,0,14,0,0
1,1,0,0,0,1,5,128.924,35.9627,0,0,0,0,5,0,0
1,1,5,0,0,1,3,126.509,36.7956,0,0,0,0,69,0,0
1,1,0,0,0,0,1,128.6672,37.0415,0,0,0,0,113,0,0
1,1,6,1,1,1,2,128.8412,35.7914,1,0,0,0,52,0,0
0,1,0,0,0,4,3,128.1098,36.0881,0,0,0,0,76,0,0
0,2,2,1,1,0,6,127.9441,37.3347,1,0,0,0,36,0,0
0,2,0,1,2,0,1,127.1021,37.428,0,0,0,0,95,0,0
0,2,0,1,1,0,1,127.4925,37.275,0,0,0,0,41,0,0
0,2,0,0,0,0,1,128.6679,35.2189,0,0,0,0,86,0,0
1,2,10,1,1,0,3,126.7219,35.7231,1,0,0,0,185,0,0
1,2,6,1,1,1,3,129.3478,35.6297,0,0,0,0,158,0,0
1,2,0,0,0,1,1,128.8915,35.9332,0,0,0,0,5,0,0
0,2,0,1,2,1,3,126.576,36.69,0,0,0,0,69,0,0
0,2,0,0,0,1,2,127.2286,37.5679,0,0,0,0,70,0,0
0,2,7,1,1,0,2,127.123,35.818,0,0,0,0,11,0,0
0,3,0,1,1,1,7,126.835,37.2823,0,0,0,0,2,0,0
1,3,6,1,1,0,2,129.1405,37.4803,0,0,0,0,210,0,0
1,3,5,0,0,0,3,127.2652,36.7261,0,0,0,0,63,0,0
1,3,0,0,0,1,5,128.177,36.4194,0,0,0,0,58,0,0
0,3,0,1,2,0,3,127.7356,36.4399,0,0,0,0,32,0,0
0,4,0,1,2,0,3,126.8619,36.968,0,0,0,0,14,0,0
1,4,6,1,1,2,5,127.0071,37.2986,0,0,0,0,99,0,0
1,4,6,1,1,7,3,126.974,35.2225,0,0,0,0,181,0,0
1,4,0,0,0,1,3,128.5608,35.828,0,0,0,0,20,0,0
1,4,0,0,0,1,1,127.0778,36.3751,0,0,0,0,19,0,0
1,4,6,1,1,4,3,126.2816,36.7729,0,0,0,0,169,0,0
0,5,5,0,0,0,6,127.1369,36.4577,0,0,1,0,19,0,0
0,5,0,0,0,0,1,127.7014,36.6714,0,0,1,0,83,0,0
0,5,0,0,0,0,9,129.3489,36.0459,0,0,1,0,160,0,0
0,5,0,0,0,1,1,127.1906,37.42,0,0,1,0,9,0,0
1,5,0,1,1,0,4,127.3764,36.224,1,0,1,0,68,0,0
0,5,0,0,0,0,5,128.3226,36.2692,0,0,1,0,144,0,0
0,6,0,0,0,0,12,127.07,35.8651,0,0,1,0,11,0,0
0,6,0,2,4,0,1,127.5311,35.5681,0,0,1,0,155,0,0
1,6,0,0,0,0,2,127.5547,36.5675,1,0,1,0,83,0,0
0,6,0,0,0,1,7,128.3889,35.8815,0,0,1,0,168,0,0
0,6,0,1,2,0,1,129.3228,35.7215,0,0,1,0,100,0,0
1,0,0,1,1,0,2,127.0886,37.2741,0,0,0,0,51,0,0
1,0,0,0,0,0,1,127.1667,36.4483,0,0,0,0,19,0,0
0,0,0,0,0,0,2,127.2476,36.663,0,1,0,0,229,0,0
0,1,0,1,1,0,1,127.1693,35.8364,0,0,0,0,11,0,0
0,1,0,0,0,4,1,127.0646,37.5698,0,0,0,0,201,0,0
1,1,0,0,0,1,1,127.5121,35.0208,1,0,0,0,27,0,0
0,1,0,0,0,1,3,128.1931,35.6071,0,0,0,0,133,0,0
0,2,8,1,1,2,8,126.4307,33.2384,1,0,0,0,62,0,0
0,2,0,0,0,4,3,126.9198,35.1656,0,0,0,0,137,0,0
0,2,0,0,0,1,1,128.6708,35.4186,0,0,0,0,177,0,0
0,3,5,0,0,0,2,126.7935,35.2783,0,0,0,0,146,0,0
0,3,0,0,0,0,3,126.8449,37.5043,0,0,0,0,79,0,0
1,3,6,1,1,0,2,127.4248,37.2232,0,0,0,0,41,0,0
1,3,0,0,0,0,1,129.4545,35.9897,0,0,0,0,160,0,0
1,3,0,1,2,0,2,127.0572,37.571,0,0,0,0,201,0,0
1,3,0,0,0,4,1,126.6639,33.542,0,0,0,0,90,0,0
1,3,0,0,0,0,1,126.6167,33.4206,0,0,0,0,90,0,0
0,3,0,0,0,1,3,127.8072,34.9978,0,0,0,0,172,0,0
0,3,5,0,0,0,2,126.7138,34.5762,1,0,0,0,121,0,0
0,3,6,1,1,0,6,127.1079,37.5492,0,0,0,0,183,0,0
0,3,0,1,2,0,4,127.5215,34.9628,0,0,0,0,27,0,0
1,4,6,1,2,4,2,126.8987,35.1922,0,0,0,0,137,0,0
1,4,0,0,0,0,1,128.1387,36.7496,0,0,0,0,74,0,0
1,4,5,1,1,2,3,128.6373,35.213,0,0,0,0,86,0,0
0,5,6,1,1,0,2,127.417,36.3231,1,0,1,0,39,0,0
1,5,0,0,0,0,2,127.337,36.7189,0,0,1,0,83,0,0
1,5,0,0,0,1,2,128.3969,36.0681,0,0,1,0,21,0,0
1,5,8,1,1,1,6,126.75,36.6657,0,0,1,0,187,0,0
1,5,0,0,0,1,1,127.6954,37.1174,0,0,1,0,110,0,0
1,5,0,0,0,0,1,129.1088,35.8623,0,0,1,0,100,0,0
0,5,6,1,1,0,2,126.4149,34.8013,1,0,1,0,153,0,0
0,6,3,1,2,0,2,126.4767,37.4414,1,0,1,0,72,0,0
0,6,0,0,0,0,1,129.0396,35.9015,0,0,1,0,100,0,0
1,6,0,1,2,4,2,127.098,35.899,0,0,1,0,28,0,0
1,0,0,0,0,6,1,128.3912,35.5136,0,0,0,0,211,0,0
0,0,0,0,0,0,4,127.1019,36.7923,0,0,0,0,53,0,0
0,0,0,0,0,4,1,128.5799,35.9475,0,0,0,0,112,0,0
0,1,0,0,0,6,1,126.7869,36.8933,0,0,0,0,46,0,0
0,1,0,0,0,0,2,128.3477,36.1445,1,0,0,0,144,0,0
0,1,0,0,0,0,1,127.9471,37.0166,0,0,0,0,6,0,0
1,1,0,0,0,1,3,129.3803,35.5351,1,0,0,0,158,0,0
1,1,0,0,0,0,1,128.6572,35.9115,1,0,0,0,26,0,0
1,1,0,0,0,0,1,127.9725,36.8805,0,0,0,0,6,0,0
1,1,0,0,0,1,1,126.2923,37.7892,0,0,0,0,92,0,0
0,1,0,0,0,9,1,127.0144,36.3789,0,0,0,0,19,0,0
0,1,0,0,0,4,1,129.0285,35.1126,0,0,0,0,228,0,0
1,2,0,0,0,0,9,127.201,37.135,0,0,0,0,51,0,0
1,2,0,1,1,1,8,128.153,36.4695,0,0,0,0,58,0,0
0,2,0,1,2,0,2,127.1553,36.8498,2,0,0,0,63,0,0
0,2,5,0,0,2,2,128.7553,35.4794,1,0,0,0,177,0,0
1,3,0,0,0,1,1,126.1668,36.6886,0,0,0,0,169,0,0
1,3,5,0,0,0,2,126.796,34.6442,0,0,0,0,121,0,0
0,3,0,1,1,0,5,128.5783,35.8899,0,0,0,0,112,0,0
0,4,0,0,0,1,1,126.3414,34.6017,0,0,0,0,119,0,0
1,4,5,0,0,0,2,127.7172,35.0077,0,0,0,0,130,0,0
1,4,0,1,2,1,5,126.9126,36.2815,0,0,0,0,129,0,0
1,4,0,0,0,0,3,126.915,35.1829,2,0,0,0,137,0,0
1,4,0,0,0,4,1,127.1201,36.7288,0,0,0,0,63,0,0
1,4,5,0,0,0,2,129.2044,35.7086,0,0,0,0,17,0,0
0,4,0,0,0,6,1,127.225,37.2213,0,0,0,0,51,0,0
0,5,0,1,2,1,3,128.3729,36.1195,0,0,1,0,144,0,0
0,5,0,1,2,7,3,126.9166,37.5175,0,0,1,0,150,0,0
0,5,0,0,0,0,3,127.1007,36.7528,0,0,1,0,63,0,0
1,5,0,0,0,4,1,126.9284,37.3552,0,0,1,0,126,0,0
1,5,0,0,0,4,1,128.7064,35.8663,0,0,1,0,26,0,0
1,5,0,0,0,1,5,127.4259,36.3824,0,0,1,0,77,0,0
1,5,5,0,0,0,6,127.7914,36.8037,0,0,1,0,179,0,0
0,5,0,0,0,1,1,128.1651,37.4243,0,0,1,0,31,0,0
0,6,0,0,0,0,1,127.5986,34.9751,1,0,1,0,130,0,0
0,6,0,0,0,0,1,128.9829,35.2426,0,0,1,0,13,0,0
0,6,0,0,0,0,11,129.042,35.1112,1,0,1,0,209,0,0
1,6,0,1,1,0,5,127.0494,37.4886,0,0,1,0,89,0,0
1,6,0,0,0,0,1,126.722,36.9308,0,0,1,0,46,0,0
1,6,0,0,0,0,2,127.1031,37.3755,0,0,1,0,95,0,0
0,6,0,0,0,0,1,127.855,36.9646,0,0,1,0,6,0,0
0,6,6,1,1,0,2,127.0171,36.7839,0,0,1,0,53,0,0
0,0,0,0,0,0,1,126.6718,36.6892,0,0,0,0,187,0,0
0,0,0,0,0,0,1,127.5085,36.5983,0,0,0,0,83,0,0
0,0,0,0,0,1,3,128.0152,36.1735,0,0,0,0,76,0,0
1,0,0,0,0,0,3,127.1149,36.5953,0,0,0,0,19,0,0
1,0,0,0,0,1,1,127.0287,35.8149,0,0,0,0,28,0,0
1,0,7,1,1,0,3,127.7788,36.3433,0,0,0,0,142,0,0
1,0,5,0,0,0,3,126.7217,37.1981,0,0,0,0,50,0,0
1,0,0,0,0,0,2,127.0988,37.4241,1,0,0,0,95,0,0
1,0,0,0,0,1,1,127.5646,35.0611,0,0,0,0,130,0,0
0,0,0,1,1,0,2,128.3657,34.9036,0,0,0,0,212,0,0
0,0,0,0,0,0,1,128.2999,35.7295,0,0,0,0,220,0,0
0,1,0,0,0,1,1,126.993,36.1099,0,0,0,0,125,0,0
0,1,0,1,1,1,3,127.1044,37.2574,0,0,0,0,51,0,0
1,1,5,0,0,0,6,128.4404,36.0896,0,0,0,0,144,0,0
1,1,5,0,0,6,3,127.7447,36.4214,0,0,0,0,32,0,0
1,1,0,1,2,1,3,128.8387,35.2046,0,0,0,0,13,0,0
1,1,0,1,1,3,5,128.4782,35.8444,0,0,0,0,20,0,0
0,1,0,0,0,0,1,128.5917,35.1995,0,0,0,0,86,0,0
0,1,0,0,0,0,1,129.1914,35.9982,1,0,0,0,100,0,0
0,2,5,0,0,1,2,127.776,34.958,0,0,0,0,172,0,0
1,2,6,1,1,0,2,127.3004,37.9415,0,0,0,0,171,0,0
1,2,5,0,0,0,6,129.3789,35.5572,1,0,0,0,158,0,0
1,2,0,0,0,0,2,126.5911,37.5477,2,0,0,0,97,0,0
1,2,0,0,0,0,2,126.5947,37.5488,2,0,0,0,97,0,0
1,2,0,0,0,6,1,126.6921,36.5041,0,0,0,0,38,0,0
1,2,5,0,0,1,3,127.6452,37.9979,0,0,0,0,111,0,0
0,3,0,0,0,0,3,127.1906,37.4195,0,0,0,0,9,0,0
1,3,0,1,1,0,1,126.6928,37.6363,0,0,0,0,47,0,0
0,3,5,0,0,1,2,127.32,36.2882,0,0,0,0,4,0,0
0,3,0,1,1,0,3,128.887,35.0946,0,0,0,0,206,0,0
0,3,0,1,1,1,1,128.7962,36.8345,0,0,0,0,149,0,0
0,4,0,0,0,0,2,128.6292,35.8264,0,0,0,0,37,0,0
1,4,0,0,0,1,3,126.394,34.8348,0,0,0,0,153,0,0
1,4,0,1,1,0,1,126.5016,35.0254,0,0,0,0,157,0,0
1,4,5,0,0,0,2,128.9486,35.9657,0,0,0,0,5,0,0
1,4,6,0,0,7,2,126.8614,37.3027,0,0,0,0,2,0,0
1,4,0,0,0,2,3,127.4647,36.5835,0,0,0,0,83,0,0
1,4,0,0,0,1,11,128.7335,35.7753,0,0,0,0,52,0,0
1,4,0,0,0,3,1,128.3571,35.2767,0,0,0,0,117,0,0
1,4,6,1,1,2,5,126.7495,37.7233,0,0,0,0,175,0,0
1,4,0,1,1,4,3,128.6091,36.8219,0,0,0,0,113,0,0
0,5,0,0,3,1,5,128.5447,35.8412,0,0,1,0,20,0,0
1,5,6,1,1,3,2,126.5498,37.4954,0,0,1,0,72,0,0
0,5,5,0,0,1,3,126.2387,34.8496,0,0,1,0,132,0,0
0,5,0,0,0,0,1,128.3428,36.9719,0,0,1,0,204,0,0
0,5,2,0,0,0,2,126.5194,35.8989,0,0,1,0,166,0,0
0,6,0,0,0,0,1,128.4241,35.9832,0,0,1,0,21,0,0
1,6,0,0,0,0,1,127.4166,36.4632,0,0,1,0,83,0,0
1,6,4,2,4,3,9,126.7344,35.9703,0,0,1,0,166,0,0
0,6,0,1,2,1,5,127.1633,37.8111,0,0,1,0,171,0,0
0,6,0,0,0,1,5,127.0762,38.084,0,0,1,0,106,0,0
0,6,5,0,0,4,2,127.8283,36.9779,0,0,1,0,6,0,0
0,6,0,1,1,0,1,126.7761,35.1374,0,0,1,0,135,0,0
0,6,0,1,2,0,1,127.0991,35.8021,0,0,1,0,11,0,0
0,0,0,0,0,0,1,126.884,35.1644,0,0,0,0,222,0,0
0,0,0,0,0,1,11,129.3816,36.0011,0,0,0,0,160,0,0
1,0,5,0,0,2,3,127.0696,37.7388,0,0,0,0,64,0,0
0,0,0,0,0,0,2,127.2382,37.6303,0,0,0,0,70,0,0
0,1,0,0,0,5,1,128.8555,36.502,0,0,0,0,66,0,0
1,1,0,1,2,1,5,127.0542,37.6708,0,0,0,0,18,0,0
1,1,2,1,1,0,3,126.7876,34.6303,0,0,0,0,121,0,0
1,1,0,0,0,1,3,127.188,36.8749,0,0,0,0,63,0,0
1,1,6,1,1,4,2,126.7218,35.723,0,0,0,0,185,0,0
1,1,2,1,1,2,2,126.4464,33.4815,2,0,0,0,90,0,0
0,1,3,1,2,1,3,127.9823,37.3905,0,0,0,0,36,0,0
0,1,6,1,1,0,2,129.0283,35.3294,0,0,0,0,49,0,0
0,2,5,0,0,0,2,127.041,36.7725,1,0,1,0,53,0,0
1,2,0,2,4,0,1,129.0105,35.3347,0,0,1,0,49,0,0
1,2,0,0,0,0,1,127.4651,36.2623,0,0,1,0,80,0,0
0,2,5,0,0,7,2,126.7833,35.5609,0,0,1,0,12,0,0
0,2,5,0,0,0,4,127.256,37.4049,0,0,1,0,9,0,0
0,3,0,0,0,0,9,128.2388,38.1386,0,0,1,0,124,0,0
0,3,0,0,0,0,3,127.7565,34.9651,0,0,1,0,130,0,0
0,3,0,0,0,0,2,127.0223,37.5555,0,0,1,0,84,0,0
0,3,0,0,0,0,1,126.6429,36.5902,0,0,1,0,38,0,0
1,3,0,0,0,0,1,129.4158,35.7163,1,0,1,0,100,0,0
1,3,6,1,1,0,6,127.0279,37.6217,2,0,1,0,200,0,0
0,3,0,0,0,0,1,129.1948,35.7271,0,0,1,0,100,0,0
0,3,0,1,1,1,7,127.4224,35.7856,0,0,1,0,192,0,0
0,3,0,0,0,0,4,129.0771,35.1438,0,0,1,0,180,0,0
0,4,5,0,0,1,2,129.4351,36.6686,0,0,1,0,208,0,0
0,4,5,0,0,0,2,128.3538,35.7507,1,0,1,0,220,0,0
0,4,6,1,1,0,2,127.4323,36.623,0,0,1,0,83,0,0
0,4,0,0,0,6,3,128.5673,36.5813,0,0,1,0,66,0,0
0,4,0,1,2,0,1,126.8078,36.685,0,0,1,0,187,0,0
1,5,6,1,1,0,3,126.8316,35.0795,0,0,1,0,190,0,0
1,5,5,0,0,0,2,128.5787,38.2323,0,0,1,0,217,0,0
1,5,5,0,0,0,2,126.3718,33.2786,2,0,1,0,62,0,0
0,5,0,0,0,4,2,126.8801,37.5239,0,0,1,0,150,0,0
0,6,3,1,2,6,2,126.7883,37.4421,1,0,1,0,73,0,0
0,6,0,1,2,1,1,127.0021,35.3235,0,0,1,0,181,0,0
0,0,0,0,0,0,3,127.3679,34.6751,0,0,0,0,191,0,0
0,0,5,1,2,0,2,126.432,34.7746,0,0,0,0,16,0,0
1,0,0,0,0,0,3,127.4712,36.7246,0,0,0,0,83,0,0
1,0,5,1,2,7,3,126.7238,35.9759,0,0,0,0,166,0,0
1,0,5,0,0,1,3,127.8542,35.7092,0,0,0,0,154,0,0
0,0,0,1,2,1,2,126.5076,36.7483,0,0,0,0,69,0,0
1,1,8,1,1,7,2,128.8827,35.2272,0,0,0,0,13,0,0
0,1,5,1,1,0,7,127.1112,37.5531,0,0,0,0,183,0,0
0,1,0,0,0,6,1,126.7953,35.1789,0,0,0,0,135,0,0
0,2,0,0,0,0,2,126.9769,37.5165,0,0,0,0,134,0,0
0,2,0,1,2,0,1,129.3608,35.5567,1,0,0,0,158,0,0
1,2,6,1,1,7,2,126.7545,37.6742,0,0,0,0,40,0,0
1,2,6,1,1,4,2,127.9129,36.9811,0,0,0,0,6,0,0
0,2,0,0,0,6,1,126.6114,34.9376,0,0,0,0,33,0,0
0,3,0,0,0,1,3,127.6505,37.1437,1,0,0,0,110,0,0
0,3,0,0,0,0,4,127.2515,36.2797,0,0,0,0,223,0,0
1,3,0,2,4,1,6,127.2308,37.2779,0,0,0,0,51,0,0
1,3,0,0,0,0,3,127.4821,36.3415,1,0,0,0,80,0,0
1,3,5,0,0,0,2,128.1153,37.2518,0,0,0,0,36,0,0
1,3,3,0,0,0,7,127.0013,37.2702,0,0,0,0,99,0,0
1,3,0,1,2,6,2,128.5488,38.2814,0,0,0,0,217,0,0
1,3,0,0,0,0,5,129.2061,35.9929,0,0,0,0,100,0,0
0,3,0,0,0,1,9,127.7535,36.1481,0,0,0,0,75,0,0
0,4,0,0,0,4,1,126.7932,37.481,0,0,0,0,65,0,0
1,4,0,1,1,0,4,128.801,35.9,0,0,0,0,52,0,0
1,4,0,1,1,1,5,128.5971,35.8451,0,0,0,0,145,0,0
1,4,0,0,0,6,3,126.5492,33.5048,0,0,0,0,90,0,0
1,4,0,0,0,0,8,126.3524,36.5362,0,0,0,0,169,0,0
1,4,6,1,1,3,7,126.7653,36.7962,0,0,0,0,46,0,0
0,4,0,0,0,0,1,127.4119,35.4076,1,0,0,0,193,0,0
0,4,0,0,0,0,2,127.3441,37.8219,1,0,0,0,176,0,0
1,5,6,1,1,4,11,126.5123,36.7431,0,0,1,0,69,0,0
1,5,0,0,0,0,1,127.5344,36.4011,0,0,1,0,80,0,0
0,5,0,0,0,0,2,128.9954,35.3008,0,0,1,0,49,0,0
0,6,0,0,0,5,1,126.8108,37.6314,0,0,1,0,40,0,0
1,6,0,0,0,0,1,126.2156,33.3748,0,0,1,0,90,0,0
0,6,0,2,4,4,1,128.8535,35.2154,0,0,1,0,13,0,0
0,6,0,0,0,1,5,128.6881,36.8303,0,0,1,0,113,0,0
0,0,0,0,0,0,3,127.2807,37.2277,0,0,0,0,51,0,0
1,0,0,1,1,6,2,127.8122,35.1121,0,0,0,0,172,0,0
1,0,5,1,1,7,3,128.9273,35.223,0,0,0,0,13,0,0
1,0,0,0,0,0,3,127.4309,37.2345,0,0,0,0,41,0,0
1,0,0,1,1,4,1,129.3982,36.9671,0,0,0,0,208,0,0
1,0,0,0,0,9,1,128.0192,36.7465,0,0,0,0,179,0,0
1,1,8,1,1,3,3,126.7942,36.721,0,0,0,0,187,0,0
1,1,0,1,1,7,2,128.7292,36.5633,0,0,0,0,66,0,0
1,1,0,0,0,1,1,129.0211,35.3225,0,0,0,0,49,0,0
0,1,0,0,3,1,2,128.5507,35.9164,0,0,0,0,112,0,0
0,2,0,1,1,0,1,128.0587,37.9184,0,0,0,0,124,0,0
1,2,6,1,1,0,6,126.2659,36.7596,0,0,0,0,169,0,0
1,2,7,1,1,0,3,127.1944,35.5564,1,0,0,0,152,0,0
1,2,3,1,2,1,7,127.1065,35.8357,0,0,0,0,11,0,0
0,2,0,1,1,0,4,128.4316,35.6274,0,0,0,0,30,0,0
0,3,0,1,2,0,5,127.1326,36.8073,0,0,0,0,63,0,0
0,3,0,0,0,6,1,126.7476,37.5306,0,0,0,0,7,0,0
1,3,7,1,1,0,4,126.7199,36.6424,0,0,0,0,38,0,0
1,3,0,0,0,4,2,126.9843,36.7771,0,0,0,0,53,0,0
0,3,0,1,1,0,1,128.0775,37.4465,0,0,0,0,31,0,0
0,4,5,0,0,4,2,128.5763,35.2147,0,0,0,0,86,0,0
1,4,5,0,0,0,3,127.0199,36.1074,0,0,0,0,125,0,0
1,4,6,1,1,6,3,126.7162,36.0042,0,0,0,0,10,0,0
0,4,0,0,0,1,7,126.7267,35.0849,0,0,0,0,33,0,0
0,4,0,0,0,1,3,126.8292,37.6568,0,0,0,0,40,0,0
0,4,6,1,1,7,2,127.264,36.5038,0,1,0,0,229,0,0
0,5,0,0,0,0,1,127.12,37.5406,0,0,1,0,91,0,0
1,5,0,0,0,0,3,126.8267,37.3475,0,0,1,0,2,0,0
1,5,5,0,0,1,2,126.969,37.2804,0,0,1,0,99,0,0
1,5,0,2,4,6,3,128.2856,35.9274,0,0,1,0,168,0,0
1,5,5,1,2,0,4,127.4271,36.3263,0,0,1,0,39,0,0
1,5,0,1,1,4,2,128.8311,37.8963,0,0,1,0,194,0,0
1,5,6,1,1,5,3,128.6846,35.6863,0,0,1,0,3,0,0
1,5,0,1,2,0,1,127.9958,36.0752,0,0,1,0,76,0,0
0,5,0,0,3,0,2,129.3136,35.7976,0,0,1,0,100,0,0
0,6,3,0,0,1,2,127.7913,36.4557,0,0,1,0,32,0,0
1,6,3,1,2,0,4,128.6168,35.8352,0,0,1,0,37,0,0
1,6,7,1,1,1,2,126.5164,37.5173,1,0,1,0,72,0,0
1,6,0,0,0,6,1,126.8058,35.0158,0,0,1,0,33,0,0
0,6,0,0,0,1,1,128.3947,35.9798,0,0,1,0,21,0,0
0,0,0,1,2,0,1,127.129,35.7848,1,0,0,0,11,0,0
1,0,6,1,2,2,5,126.7542,37.7171,0,0,0,0,175,0,0
1,0,6,1,1,4,3,127.0141,37.2625,0,0,0,0,99,0,0
1,0,0,1,1,1,5,127.4047,36.3296,0,0,0,0,39,0,0
1,0,0,0,0,0,8,129.1753,35.5218,0,0,0,0,17,0,0
1,0,5,0,0,0,9,126.2616,36.8018,0,0,0,0,169,0,0
0,0,0,1,1,1,3,127.5616,37.1879,1,0,0,0,22,0,0