주야,요일,법규위반,도로형태_대분류,도로형태,당사자종별_1당_대분류,당사자종별_2당_대분류,경도,위도,사고피해정도,도시여부,주말/공휴일,인구수,발생지번호,보행자의위치,무단횡단여부
0,0,0,0,0,0,8,126.8373,35.9402,0,0,0,0,166,0,0
0,0,0,0,0,0,3,128.7182,35.279,0,0,0,0,13,0,0
0,0,0,1,1,0,1,127.2971,35.2797,0,0,0,0,147,0,0
0,0,5,0,0,0,2,126.7035,35.1616,0,0,0,0,135,0,0
0,1,0,0,0,0,9,126.8442,37.2904,0,0,0,0,2,0,0
1,1,0,0,0,1,1,129.358,36.049,0,0,0,0,160,0,0
1,1,0,0,0,7,3,128.86,35.1336,0,0,0,0,206,0,0
0,1,0,0,0,1,1,127.5101,35.6312,0,0,0,0,155,0,0
0,1,2,1,1,0,4,129.4196,35.4873,0,0,0,0,225,0,0
0,2,0,1,2,0,1,127.0753,37.4861,0,0,0,0,89,0,0
0,2,0,1,1,0,2,127.1149,35.813,1,0,0,0,11,0,0
0,2,6,1,1,1,2,126.7374,35.7233,1,0,0,0,185,0,0
0,2,2,0,0,0,4,126.7466,37.6958,0,0,0,0,40,0,0
0,2,0,1,1,0,1,126.6047,34.5657,0,0,0,0,119,0,0
1,2,0,1,1,1,2,129.2467,35.8923,0,0,0,0,100,0,0
0,2,4,0,0,1,1,126.5161,34.3673,0,0,0,0,119,0,0
0,3,5,0,0,0,1,127.6645,34.9087,0,0,0,0,130,0,0
1,3,5,0,0,4,3,126.9331,35.3025,0,0,0,0,181,0,0
1,3,0,1,2,4,1,126.3218,35.0997,0,0,0,0,101,0,0
0,3,0,1,1,4,3,129.3104,35.5661,0,0,0,0,205,0,0
0,3,6,1,2,0,2,126.6671,37.6589,0,0,0,0,47,0,0
0,4,0,0,0,1,2,126.9959,37.3164,0,0,0,0,99,0,0
0,4,0,0,0,4,1,128.549,35.8625,0,0,0,0,107,0,0
0,4,0,1,2,0,2,128.617,35.8404,0,0,0,0,37,0,0
1,4,0,1,1,6,2,127.5424,34.9171,0,0,0,0,27,0,0
1,4,0,0,0,1,1,128.096,35.2582,2,0,0,0,42,0,0
0,4,5,0,0,2,7,127.0472,37.7244,0,0,0,0,64,0,0
0,5,0,0,0,0,3,128.954,35.3163,0,0,1,0,13,0,0
1,5,5,0,0,1,3,126.8751,37.1097,0,0,1,0,50,0,0
1,5,6,1,1,4,2,127.4741,36.975,0,0,1,0,110,0,0
1,5,0,0,0,0,1,128.3967,37.9428,0,0,1,0,124,0,0
0,5,0,0,0,0,5,127.4935,34.9908,0,0,1,0,27,0,0
1,6,6,1,1,0,6,127.1422,37.4067,0,0,1,0,95,0,0
1,6,0,0,0,1,1,128.5051,35.2631,0,0,1,0,86,0,0
1,6,0,0,0,0,2,126.902,35.1336,1,0,1,0,190,0,0
1,6,0,0,0,0,6,126.712,37.6253,1,0,1,0,47,0,0
1,6,0,0,0,9,1,128.1488,35.1538,0,0,1,0,42,0,0
1,6,0,0,0,0,1,126.949,35.9942,0,0,1,0,125,0,0
1,6,0,0,0,4,2,126.5102,36.7842,0,0,1,0,69,0,0
1,6,0,0,0,0,1,127.7333,37.4736,0,0,1,0,48,0,0
1,6,0,1,2,9,1,126.6025,36.5022,0,0,1,0,38,0,0
0,6,0,0,0,0,1,128.6777,35.9546,0,0,1,0,26,0,0
0,0,0,1,1,0,1,126.4924,33.4938,0,0,0,0,90,0,0
1,0,0,1,1,0,5,128.7139,36.5616,0,0,0,0,66,0,0
1,0,9,0,0,4,3,126.599,35.3398,0,0,0,0,219,0,0
1,0,0,0,0,1,2,126.9964,37.0236,0,0,0,0,14,0,0
1,0,0,0,0,0,1,129.1691,35.9943,0,0,0,0,100,0,0
0,0,0,0,0,0,8,127.4901,36.0707,0,0,0,0,68,0,0
0,1,3,0,0,0,4,129.111,35.1117,0,0,0,0,180,0,0
0,1,0,0,0,4,2,127.1406,35.8429,0,0,0,0,11,0,0
0,1,0,0,0,1,3,126.8616,37.5702,1,0,0,0,159,0,0
1,1,0,0,0,1,3,127.4507,37.0863,0,0,0,0,23,0,0
1,1,7,1,1,0,4,127.4301,37.0737,0,0,0,0,23,0,0
1,1,4,0,0,2,1,127.2097,37.8106,0,0,0,0,171,0,0
1,1,0,0,0,4,3,127.086,36.0587,0,0,0,0,125,0,0
1,1,0,1,1,6,5,127.0987,34.7879,0,0,0,0,122,0,0
1,1,3,0,0,7,6,127.1428,35.8121,0,0,0,0,11,0,0
0,1,0,0,0,0,5,127.2764,35.6795,0,0,0,0,152,0,0
1,2,0,0,0,0,1,128.3602,34.9211,0,0,0,0,212,0,0
1,2,0,0,0,6,1,126.4504,35.295,0,0,0,0,127,0,0
1,2,0,0,0,0,1,127.1312,36.5007,0,0,0,0,19,0,0
1,2,0,1,2,1,1,128.7634,35.9603,0,0,0,0,52,0,0
0,2,5,0,0,7,2,128.6116,35.8352,0,0,0,0,37,0,0
1,3,5,0,0,0,2,127.3579,37.5564,1,0,0,0,48,0,0
1,3,0,0,0,0,1,129.1015,35.1516,0,0,0,0,45,0,0
1,3,6,1,1,4,2,126.7524,35.9986,1,0,0,0,166,0,0
1,3,2,0,0,1,4,128.3501,36.501,0,0,0,0,105,0,0
0,3,0,0,0,4,1,128.1076,36.7304,0,0,0,0,74,0,0
0,3,5,0,0,9,2,128.8646,36.9113,0,0,0,0,149,0,0
0,3,7,1,1,0,4,127.9259,35.7043,0,0,0,0,154,0,0
0,4,0,1,2,1,9,129.3797,36.3542,0,0,0,0,54,0,0
0,4,0,0,0,0,1,127.1598,37.6558,0,0,0,0,70,0,0
1,4,0,0,0,4,3,127.1987,37.7554,0,0,0,0,70,0,0
1,4,0,0,0,3,1,126.7613,35.349,0,0,0,0,146,0,0
1,4,0,0,0,1,1,126.2297,36.901,0,0,0,0,169,0,0
1,4,0,0,0,0,1,126.7256,34.3124,0,0,0,0,141,0,0
1,4,3,0,0,4,6,127.9683,35.9831,0,0,0,0,76,0,0
1,4,3,0,0,1,2,128.2232,36.3061,2,0,0,0,144,0,0
1,4,6,1,1,1,6,127.5149,36.6405,2,0,0,0,83,0,0
0,4,0,0,0,0,3,129.4091,35.9661,0,0,0,0,160,0,0
0,5,0,0,0,0,1,127.1302,37.8022,0,0,1,0,171,0,0
1,5,0,0,0,4,1,127.9001,37.6018,0,0,1,0,82,0,0
1,5,0,0,0,0,2,129.1117,35.2148,0,0,1,0,96,0,0
0,5,0,0,0,6,1,126.6046,35.2085,0,0,1,0,157,0,0
0,5,0,0,0,4,1,128.9991,35.1531,0,0,1,0,120,0,0
0,6,0,0,0,0,7,127.0268,37.6175,0,0,1,0,200,0,0
0,6,0,1,2,6,1,127.048,37.7286,0,0,1,0,64,0,0
0,6,0,1,1,0,1,127.1923,37.5467,0,0,1,0,67,0,0
0,6,0,0,0,0,1,128.3326,34.9681,0,0,1,0,87,0,0
0,6,0,0,0,4,3,127.9216,37.7129,0,0,1,0,82,0,0
0,0,6,0,0,0,1,129.0507,35.1578,0,0,0,0,163,0,0
0,0,6,1,1,6,2,127.0284,37.6351,0,0,0,0,200,0,0
1,0,0,0,0,1,5,127.0554,37.5447,0,0,0,0,84,0,0
1,0,0,0,0,6,1,126.5909,35.3086,0,0,0,0,127,0,0
1,0,0,0,3,4,1,126.843,37.4713,0,0,0,0,81,0,0
1,0,5,0,0,0,6,127.7208,38.0256,0,0,0,0,218,0,0
1,0,0,0,0,0,5,126.907,37.5194,0,0,0,0,150,0,0
0,0,5,0,0,0,2,127.4598,36.3429,1,0,0,0,80,0,0
0,1,0,0,0,1,9,126.9121,37.5254,0,0,0,0,150,0,0
1,1,0,0,0,6,3,128.5698,35.1944,0,0,0,0,86,0,0
1,1,0,0,0,2,1,126.9367,35.1683,0,0,0,0,137,0,0
1,1,0,0,0,0,5,126.872,37.6114,0,0,0,0,40,0,0
1,1,0,0,0,6,1,129.0188,35.2927,0,0,0,0,49,0,0
1,1,6,1,1,1,3,126.6227,33.2933,0,0,0,0,62,0,0
1,2,0,0,0,1,8,126.1206,34.8409,0,0,0,0,132,0,0
1,2,6,1,1,1,4,128.2549,35.6953,0,0,0,0,220,0,0
0,2,6,1,1,4,6,126.8485,35.5743,0,0,0,0,12,0,0
0,2,0,0,0,0,3,126.9376,37.5164,0,0,0,0,93,0,0
0,3,5,0,3,4,6,127.086,37.5964,0,0,0,0,196,0,0
0,3,0,0,0,0,2,127.0114,37.3923,0,0,0,0,199,0,0
1,3,0,0,0,0,4,128.6102,35.8547,0,0,0,0,37,0,0
1,3,0,0,0,5,2,126.8883,37.2417,2,0,0,0,50,0,0
1,3,4,2,4,0,1,126.5591,37.2767,0,0,0,0,2,0,0
1,3,0,0,0,0,3,126.9202,37.5653,0,0,0,0,159,0,0
0,3,8,1,1,2,2,127.9892,38.0964,1,0,0,0,115,0,0
0,3,5,0,0,0,4,128.589,35.7861,0,0,0,0,30,0,0
0,4,0,0,0,0,9,126.563,36.718,0,0,0,0,69,0,0
1,4,4,0,0,1,5,126.9902,35.0615,0,0,0,0,88,0,0
1,4,3,0,0,1,3,128.2601,36.0818,0,0,0,0,76,0,0
1,4,6,0,3,7,3,126.8437,37.3048,0,0,0,0,2,0,0
1,4,6,1,1,0,4,127.4843,34.9592,0,0,0,0,27,0,0
0,4,5,0,0,0,2,126.8831,37.6298,1,0,0,0,40,0,0
0,4,0,0,0,0,1,127.2629,37.4508,0,0,0,0,9,0,0
0,5,0,0,0,6,1,127.6773,34.7512,0,0,1,0,102,0,0
0,5,0,1,1,1,1,126.8323,36.9901,0,0,1,0,14,0,0
0,5,2,0,0,0,1,126.8629,37.3123,0,0,1,0,2,0,0
1,5,5,0,0,1,3,126.9444,35.4343,1,0,1,0,131,0,0
1,5,8,1,1,0,6,127.7643,36.834,1,0,1,0,179,0,0
1,5,0,0,0,1,9,128.2929,35.3363,0,0,1,0,189,0,0
1,5,4,1,1,6,1,126.7767,35.254,0,0,1,0,146,0,0
0,5,0,1,2,6,1,127.3303,37.2877,0,0,1,0,9,0,0
0,5,0,0,0,0,1,126.902,37.2934,0,0,1,0,2,0,0
0,5,0,0,0,6,1,126.6799,36.0596,0,0,1,0,10,0,0
1,6,0,0,0,1,1,127.5976,35.2251,0,0,1,0,161,0,0
1,6,0,1,1,0,4,127.0578,37.5928,0,0,1,0,201,0,0
1,6,0,0,0,4,1,126.7837,37.8527,0,0,1,0,175,0,0
1,6,2,0,0,0,4,127.4277,36.3591,1,0,1,0,77,0,0
1,6,8,1,1,4,3,129.3438,35.5559,0,0,1,0,205,0,0
1,6,0,0,0,0,1,127.063,36.4366,0,0,1,0,19,0,0
0,6,5,0,0,0,1,126.6108,37.551,0,0,1,0,97,0,0
0,6,5,0,0,0,2,127.0651,37.6429,0,0,1,0,18,0,0
0,6,0,0,0,0,2,126.7073,34.9671,0,0,1,0,33,0,0
0,6,0,0,0,0,2,126.6742,37.4712,1,0,1,0,29,0,0
0,6,0,0,0,4,1,126.894,37.5594,0,0,1,0,159,0,0
0,0,0,1,2,0,1,127.3934,36.3671,0,0,0,0,4,0,0
1,0,0,1,1,3,9,127.0532,37.7048,1,0,0,0,64,0,0
1,0,0,0,0,0,5,127.0684,38.045,0,0,0,0,106,0,0
1,0,0,0,0,1,1,127.4758,35.0039,0,0,0,0,27,0,0
1,0,0,0,0,0,1,126.5468,36.6023,1,0,0,0,38,0,0
1,0,2,0,0,3,2,128.4835,36.8767,0,0,0,0,113,0,0
1,0,0,1,2,5,11,128.7878,35.0832,1,0,0,0,86,0,0
1,0,0,0,0,9,1,127.5952,35.5389,0,0,0,0,193,0,0
1,0,6,1,1,1,7,129.37,36.245,0,0,0,0,160,0,0
0,0,5,0,0,0,9,129.122,36.6856,0,0,0,0,128,0,0
0,0,0,0,0,0,5,128.0093,34.8738,0,0,0,0,197,0,0
0,0,0,0,0,4,1,128.8731,37.8024,0,0,0,0,194,0,0
0,0,0,0,0,4,6,128.4187,36.1428,0,0,0,0,144,0,0
0,1,6,1,1,0,9,127.1314,37.8055,0,0,0,0,171,0,0
0,1,0,1,2,0,2,126.7339,37.7347,0,0,0,0,175,0,0
0,1,0,0,0,1,2,127.2023,37.5316,1,0,0,0,67,0,0
1,1,0,0,0,2,1,126.5707,34.4332,0,0,0,0,119,0,0
1,1,5,0,0,1,9,127.3836,36.1912,0,0,0,0,68,0,0
1,1,5,0,0,0,3,127.6823,34.7358,0,0,0,0,102,0,0
1,1,0,2,4,6,1,126.965,35.7551,0,0,0,0,34,0,0
1,1,5,0,0,3,2,129.1626,36.4928,1,0,0,0,54,0,0
1,1,8,1,1,1,4,129.3398,35.9905,0,0,0,0,160,0,0
1,1,0,1,2,0,2,127.3164,35.5886,0,0,0,0,152,0,0
1,1,0,0,0,4,1,128.5864,37.4099,0,0,0,0,198,0,0
1,1,0,0,0,0,1,128.7002,35.1259,0,0,0,0,86,0,0
1,2,0,1,1,2,2,127.7341,37.8514,1,0,0,0,111,0,0
1,2,0,0,0,4,1,127.5143,36.6576,0,0,0,0,83,0,0
1,2,5,0,0,1,3,127.6872,36.9099,0,0,0,0,110,0,0
1,2,5,0,0,0,3,126.6482,36.6054,1,0,0,0,38,0,0
0,3,0,0,0,0,3,126.8432,37.6689,0,0,0,0,40,0,0
1,3,0,0,0,6,1,129.4264,35.4916,0,0,0,0,225,0,0
1,3,6,1,1,0,4,126.4658,34.8087,0,0,0,0,101,0,0
0,3,0,0,0,0,1,129.0102,35.1096,0,0,0,0,226,0,0
0,4,0,0,0,1,1,126.7748,37.3542,0,0,0,0,73,0,0
1,4,0,1,1,1,2,128.6168,36.8252,1,0,0,0,113,0,0
1,4,7,1,1,2,7,129.3343,35.7711,0,0,0,0,100,0,0
1,4,6,1,1,0,6,128.3059,36.2487,0,0,0,0,144,0,0
1,4,0,0,0,2,8,128.7571,36.7953,0,0,0,0,66,0,0
0,4,0,0,0,0,1,128.3875,35.9955,0,0,0,0,21,0,0
0,5,6,1,1,0,4,127.0576,37.576,0,0,1,0,201,0,0
1,5,0,0,0,0,8,128.6476,35.6399,0,0,1,0,3,0,0
1,5,5,0,0,6,6,126.9811,35.6939,0,0,1,0,12,0,0
1,5,0,0,0,0,1,126.3997,34.7358,0,0,1,0,16,0,0
0,5,0,0,0,6,3,127.9162,35.6814,0,0,1,0,154,0,0
0,5,0,1,2,4,1,126.9987,37.8029,0,0,1,0,59,0,0
0,5,0,0,0,0,2,127.4328,36.5233,0,0,1,0,83,0,0
0,6,0,0,0,0,1,128.9527,37.1314,0,0,1,0,215,0,0
1,6,0,1,1,0,2,127.0814,36.1982,1,0,1,0,61,0,0
1,6,0,1,1,0,2,126.6562,36.6895,1,0,1,0,187,0,0
1,6,0,2,4,0,3,128.7785,37.2403,0,0,1,0,198,0,0
1,6,0,1,1,0,2,127.8827,36.9924,0,0,1,0,6,0,0
1,6,0,0,0,0,1,127.1229,35.7648,0,0,1,0,11,0,0
0,6,0,1,2,0,3,126.9317,35.952,0,0,1,0,125,0,0
1,0,0,0,0,0,4,128.4542,37.5295,0,0,0,0,24,0,0
1,0,0,1,1,1,3,127.6888,36.9136,0,0,0,0,110,0,0
1,0,6,0,0,0,4,128.4411,34.8601,0,0,0,0,212,0,0
1,0,5,2,4,1,3,128.2459,35.7924,1,0,0,0,168,0,0
0,0,5,0,0,0,2,127.0716,37.0224,1,0,0,0,14,0,0
0,1,0,0,0,0,3,126.7869,37.3588,0,0,0,0,73,0,0
1,1,0,2,4,0,5,127.0571,37.5772,0,0,0,0,201,0,0
1,1,0,0,0,1,8,127.9936,36.2164,0,0,0,0,75,0,0
0,1,10,0,0,0,4,126.9556,35.2458,0,0,0,0,181,0,0
0,1,6,1,1,4,6,127.7288,37.883,0,0,0,0,111,0,0
0,2,5,0,0,1,3,128.1695,36.4723,0,0,0,0,58,0,0
0,2,6,1,1,0,4,126.65,37.465,0,0,0,0,29,0,0
0,2,5,0,0,0,2,126.8812,36.8416,0,0,0,0,53,0,0
1,2,5,1,2,1,2,127.6593,34.761,0,0,0,0,102,0,0
1,2,0,0,0,0,7,128.5018,35.8187,0,0,0,0,20,0,0
1,2,5,0,0,7,4,126.7532,35.3076,0,0,0,0,146,0,0
1,2,5,1,2,0,3,127.6079,37.1302,0,0,0,0,41,0,0
1,2,0,0,0,5,1,129.0658,35.1291,0,0,0,0,209,0,0
1,2,0,1,1,0,7,126.2045,33.2676,0,0,0,0,62,0,0
1,2,5,0,0,0,2,127.3254,37.9813,1,0,0,0,171,0,0
1,2,0,0,0,1,1,127.1939,37.6035,0,0,0,0,70,0,0
0,2,0,0,0,0,2,127.1314,37.8052,0,0,0,0,171,0,0
0,2,6,1,1,6,2,127.1921,37.8483,0,0,0,0,171,0,0
0,3,0,0,0,0,3,126.9045,37.1286,0,0,0,0,50,0,0
1,3,0,0,0,1,1,127.5915,37.2312,0,0,0,0,22,0,0
1,3,0,0,0,3,4,126.9358,37.6006,0,0,0,0,139,0,0
1,3,0,2,4,9,1,126.1282,34.8652,0,0,0,0,132,0,0
1,3,0,0,0,1,1,128.9958,36.9764,0,0,0,0,149,0,0
1,3,5,1,1,7,2,127.0641,37.6282,0,0,0,0,18,0,0
0,3,0,1,2,0,1,126.8766,37.5858,1,0,0,0,40,0,0
0,3,0,0,0,4,1,129.3246,35.3954,0,0,0,0,17,0,0
0,3,6,1,1,0,2,129.1219,37.4896,1,0,0,0,210,0,0
0,3,0,0,0,0,1,126.606,34.5655,0,0,0,0,119,0,0
0,4,0,0,0,0,9,126.4877,33.2504,0,0,0,0,62,0,0
1,4,6,1,1,3,3,126.6661,37.3762,0,0,0,0,35,0,0
1,4,0,1,2,2,6,126.9423,37.347,1,0,0,0,126,0,0
1,4,7,1,1,3,4,128.8222,35.398,0,0,0,0,177,0,0
1,4,0,0,0,4,4,126.9584,38.0235,0,0,0,0,106,0,0
0,4,0,0,0,0,8,127.3113,36.5648,0,1,0,0,229,0,0
0,5,0,0,0,0,1,126.7118,34.9491,1,0,1,0,33,0,0
0,5,0,0,0,4,1,129.0288,35.2126,0,0,1,0,118,0,0
0,5,0,0,0,1,3,128.1609,36.6055,0,0,1,0,74,0,0
1,5,9,1,1,7,2,127.13,35.8068,0,0,1,0,11,0,0
1,5,0,1,2,0,1,126.5229,34.5043,0,0,1,0,119,0,0
1,5,0,0,0,3,9,127.1362,38.0196,0,0,1,0,106,0,0
1,5,0,2,4,4,1,127.0499,35.778,0,0,1,0,34,0,0
0,5,6,1,1,2,3,126.5537,36.1548,0,0,1,0,10,0,0
0,5,0,0,0,2,5,127.066,38.0204,0,0,1,0,106,0,0
0,5,0,0,0,0,1,129.2921,36.0242,0,0,1,0,160,0,0
0,5,0,2,4,0,1,128.6842,35.359,0,0,1,0,86,0,0
1,6,8,1,1,0,3,126.9867,36.023,1,0,1,0,125,0,0
1,6,4,0,0,1,7,127.409,35.4237,0,0,1,0,193,0,0
0,0,0,0,0,0,1,126.963,37.5728,0,0,0,0,195,0,0
1,0,0,1,1,1,2,127.32,37.5441,0,0,0,0,48,0,0
1,0,3,1,2,1,2,126.9128,36.9504,2,0,0,0,14,0,0
1,0,0,0,0,0,2,126.7833,35.7052,0,0,0,0,185,0,0
1,0,0,0,0,4,1,128.4455,37.0382,0,0,0,0,204,0,0
1,0,0,0,0,0,1,126.7764,35.3882,0,0,0,0,146,0,0
0,0,0,0,0,0,1,127.3606,36.6239,0,0,0,0,83,0,0
0,0,0,0,0,0,1,127.1082,36.4095,0,0,0,0,19,0,0
0,0,0,0,0,0,1,126.6405,37.5876,0,0,0,0,97,0,0
0,1,0,0,0,0,3,128.619,35.9163,0,0,0,0,112,0,0
0,1,0,0,0,4,2,126.8747,37.4767,0,0,0,0,81,0,0
0,1,0,0,0,1,1,127.1037,37.365,0,0,0,0,95,0,0
1,1,6,1,1,1,6,127.548,36.9058,1,0,0,0,110,0,0
0,1,6,1,1,0,2,126.4178,34.7577,1,0,0,0,16,0,0
0,2,0,1,2,0,1,127.1095,36.4709,0,0,0,0,19,0,0
1,2,0,0,0,1,1,126.638,36.224,0,0,0,0,136,0,0
1,2,5,0,0,0,3,126.8189,36.6578,0,0,0,0,187,0,0
1,2,7,1,1,4,2,127.5562,36.0643,0,0,0,0,68,0,0
1,2,5,0,0,1,3,127.6477,37.9836,1,0,0,0,111,0,0
0,2,0,0,0,0,1,127.1701,37.5554,0,0,0,0,91,0,0
0,2,0,0,0,0,3,127.4879,34.918,0,0,0,0,27,0,0
0,2,6,1,1,0,4,129.3461,35.5692,0,0,0,0,205,0,0
0,3,0,0,0,0,1,127.1235,35.8076,0,0,0,0,11,0,0
1,3,5,0,0,4,2,129.278,35.8548,1,0,0,0,100,0,0
1,3,5,0,0,1,2,127.5158,37.8218,0,0,0,0,176,0,0
1,3,0,1,2,1,1,129.4621,36.7446,0,0,0,0,208,0,0
0,4,0,0,0,0,1,127.018,37.5194,0,0,0,0,214,0,0
0,4,0,0,0,0,1,127.5752,37.4846,0,0,0,0,48,0,0
1,4,0,2,4,0,2,127.1245,37.553,0,0,0,0,91,0,0
1,4,0,1,1,5,8,126.8069,34.4137,0,0,0,0,141,0,0
1,4,5,0,0,1,4,126.2155,33.2902,0,0,0,0,90,0,0
0,4,0,0,0,4,1,127.0373,37.4598,0,0,0,0,214,0,0
0,4,6,1,1,0,4,128.5466,35.9121,0,0,0,0,112,0,0
0,4,0,0,0,1,3,127.2292,35.8545,0,0,0,0,28,0,0
0,5,6,1,1,6,4,128.7275,35.8343,1,0,1,0,52,0,0
0,5,6,1,1,4,2,127.0439,37.6514,0,0,1,0,98,0,0
1,5,6,1,1,4,2,127.4999,36.1025,0,0,1,0,68,0,0
1,5,0,0,0,4,1,127.5144,37.1018,0,0,1,0,23,0,0
1,5,0,0,0,4,1,127.0964,36.793,0,0,1,0,53,0,0
1,5,2,1,1,0,6,126.6194,36.9707,2,0,1,0,46,0,0
0,5,0,0,0,1,1,126.8143,36.7754,0,0,1,0,46,0,0
0,5,0,0,0,1,4,126.2251,34.5288,0,0,1,0,71,0,0
0,6,5,0,0,0,2,126.759,37.7085,1,0,1,0,175,0,0
0,6,0,1,1,0,2,128.9131,37.7523,0,0,1,0,194,0,0
1,6,5,0,0,0,2,126.8096,37.6316,1,0,1,0,40,0,0
1,6,6,1,1,0,2,127.4426,36.61,1,0,1,0,83,0,0
1,6,5,1,2,0,2,129.059,35.1717,1,0,1,0,163,0,0
1,6,0,0,0,0,1,127.7147,34.7786,1,0,1,0,102,0,0
1,6,0,0,0,0,1,129.3196,35.6792,0,0,1,0,100,0,0
0,6,0,0,0,0,3,126.8107,37.8243,0,0,1,0,175,0,0
0,6,0,0,0,0,1,126.6885,35.4193,0,0,1,0,219,0,0
0,6,0,0,0,4,1,127.5861,37.1064,0,0,1,0,41,0,0
0,0,2,0,0,0,2,127.4173,36.453,1,0,0,0,77,0,0
1,0,0,2,4,0,1,128.3208,35.9138,0,0,0,0,168,0,0
1,0,0,0,0,0,1,127.3558,38.0072,0,0,0,0,171,0,0
1,0,0,1,2,0,7,126.9015,37.4828,0,0,0,0,79,0,0
1,0,3,0,0,2,7,127.0767,37.565,0,0,0,0,183,0,0
1,0,5,0,0,0,3,126.6749,34.4546,0,0,0,0,119,0,0
1,0,0,0,0,3,1,128.2782,37.586,0,0,0,0,31,0,0
0,0,0,0,0,7,1,127.0051,37.2884,0,0,0,0,99,0,0
1,1,0,0,0,0,1,128.1886,36.4453,0,0,0,0,58,0,0
1,1,3,0,0,0,8,129.3546,35.3581,0,0,0,0,17,0,0
1,1,0,0,0,0,1,127.5423,38.2746,0,0,0,0,184,0,0
1,1,3,1,2,1,2,128.2853,34.9791,0,0,0,0,87,0,0
1,1,0,0,0,1,11,126.8724,37.4489,0,0,0,0,81,0,0
0,1,0,0,0,0,3,126.7391,34.7846,0,0,0,0,16,0,0
0,1,6,1,1,4,2,126.7761,37.5036,0,0,0,0,65,0,0
0,1,5,0,0,1,3,128.1502,36.3982,0,0,0,0,58,0,0
0,1,0,0,0,1,3,128.7763,35.2291,0,0,0,0,13,0,0
0,1,0,0,0,0,1,127.424,36.6991,0,0,0,0,83,0,0
1,2,6,0,0,0,4,128.5544,35.8567,0,0,0,0,107,0,0
1,2,5,0,0,4,3,128.1567,37.9444,0,0,0,0,124,0,0
0,3,0,0,0,0,1,127.1311,36.7325,0,0,0,0,63,0,0
1,3,0,0,0,6,9,126.8,37.0404,0,0,0,0,50,0,0
1,3,4,0,0,2,5,127.9353,37.3975,1,0,0,0,36,0,0
1,3,3,1,2,1,3,127.3624,37.0439,0,0,0,0,23,0,0
1,3,0,2,4,4,1,127.4689,35.4526,0,0,0,0,193,0,0
1,3,5,0,0,1,2,129.0632,36.4143,0,0,0,0,203,0,0
1,3,0,0,0,0,1,127.1513,36.4406,1,0,0,0,19,0,0
1,3,9,1,1,7,2,126.7156,35.9595,0,0,0,0,166,0,0
0,4,6,1,1,4,2,127.134,37.4983,0,0,0,0,156,0,0
0,4,0,0,0,0,3,127.3117,36.3023,0,0,0,0,4,0,0
1,4,0,0,0,8,2,126.9939,37.5213,0,0,0,0,134,0,0
1,4,8,1,1,4,3,126.7933,35.5166,0,0,0,0,12,0,0
1,4,8,1,1,1,4,126.7322,35.9767,0,0,0,0,166,0,0
0,4,0,0,0,6,1,128.0502,36.143,0,0,0,0,76,0,0
0,4,5,0,0,1,6,126.7296,37.4888,0,0,0,0,44,0,0
0,5,8,1,1,4,2,129.4132,35.4869,0,0,1,0,225,0,0
0,5,5,0,0,4,2,128.9779,35.0927,0,0,1,0,25,0,0
0,5,0,0,0,0,1,129.2078,35.2069,1,0,1,0,85,0,0
0,5,0,0,0,0,1,128.616,35.81,0,0,1,0,37,0,0
1,5,8,1,1,0,2,128.0732,37.4511,1,0,1,0,31,0,0
1,5,0,2,4,7,5,128.6137,35.868,0,0,1,0,178,0,0
0,5,5,0,0,0,2,127.3849,36.3152,1,0,1,0,4,0,0
0,6,0,0,0,1,1,128.0477,36.8369,0,0,1,0,6,0,0
1,6,0,1,1,6,6,126.828,37.3213,0,0,1,0,2,0,0
1,6,0,1,1,9,4,128.5642,36.8489,0,0,1,0,113,0,0
1,6,0,0,0,7,1,127.3527,37.604,0,0,1,0,48,0,0
0,6,0,0,0,6,1,128.5427,38.203,0,0,1,0,104,0,0
0,6,0,0,0,1,1,126.8065,35.9139,0,0,1,0,166,0,0
0,6,5,0,0,4,2,126.721,36.4292,0,0,1,0,174,0,0
0,6,7,1,1,4,3,127.0183,37.2819,0,0,1,0,99,0,0
1,0,0,2,4,0,5,127.1303,36.7908,0,0,0,0,63,0,0
0,0,2,0,0,0,2,127.7758,37.9253,0,0,0,0,111,0,0
1,1,0,0,0,0,6,129.0298,35.2107,2,0,0,0,118,0,0
1,1,6,1,1,0,7,127.2088,35.9815,0,0,0,0,28,0,0
1,1,5,0,0,4,3,127.8151,35.783,0,0,0,0,154,0,0
1,1,0,0,0,2,6,126.8754,37.5542,2,0,0,0,140,0,0
1,1,4,0,0,0,5,128.5029,35.8011,0,0,0,0,30,0,0
0,1,0,1,1,0,11,129.0788,35.1209,0,0,0,0,180,0,0
0,2,0,0,0,0,1,128.4138,36.1372,0,0,0,0,144,0,0
0,2,0,0,0,1,1,129.0813,36.5547,0,0,0,0,128,0,0
1,2,0,0,0,1,3,126.735,36.6268,0,0,0,0,38,0,0
1,2,0,0,0,1,1,126.3929,36.7178,0,0,0,0,69,0,0
1,2,0,0,0,0,1,127.1223,37.6522,0,0,0,0,70,0,0
1,2,0,1,2,0,6,127.0988,35.8251,1,0,0,0,11,0,0
0,2,0,0,0,0,1,127.344,34.8357,0,0,0,0,122,0,0
0,2,0,1,1,1,4,128.801,35.3261,0,0,0,0,13,0,0