주야,요일,법규위반,도로형태_대분류,도로형태,당사자종별_1당_대분류,당사자종별_2당_대분류,경도,위도,사고피해정도,도시여부,주말/공휴일,인구수,발생지번호,보행자의위치,무단횡단여부
0,2,0,0,0,6,3,128.9942,37.1467,0,0,0,0,215,0,0
0,2,5,0,0,1,3,128.3423,36.2758,0,0,0,0,144,0,0
0,2,0,1,2,2,5,126.439,34.8034,0,0,0,0,153,0,0
1,3,0,1,1,0,1,126.3744,37.4663,0,0,0,0,72,0,0
1,3,3,0,0,1,3,127.6114,37.2066,1,0,0,0,22,0,0
1,3,0,0,0,0,1,127.2644,36.3448,0,0,0,0,19,0,0
1,3,9,1,1,7,2,128.834,35.9193,0,0,0,0,52,0,0
1,3,7,1,1,0,4,126.9076,35.1699,0,0,0,0,137,0,0
0,3,6,1,1,0,6,127.7024,37.8162,1,0,0,0,111,0,0
0,3,6,1,1,0,2,127.1252,35.9554,1,0,0,0,28,0,0
1,4,3,2,4,0,3,128.4215,36.9066,0,0,0,0,204,0,0
1,4,5,1,2,1,7,126.4462,35.1253,0,0,0,0,157,0,0
1,4,0,1,1,0,1,128.2503,35.4387,0,0,0,0,189,0,0
1,4,3,1,1,6,6,126.8268,35.2195,0,0,0,0,135,0,0
1,4,0,1,2,9,1,129.3902,36.5685,0,0,0,0,54,0,0
1,4,0,0,0,0,2,128.2911,37.5321,2,0,0,0,31,0,0
1,4,0,0,0,0,1,126.8511,36.5443,1,0,0,0,174,0,0
0,4,0,0,0,0,1,127.0241,38.0316,0,0,0,0,106,0,0
0,5,0,0,0,4,1,127.0492,37.4842,0,0,1,0,89,0,0
1,5,5,0,0,1,7,128.0507,34.9287,0,0,1,0,57,0,0
1,5,6,1,1,6,7,127.1202,37.3317,0,0,1,0,51,0,0
1,5,5,0,0,0,3,127.2812,36.4266,0,1,1,0,229,0,0
1,5,0,0,0,0,1,127.9123,35.13,0,0,1,0,57,0,0
0,5,0,1,1,0,1,126.9216,36.0636,0,0,1,0,125,0,0
0,5,0,1,2,1,3,126.7348,37.3686,0,0,1,0,73,0,0
0,6,0,1,2,0,3,127.4724,37.2633,0,0,1,0,41,0,0
0,6,0,0,0,0,1,126.7399,35.0913,0,0,1,0,33,0,0
0,6,0,0,0,0,1,127.8869,37.1126,1,0,1,0,6,0,0
1,6,0,0,0,1,6,128.8198,35.1878,2,0,1,0,13,0,0
1,6,0,0,0,1,1,128.812,35.8763,0,0,1,0,52,0,0
1,6,0,0,0,6,1,129.2614,35.8474,0,0,1,0,100,0,0
1,6,5,0,0,0,2,127.5844,34.7862,1,0,1,0,102,0,0
0,6,0,0,0,0,2,128.6251,35.8467,1,0,1,0,37,0,0
0,0,0,2,4,1,3,127.2952,37.8698,0,0,0,0,176,0,0
1,0,8,1,1,0,3,129.4044,35.9761,0,0,0,0,160,0,0
1,0,5,0,0,0,2,127.0751,35.275,0,0,0,0,181,0,0
1,0,0,0,0,0,1,128.0122,38.1674,0,0,0,0,115,0,0
1,0,0,1,2,9,1,126.5146,36.8277,0,0,0,0,69,0,0
0,0,0,0,0,0,3,127.9691,35.2789,0,0,0,0,224,0,0
0,1,0,0,0,4,6,127.097,37.5475,0,0,1,0,183,0,0
1,1,0,0,0,1,1,128.2867,35.5578,1,0,1,0,133,0,0
1,1,2,0,0,1,7,127.3543,35.7315,0,0,1,0,192,0,0
1,1,6,1,1,3,7,127.2076,35.9772,0,0,1,0,28,0,0
1,1,0,0,0,0,5,128.8162,35.1976,0,0,1,0,13,0,0
0,1,0,0,0,0,5,127.3371,36.3322,0,0,1,0,148,0,0
0,1,0,0,0,1,8,126.9161,36.9376,0,0,1,0,14,0,0
0,2,5,0,0,7,2,126.8836,35.1625,0,0,0,0,222,0,0
1,2,7,1,1,0,7,127.2599,36.7806,0,0,0,0,63,0,0
1,2,6,1,1,0,11,127.1529,37.6718,0,0,0,0,70,0,0
1,2,5,0,0,0,3,126.8812,37.113,0,0,0,0,50,0,0
1,2,0,0,0,9,1,127.6771,35.8491,0,0,0,0,182,0,0
1,2,0,1,2,1,8,128.0314,37.4393,0,0,0,0,36,0,0
0,2,0,0,0,0,1,126.6641,33.4943,0,0,0,0,90,0,0
0,2,6,1,1,4,5,127.0009,37.6079,0,0,0,0,167,0,0
0,2,0,0,0,0,1,126.8484,37.3034,1,0,0,0,2,0,0
0,3,0,0,0,2,1,126.5589,36.6963,1,0,0,0,69,0,0
1,3,0,1,1,1,2,127.1323,36.9486,1,0,0,0,63,0,0
1,3,0,0,0,1,2,126.6225,34.6359,1,0,0,0,119,0,0
1,3,0,0,0,4,1,128.043,35.0432,0,0,0,0,57,0,0
0,3,5,0,0,5,2,128.3266,35.8383,1,0,0,0,168,0,0
0,3,0,0,0,4,1,126.5837,34.8608,0,0,0,0,16,0,0
0,3,7,0,0,6,3,128.2044,36.5528,0,0,0,0,58,0,0
1,4,3,0,0,6,2,127.0353,37.5965,0,0,0,0,167,0,0
1,4,10,0,0,7,2,126.8663,35.5634,0,0,0,0,12,0,0
1,4,0,1,2,9,1,128.1687,36.9073,0,0,0,0,103,0,0
1,4,6,0,0,7,6,128.5467,35.9038,0,0,0,0,112,0,0
0,4,9,1,1,7,2,126.8054,37.2997,0,0,0,0,2,0,0
0,5,0,0,0,2,1,127.4736,34.8886,0,0,1,0,27,0,0
1,5,7,1,1,1,4,127.374,37.1655,0,0,1,0,51,0,0
1,5,0,0,0,2,1,128.6253,35.4289,2,0,1,0,211,0,0
1,5,5,0,0,4,2,129.0318,36.08,0,0,1,0,5,0,0
1,5,0,0,0,0,1,127.0942,37.5805,0,0,1,0,196,0,0
0,5,2,0,0,4,1,128.5878,38.0703,0,0,1,0,164,0,0
0,5,0,0,0,0,1,128.2183,34.8466,0,0,1,0,212,0,0
0,5,0,0,0,4,1,127.2202,37.8677,0,0,1,0,171,0,0
0,6,0,0,0,0,1,127.1392,35.812,0,0,1,0,11,0,0
0,6,0,1,1,1,3,129.3594,36.2275,0,0,1,0,160,0,0
0,6,0,0,0,0,1,126.8563,37.3798,0,0,1,0,73,0,0
1,6,0,0,0,7,1,127.0625,37.6153,0,0,1,0,18,0,0
0,6,0,1,2,0,4,128.5248,35.8142,0,0,1,0,20,0,0
0,0,0,0,0,0,1,126.9319,35.9137,0,0,0,0,125,0,0
1,0,6,1,1,3,2,127.6892,34.9394,0,0,0,0,130,0,0
1,0,0,1,1,0,2,126.9242,35.1519,0,0,0,0,162,0,0
1,0,0,0,0,1,3,128.2476,37.5142,0,0,0,0,31,0,0
1,0,7,1,1,0,3,126.758,36.8037,0,0,0,0,46,0,0
0,0,0,0,0,0,1,126.2996,33.4442,0,0,0,0,90,0,0
0,0,0,0,0,1,6,126.6369,37.6739,0,0,0,0,47,0,0
0,1,0,0,0,1,1,126.9222,37.5435,0,0,0,0,159,0,0
0,1,0,0,0,0,1,126.8223,37.1953,0,0,0,0,50,0,0
1,1,5,0,0,0,2,126.8825,35.1744,1,0,0,0,137,0,0
1,1,0,0,0,4,1,128.9588,35.1144,0,0,0,0,25,0,0
1,1,6,1,1,3,6,127.0361,35.8242,1,0,0,0,28,0,0
1,1,7,1,1,1,4,127.0891,36.201,0,0,0,0,61,0,0
0,1,0,0,0,1,1,126.7863,34.6708,0,0,0,0,121,0,0
1,2,0,0,0,0,1,126.6028,36.3351,0,0,0,0,136,0,0
1,2,2,1,1,0,4,127.3296,34.8375,0,0,0,0,122,0,0
0,2,0,0,0,7,1,126.6288,34.5018,0,0,0,0,119,0,0
0,2,4,0,0,6,1,127.163,36.2246,0,0,0,0,61,0,0
0,2,0,0,0,1,1,129.0321,36.2727,0,0,0,0,203,0,0
0,2,0,0,0,0,5,127.1757,35.8296,0,0,0,0,11,0,0
0,3,6,1,1,0,2,127.458,36.7376,0,0,0,0,83,0,0
1,3,0,1,1,0,5,127.4954,36.6217,0,0,0,0,83,0,0
1,3,7,1,1,6,6,127.5144,34.9449,0,0,0,0,27,0,0
0,3,0,0,0,7,1,127.0715,37.0226,0,0,0,0,14,0,0
0,3,6,1,1,2,4,126.7879,37.6431,0,0,0,0,40,0,0
0,3,0,1,1,0,2,128.4106,36.0833,1,0,0,0,21,0,0
1,4,0,1,1,1,3,127.9302,37.0519,0,0,0,0,6,0,0
1,4,8,1,1,0,4,126.763,36.7201,0,0,0,0,187,0,0
1,4,0,0,0,0,1,127.4282,35.7546,1,0,0,0,192,0,0
1,4,10,0,0,0,4,128.9334,35.112,0,0,0,0,206,0,0
1,4,0,0,0,0,5,128.3945,35.9824,0,0,0,0,21,0,0
0,4,0,0,0,0,1,129.3688,35.9372,0,0,0,0,160,0,0
0,4,0,0,0,0,2,127.5538,36.0574,1,0,0,0,68,0,0
0,4,7,1,1,0,4,127.4783,36.6155,0,0,0,0,83,0,0
0,5,0,1,1,1,2,128.4535,35.7298,1,0,1,0,30,0,0
0,5,6,1,1,4,2,127.0706,37.2097,1,0,1,0,50,0,0
0,5,5,0,0,0,2,126.9195,37.1317,0,0,1,0,50,0,0
0,5,0,0,0,0,1,128.5299,36.0441,0,0,1,0,21,0,0
1,5,5,0,0,6,2,128.3526,36.1232,0,0,1,0,144,0,0
1,5,0,0,0,0,1,126.3861,33.4887,0,0,1,0,90,0,0
1,5,7,1,1,1,3,126.7895,35.1957,1,0,1,0,135,0,0
1,5,9,1,1,6,2,127.4584,37.2598,0,0,1,0,41,0,0
1,5,0,0,0,6,1,127.094,37.5842,0,0,1,0,196,0,0
1,5,5,0,0,4,3,126.611,37.0104,0,0,1,0,46,0,0
0,5,0,1,1,0,2,127.0352,37.7328,1,0,1,0,64,0,0
0,5,8,1,1,1,7,127.3079,37.9093,0,0,1,0,171,0,0
0,5,0,0,0,0,1,129.3721,37.0791,0,0,1,0,208,0,0
0,5,0,0,0,1,1,129.2344,36.0602,0,0,1,0,160,0,0
1,6,5,0,0,0,9,128.4296,34.8702,0,0,1,0,212,0,0
1,6,0,1,1,0,11,127.2644,36.9814,0,0,1,0,23,0,0
1,6,0,0,0,1,3,126.1485,34.4233,0,0,1,0,71,0,0
1,6,0,0,0,7,1,127.6942,36.3956,0,0,1,0,142,0,0
0,6,0,1,1,2,7,126.7906,37.3131,0,0,1,0,2,0,0
0,6,0,0,0,0,2,128.0569,34.9846,1,0,1,0,57,0,0
0,6,0,0,0,0,1,129.5195,35.8825,0,0,1,0,160,0,0
0,6,0,0,0,0,1,128.0379,36.7468,0,0,1,0,74,0,0
1,0,5,1,2,0,2,126.4771,34.7468,1,0,0,0,16,0,0
0,0,5,0,0,1,2,128.4096,35.7036,0,0,0,0,220,0,0
0,0,0,0,0,1,5,126.8754,35.8053,0,0,0,0,34,0,0
0,0,0,0,0,4,1,128.0956,36.1178,0,0,0,0,76,0,0
0,1,0,0,0,0,2,128.6087,35.8626,0,0,0,0,178,0,0
1,1,0,0,0,0,1,127.4605,38.1663,0,0,0,0,184,0,0
1,1,7,1,1,0,2,126.9913,37.7948,1,0,0,0,59,0,0
1,1,5,0,0,4,2,128.7204,35.5265,0,0,0,0,177,0,0
0,1,0,1,1,0,1,126.7737,37.3562,0,0,0,0,73,0,0
0,2,0,0,0,1,1,126.3543,35.2296,0,0,0,0,127,0,0
1,2,0,0,0,1,9,126.9834,36.6537,1,0,0,0,53,0,0
1,2,0,0,0,0,7,128.3511,35.7477,0,0,0,0,220,0,0
1,2,7,1,1,1,5,129.1849,35.5537,0,0,0,0,17,0,0
1,2,0,1,2,0,1,127.2229,37.9383,0,0,0,0,171,0,0
1,2,0,1,2,1,6,126.7672,35.7306,0,0,0,0,185,0,0
0,2,8,1,1,0,2,127.0561,37.0633,0,0,0,0,14,0,0
0,2,6,1,1,2,4,127.6357,34.7608,1,0,0,0,102,0,0
0,2,8,1,1,0,7,127.7754,34.6603,0,0,0,0,102,0,0
0,2,0,0,0,1,3,128.2303,36.3494,0,0,0,0,58,0,0
0,3,0,0,0,1,1,128.9038,35.089,0,0,0,0,206,0,0
0,3,0,0,0,4,1,127.1376,37.465,0,0,0,0,95,0,0
0,3,0,0,0,0,1,126.7537,37.6423,0,0,0,0,40,0,0
0,3,0,0,0,1,5,126.6906,36.0351,0,0,0,0,10,0,0
1,3,6,0,3,2,5,129.0674,35.1751,0,0,0,0,163,0,0
1,3,5,0,0,0,2,126.677,37.6538,0,0,0,0,47,0,0
1,3,6,1,1,1,4,127.7591,37.8386,0,0,0,0,111,0,0
1,3,0,0,3,7,2,126.889,37.5024,0,0,0,0,79,0,0
1,3,0,0,0,4,1,127.0953,37.6264,0,0,0,0,18,0,0
1,3,9,1,2,7,3,128.6374,35.9437,0,0,0,0,26,0,0
0,3,0,1,2,2,5,127.1806,37.617,0,0,0,0,70,0,0
1,4,8,1,1,6,3,128.0372,35.7034,0,0,0,0,154,0,0
1,4,0,1,1,1,1,127.0726,35.9105,0,0,0,0,28,0,0
1,4,9,0,3,7,2,126.5392,33.5063,0,0,0,0,90,0,0
1,4,7,1,1,4,2,127.4,37.3008,0,0,0,0,41,0,0
0,4,0,0,0,9,1,126.9083,36.8111,0,0,0,0,53,0,0
1,5,0,0,0,3,4,126.7923,37.8133,0,0,1,0,175,0,0
1,5,0,0,0,0,8,126.9287,35.9369,0,0,1,0,125,0,0
1,5,0,0,0,0,2,127.1747,36.9644,0,0,1,0,63,0,0
1,5,0,1,1,4,2,129.0358,35.7576,0,0,1,0,100,0,0
1,5,0,2,4,0,1,128.1723,35.8818,0,0,1,0,168,0,0
1,5,0,1,2,6,1,126.8179,37.342,0,0,1,0,2,0,0
1,5,2,1,1,0,2,128.1145,35.2023,0,0,1,0,42,0,0
0,6,5,1,1,2,4,127.0525,37.6261,0,0,1,0,18,0,0
1,6,5,0,0,6,2,128.2202,35.1187,0,0,1,0,42,0,0
1,6,8,1,1,0,2,128.4542,38.0774,1,0,1,0,164,0,0
1,6,0,0,0,4,1,126.6021,33.3241,0,0,1,0,62,0,0
1,6,6,1,1,0,2,126.8712,35.2123,1,0,1,0,137,0,0
0,6,5,0,0,0,2,128.5666,36.9121,1,0,1,0,113,0,0
0,6,4,0,0,0,1,127.2357,36.7686,0,0,1,0,63,0,0
0,0,0,0,0,0,4,127.3851,36.3225,0,0,1,0,4,0,0
0,0,6,1,1,4,2,127.3952,36.3577,0,0,1,0,4,0,0
0,0,0,0,0,4,1,128.6078,38.1681,1,0,1,0,104,0,0
1,0,0,0,0,0,6,127.6911,35.4826,0,0,1,0,108,0,0
0,0,5,0,0,0,2,126.9351,37.5542,0,0,1,0,159,0,0
0,0,0,1,2,1,1,128.7875,36.0457,0,0,1,0,5,0,0
0,0,0,0,0,6,1,127.3814,36.3743,0,0,1,0,148,0,0
0,1,10,0,0,0,3,127.1217,36.7863,0,0,0,0,63,0,0
0,1,6,1,1,0,8,127.6147,36.8302,0,0,0,0,138,0,0
0,1,0,0,0,0,1,128.084,36.1248,0,0,0,0,76,0,0
1,1,0,0,0,1,3,126.8253,33.5355,1,0,0,0,90,0,0
1,1,0,0,0,4,9,129.0349,35.0981,0,0,0,0,228,0,0
1,1,9,0,0,1,7,127.0204,37.7875,0,0,0,0,59,0,0
1,1,5,0,0,0,6,128.5096,35.4587,0,0,0,0,211,0,0
1,1,5,0,0,0,3,127.203,35.0869,1,0,0,0,27,0,0
1,1,5,0,0,4,3,126.7493,35.6171,0,0,0,0,12,0,0
0,1,0,0,0,9,1,128.1221,36.1665,0,0,0,0,76,0,0
0,1,0,0,0,0,5,127.0526,37.7663,0,0,0,0,59,0,0
0,1,3,0,0,0,2,128.6196,34.8911,0,0,0,0,15,0,0
0,1,0,0,0,1,5,128.5903,35.9135,0,0,0,0,112,0,0
0,1,0,0,0,1,5,127.0064,36.004,0,0,0,0,125,0,0
0,1,6,1,1,4,4,126.9444,37.5052,0,0,0,0,93,0,0
0,1,5,0,0,1,6,126.8231,37.4099,0,0,0,0,73,0,0
0,2,5,0,0,0,2,126.668,35.0103,0,0,0,0,33,0,0
0,2,0,0,0,4,1,128.6174,35.898,0,0,0,0,112,0,0
1,2,0,0,0,9,1,127.713,36.0199,0,0,0,0,182,0,0
1,2,0,0,0,0,1,127.6348,35.1758,0,0,0,0,172,0,0
1,2,0,0,0,0,1,126.6676,34.4701,0,0,0,0,119,0,0
1,2,0,0,0,6,1,126.8777,37.5166,0,0,0,0,140,0,0
1,2,8,1,1,1,4,127.1146,37.003,0,0,0,0,14,0,0
1,2,5,1,2,0,9,126.2875,36.6936,1,0,0,0,169,0,0
1,2,5,0,0,6,3,128.7093,35.3515,0,0,0,0,86,0,0
1,2,7,1,1,0,5,127.0415,37.7359,0,0,0,0,64,0,0
0,2,5,0,0,2,3,127.4736,36.1226,2,0,0,0,68,0,0
0,2,6,1,1,0,5,126.9777,37.8971,0,0,0,0,59,0,0
0,3,0,0,0,4,1,128.5376,35.8193,0,0,0,0,20,0,0
1,3,0,0,0,1,3,126.7921,35.7471,0,0,0,0,185,0,0
1,3,7,0,0,4,2,127.1424,35.3645,0,0,0,0,131,0,0
1,3,0,1,1,0,3,128.8782,35.1125,1,0,0,0,206,0,0
1,3,7,1,1,6,2,128.4438,38.4413,0,0,0,0,217,0,0
1,3,0,0,0,4,1,127.0718,37.2663,0,0,0,0,99,0,0
0,4,0,0,0,0,3,128.6118,34.894,0,0,0,0,15,0,0
0,4,0,0,0,0,1,127.8482,37.3296,0,0,0,0,36,0,0
0,4,0,1,1,1,4,127.2125,37.3491,0,0,0,0,9,0,0
0,4,0,0,0,1,1,127.4754,36.1913,0,0,0,0,68,0,0
1,4,3,0,0,1,5,126.6716,37.4784,0,0,0,0,97,0,0
1,4,0,0,0,1,3,128.5139,35.2837,0,0,0,0,117,0,0
0,4,0,1,1,0,1,126.6076,36.847,1,0,0,0,46,0,0
0,5,2,0,0,1,5,129.3628,35.5808,0,0,1,0,158,0,0
0,5,0,1,1,0,3,129.3339,35.4561,0,0,1,0,17,0,0
1,5,5,0,0,4,3,127.7215,35.5108,0,0,1,0,108,0,0
0,5,5,0,0,0,4,129.0827,35.1838,1,0,1,0,221,0,0
0,5,0,0,0,6,1,126.8786,37.2915,0,0,1,0,2,0,0
0,6,0,1,1,0,1,127.1752,37.6947,0,0,1,0,70,0,0
1,6,0,0,0,4,3,127.0717,37.5978,0,0,1,0,196,0,0
1,6,2,0,0,4,3,126.8917,37.2463,0,0,1,0,50,0,0
1,6,0,0,0,0,1,128.9157,35.2425,0,0,1,0,13,0,0
1,6,0,1,1,1,7,127.3086,34.875,0,0,1,0,122,0,0
1,6,7,1,1,0,2,126.8613,37.0943,0,0,1,0,50,0,0
1,6,5,0,0,2,2,129.2149,36.4628,2,0,1,0,54,0,0
1,6,0,0,0,2,2,127.417,36.4262,1,0,1,0,77,0,0
1,6,5,0,0,0,3,127.9629,35.282,1,0,1,0,224,0,0
0,6,0,1,1,2,7,126.9629,37.397,0,0,1,0,151,0,0
0,6,0,2,4,9,1,127.4717,37.5045,0,0,1,0,48,0,0
1,0,0,0,3,0,5,128.6877,35.1475,0,0,0,0,86,0,0
1,0,0,0,0,1,8,127.3111,37.133,0,0,0,0,51,0,0
1,0,0,0,0,9,1,127.2614,34.7007,0,0,0,0,191,0,0
1,0,5,0,0,1,3,128.1507,37.7244,0,0,0,0,82,0,0
1,0,0,0,3,1,1,126.8072,37.7421,0,0,0,0,175,0,0
0,0,0,0,0,1,3,128.0,36.2072,0,0,0,0,76,0,0
0,1,0,1,2,1,3,128.6932,35.4079,0,0,0,0,177,0,0
1,1,5,0,0,1,8,127.2848,36.5661,0,1,0,0,229,0,0
1,1,7,1,1,0,4,126.695,36.5361,0,0,0,0,38,0,0
1,1,3,0,0,0,9,127.1171,36.8352,0,0,0,0,63,0,0
1,1,0,0,0,1,1,127.3395,35.4223,0,0,0,0,193,0,0
0,1,0,0,0,1,1,128.8939,35.1652,0,0,0,0,206,0,0
0,2,5,0,0,0,4,129.4201,35.5083,0,0,0,0,225,0,0
0,2,6,1,1,6,3,126.9367,37.4708,0,0,0,0,188,0,0
0,2,0,0,0,1,1,126.5717,34.693,0,0,0,0,16,0,0
1,2,6,1,1,2,3,128.2677,35.5572,2,0,0,0,133,0,0
1,2,0,0,0,9,1,126.7084,34.9533,0,0,0,0,33,0,0
1,2,8,1,1,1,7,126.8779,36.789,0,0,0,0,53,0,0
1,2,0,1,1,0,7,127.7273,36.4904,0,0,0,0,32,0,0
0,3,5,0,0,1,3,126.8162,37.8931,0,0,0,0,175,0,0
0,3,6,1,1,0,6,127.958,37.3174,2,0,0,0,36,0,0
1,3,6,1,1,0,3,126.5569,36.8086,0,0,0,0,69,0,0
1,3,5,0,0,1,2,129.0642,35.3396,0,0,0,0,49,0,0
1,3,0,0,0,0,2,126.7871,35.1507,0,0,0,0,135,0,0
1,3,3,0,0,0,7,128.5489,35.8978,0,0,0,0,112,0,0
1,3,8,1,1,7,3,126.8692,37.5367,0,0,0,0,140,0,0
1,3,6,1,1,4,6,126.7731,37.6601,0,0,0,0,40,0,0
0,3,0,0,0,1,2,126.5761,37.4091,0,0,0,0,35,0,0
0,3,0,0,0,4,4,127.045,36.9371,0,0,0,0,14,0,0
0,3,7,0,0,0,5,127.4107,36.3525,0,0,0,0,77,0,0
0,4,0,1,1,0,1,129.0921,35.1945,0,0,0,0,216,0,0
1,4,0,0,0,4,1,129.4093,35.977,0,0,0,0,160,0,0
1,4,0,0,0,0,2,127.8436,35.0106,0,0,0,0,172,0,0
1,4,5,1,2,4,2,127.9333,36.9724,0,0,0,0,6,0,0
1,4,6,1,1,6,2,127.5834,36.3012,0,0,0,0,142,0,0
1,4,7,1,1,0,4,127.3766,35.4102,0,0,0,0,193,0,0
1,4,0,0,0,1,1,129.0097,37.5124,1,0,0,0,210,0,0
1,4,0,1,1,1,5,127.462,36.1009,0,0,0,0,68,0,0
0,4,0,1,2,6,9,127.0282,35.8292,0,0,0,0,28,0,0
0,4,0,0,0,6,1,126.2568,33.4108,0,0,0,0,90,0,0
0,4,0,1,2,0,1,128.5382,35.9304,0,0,0,0,112,0,0
0,5,0,0,0,4,1,128.5227,35.8492,0,0,1,0,20,0,0
0,5,5,0,0,0,3,127.4582,37.2523,0,0,1,0,41,0,0
1,5,0,0,0,1,3,129.0694,36.0035,2,0,1,0,5,0,0
1,5,6,1,1,4,4,127.0961,37.6104,0,0,1,0,196,0,0
1,5,0,0,0,0,3,126.9477,35.9644,0,0,1,0,125,0,0
0,6,5,0,0,0,6,129.267,35.5373,1,0,1,0,213,0,0
1,6,0,1,1,4,4,127.6589,36.6243,0,0,1,0,83,0,0
1,6,6,1,1,4,2,128.6955,35.2809,0,0,1,0,86,0,0
1,6,6,1,1,4,3,128.3196,34.9815,0,0,1,0,87,0,0
1,6,0,0,0,4,1,127.0349,36.1977,0,0,1,0,61,0,0
1,6,0,0,0,1,1,127.1235,36.5157,0,0,1,0,19,0,0
1,6,0,0,0,4,1,128.4104,36.1263,0,0,1,0,144,0,0
0,6,0,0,0,0,4,128.4172,36.5912,0,0,1,0,55,0,0
0,6,0,0,0,6,12,129.1124,35.1237,0,0,1,0,180,0,0
0,6,0,1,2,0,1,127.0542,37.6426,0,0,1,0,98,0,0
0,0,0,0,0,4,1,126.9458,37.505,0,0,0,0,93,0,0
0,0,0,0,0,7,1,126.8258,37.5355,0,0,0,0,140,0,0
1,0,3,0,0,4,9,127.3133,38.1621,0,0,0,0,184,0,0
1,0,5,0,0,2,2,127.4574,35.1768,1,0,0,0,161,0,0
0,0,6,1,1,0,2,126.6753,37.6496,0,0,0,0,47,0,0
0,0,5,0,0,0,2,127.5866,37.4759,1,0,0,0,48,0,0
0,1,0,2,4,9,1,126.9201,36.8573,0,0,0,0,53,0,0
1,1,0,0,0,4,2,127.6494,37.1178,0,0,0,0,110,0,0
1,1,0,0,0,1,2,126.8898,37.291,0,0,0,0,2,0,0
1,1,0,0,0,1,3,129.0804,35.8785,0,0,0,0,100,0,0
1,1,0,0,0,2,3,128.7956,35.2078,0,0,0,0,13,0,0
1,1,0,2,4,4,1,127.0989,35.4539,0,0,0,0,131,0,0
0,1,0,0,0,1,3,126.6747,35.4683,0,0,0,0,219,0,0
0,1,0,0,0,0,2,128.4402,36.6374,0,0,0,0,55,0,0
0,1,0,0,0,4,1,127.065,37.0623,0,0,0,0,14,0,0
0,2,0,0,0,0,7,127.3211,36.3838,0,0,0,0,148,0,0
1,2,0,1,1,3,1,128.5028,38.2725,0,0,0,0,217,0,0
1,2,0,1,1,0,4,127.4843,34.9814,0,0,0,0,27,0,0
1,2,9,0,0,1,4,127.3843,36.4429,0,0,0,0,148,0,0
1,2,5,0,0,4,2,127.2458,36.4839,0,1,0,0,229,0,0
0,2,5,1,2,0,2,126.8384,37.9479,0,0,0,0,175,0,0
0,2,0,0,0,4,6,126.6124,36.2181,0,0,0,0,136,0,0
0,2,9,1,1,4,2,128.5073,35.8519,0,0,0,0,20,0,0
0,3,0,0,0,0,8,126.579,34.5812,0,0,0,0,119,0,0
0,3,6,0,0,7,2,126.8641,37.5299,0,0,0,0,140,0,0
0,3,0,0,0,0,1,127.2485,34.9841,0,0,0,0,27,0,0
1,3,6,1,1,4,2,128.3327,34.9788,0,0,0,0,87,0,0
1,3,0,0,0,0,1,127.3631,35.57,0,0,0,0,152,0,0
1,3,5,0,0,0,3,126.5262,37.5118,0,0,0,0,72,0,0
1,3,0,0,0,4,1,127.9824,35.9782,0,0,0,0,76,0,0
0,3,0,0,0,4,3,126.4594,36.7864,0,0,0,0,69,0,0
0,3,0,2,4,1,1,126.8357,36.2175,0,0,0,0,129,0,0
0,4,6,1,1,4,2,128.3854,36.1109,1,0,0,0,144,0,0
1,4,8,1,1,4,3,126.5959,35.3511,0,0,0,0,219,0,0
1,4,0,0,0,0,1,129.2704,36.0491,0,0,0,0,100,0,0
1,4,0,0,0,0,1,126.8593,37.5782,0,0,0,0,40,0,0
1,4,0,0,0,3,11,126.3181,36.6071,1,0,0,0,169,0,0
1,4,0,0,0,0,5,127.4963,36.1033,0,0,0,0,68,0,0
1,4,0,0,0,4,1,127.3386,34.6968,0,0,0,0,191,0,0
0,4,0,0,0,0,2,128.5026,35.3109,1,0,0,0,117,0,0
0,5,0,1,1,0,1,126.7798,37.7677,0,0,1,0,175,0,0
1,5,3,0,0,0,9,126.8191,37.3176,0,0,1,0,2,0,0
1,5,9,0,3,7,2,128.705,35.2134,0,0,1,0,86,0,0
1,5,0,0,0,0,1,129.3296,35.4376,0,0,1,0,17,0,0
1,5,3,0,0,0,6,127.1214,37.095,0,0,1,0,51,0,0
1,5,0,0,0,1,7,128.529,36.6051,0,0,1,0,55,0,0
1,5,0,1,1,0,4,129.3933,37.0755,0,0,1,0,208,0,0
1,5,0,0,0,4,1,126.7634,34.5291,0,0,1,0,121,0,0
1,5,0,1,1,1,4,127.5419,36.4311,0,0,1,0,32,0,0
0,5,5,0,0,6,2,127.0627,36.4736,0,0,1,0,19,0,0
0,6,0,2,4,4,1,129.4233,35.484,0,0,1,0,225,0,0
1,6,0,0,0,0,1,126.8275,36.6887,0,0,1,0,187,0,0
1,6,0,0,0,1,1,128.2279,37.2662,0,0,1,0,114,0,0
1,6,0,0,0,4,1,127.217,38.0149,0,0,1,0,171,0,0
0,0,2,0,0,1,2,126.5137,34.7909,0,0,0,0,101,0,0
1,0,0,0,0,3,4,128.8723,37.7463,0,0,0,0,194,0,0
1,0,0,0,0,1,1,126.3973,36.6679,1,0,0,0,69,0,0
0,0,0,0,0,6,1,127.0331,37.1078,0,0,0,0,14,0,0
0,0,0,2,4,0,2,127.1352,36.7987,0,0,0,0,63,0,0
0,0,0,0,0,1,1,128.3711,35.1287,0,0,0,0,86,0,0
0,0,0,0,0,4,1,126.2855,33.3758,0,0,0,0,90,0,0
1,1,0,0,0,1,1,126.4136,35.2269,0,0,0,0,127,0,0