주야,요일,법규위반,도로형태_대분류,도로형태,당사자종별_1당_대분류,당사자종별_2당_대분류,경도,위도,사고피해정도,도시여부,주말/공휴일,인구수,발생지번호,보행자의위치,무단횡단여부
0,5,0,0,0,4,1,127.3428,34.8673,0,0,1,0,27,0,0
1,5,7,1,1,1,3,126.1906,34.4673,1,0,1,0,71,0,0
1,5,0,0,0,4,1,127.0941,37.5805,0,0,1,0,196,0,0
1,5,2,0,0,2,1,127.2531,38.0224,0,0,1,0,171,0,0
1,5,5,0,0,3,2,126.7016,37.4532,2,0,1,0,29,0,0
0,5,5,0,0,0,2,127.2043,38.0649,2,0,1,0,171,0,0
0,5,0,0,0,1,4,126.6101,34.8325,0,0,1,0,16,0,0
0,5,0,0,0,0,8,127.125,35.9229,0,0,1,0,28,0,0
0,5,0,0,0,4,1,126.9104,33.4892,0,0,1,0,90,0,0
0,6,0,1,1,0,1,129.4904,35.7855,0,0,1,0,100,0,0
0,6,5,0,0,0,1,126.8661,37.6737,0,0,1,0,40,0,0
0,6,5,0,0,7,4,128.5697,35.8487,1,0,1,0,145,0,0
0,6,0,0,0,0,4,128.9359,35.9402,0,0,1,0,5,0,0
1,6,0,0,0,4,1,129.3227,35.4344,0,0,1,0,17,0,0
1,6,0,0,0,9,1,128.0671,37.6565,0,0,1,0,82,0,0
1,6,0,0,0,0,1,127.7809,37.824,0,0,1,0,111,0,0
0,6,6,1,1,0,7,127.2951,36.5297,0,1,1,0,229,0,0
0,6,5,0,0,0,6,126.6406,36.1087,2,0,1,0,10,0,0
1,0,0,1,1,7,2,129.3707,36.0335,0,0,0,0,160,0,0
1,0,7,1,1,0,2,127.5003,37.4829,1,0,0,0,48,0,0
1,0,7,1,1,1,3,127.0344,36.2348,0,0,0,0,61,0,0
1,0,5,0,0,4,3,126.6044,35.0516,0,0,0,0,33,0,0
1,0,0,0,0,2,3,127.2513,34.7494,0,0,0,0,191,0,0
1,0,0,0,0,6,3,126.8058,37.7341,0,0,0,0,175,0,0
1,0,0,0,0,0,1,128.8938,37.75,0,0,0,0,194,0,0
1,0,2,0,0,0,7,128.1873,37.1304,0,0,0,0,103,0,0
0,0,5,0,0,4,2,126.5894,36.9855,0,0,0,0,46,0,0
0,1,0,0,0,4,1,129.0879,35.2394,0,0,0,0,96,0,0
0,1,5,1,2,0,3,126.3004,36.7434,1,0,0,0,169,0,0
0,1,6,1,2,7,2,128.6888,35.2225,0,0,0,0,86,0,0
0,1,5,0,0,0,2,126.7187,37.8008,1,0,0,0,175,0,0
0,1,0,0,0,4,1,128.5782,38.1887,0,0,0,0,104,0,0
1,1,0,1,1,0,1,126.7539,36.2044,0,0,0,0,129,0,0
1,1,0,0,0,0,2,126.8691,35.2202,1,0,0,0,137,0,0
0,1,0,0,0,6,8,126.6741,35.5208,0,0,0,0,219,0,0
0,2,0,0,0,0,7,127.6086,37.4173,0,0,0,0,48,0,0
0,2,0,0,0,0,1,127.0826,37.2169,0,0,0,0,50,0,0
1,2,6,1,1,0,2,126.3497,34.9618,1,0,0,0,101,0,0
1,2,0,0,0,0,8,127.6116,34.9631,0,0,0,0,130,0,0
1,2,5,0,0,0,2,128.8024,35.174,0,0,0,0,13,0,0
1,2,0,1,2,1,2,127.0846,36.1959,1,0,0,0,61,0,0
1,2,0,0,0,6,1,126.8193,36.7202,0,0,0,0,187,0,0
1,2,6,1,1,4,2,126.8558,35.1588,0,0,0,0,222,0,0
1,2,5,0,0,0,6,126.5038,35.4513,2,0,0,0,219,0,0
1,2,0,0,0,4,1,129.0007,35.7944,0,0,0,0,100,0,0
0,2,6,1,1,1,4,127.1736,37.5469,0,0,0,0,91,0,0
0,2,6,1,1,0,4,126.8819,37.6304,0,0,0,0,40,0,0
0,2,0,0,0,6,1,126.7198,35.6124,0,0,0,0,12,0,0
0,2,0,0,0,1,1,127.613,36.8228,0,0,0,0,138,0,0
1,3,6,1,1,4,2,127.6979,36.9288,0,0,0,0,110,0,0
1,3,0,0,0,5,1,127.3185,36.9422,0,0,0,0,23,0,0
1,3,0,0,0,4,1,129.1208,35.8547,0,0,0,0,100,0,0
1,3,0,0,0,4,2,127.2484,37.0758,0,0,0,0,23,0,0
1,3,8,1,1,2,3,127.418,37.0731,1,0,0,0,23,0,0
1,3,0,0,0,6,1,128.0003,37.9172,0,0,0,0,111,0,0
1,3,5,0,0,1,3,128.1163,35.3897,0,0,0,0,133,0,0
1,3,3,0,0,7,3,126.7806,37.3021,0,0,0,0,2,0,0
0,3,0,0,0,4,1,127.0463,37.5711,0,0,0,0,84,0,0
0,3,2,0,0,0,6,127.0861,35.9406,1,0,0,0,28,0,0
0,3,6,1,1,0,7,128.9841,35.1938,0,0,0,0,120,0,0
0,3,6,1,2,4,1,127.4801,37.7966,0,0,0,0,176,0,0
0,4,2,0,0,0,1,127.0771,37.791,1,0,0,0,59,0,0
0,4,0,0,0,0,1,127.8198,36.9743,0,0,0,0,6,0,0
1,4,6,1,1,0,3,126.8425,37.6946,0,0,0,0,40,0,0
1,4,0,0,0,1,2,127.7833,37.7698,1,0,0,0,111,0,0
1,4,0,1,2,5,9,129.3426,36.0121,0,0,0,0,160,0,0
1,4,5,0,0,0,3,126.6973,35.1631,0,0,0,0,135,0,0
1,4,0,0,0,0,2,127.2725,37.6121,2,0,0,0,70,0,0
1,4,0,0,0,1,1,127.703,37.043,0,0,0,0,6,0,0
0,4,0,1,1,6,1,129.1625,35.3984,0,0,0,0,49,0,0
1,5,5,0,0,1,2,127.4222,34.5302,1,0,1,0,191,0,0
1,5,0,1,1,6,2,127.4372,36.3543,0,0,1,0,80,0,0
1,5,0,0,0,1,11,128.9385,35.9169,0,0,1,0,5,0,0
1,5,0,0,0,1,1,127.2573,36.915,0,0,1,0,63,0,0
1,5,0,0,0,7,1,127.1511,35.4942,0,0,1,0,152,0,0
1,5,0,0,0,6,1,129.3244,36.242,0,0,1,0,160,0,0
0,6,0,0,0,0,1,126.632,36.5856,0,0,1,0,38,0,0
0,6,0,0,0,4,1,127.1202,37.6656,0,0,1,0,70,0,0
0,6,0,0,0,1,8,127.9249,35.1063,0,0,1,0,57,0,0
0,6,0,0,0,2,8,126.6247,33.2635,0,0,1,0,62,0,0
1,6,0,0,0,4,1,127.8683,37.8463,0,0,1,0,111,0,0
1,6,0,0,0,4,2,128.6192,36.821,0,0,1,0,113,0,0
0,6,0,0,0,0,5,128.9161,36.1059,0,0,1,0,5,0,0
0,6,0,0,0,0,5,127.0599,37.9445,0,0,1,0,94,0,0
0,6,0,1,1,2,7,128.523,35.2606,0,0,1,0,86,0,0
0,6,0,0,0,0,4,126.6857,37.451,0,0,1,0,29,0,0
0,6,0,0,0,1,8,126.9656,36.4054,0,0,1,0,174,0,0
0,6,0,0,0,0,5,127.3903,36.3105,0,0,1,0,39,0,0
0,0,5,0,3,7,2,126.7512,37.4887,0,0,0,0,65,0,0
1,0,0,0,0,4,1,127.7718,35.5688,0,0,0,0,108,0,0
1,0,0,0,0,7,3,126.6408,37.4824,0,0,0,0,207,0,0
1,0,9,1,1,0,7,128.9589,35.0961,0,0,0,0,25,0,0
1,0,0,0,0,4,1,127.0486,37.5699,0,0,0,0,84,0,0
1,0,0,1,1,1,7,127.0714,36.9951,0,0,0,0,14,0,0
1,0,5,0,0,0,2,126.5723,37.2857,0,0,0,0,2,0,0
0,0,6,1,1,0,4,126.9916,37.3105,0,0,0,0,99,0,0
0,0,0,0,0,1,1,127.0185,37.3943,0,0,0,0,199,0,0
0,1,0,0,0,0,4,126.854,37.3075,0,0,0,0,2,0,0
0,1,0,0,0,1,3,128.4047,35.287,0,0,0,0,117,0,0
1,1,5,0,0,1,3,126.3927,35.2235,0,0,0,0,127,0,0
1,1,0,0,0,4,2,128.4228,36.5128,0,0,0,0,105,0,0
0,2,0,0,0,6,1,126.8332,35.8748,0,0,0,0,34,0,0
1,2,0,0,0,0,1,127.7082,34.9418,0,0,0,0,130,0,0
0,2,0,0,0,1,3,128.4418,35.9003,0,0,0,0,30,0,0
0,2,0,0,0,0,3,126.8384,35.8279,0,0,0,0,34,0,0
0,2,6,1,1,4,2,129.3413,35.5169,0,0,0,0,213,0,0
0,2,0,0,0,0,1,128.6974,35.1854,0,0,0,0,86,0,0
0,3,0,0,0,0,1,127.3105,35.568,0,0,0,0,152,0,0
1,3,6,1,1,4,2,126.6993,37.342,0,0,0,0,73,0,0
1,3,0,0,0,0,1,128.883,35.111,0,0,0,0,206,0,0
1,3,5,0,0,7,2,127.4312,37.6397,0,0,0,0,48,0,0
1,3,0,0,0,4,1,126.9106,34.573,0,0,0,0,56,0,0
1,3,0,1,1,2,2,127.0709,36.9959,1,0,0,0,14,0,0
1,3,0,0,0,0,3,128.6723,35.2672,0,0,0,0,86,0,0
1,3,6,1,2,0,5,127.3182,36.3037,0,0,0,0,148,0,0
1,4,7,1,1,0,7,127.5452,37.2762,0,0,0,0,22,0,0
1,4,0,0,0,0,1,127.1815,35.8456,1,0,0,0,11,0,0
1,4,3,0,0,2,3,127.3805,36.6343,1,0,0,0,83,0,0
1,4,5,0,0,7,7,128.3486,35.3236,0,0,0,0,117,0,0
1,4,5,1,2,1,2,126.7651,37.3344,0,0,0,0,2,0,0
1,4,0,0,0,1,8,126.8252,35.2316,0,0,0,0,146,0,0
0,4,0,0,0,1,1,126.9406,36.4004,0,0,0,0,174,0,0
0,5,0,1,2,4,6,128.8844,35.2338,0,0,1,0,13,0,0
1,5,0,0,0,0,3,128.0006,35.3339,0,0,1,0,224,0,0
1,5,0,1,1,0,5,127.3328,35.377,0,0,1,0,193,0,0
1,5,5,0,0,0,3,126.4887,35.2616,1,0,1,0,127,0,0
1,5,0,2,4,1,6,127.1148,36.6712,1,0,1,0,63,0,0
0,5,0,0,0,1,1,128.7492,36.1616,0,0,1,0,170,0,0
0,5,5,0,0,1,2,127.8939,34.8677,1,0,1,0,197,0,0
0,5,0,0,0,6,1,127.0913,37.3303,0,0,1,0,51,0,0
0,6,0,0,0,0,5,127.4901,36.7282,0,0,1,0,83,0,0
1,6,7,1,1,3,2,128.8515,35.1389,0,0,1,0,206,0,0
1,6,0,0,0,7,1,127.2182,35.9981,0,0,1,0,28,0,0
1,6,0,0,0,0,1,126.6974,34.522,0,0,1,0,121,0,0
0,6,4,0,0,6,2,127.2325,36.4997,0,1,1,0,229,0,0
0,0,0,1,2,4,2,126.1433,36.7844,0,0,0,0,169,0,0
0,0,6,0,0,0,4,128.9927,35.1927,0,0,0,0,120,0,0
1,0,0,1,2,1,2,127.2187,37.5485,1,0,0,0,67,0,0
1,0,8,1,1,0,6,126.3215,33.4645,1,0,0,0,90,0,0
1,0,0,0,0,6,3,126.8031,37.7919,0,0,0,0,175,0,0
0,0,2,0,0,1,5,127.1017,37.8284,0,0,0,0,59,0,0
0,0,0,0,0,0,1,128.3944,38.1001,0,0,0,0,124,0,0
0,1,0,0,0,1,2,127.5325,37.239,0,0,0,0,41,0,0
0,1,0,0,0,2,4,127.2377,36.6632,0,1,0,0,229,0,0
1,1,0,0,0,4,1,127.9779,36.8585,0,0,0,0,6,0,0
1,1,0,0,0,0,1,127.1946,36.7827,0,0,0,0,63,0,0
1,1,0,2,4,1,7,127.5714,35.6957,0,0,0,0,155,0,0
1,1,0,0,0,1,3,127.4605,36.3172,1,0,0,0,80,0,0
1,1,0,1,1,0,4,129.3078,35.5484,0,0,0,0,213,0,0
1,1,5,0,0,0,4,126.8185,36.601,0,0,0,0,187,0,0
1,1,0,1,1,1,7,126.3923,36.4245,0,0,0,0,169,0,0
0,2,0,0,0,0,3,126.7327,35.9814,0,0,0,0,166,0,0
0,2,5,0,0,4,6,126.9382,37.5044,0,0,0,0,93,0,0
1,2,6,1,1,1,7,126.6419,37.4229,0,0,0,0,35,0,0
1,2,0,1,1,0,5,127.2632,36.5879,0,1,0,0,229,0,0
1,2,0,1,1,1,1,126.511,36.5625,0,0,0,0,38,0,0
1,2,0,0,0,1,3,127.1958,37.0581,1,0,0,0,23,0,0
0,2,3,0,0,2,6,126.9197,37.4009,1,0,0,0,151,0,0
0,3,0,1,2,0,1,128.6894,35.2313,0,0,0,0,86,0,0
1,3,6,1,1,0,2,127.7225,34.9489,0,0,0,0,130,0,0
1,3,0,0,0,9,1,128.1228,35.5623,0,0,0,0,133,0,0
1,3,0,0,0,1,1,128.9228,35.9832,0,0,0,0,5,0,0
0,3,8,1,1,4,2,127.5658,36.1105,0,0,0,0,68,0,0
0,3,0,0,0,0,4,128.4564,35.7366,0,0,0,0,30,0,0
0,4,0,1,2,0,1,129.1189,37.5251,0,0,0,0,210,0,0
0,4,2,0,0,4,1,127.1233,37.4606,0,0,0,0,95,0,0
0,4,7,1,1,0,3,127.4292,37.1125,0,0,0,0,23,0,0
0,4,0,0,0,0,3,127.1372,37.49,0,0,0,0,156,0,0
1,4,0,0,0,0,1,129.0518,35.3246,0,0,0,0,49,0,0
1,4,0,1,2,0,1,127.2551,35.4143,0,0,0,0,193,0,0
1,4,6,1,1,1,3,129.0863,36.5974,0,0,0,0,128,0,0
1,4,3,0,0,0,8,128.3487,36.1471,0,0,0,0,144,0,0
1,4,0,0,0,4,1,127.1062,37.4762,0,0,0,0,89,0,0
1,4,0,1,1,4,2,128.5434,36.3519,0,0,0,0,105,0,0
0,4,0,0,0,4,2,126.5591,37.0036,0,0,0,0,46,0,0
0,4,5,0,0,1,3,127.7378,34.8524,1,0,0,0,102,0,0
0,4,0,1,1,0,3,127.2923,37.0113,2,0,0,0,23,0,0
0,4,7,1,1,0,4,126.9663,37.4029,1,0,0,0,151,0,0
0,4,6,1,1,4,2,127.9364,37.326,0,0,0,0,36,0,0
0,5,5,0,0,6,2,129.2129,35.2302,0,0,1,0,85,0,0
0,5,0,0,0,0,1,127.0541,37.221,0,0,1,0,50,0,0
0,5,0,0,3,1,3,126.649,37.5129,0,0,1,0,97,0,0
1,5,0,0,0,1,1,128.8081,37.1341,0,0,1,0,114,0,0
1,5,0,1,2,7,2,127.7489,37.8836,0,0,1,0,111,0,0
1,5,0,0,0,0,4,126.8004,36.2342,0,0,1,0,129,0,0
1,5,10,0,0,4,2,127.0996,35.366,0,0,1,0,131,0,0
0,5,0,0,0,1,1,127.091,37.0708,0,0,1,0,14,0,0
0,5,5,0,0,0,2,127.6412,35.5301,1,0,1,0,108,0,0
0,5,5,2,4,6,2,127.005,36.71,0,0,1,0,53,0,0
0,5,0,0,0,0,1,128.3582,35.2932,0,0,1,0,117,0,0
0,5,0,0,0,0,1,127.9058,36.985,0,0,1,0,6,0,0
0,6,7,1,1,4,2,127.8713,37.3375,0,0,1,0,36,0,0
0,6,0,1,2,0,3,128.3445,36.1096,0,0,1,0,144,0,0
0,6,0,1,2,0,1,128.6656,34.9116,0,0,1,0,15,0,0
0,6,0,0,0,0,1,126.8261,35.2286,0,0,1,0,146,0,0
0,6,0,0,0,0,1,126.8628,36.9757,0,0,1,0,14,0,0
0,6,0,0,0,1,1,127.1673,37.5938,1,0,1,0,70,0,0
0,6,0,0,0,0,5,128.0663,35.0406,0,0,1,0,57,0,0
1,6,0,0,0,0,11,128.3693,36.0715,0,0,1,0,144,0,0
1,6,2,1,1,0,5,126.667,37.5943,0,0,1,0,97,0,0
1,6,6,1,1,0,4,127.1951,37.7212,0,0,1,0,70,0,0
1,6,2,0,0,4,1,126.7207,35.7284,0,0,1,0,185,0,0
1,6,0,0,0,9,1,127.7349,36.7255,0,0,1,0,179,0,0
1,6,8,1,2,4,2,127.4638,36.645,0,0,1,0,83,0,0
1,6,0,0,0,4,2,128.4466,35.6823,0,0,1,0,30,0,0
1,6,0,2,4,9,1,127.1396,34.9188,0,0,1,0,122,0,0
0,6,0,0,0,0,5,127.1342,36.927,0,0,1,0,63,0,0
0,6,0,0,0,0,1,126.5279,34.7338,0,0,1,0,16,0,0
0,6,2,0,0,0,2,129.3773,36.4179,0,0,1,0,54,0,0
1,0,0,0,0,1,1,129.2477,35.3788,0,0,0,0,85,0,0
0,0,0,0,0,6,1,128.5083,35.484,0,0,0,0,211,0,0
0,0,7,1,1,1,3,127.6521,35.9743,1,0,0,0,182,0,0
0,1,0,0,0,1,2,127.0453,37.4579,0,0,0,0,214,0,0
0,1,0,0,0,4,1,126.6528,37.39,0,0,0,0,35,0,0
1,1,0,1,1,1,5,126.6461,37.4877,0,0,0,0,207,0,0
0,2,0,0,0,0,1,128.9098,36.0846,0,0,0,0,5,0,0
0,2,6,1,1,7,2,126.8261,37.5538,0,0,0,0,43,0,0
0,2,0,1,2,0,11,126.6618,37.4721,0,0,0,0,29,0,0
0,2,9,1,1,7,3,127.2933,36.6094,0,1,0,0,229,0,0
1,2,0,0,0,3,1,126.9046,37.8505,0,0,0,0,175,0,0
1,2,0,1,2,1,1,126.6986,34.8156,0,0,0,0,16,0,0
1,2,0,0,0,4,1,126.161,34.4681,0,0,0,0,71,0,0
1,2,5,0,0,4,2,128.832,35.8047,0,0,0,0,52,0,0
1,2,0,0,0,9,1,127.0183,35.3715,0,0,0,0,181,0,0
0,2,4,0,0,1,1,128.2725,36.5413,0,0,0,0,55,0,0
0,3,0,0,0,0,3,126.9585,37.3249,0,0,0,0,199,0,0
1,3,0,1,1,0,5,127.0118,37.304,0,0,0,0,99,0,0
1,3,3,0,0,0,2,126.7174,37.6368,1,0,0,0,47,0,0
1,3,2,1,1,0,2,126.7385,33.5544,1,0,0,0,90,0,0
0,3,0,0,0,1,3,127.0028,35.0401,1,0,0,0,88,0,0
0,3,0,1,2,0,3,126.5055,33.2562,0,0,0,0,62,0,0
1,4,0,0,0,6,1,128.6343,35.2225,0,0,0,0,86,0,0
1,4,0,0,3,7,3,126.7895,37.8467,0,0,0,0,175,0,0
1,4,3,0,0,1,3,126.6997,37.6499,1,0,0,0,47,0,0
1,4,0,0,0,1,1,127.3657,35.0443,0,0,0,0,27,0,0
1,4,0,0,0,9,1,127.2542,36.7705,0,0,0,0,63,0,0
1,4,0,0,0,0,1,127.0907,37.2272,0,0,0,0,51,0,0
0,4,0,0,0,1,1,127.4878,37.4528,0,0,0,0,48,0,0
0,4,0,1,2,6,2,128.3722,36.102,0,0,0,0,144,0,0
1,5,0,0,0,2,1,126.6768,35.4366,0,0,1,0,219,0,0
1,5,0,0,0,1,3,127.0761,35.9894,2,0,1,0,125,0,0
1,5,10,0,3,7,2,128.1235,36.1194,0,0,1,0,76,0,0
1,5,5,0,0,3,3,129.2023,35.2811,0,0,1,0,85,0,0
0,5,0,2,4,1,5,128.063,35.1704,0,0,1,0,42,0,0
0,5,6,1,1,4,2,127.7676,36.1654,0,0,1,0,75,0,0
0,6,0,1,1,0,1,127.0551,36.9791,0,0,1,0,14,0,0
0,6,6,0,3,5,5,126.8092,37.3276,0,0,1,0,2,0,0
1,6,2,0,0,0,2,127.0982,35.871,0,0,1,0,11,0,0
1,6,5,0,0,0,6,127.1478,37.6618,1,0,1,0,70,0,0
1,6,0,0,0,4,3,127.2724,37.4674,0,0,1,0,9,0,0
1,6,2,0,0,0,2,128.4534,38.2147,1,0,1,0,217,0,0
1,6,5,0,0,0,2,127.1494,36.1681,1,0,1,0,61,0,0
0,6,6,1,1,0,4,127.0904,37.5077,0,0,1,0,156,0,0
0,6,0,0,0,2,8,126.198,33.364,1,0,1,0,90,0,0
0,6,6,1,1,4,2,128.5486,35.8082,0,0,1,0,20,0,0
0,6,0,0,0,0,1,128.6061,35.2081,0,0,1,0,86,0,0
0,0,0,0,0,4,1,129.0379,35.1179,0,0,0,0,209,0,0
0,0,0,0,0,0,1,126.7668,37.7781,0,0,0,0,175,0,0
0,0,0,1,2,1,5,126.6499,37.472,0,0,0,0,207,0,0
1,0,0,1,2,4,6,126.2998,34.5109,0,0,0,0,71,0,0
1,0,0,0,0,0,2,127.1158,37.4659,1,0,0,0,89,0,0
1,0,0,0,0,0,3,129.0915,35.4863,0,0,0,0,49,0,0
1,0,3,0,0,0,9,127.3201,37.6446,1,0,0,0,70,0,0
1,0,0,1,1,7,1,127.4826,35.1926,0,0,0,0,161,0,0
1,0,5,0,0,6,3,127.1474,36.8736,0,0,0,0,63,0,0
0,0,0,0,0,0,1,127.2355,37.3894,0,0,0,0,9,0,0
0,1,0,0,0,1,3,128.2471,35.9213,0,0,0,0,168,0,0
0,1,0,0,0,0,1,126.7392,37.4359,0,0,0,0,29,0,0
1,1,0,0,3,0,1,126.7025,37.5499,0,0,0,0,97,0,0
1,1,6,1,1,2,9,127.8238,37.0184,2,0,0,0,6,0,0
1,1,2,0,0,0,4,126.4238,35.234,0,0,0,0,127,0,0
1,1,6,1,1,3,3,127.5483,36.9055,1,0,0,0,110,0,0
1,1,10,0,0,6,6,126.9158,37.5688,0,0,0,0,195,0,0
1,1,0,1,2,4,1,126.9707,35.4825,0,0,0,0,131,0,0
0,2,2,1,1,0,2,126.8292,33.3329,1,0,0,0,62,0,0
0,2,0,0,0,0,1,128.6271,35.8852,0,0,0,0,26,0,0
0,2,6,1,1,4,2,126.6894,37.4579,0,0,0,0,29,0,0
1,2,6,1,1,6,3,126.737,37.5432,0,0,0,0,7,0,0
1,2,6,1,1,3,2,127.955,37.7631,1,0,0,0,82,0,0
1,2,5,0,0,4,6,128.5584,34.8353,0,0,0,0,15,0,0
1,2,0,0,0,0,1,129.064,35.6465,0,0,0,0,100,0,0
1,2,6,1,1,3,3,128.3269,38.1945,0,0,0,0,124,0,0
1,2,0,0,0,0,4,128.7485,35.2482,0,0,0,0,13,0,0
0,3,0,0,0,1,1,127.0571,36.9669,0,0,0,0,14,0,0
1,3,0,0,0,1,4,128.9734,35.1435,0,0,0,0,120,0,0
1,3,0,0,0,6,2,126.7081,34.705,0,0,0,0,121,0,0
1,3,0,0,0,1,3,128.974,35.2121,0,0,0,0,206,0,0
1,3,6,1,1,0,3,128.4134,34.8768,1,0,0,0,212,0,0
1,3,0,1,2,0,1,127.7982,35.4575,0,0,0,0,224,0,0
1,3,0,0,0,0,4,127.78,35.0941,0,0,0,0,172,0,0
0,4,0,0,0,4,1,127.1085,35.8077,0,0,0,0,11,0,0
1,4,0,0,0,0,2,128.5819,34.9109,0,0,0,0,15,0,0
1,4,5,0,0,0,3,128.5297,37.5852,0,0,0,0,24,0,0
1,4,0,0,0,1,7,127.0681,38.0115,0,0,0,0,106,0,0
1,4,3,0,0,5,6,127.1384,37.0395,0,0,0,0,23,0,0
0,4,5,0,0,7,2,128.1707,37.1572,0,0,0,0,103,0,0
0,4,0,0,0,9,1,127.4564,35.4821,0,0,0,0,193,0,0
0,4,10,0,0,0,7,126.9938,37.2684,0,0,0,0,99,0,0
0,4,0,1,2,4,3,126.6621,36.5953,0,0,0,0,38,0,0
1,5,0,1,1,1,7,126.6983,36.7423,0,0,1,0,187,0,0
1,5,0,0,0,4,6,126.5175,34.3684,0,0,1,0,119,0,0
1,5,0,0,0,7,1,127.0708,37.6136,0,0,1,0,167,0,0
1,5,2,1,2,1,2,127.4088,35.7819,0,0,1,0,192,0,0
0,5,5,0,0,0,6,127.1921,36.9115,0,0,1,0,63,0,0
0,5,0,0,0,6,1,128.412,36.636,0,0,1,0,55,0,0
0,5,0,0,0,0,1,128.0109,35.5275,0,0,1,0,133,0,0
0,6,6,1,1,0,2,129.032,35.1538,1,0,1,0,163,0,0
1,6,6,1,1,0,7,127.0869,37.5635,0,0,1,0,183,0,0
1,6,5,0,0,4,2,126.6588,36.0967,0,0,1,0,10,0,0
1,6,0,0,0,4,3,127.2369,35.7138,0,0,1,0,28,0,0
1,6,4,0,0,6,1,127.0586,37.056,0,0,1,0,14,0,0
1,6,0,0,0,1,1,127.9879,38.0647,1,0,1,0,115,0,0
0,6,9,0,0,0,4,127.0546,37.8496,0,0,1,0,59,0,0
0,6,6,0,0,6,6,126.6742,37.4861,0,0,1,0,97,0,0
0,6,0,1,2,4,1,127.3949,36.3577,0,0,1,0,4,0,0
0,0,0,0,0,2,3,129.1917,35.7835,2,0,0,0,100,0,0
1,0,0,1,1,1,7,127.2792,37.8846,0,0,0,0,171,0,0
1,0,0,1,1,0,5,129.4247,35.5033,0,0,0,0,225,0,0
1,0,3,0,0,1,2,127.1364,37.0496,1,0,0,0,51,0,0
1,0,0,0,0,2,1,127.6473,36.9477,0,0,0,0,110,0,0
0,0,0,0,0,1,4,128.2157,36.1572,0,0,0,0,76,0,0
0,1,0,0,0,2,1,127.0024,37.6074,0,0,0,0,167,0,0
0,1,6,1,1,6,3,126.9446,37.3988,0,0,0,0,151,0,0
1,1,0,0,0,1,3,128.4227,36.1646,0,0,0,0,144,0,0
1,1,0,0,0,1,4,128.5235,35.3252,0,0,0,0,117,0,0
1,1,0,0,0,9,1,128.4219,35.4704,0,0,0,0,211,0,0
1,1,0,0,0,4,3,128.3211,35.6288,0,0,0,0,133,0,0
1,1,6,1,1,0,5,127.4019,36.3532,0,0,0,0,4,0,0
0,1,0,0,0,1,1,128.1349,37.5063,0,0,0,0,31,0,0
0,1,0,1,1,2,4,128.8996,35.0843,0,0,0,0,206,0,0
0,1,0,1,1,6,2,128.0914,36.2805,0,0,0,0,58,0,0
0,1,0,0,0,0,7,128.5327,35.2919,0,0,0,0,117,0,0
0,2,0,0,0,1,3,128.4276,35.9906,0,0,0,0,21,0,0
0,2,5,0,0,2,2,126.8573,35.1283,1,0,0,0,222,0,0
1,2,0,0,0,6,1,128.388,34.9684,0,0,0,0,87,0,0
1,2,0,0,0,6,3,126.6203,37.6573,0,0,0,0,47,0,0
1,2,5,0,0,0,2,126.7267,35.0356,0,0,0,0,33,0,0
1,2,0,0,0,0,1,127.4397,35.328,0,0,0,0,161,0,0
1,2,0,0,0,4,1,126.6411,35.4348,0,0,0,0,219,0,0
0,2,0,1,1,7,2,126.8941,37.1228,0,0,0,0,50,0,0
0,2,0,1,1,7,1,128.6223,35.2639,0,0,0,0,86,0,0
1,3,0,1,1,0,1,126.7009,37.2275,0,0,0,0,50,0,0
1,3,0,0,0,0,5,127.279,37.4701,0,0,0,0,9,0,0
1,3,3,0,0,7,2,127.2489,37.0126,0,0,0,0,23,0,0
1,3,5,0,0,8,4,128.6949,36.6172,0,0,0,0,66,0,0
1,3,2,0,0,0,2,126.743,35.1541,0,0,0,0,135,0,0
1,3,0,1,1,7,2,127.0716,37.6588,0,0,0,0,18,0,0
1,3,5,0,0,4,2,127.6579,36.2811,1,0,0,0,142,0,0
0,3,5,0,0,5,3,129.267,35.4307,0,0,0,0,17,0,0
0,3,5,0,0,0,2,127.318,35.5956,0,0,0,0,152,0,0
0,4,0,0,0,1,1,128.3297,36.9424,0,0,0,0,204,0,0
0,4,0,1,1,7,2,128.6965,35.8673,0,0,0,0,26,0,0
1,4,6,1,1,1,7,129.0654,35.1632,0,0,0,0,163,0,0
1,4,0,1,1,1,5,127.7185,37.051,0,0,0,0,6,0,0
1,4,0,0,0,4,1,127.849,35.4334,0,0,0,0,224,0,0
1,4,0,0,0,7,2,128.3273,34.9889,0,0,0,0,87,0,0
1,4,5,0,0,1,3,127.175,37.0609,0,0,0,0,23,0,0
1,4,7,1,1,6,3,127.2041,37.5082,0,0,0,0,67,0,0
0,4,6,1,2,7,2,128.0714,35.1774,0,0,0,0,42,0,0
0,4,0,0,0,0,8,126.3941,33.4537,0,0,0,0,90,0,0
0,4,0,0,0,0,2,127.078,37.2671,0,0,0,0,51,0,0
0,5,2,0,0,0,2,126.6377,36.5797,0,0,1,0,38,0,0
0,5,6,1,1,0,2,127.0299,37.6171,1,0,1,0,200,0,0
1,5,5,0,0,1,3,128.9251,36.5699,1,0,1,0,66,0,0
1,5,0,0,0,0,1,126.8287,35.5633,0,0,1,0,12,0,0
1,5,0,0,0,0,2,126.7954,37.3979,0,0,1,0,73,0,0
1,5,0,1,1,6,1,126.5857,36.9873,0,0,1,0,46,0,0