주야,요일,법규위반,도로형태_대분류,도로형태,당사자종별_1당_대분류,당사자종별_2당_대분류,경도,위도,사고피해정도,도시여부,주말/공휴일,인구수,발생지번호,보행자의위치,무단횡단여부
1,4,0,0,0,1,8,128.6432,35.3728,0,0,0,0,211,0,0
0,4,0,0,0,0,1,128.4034,34.8975,0,0,0,0,212,0,0
0,3,0,0,0,1,3,127.2886,37.5304,0,0,0,0,70,0,0
0,4,0,0,0,1,1,126.4588,34.7735,0,0,0,0,16,0,0
0,1,6,1,1,0,4,127.0551,37.8925,0,0,0,0,94,0,0
0,1,5,0,0,0,2,127.2915,36.2738,1,0,1,0,148,0,0
0,4,7,1,1,0,2,126.8124,37.3677,0,0,0,0,73,0,0
1,4,0,0,0,1,8,126.9611,35.3171,0,0,0,0,181,0,0
1,3,5,0,0,1,2,126.8444,35.6009,0,0,0,0,12,0,0
1,0,3,0,0,1,3,127.5788,37.8533,0,0,0,0,111,0,0
1,1,8,1,1,0,4,127.5202,34.945,0,0,0,0,27,0,0
1,5,0,1,1,6,1,127.3066,35.0294,0,0,1,0,27,0,0
0,3,0,0,0,1,1,127.6419,36.8611,0,0,0,0,110,0,0
1,4,6,1,1,3,2,128.286,36.1501,0,0,0,0,144,0,0
1,0,0,1,2,1,3,128.578,38.1968,0,0,0,0,104,0,0
1,0,5,0,0,2,3,128.1074,37.134,1,0,0,0,103,0,0
0,0,5,0,0,0,2,127.9858,37.3429,1,0,0,0,36,0,0
0,4,7,1,2,0,7,126.9616,37.5589,0,0,0,0,195,0,0
1,3,0,0,0,1,6,126.912,35.1795,2,0,0,0,137,0,0
1,2,2,1,1,0,2,128.7757,36.5714,1,0,0,0,66,0,0
0,3,0,0,0,0,4,126.8534,37.2788,0,0,0,0,2,0,0
1,3,0,1,1,0,2,126.7631,35.2945,1,0,0,0,146,0,0
0,1,0,0,0,0,8,127.9311,37.0679,0,0,0,0,6,0,0
1,1,0,0,0,0,1,129.2942,35.6721,0,0,0,0,100,0,0
0,6,2,0,0,5,3,126.5034,34.7393,0,0,1,0,16,0,0
1,1,0,0,0,1,1,126.8168,36.2504,0,0,0,0,129,0,0
1,5,0,0,0,9,1,129.3003,36.4291,0,0,1,0,54,0,0
1,6,0,0,0,0,1,128.4512,35.6426,0,0,1,0,30,0,0
1,4,7,1,1,1,7,128.4062,34.9037,0,0,0,0,212,0,0
1,3,5,0,0,1,9,127.1117,37.6796,0,0,0,0,70,0,0
0,5,0,1,1,0,1,127.3148,36.3375,0,0,1,0,148,0,0
0,4,0,0,0,4,1,128.6238,35.984,0,0,0,0,26,0,0
0,2,0,0,0,6,1,127.3056,38.1487,0,0,0,0,184,0,0
1,3,0,2,4,1,2,126.6963,37.4203,0,0,0,0,35,0,0
1,3,6,1,1,6,2,128.6056,35.2552,0,0,0,0,86,0,0
1,2,0,0,0,1,1,128.1772,36.1287,0,0,0,0,76,0,0
1,2,0,0,0,4,1,128.7294,36.9034,0,0,0,0,149,0,0
0,0,0,1,2,0,1,127.0614,37.9464,0,0,0,0,94,0,0
1,0,7,1,1,0,7,127.0891,34.7651,0,0,0,0,122,0,0
0,0,3,0,0,2,3,126.5429,36.2757,0,0,0,0,136,0,0
0,6,5,0,0,0,2,127.0158,36.7469,1,0,1,0,53,0,0
0,6,0,0,0,0,2,127.8841,34.944,1,0,1,0,197,0,0
0,0,0,0,0,1,1,126.4353,37.7006,0,0,0,0,92,0,0
1,3,5,0,0,4,3,127.4727,37.6456,0,0,0,0,176,0,0
1,3,0,2,4,0,4,126.6684,37.5075,0,0,0,0,97,0,0
1,1,7,1,1,1,7,126.6697,36.6015,0,0,0,0,38,0,0
1,6,6,1,1,0,4,129.2178,35.2359,0,0,1,0,85,0,0
1,4,3,0,0,6,11,128.9005,35.1724,0,0,0,0,206,0,0
1,4,0,0,0,0,1,128.6988,35.9794,0,0,0,0,26,0,0
1,4,8,1,1,1,7,127.3406,35.3623,0,0,0,0,193,0,0
1,3,0,2,4,1,1,127.37,35.301,0,0,0,0,147,0,0
1,3,2,0,0,0,5,128.1281,35.1806,0,0,0,0,42,0,0
1,5,0,0,0,0,1,127.4173,36.6932,0,0,1,0,83,0,0
0,5,6,1,1,4,6,126.9821,37.4854,0,0,1,0,214,0,0
1,2,0,0,0,0,1,128.8559,35.1278,1,0,0,0,206,0,0
0,6,0,0,0,0,3,127.143,37.3298,0,0,1,0,51,0,0
1,4,0,0,0,0,1,127.2164,37.587,0,0,0,0,70,0,0
1,4,0,0,0,6,1,127.3713,37.1635,0,0,0,0,51,0,0
1,3,8,1,1,1,4,128.5599,36.5831,0,0,0,0,66,0,0
0,1,0,0,0,0,1,127.2118,36.459,1,0,0,0,19,0,0
0,3,0,0,0,0,4,127.4384,36.9062,0,0,0,0,60,0,0
0,4,5,1,1,0,2,126.9153,35.1626,0,0,0,0,137,0,0
1,1,0,0,0,6,1,128.5797,35.8366,0,0,0,0,145,0,0
1,3,0,0,0,1,4,127.1806,37.6513,0,0,0,0,70,0,0
0,5,0,1,1,0,5,126.9365,36.9813,0,0,1,0,14,0,0
1,0,3,1,2,4,2,128.5919,35.211,0,0,0,0,86,0,0
0,6,0,0,0,0,1,129.2557,35.9967,0,0,1,0,100,0,0
0,6,0,1,1,1,1,129.2419,35.5184,0,0,1,0,17,0,0
0,5,0,0,0,0,1,127.1257,37.458,0,0,1,0,95,0,0
0,5,2,0,0,0,1,126.9995,37.4261,0,0,1,0,227,0,0
1,2,9,0,0,1,11,127.7528,34.9317,0,0,0,0,130,0,0
0,1,2,1,1,0,2,127.0651,37.5052,1,0,0,0,89,0,0
1,5,0,0,0,0,1,128.8878,36.0571,1,0,1,0,5,0,0
1,3,0,0,0,1,3,126.8735,37.2355,0,0,0,0,50,0,0
1,4,0,0,0,4,3,126.7044,37.4139,0,0,0,0,29,0,0
0,5,0,0,0,2,4,126.9051,37.5324,0,0,1,0,150,0,0
0,6,0,1,1,1,1,128.4169,37.8276,0,0,1,0,82,0,0
1,5,7,1,1,6,3,127.2415,38.1631,0,0,1,0,184,0,0
1,5,5,0,0,0,3,127.2099,38.1063,0,0,1,0,171,0,0
1,6,0,0,0,4,4,127.41,37.726,1,0,1,0,176,0,0
1,3,0,1,1,4,6,128.3622,35.0497,0,0,0,0,87,0,0
1,0,0,0,0,1,1,127.7114,36.8789,0,0,0,0,110,0,0
0,2,0,0,0,6,1,126.7601,35.1514,0,0,0,0,135,0,0
0,6,0,0,0,6,1,129.3511,35.5606,0,0,1,0,205,0,0
1,3,8,1,1,1,3,126.4526,34.7715,1,0,0,0,16,0,0
1,6,5,0,0,1,3,126.6354,34.4205,0,0,1,0,119,0,0
1,5,6,1,1,1,6,126.7362,37.347,2,0,1,0,73,0,0
0,5,0,0,0,0,1,126.7887,35.1269,0,0,1,0,135,0,0
1,6,0,0,0,0,2,127.6832,37.8846,0,0,1,0,111,0,0
0,1,0,0,0,0,1,126.4822,36.7471,0,0,0,0,69,0,0
0,0,0,0,0,6,1,126.4777,35.4186,0,0,0,0,127,0,0
0,5,0,2,4,0,11,126.6789,37.4859,0,0,1,0,97,0,0
0,0,0,0,0,6,1,128.1447,35.4197,0,0,0,0,133,0,0
1,6,0,0,0,1,1,127.6745,34.7647,0,0,1,0,102,0,0
1,5,0,0,0,4,1,126.4266,36.9496,0,0,1,0,69,0,0
0,4,0,2,4,0,12,126.9503,35.9711,1,0,0,0,125,0,0
0,4,0,0,0,1,1,127.1925,34.576,0,0,0,0,191,0,0
0,2,0,0,0,1,1,128.2985,37.1799,0,0,1,0,114,0,0
1,3,3,0,0,1,8,128.898,36.2366,0,0,0,0,203,0,0
0,0,5,0,0,0,9,128.5617,35.9331,0,0,0,0,112,0,0
0,0,6,1,1,3,2,126.9208,36.9886,1,0,0,0,14,0,0
1,0,5,0,0,1,9,126.5315,36.8848,0,0,0,0,46,0,0
1,0,0,0,0,2,5,128.6417,35.886,0,0,0,0,26,0,0
0,3,0,0,0,0,8,126.8009,37.0429,0,0,0,0,50,0,0
1,4,5,0,0,2,9,126.9343,37.0651,0,0,0,0,50,0,0
1,4,6,1,2,0,2,128.3449,36.1333,0,0,0,0,144,0,0
0,1,0,0,0,0,1,127.6874,37.5593,0,0,0,0,48,0,0
0,1,0,1,2,4,1,128.6247,35.8461,0,0,0,0,37,0,0
0,5,5,0,0,7,3,126.9259,37.3551,0,0,1,0,126,0,0
1,2,0,1,1,1,3,127.2341,36.4006,1,0,0,0,19,0,0
0,6,0,1,1,1,1,126.8072,35.7157,0,0,1,0,185,0,0
1,1,0,1,1,1,3,127.9201,36.9544,0,0,0,0,6,0,0
0,3,5,0,0,6,2,127.4964,36.1198,1,0,0,0,68,0,0
1,0,0,0,0,0,1,129.3543,36.0588,2,0,0,0,160,0,0
0,5,8,1,1,0,6,126.7772,35.0359,2,0,1,0,33,0,0
1,3,0,0,0,6,1,127.2631,37.5364,0,0,0,0,70,0,0
1,0,4,0,0,1,4,126.1475,36.7766,0,0,0,0,169,0,0
1,6,0,0,0,1,4,127.793,36.462,0,0,1,0,32,0,0
1,4,0,0,0,5,1,127.5423,35.4758,0,0,0,0,155,0,0
0,4,5,0,0,0,2,127.1927,36.6796,0,0,0,0,232,0,0
0,5,5,0,0,0,2,128.8235,37.8765,1,0,1,0,194,0,0
1,6,6,1,1,4,2,127.5932,37.1138,0,0,1,0,41,0,0
0,6,0,0,0,0,4,129.0807,35.1895,0,0,1,0,221,0,0
0,5,0,0,0,0,9,128.4682,35.85,0,0,1,0,30,0,0
0,2,5,1,2,4,2,126.9974,37.4736,0,0,0,0,214,0,0
0,2,5,0,0,4,2,127.0594,38.0299,0,0,0,0,106,0,0
1,2,0,0,3,1,5,128.7089,35.3379,0,0,0,0,86,0,0
1,2,0,0,0,0,9,128.6684,35.2189,0,0,0,0,86,0,0
1,2,0,0,0,1,5,127.3156,34.7828,0,0,0,0,191,0,0
0,4,5,1,2,0,3,126.8508,35.1922,1,0,0,0,135,0,0
0,6,0,1,1,0,5,126.6167,33.5299,0,0,1,0,90,0,0
1,4,0,0,0,4,1,128.4648,35.4582,0,0,0,0,211,0,0
1,3,8,1,1,0,4,126.2091,33.259,0,0,0,0,62,0,0
0,6,0,0,0,0,4,128.5801,35.9817,0,0,1,0,21,0,0
0,3,5,0,0,4,6,126.9193,37.4726,0,0,0,0,188,0,0
0,6,3,0,0,0,2,127.9432,37.3572,0,0,1,0,36,0,0
1,4,0,0,0,6,1,126.8528,35.2148,0,0,0,0,135,0,0
1,3,6,1,1,0,7,128.9979,35.1514,0,0,0,0,120,0,0
0,0,0,1,1,0,6,126.9961,37.2618,0,0,0,0,99,0,0
1,5,0,0,0,3,1,127.3545,35.3158,0,0,1,0,147,0,0
1,6,0,0,0,0,4,126.9892,36.8995,0,0,1,0,53,0,0
1,6,5,0,0,4,4,127.4654,37.5859,0,0,1,0,176,0,0
1,1,0,0,0,1,1,126.6126,34.3743,0,0,0,0,119,0,0
1,2,0,1,2,1,3,129.3141,35.7576,0,0,0,0,100,0,0
1,5,5,2,4,9,4,126.8119,37.0626,0,0,1,0,50,0,0
1,6,7,1,1,4,6,126.7017,36.0804,0,0,1,0,10,0,0
0,3,0,0,0,1,6,127.0621,37.044,0,0,0,0,14,0,0
1,2,5,1,2,4,2,129.4398,36.4964,0,0,0,0,54,0,0
1,2,0,1,1,6,2,127.5842,36.7959,0,0,0,0,138,0,0
1,1,0,1,2,0,6,126.8976,37.4664,2,0,0,0,109,0,0
1,6,3,0,0,4,2,128.117,36.1376,0,0,1,0,76,0,0
0,0,0,0,0,0,1,126.8361,37.3439,0,0,0,0,2,0,0
0,6,0,0,0,0,8,127.2686,35.0557,0,0,1,0,27,0,0
0,4,2,1,1,1,5,126.6929,36.2952,0,0,0,0,129,0,0
1,3,0,0,0,0,1,128.6137,37.7631,0,0,1,0,24,0,0
1,2,0,0,0,0,1,127.1201,37.4406,0,0,0,0,95,0,0
1,1,7,1,1,1,6,126.5713,36.5186,0,0,0,0,38,0,0
0,5,6,1,1,0,4,129.0256,35.2111,0,0,1,0,118,0,0
1,5,0,1,1,0,4,127.975,35.0091,0,0,1,0,57,0,0
0,1,0,1,1,1,5,128.56,36.9289,0,0,0,0,113,0,0
1,5,6,1,1,4,3,126.7833,36.9452,0,0,1,0,46,0,0
0,5,0,0,0,0,3,128.1036,35.1704,0,0,1,0,42,0,0
1,3,0,0,0,6,3,126.4296,36.9423,0,0,0,0,69,0,0
1,1,0,0,0,7,1,127.0666,37.9827,0,0,0,0,106,0,0
1,0,0,1,1,0,2,127.0115,37.5026,1,0,0,0,214,0,0
1,5,0,0,0,4,1,128.6029,35.2111,0,0,1,0,86,0,0
1,3,0,0,0,1,1,128.3474,35.5501,0,0,0,0,133,0,0
0,2,0,0,0,4,1,129.4349,35.7669,0,0,1,0,100,0,0
1,6,0,0,0,7,1,127.1844,37.5213,0,0,1,0,67,0,0
1,6,5,0,0,0,2,127.8388,34.9795,0,0,1,0,172,0,0
1,0,0,0,0,0,11,127.1436,37.6832,0,0,0,0,70,0,0
0,6,0,0,0,4,2,127.4849,36.6269,0,0,1,0,83,0,0
1,0,0,0,0,1,5,128.3935,35.5835,0,0,0,0,211,0,0
1,0,0,0,0,0,1,126.9551,35.996,0,0,0,0,125,0,0
0,0,0,0,0,1,1,127.3765,36.4044,0,0,0,0,148,0,0
1,3,6,1,1,0,3,126.6064,37.4498,0,0,0,0,72,0,0
1,1,6,1,1,4,2,128.5595,36.8435,0,0,0,0,113,0,0
0,6,0,1,1,4,2,128.4106,36.0922,0,0,1,0,144,0,0
1,1,0,0,0,0,1,126.2988,33.2318,0,0,0,0,62,0,0
1,0,0,0,0,4,1,129.0524,35.166,0,0,0,0,231,0,0
1,4,5,0,0,0,4,126.7415,36.538,0,0,0,0,187,0,0
0,3,0,0,0,4,1,126.8905,36.276,0,0,0,0,129,0,0
1,5,9,0,0,1,2,126.6077,36.5863,1,0,1,0,38,0,0
0,5,5,0,0,5,2,128.5718,35.9036,1,0,1,0,112,0,0
1,3,0,0,0,9,1,127.8009,37.7084,0,0,0,0,82,0,0
0,4,6,0,0,0,7,128.6528,35.2298,0,0,0,0,86,0,0
0,1,5,0,0,0,7,126.3958,35.0294,0,0,0,0,101,0,0
1,2,0,0,0,6,1,127.9051,37.4882,0,0,0,0,31,0,0
1,0,0,0,0,0,3,127.0907,36.8484,0,0,0,0,53,0,0
1,0,0,0,0,6,1,127.4852,36.1076,0,0,0,0,68,0,0
1,5,0,1,2,4,11,129.4133,35.9948,0,0,1,0,160,0,0
1,5,8,1,1,0,3,126.5925,34.9592,0,0,1,0,33,0,0
0,6,0,0,0,4,1,128.6917,35.8279,0,0,1,0,37,0,0
1,3,7,1,1,1,2,126.5932,36.8402,1,0,0,0,46,0,0
1,2,0,1,1,2,4,129.2749,35.9875,0,0,1,0,100,0,0
0,2,0,0,0,0,1,126.5435,33.4815,2,0,1,0,90,0,0
1,6,0,0,0,6,1,129.2611,35.8504,0,0,1,0,100,0,0
0,5,0,0,0,2,1,127.1374,37.3995,0,0,1,0,95,0,0
1,2,5,1,1,0,9,128.6188,36.2859,0,0,0,0,105,0,0
1,2,7,1,2,1,5,127.1445,35.37,0,0,0,0,131,0,0
0,1,0,0,0,1,11,128.2748,36.0652,0,0,0,0,76,0,0
1,1,0,1,1,6,5,128.4382,35.8617,0,0,0,0,30,0,0
0,0,0,0,0,0,1,130.9053,37.4788,1,0,0,0,97,0,0
1,1,0,0,0,5,1,128.1407,37.5049,0,0,0,0,31,0,0
1,6,6,1,1,2,3,126.9751,36.0069,0,0,1,0,125,0,0
0,6,0,0,0,0,1,128.6324,35.2206,0,0,1,0,86,0,0
0,6,0,0,0,0,1,127.5179,37.4922,0,0,1,0,48,0,0
0,6,5,0,0,0,3,128.6272,35.8782,1,0,1,0,26,0,0
0,5,0,0,0,4,6,128.3278,36.1371,0,0,1,0,144,0,0
0,4,5,0,0,0,4,127.9972,37.344,0,0,0,0,36,0,0
0,3,2,0,0,0,1,126.295,35.0781,1,0,0,0,101,0,0
1,6,0,0,0,4,2,127.7832,37.9667,0,0,1,0,111,0,0
0,5,0,0,0,0,1,126.8724,37.289,0,0,1,0,2,0,0
0,4,0,0,0,1,1,126.8239,35.217,0,0,0,0,135,0,0
1,2,0,0,0,1,4,128.7089,35.8723,0,0,0,0,26,0,0
0,1,0,1,2,0,2,127.1411,36.8257,0,0,0,0,63,0,0
1,2,0,0,0,4,1,128.3507,35.0156,0,0,0,0,87,0,0
1,1,8,1,1,1,7,126.0442,34.8852,0,0,0,0,132,0,0
0,0,0,0,0,1,3,126.5678,34.8186,0,0,0,0,16,0,0
0,6,0,0,0,4,1,127.0372,37.9076,0,0,1,0,94,0,0
1,4,6,1,1,4,6,128.9017,37.7586,0,0,0,0,194,0,0
1,4,10,1,2,6,2,126.6462,36.5556,0,0,0,0,38,0,0
0,4,7,1,1,1,2,127.5599,36.9717,0,0,0,0,110,0,0
1,1,0,1,1,0,4,126.9022,35.2226,0,0,0,0,137,0,0
1,2,5,2,0,0,6,126.7784,37.4939,1,0,0,0,65,0,0
0,0,0,0,0,1,3,128.6778,36.3527,0,0,0,0,105,0,0
1,5,0,0,0,0,1,126.7939,35.0889,0,0,1,0,135,0,0
0,0,6,1,1,0,6,127.6788,34.7497,1,0,0,0,102,0,0
0,2,6,1,1,0,4,127.6154,36.5982,0,0,0,0,83,0,0
0,6,0,0,0,0,1,126.6747,37.5481,1,0,1,0,97,0,0
1,6,6,1,1,0,6,126.917,37.5683,1,0,1,0,195,0,0
0,3,7,1,1,0,4,127.1231,35.818,0,0,0,0,11,0,0
0,2,0,0,0,0,1,127.6082,37.1152,0,0,0,0,41,0,0
1,1,0,1,2,1,1,126.56,34.7249,0,0,0,0,16,0,0
0,0,5,0,0,7,3,129.0887,35.2255,0,0,0,0,96,0,0
1,4,6,1,1,4,6,126.7581,37.6715,0,0,0,0,40,0,0
1,0,6,1,1,0,7,128.3195,34.9815,0,0,0,0,87,0,0
0,1,0,0,0,4,1,128.1067,35.5419,0,0,0,0,133,0,0
1,1,0,0,0,1,8,126.6983,34.8171,0,0,0,0,16,0,0
0,5,0,0,0,0,5,126.9026,35.1585,0,0,1,0,137,0,0
1,4,0,0,0,1,6,128.8718,35.2447,0,0,0,0,13,0,0
1,3,0,0,0,2,2,127.6419,35.1708,0,0,1,0,172,0,0
0,2,0,1,1,0,2,128.9295,35.9661,0,0,0,0,5,0,0
1,2,5,0,0,0,3,126.5151,35.3012,0,0,0,0,127,0,0
1,2,0,1,1,2,4,128.6666,35.2501,0,0,1,0,86,0,0
1,1,5,0,0,0,3,127.0085,35.7798,0,0,0,0,34,0,0
1,0,0,1,1,0,5,128.6108,35.829,0,0,0,0,37,0,0
1,6,5,0,0,0,2,126.8798,37.6314,0,0,1,0,40,0,0
0,5,0,0,0,6,1,128.0967,36.1257,0,0,1,0,76,0,0
1,6,0,0,0,0,1,126.9409,36.4952,0,0,1,0,19,0,0
1,4,5,0,0,0,3,128.165,36.9394,1,0,0,0,103,0,0
0,2,6,1,1,6,7,127.2437,37.6559,0,0,0,0,70,0,0
0,4,0,0,0,0,1,126.9022,37.1394,0,0,0,0,50,0,0
0,4,0,0,0,1,1,126.5561,35.296,0,0,0,0,127,0,0
0,4,0,1,1,6,2,129.0909,35.2443,0,0,0,0,96,0,0
1,0,0,0,0,2,6,127.3496,36.3043,0,0,0,0,4,0,0
1,6,0,0,0,7,1,127.4253,36.3745,0,0,1,0,77,0,0
1,6,0,1,1,1,5,128.6228,36.8102,0,0,1,0,113,0,0
1,5,5,2,0,0,2,127.4095,36.3418,1,0,1,0,39,0,0
1,4,0,0,0,4,1,128.7259,35.3731,0,0,0,0,177,0,0
1,0,3,0,0,0,7,126.5474,33.2543,0,0,0,0,62,0,0
0,5,5,1,2,0,4,126.3583,36.4921,0,0,1,0,169,0,0
1,5,0,0,0,1,1,127.1118,35.9618,0,0,1,0,28,0,0
1,1,6,1,1,6,3,127.0062,35.777,0,0,0,0,34,0,0
1,1,0,0,0,0,1,126.7845,37.6292,0,0,0,0,40,0,0
1,4,5,0,0,1,9,126.7986,36.4702,1,0,0,0,174,0,0
1,4,0,0,0,9,1,126.6015,34.8569,0,0,0,0,16,0,0
1,3,0,1,2,4,6,127.4569,36.317,0,0,0,0,80,0,0
1,1,7,1,1,1,9,127.0841,36.2353,0,0,0,0,61,0,0
1,5,0,0,0,0,3,127.5775,34.9195,1,0,1,0,130,0,0
1,5,5,0,0,0,2,128.8383,37.7268,1,0,1,0,194,0,0
1,5,0,0,3,1,5,129.1073,35.1804,0,0,1,0,221,0,0
1,2,0,1,2,0,9,129.4326,36.1008,0,0,1,0,160,0,0
0,2,7,1,1,0,2,126.8653,35.2141,1,0,1,0,137,0,0
1,1,0,0,0,2,5,127.1079,35.8191,0,0,0,0,11,0,0
1,5,0,0,0,9,1,126.6706,34.44,0,0,1,0,119,0,0
0,1,5,0,3,0,2,129.124,35.1739,0,0,0,0,1,0,0
1,6,0,0,0,0,2,126.5501,36.8819,0,0,1,0,46,0,0
0,3,0,0,0,0,1,129.241,35.5692,1,0,0,0,17,0,0
1,4,0,0,0,3,5,126.9831,37.4717,0,0,0,0,188,0,0
0,4,0,0,0,1,3,127.887,37.0693,0,0,0,0,6,0,0
0,5,0,0,0,0,1,128.0049,36.7555,0,0,1,0,179,0,0
1,6,0,0,0,5,1,127.132,37.4275,0,0,1,0,95,0,0
1,0,0,0,3,2,5,127.4413,36.6269,0,0,0,0,83,0,0
0,5,6,1,1,0,2,126.8203,37.6286,0,0,1,0,40,0,0
1,6,3,0,0,4,2,127.1666,35.9237,0,0,1,0,28,0,0
0,3,0,1,1,2,1,127.3014,38.1331,0,0,0,0,184,0,0
1,4,6,1,1,6,2,128.5566,35.9372,0,0,0,0,112,0,0
1,0,5,0,0,1,6,126.9597,37.2095,2,0,0,0,50,0,0
0,3,5,0,0,1,2,128.473,38.2125,0,0,0,0,217,0,0
1,3,5,0,0,6,2,127.6319,36.1655,0,0,0,0,75,0,0
1,4,0,0,0,2,1,127.8085,34.9847,2,0,0,0,172,0,0
1,2,0,0,0,6,1,126.8563,37.4884,0,0,0,0,79,0,0
1,2,0,0,0,4,1,128.475,38.3831,0,0,0,0,217,0,0
0,1,5,0,0,1,2,128.3473,35.4356,0,0,0,0,189,0,0
1,1,6,0,0,1,7,128.5374,35.8545,0,0,0,0,20,0,0
0,6,0,2,4,0,1,126.6621,37.5924,0,0,1,0,97,0,0
0,6,0,0,0,0,1,127.1019,37.234,0,0,1,0,51,0,0
1,3,0,0,0,0,1,128.447,35.8003,1,0,0,0,30,0,0
0,2,0,2,0,0,1,127.0694,37.737,0,0,0,0,64,0,0
1,0,0,1,1,0,3,127.4853,34.9099,0,0,0,0,27,0,0
1,0,0,0,0,0,1,129.0635,36.6694,0,0,0,0,128,0,0
1,0,0,0,0,1,8,126.8965,35.5269,0,0,0,0,12,0,0
0,5,0,0,0,0,1,127.1596,35.9112,1,0,1,0,28,0,0
1,3,5,0,0,0,2,126.7482,37.7394,1,0,0,0,175,0,0
0,1,5,0,0,0,3,127.1195,35.7026,0,0,0,0,28,0,0
0,1,0,0,0,0,3,126.6715,37.4519,1,0,0,0,29,0,0
0,0,0,1,2,0,2,127.4501,36.606,0,0,0,0,83,0,0
1,0,7,1,1,1,5,127.5881,34.9706,0,0,0,0,130,0,0
0,0,8,1,1,1,4,127.1404,35.8732,0,0,0,0,11,0,0
1,1,0,0,0,1,6,129.0941,35.2829,0,0,0,0,96,0,0
1,5,0,0,0,4,4,127.65,37.1185,0,0,1,0,110,0,0
0,5,0,0,0,0,9,126.7165,34.3807,0,0,1,0,141,0,0
0,5,0,0,0,1,1,127.1746,37.866,1,0,1,0,171,0,0
1,5,0,0,0,2,1,126.2831,34.5766,0,0,1,0,71,0,0
0,3,5,0,0,0,6,128.712,35.5287,1,0,0,0,177,0,0
1,0,5,1,2,0,2,129.0458,35.1179,1,0,0,0,209,0,0
0,6,0,0,0,0,1,126.8985,37.3024,0,0,1,0,2,0,0
0,6,6,1,1,4,2,128.5449,35.8435,0,0,1,0,20,0,0
0,3,0,0,0,0,9,127.6252,34.9603,0,0,0,0,130,0,0
0,2,0,0,0,0,1,126.8449,35.176,0,0,1,0,137,0,0
1,1,6,1,1,6,3,127.4297,36.3302,0,0,0,0,80,0,0
1,6,0,0,0,0,1,128.2492,36.1596,0,0,1,0,76,0,0
0,3,0,0,0,0,3,128.5248,35.8593,0,0,0,0,20,0,0
0,6,0,0,0,0,3,127.1531,35.7484,1,0,1,0,28,0,0
0,0,0,0,0,0,1,126.8788,37.4752,0,0,0,0,109,0,0
1,3,5,0,0,7,2,128.6206,36.8253,0,0,0,0,113,0,0
1,4,6,1,2,4,3,128.9243,35.1135,0,0,0,0,206,0,0
0,1,0,0,0,1,5,127.3737,36.6525,0,0,0,0,83,0,0
0,1,0,1,1,7,3,126.7706,37.3402,0,0,0,0,2,0,0
1,0,6,1,1,3,4,126.7717,37.6,0,0,0,0,47,0,0
1,5,5,0,3,2,3,126.6638,37.5478,0,0,1,0,97,0,0
1,2,5,0,0,0,3,128.7344,35.7445,1,0,0,0,52,0,0
1,2,0,0,0,0,5,128.3464,36.0453,0,0,0,0,21,0,0
1,1,2,1,1,0,2,126.6733,35.6001,1,0,0,0,185,0,0
0,4,0,0,0,6,1,129.0265,35.3074,0,0,0,0,49,0,0
1,2,6,1,1,6,3,129.2144,35.8535,1,0,0,0,100,0,0
1,2,0,0,0,4,1,126.8451,36.6427,0,0,0,0,187,0,0
1,0,0,0,0,4,1,126.1752,36.6934,0,0,0,0,169,0,0
1,5,0,0,0,2,1,126.4431,34.7445,0,0,1,0,16,0,0
0,5,0,0,0,0,1,128.9285,35.094,0,0,1,0,206,0,0
1,5,5,0,0,6,2,126.8804,37.5239,0,0,1,0,150,0,0
0,0,0,0,0,6,7,127.0311,37.2094,0,0,0,0,50,0,0
0,0,0,0,0,0,1,128.1063,36.131,0,0,0,0,76,0,0
1,5,0,1,1,0,2,129.2062,35.7479,1,0,1,0,100,0,0
0,5,5,1,1,0,3,126.8491,37.316,0,0,1,0,2,0,0
1,3,0,0,0,0,7,126.8713,37.4739,0,0,0,0,81,0,0
0,2,0,0,0,1,1,126.5097,34.4938,0,0,0,0,119,0,0
0,4,0,0,0,0,1,127.6483,37.1162,1,0,0,0,110,0,0
1,0,0,0,0,1,11,126.3323,33.279,0,0,0,0,62,0,0
1,5,0,0,0,4,1,126.2916,34.5118,0,0,1,0,71,0,0
1,5,0,0,0,0,5,128.5424,35.9107,0,0,1,0,112,0,0
0,5,5,0,0,0,3,126.8309,37.5146,0,0,1,0,140,0,0
0,4,6,1,1,0,4,127.471,36.6155,0,0,0,0,83,0,0
0,2,0,2,0,0,1,128.5974,34.8896,0,0,1,0,15,0,0
0,2,0,1,1,2,1,127.9938,35.5331,2,0,0,0,133,0,0
0,1,0,0,0,0,1,127.6025,37.0477,1,0,0,0,110,0,0
0,1,0,0,0,0,1,126.8382,37.3966,0,0,0,0,73,0,0
0,5,5,0,0,0,3,128.6927,35.3855,1,0,1,0,177,0,0
0,4,2,0,0,0,2,128.0379,34.9525,0,0,0,0,57,0,0
0,2,0,0,0,0,1,127.7813,34.644,0,0,0,0,102,0,0
1,2,0,1,2,1,5,128.4142,36.5759,0,0,0,0,55,0,0
1,2,0,1,2,0,4,127.4893,37.4973,0,0,0,0,48,0,0
1,0,0,0,0,0,5,128.4189,34.8438,0,0,0,0,212,0,0
1,6,5,1,2,0,4,129.3348,35.5389,0,0,1,0,213,0,0
0,6,0,0,0,0,1,129.1868,35.5561,0,0,1,0,17,0,0
0,5,0,0,0,0,3,128.7558,35.8384,0,0,1,0,52,0,0