주야,요일,법규위반,도로형태_대분류,도로형태,당사자종별_1당_대분류,당사자종별_2당_대분류,경도,위도,사고피해정도,도시여부,주말/공휴일,인구수,발생지번호,보행자의위치,무단횡단여부
1,5,6,1,1,6,6,126.3046,36.7477,0,0,1,0,169,0,0
0,3,5,0,0,6,4,127.018,36.1761,0,0,0,0,61,0,0
1,4,0,0,0,1,1,128.8505,35.758,0,0,0,0,52,0,0
0,3,0,0,0,2,1,126.87,35.5748,0,0,0,0,12,0,0
0,5,0,1,2,6,3,127.8292,37.3234,0,0,1,0,36,0,0
0,4,0,0,0,1,1,128.4901,35.5305,0,0,0,0,211,0,0
0,6,5,0,0,0,2,126.8426,37.5431,1,0,1,0,43,0,0
0,5,0,0,0,0,1,128.355,34.9926,0,0,1,0,87,0,0
1,4,0,1,1,6,2,126.8951,35.2773,0,0,0,0,181,0,0
1,5,5,0,0,4,6,128.9413,36.4622,0,0,1,0,66,0,0
0,1,0,0,0,6,1,128.3904,36.5408,0,0,0,0,55,0,0
1,1,0,0,0,1,7,126.6205,37.7062,0,0,0,0,47,0,0
1,2,0,0,0,9,1,127.5136,37.3587,0,0,0,0,22,0,0
0,3,0,0,0,0,1,127.6533,36.6309,0,0,0,0,83,0,0
0,0,0,0,0,0,1,126.9373,36.156,0,0,0,0,129,0,0
1,1,0,0,0,0,1,128.9076,36.2106,1,0,0,0,203,0,0
1,0,5,0,0,0,6,127.6899,36.0177,1,0,0,0,182,0,0
0,5,0,0,0,0,1,127.6586,34.9612,1,0,1,0,130,0,0
1,6,0,2,4,4,1,129.1164,35.2853,0,0,1,0,96,0,0
1,4,6,1,1,2,2,126.751,37.6691,0,0,0,0,40,0,0
0,2,5,0,0,0,2,128.8928,37.7701,2,0,1,0,194,0,0
1,3,0,1,2,2,5,127.7365,37.8635,0,0,0,0,111,0,0
1,0,5,0,0,1,3,128.4182,36.0045,0,0,0,0,21,0,0
1,1,0,1,2,1,5,126.387,34.8039,0,0,0,0,153,0,0
1,1,0,0,0,0,1,127.656,36.8765,0,0,0,0,110,0,0
1,5,0,2,4,0,3,126.9186,37.6796,0,0,1,0,59,0,0
1,2,0,1,2,1,11,127.2141,37.6349,1,0,0,0,70,0,0
1,6,0,0,0,0,1,128.5062,35.7988,0,0,1,0,30,0,0
1,2,0,1,2,0,8,126.1938,33.2753,0,0,0,0,62,0,0
0,2,0,0,0,0,2,127.1206,36.6087,0,0,1,0,19,0,0
0,4,6,1,1,0,6,126.9734,37.2596,2,0,0,0,99,0,0
1,6,0,0,0,0,1,126.8399,37.4747,0,0,1,0,81,0,0
1,4,0,1,1,1,6,126.4732,34.7628,0,0,0,0,16,0,0
1,4,0,0,0,7,1,126.7261,35.0305,0,0,0,0,33,0,0
1,1,0,0,0,0,1,128.34,35.8416,0,0,0,0,168,0,0
1,5,9,0,0,7,3,128.8519,35.2045,0,0,1,0,13,0,0
0,1,0,0,3,0,2,127.2623,37.003,0,0,0,0,23,0,0
1,0,0,0,0,1,4,126.4935,35.1408,0,0,0,0,157,0,0
0,6,0,0,0,0,1,127.9835,37.7899,0,0,1,0,82,0,0
1,5,0,1,2,6,1,129.401,36.5654,0,0,1,0,54,0,0
1,2,0,0,0,0,3,127.0071,37.5712,0,0,0,0,116,0,0
1,4,0,1,2,0,1,129.078,35.1996,0,0,0,0,216,0,0
1,3,0,0,0,1,11,127.747,37.1026,1,0,0,0,6,0,0
0,2,0,1,2,0,3,129.0857,35.996,2,0,0,0,5,0,0
0,1,0,0,0,0,1,128.3521,36.0778,0,0,0,0,144,0,0
0,0,0,0,0,0,1,127.4284,36.3447,0,0,0,0,80,0,0
0,5,5,0,0,0,2,126.8801,35.2411,1,0,1,0,137,0,0
1,1,0,0,0,1,1,127.955,36.1618,0,0,0,0,75,0,0
1,1,5,0,0,0,6,127.4814,36.6184,2,0,0,0,83,0,0
1,6,0,0,0,0,1,127.3165,37.4695,0,0,1,0,9,0,0
0,5,0,0,0,0,3,127.466,36.6638,1,0,1,0,83,0,0
1,0,0,0,0,4,2,127.6331,34.7919,0,0,1,0,102,0,0
0,0,5,1,2,0,2,127.1469,37.3725,0,0,1,0,95,0,0
1,3,0,1,1,0,7,129.2117,35.8426,0,0,0,0,100,0,0
1,1,0,0,0,0,1,127.1693,37.2412,0,0,0,0,51,0,0
1,1,0,0,0,4,1,126.3694,35.1776,0,0,0,0,127,0,0
1,3,0,0,0,1,5,128.5798,35.946,0,0,0,0,112,0,0
0,2,0,1,2,0,2,126.9012,37.4122,0,0,0,0,151,0,0
0,1,5,0,0,0,2,126.9912,36.7975,1,0,1,0,53,0,0
1,2,0,0,0,1,5,129.0028,35.2102,0,0,0,0,118,0,0
1,3,0,0,0,9,1,126.7267,36.4756,0,0,0,0,174,0,0
0,3,0,0,0,1,8,127.6675,37.5243,0,0,0,0,48,0,0
0,2,0,0,0,4,1,127.0296,37.5164,0,0,0,0,89,0,0
0,4,0,0,0,0,1,126.8026,37.5324,0,0,0,0,65,0,0
0,5,0,0,0,0,2,126.8914,35.155,0,0,1,0,222,0,0
0,6,0,0,0,0,3,126.9136,35.1663,1,0,1,0,137,0,0
1,2,0,1,1,1,4,126.4426,35.3731,0,0,0,0,127,0,0
0,0,4,1,1,7,2,127.184,37.71,0,0,0,0,70,0,0
0,4,0,0,3,2,2,128.5553,35.8525,0,0,0,0,20,0,0
1,4,5,0,0,6,2,126.9696,35.3298,0,0,0,0,181,0,0
0,4,0,0,0,1,4,128.696,35.192,0,0,0,0,86,0,0
1,5,5,0,0,0,3,129.3435,35.4936,0,0,1,0,213,0,0
0,4,7,1,1,6,2,127.1172,37.7091,0,0,0,0,70,0,0
0,5,0,0,0,1,1,127.1686,34.8041,0,0,1,0,122,0,0
0,3,0,0,0,1,1,126.6896,35.7299,0,0,0,0,185,0,0
1,4,0,0,0,0,1,126.8156,37.0858,0,0,0,0,50,0,0
0,3,0,0,0,6,1,129.0412,35.3483,0,0,0,0,49,0,0
0,2,0,0,0,0,1,127.6668,34.8269,0,0,0,0,102,0,0
1,3,0,1,1,1,7,128.5966,35.2586,0,0,0,0,86,0,0
0,4,6,1,1,4,2,129.4295,35.5043,0,0,0,0,225,0,0
0,4,0,0,0,0,2,126.9049,37.5355,0,0,0,0,150,0,0
0,3,5,1,2,2,4,126.7553,35.1513,0,0,0,0,135,0,0
1,1,6,1,1,1,3,126.8126,37.6669,0,0,0,0,40,0,0
1,1,6,1,1,4,9,127.0672,36.0694,0,0,0,0,125,0,0
0,3,0,1,2,0,2,127.4833,36.6743,0,0,0,0,83,0,0
0,0,0,1,1,1,1,128.3678,36.4318,0,0,0,0,105,0,0
1,2,5,0,0,4,3,126.8601,35.829,0,0,0,0,34,0,0
1,2,0,0,0,6,9,128.893,35.089,0,0,0,0,206,0,0
1,4,5,1,2,0,6,128.6094,38.1567,1,0,0,0,164,0,0
1,3,0,0,0,0,1,127.0463,36.315,1,0,0,0,19,0,0
0,0,0,0,0,0,2,127.2061,37.258,0,0,0,0,51,0,0
0,2,0,1,1,1,1,128.5111,34.7657,0,0,0,0,212,0,0
1,1,4,0,0,1,3,127.0928,34.8308,0,0,0,0,122,0,0
1,3,0,0,0,0,1,128.649,35.8856,0,0,0,0,26,0,0
1,0,5,0,0,0,3,128.0705,37.7456,1,0,0,0,82,0,0
0,1,0,0,0,2,1,127.1112,35.8393,0,0,0,0,11,0,0
0,0,5,1,2,0,3,126.7234,36.8963,1,0,0,0,46,0,0
1,5,0,0,0,1,8,128.1177,36.0976,1,0,1,0,76,0,0
1,4,0,0,0,0,1,128.3746,36.1918,0,0,0,0,144,0,0
0,6,0,0,0,0,3,127.4819,36.6461,0,0,1,0,83,0,0
0,6,0,1,1,0,1,127.988,34.7237,0,0,1,0,197,0,0
0,5,0,0,0,1,5,126.8321,35.132,0,0,1,0,222,0,0
0,5,0,0,0,2,3,126.8493,37.3118,0,0,1,0,2,0,0
1,0,0,0,0,0,1,126.938,36.487,0,0,0,0,19,0,0
1,2,6,1,1,6,2,128.5244,35.832,0,0,1,0,20,0,0
0,1,0,0,0,0,1,127.1755,35.8909,0,0,0,0,28,0,0
1,2,0,0,0,1,7,126.7442,34.9181,0,0,1,0,33,0,0
0,3,2,1,1,0,6,128.7435,36.564,2,0,0,0,66,0,0
0,3,5,0,0,1,1,127.7307,36.7093,0,0,0,0,179,0,0
1,4,0,0,0,9,1,126.7275,37.2351,0,0,0,0,50,0,0
0,3,0,1,1,0,1,128.1513,36.4238,0,0,0,0,58,0,0
1,3,0,1,1,0,3,126.7937,36.8687,0,0,0,0,46,0,0
1,6,0,1,2,0,5,127.0162,36.0121,0,0,1,0,125,0,0
1,5,5,0,0,4,2,126.2511,36.7644,0,0,1,0,169,0,0
1,3,5,0,0,0,2,128.825,37.7132,1,0,0,0,194,0,0
1,3,5,1,2,1,3,127.9416,35.8745,0,0,0,0,76,0,0
1,3,5,0,0,1,3,126.5554,37.6132,1,0,0,0,47,0,0
1,3,7,1,1,5,4,129.4117,36.0015,0,0,0,0,160,0,0
0,0,7,1,1,2,4,127.2078,37.5493,0,0,0,0,67,0,0
1,6,0,0,0,0,2,127.5104,37.0254,1,0,1,0,110,0,0
0,6,0,0,0,0,1,126.8126,35.0406,0,0,1,0,33,0,0
1,4,0,0,0,4,2,128.372,36.1249,0,0,0,0,144,0,0
1,2,0,0,0,9,1,128.4539,37.4721,0,0,0,0,24,0,0
1,1,5,1,2,4,2,127.0366,37.5782,0,0,0,0,201,0,0
0,0,5,0,0,0,3,126.7984,37.3191,0,0,0,0,2,0,0
0,5,0,0,0,4,3,127.0741,37.5337,0,0,1,0,183,0,0
0,5,0,0,0,2,4,126.1805,36.6979,0,0,1,0,169,0,0
1,5,4,0,0,3,6,127.04,37.2092,0,0,1,0,50,0,0
1,2,7,1,1,0,7,126.7192,35.034,0,0,0,0,33,0,0
0,4,0,0,0,6,3,126.765,37.7543,0,0,0,0,175,0,0
0,1,0,0,0,0,2,126.8947,37.0528,0,0,0,0,14,0,0
0,6,2,0,0,0,3,127.5878,36.0027,0,0,1,0,182,0,0
1,3,0,0,0,1,9,127.6212,35.7106,0,0,0,0,155,0,0
1,1,0,0,0,1,1,129.1945,35.7571,0,0,0,0,100,0,0
1,6,0,0,0,2,6,127.1692,36.7936,2,0,1,0,63,0,0
1,3,6,1,1,0,3,127.6147,36.8301,0,0,0,0,138,0,0
0,5,6,1,1,4,3,128.3175,36.1515,0,0,1,0,144,0,0
1,0,0,0,0,7,1,127.3164,36.6022,0,0,0,0,83,0,0
1,3,0,0,0,0,1,127.5326,36.7105,0,0,0,0,83,0,0
0,3,0,1,1,0,1,126.568,33.4768,0,0,0,0,90,0,0
0,6,0,0,0,9,1,127.3521,37.1654,0,0,1,0,51,0,0
0,4,2,0,0,0,8,127.2265,35.8529,0,0,0,0,28,0,0
0,4,0,0,0,0,11,129.4103,35.9698,0,0,0,0,160,0,0
0,3,0,1,2,0,1,126.259,33.2281,0,0,0,0,62,0,0
1,4,5,0,0,1,7,127.3355,34.5777,0,0,0,0,191,0,0
1,0,0,0,3,3,5,126.9701,37.2908,0,0,0,0,99,0,0
0,1,0,1,1,0,1,128.475,35.842,0,0,0,0,20,0,0
0,6,0,0,0,0,1,127.2609,36.928,0,0,1,0,23,0,0
1,2,0,0,0,9,7,129.2269,35.9902,0,0,0,0,100,0,0
1,6,5,0,0,4,2,126.4434,35.3642,0,0,1,0,127,0,0
1,0,0,0,0,4,1,129.3768,35.561,0,0,0,0,158,0,0
0,3,0,0,0,1,3,126.8918,37.1475,0,0,0,0,50,0,0
0,0,0,2,4,1,1,129.3773,36.0525,0,0,0,0,160,0,0
1,4,0,0,0,1,5,128.094,36.1275,0,0,0,0,76,0,0
1,0,0,0,0,0,1,128.6696,35.9885,0,0,0,0,26,0,0
0,4,0,0,0,0,4,127.1861,37.2368,1,0,0,0,51,0,0
1,1,0,0,0,0,8,127.8537,36.8726,0,0,0,0,179,0,0
1,2,4,1,1,0,7,127.0789,36.7686,0,0,0,0,53,0,0
1,2,0,0,0,0,5,126.7375,37.4196,0,0,0,0,29,0,0
1,0,0,0,0,0,4,126.8473,36.5291,0,0,0,0,174,0,0
1,0,6,1,1,4,2,126.7895,37.532,0,0,0,0,65,0,0
0,0,5,0,0,1,3,129.3208,36.4292,1,0,0,0,54,0,0
1,3,0,1,2,6,6,127.1405,37.6468,0,0,0,0,70,0,0
1,4,10,0,0,7,3,127.1201,37.4409,0,0,0,0,95,0,0
0,4,0,0,0,0,1,126.6888,37.3343,1,0,0,0,73,0,0
1,1,0,0,0,0,1,126.706,34.9895,0,0,0,0,33,0,0
1,5,0,0,0,0,1,128.2596,34.6442,1,0,1,0,212,0,0
0,5,3,1,2,1,3,126.7902,36.6894,2,0,1,0,187,0,0
1,0,0,0,0,1,1,128.837,35.1762,0,0,0,0,13,0,0
1,6,0,0,0,1,1,129.126,35.5576,0,0,1,0,17,0,0
0,1,0,0,0,1,1,128.3729,36.0697,0,0,0,0,144,0,0
0,1,0,0,0,1,3,128.146,36.6412,0,0,0,0,74,0,0
1,6,0,0,0,0,11,129.0404,35.3354,1,0,1,0,49,0,0
1,5,0,0,0,1,2,128.7184,35.2788,1,0,1,0,13,0,0
1,4,5,0,0,0,6,127.3286,36.891,0,0,0,0,60,0,0
0,5,0,1,2,6,1,127.3968,36.3089,0,0,1,0,39,0,0
1,5,0,0,0,4,2,129.2682,35.5313,0,0,1,0,213,0,0
1,2,0,2,4,2,1,127.9207,37.7662,0,0,0,0,82,0,0
0,4,7,1,1,2,3,126.6259,37.4456,0,0,0,0,72,0,0
1,6,0,0,0,1,1,126.9669,37.4757,0,0,1,0,188,0,0
0,4,0,0,0,0,1,126.9914,35.8154,0,0,0,0,34,0,0
1,4,8,1,1,3,2,126.6722,34.581,0,0,0,0,119,0,0
0,4,5,1,2,0,3,126.636,37.6185,0,0,0,0,97,0,0
0,1,7,1,1,0,4,128.9363,35.9634,0,0,0,0,5,0,0
0,1,0,0,0,1,5,128.7527,35.6402,0,0,0,0,3,0,0
1,6,0,1,1,0,1,127.0276,37.221,0,0,1,0,50,0,0
0,6,9,0,3,6,2,129.0669,35.1921,0,0,1,0,221,0,0
0,5,0,0,0,4,1,126.8751,37.518,0,0,1,0,140,0,0
1,4,0,1,1,9,1,127.3208,37.2803,0,0,1,0,9,0,0
1,4,3,0,0,4,6,126.7444,37.6076,0,0,1,0,47,0,0
0,3,6,1,1,4,2,127.0428,37.259,0,0,0,0,99,0,0
0,2,0,0,0,1,1,127.1951,34.5773,0,0,0,0,191,0,0
0,1,5,0,0,1,2,126.6178,36.4956,0,0,0,0,38,0,0
1,0,0,0,0,4,3,128.7224,36.5634,0,0,1,0,66,0,0
1,1,0,1,2,0,1,127.6647,38.1847,1,0,0,0,218,0,0
1,4,9,0,3,6,2,129.3803,36.3577,0,0,1,0,54,0,0
1,3,0,0,0,1,3,129.3582,37.1303,1,0,0,0,208,0,0
1,4,0,1,1,1,4,127.377,35.4165,0,0,0,0,193,0,0
0,2,0,0,0,1,1,128.6999,36.2869,0,0,0,0,105,0,0
1,6,0,1,1,0,4,129.284,35.8464,0,0,1,0,100,0,0
1,3,0,0,0,1,1,129.3294,37.0889,0,0,0,0,208,0,0
1,6,6,0,0,0,4,126.7394,37.4077,0,0,1,0,29,0,0
0,1,0,1,2,0,1,129.066,35.1497,0,0,0,0,231,0,0
1,4,0,0,0,0,1,126.8977,37.4876,0,0,0,0,150,0,0
1,1,0,0,0,2,1,128.2939,35.3121,2,0,0,0,189,0,0
0,5,0,1,2,0,1,126.5184,36.7869,1,0,1,0,69,0,0
0,6,0,0,0,0,1,127.1771,35.9441,0,0,1,0,28,0,0
1,0,0,0,0,0,1,127.6787,36.0097,0,0,0,0,182,0,0
1,1,0,0,0,4,1,127.1263,34.743,0,0,0,0,122,0,0
1,6,0,0,0,0,2,128.3471,35.0097,2,0,1,0,87,0,0
1,4,0,0,0,1,3,128.4775,35.5375,0,0,0,0,211,0,0
0,3,0,0,0,2,2,127.0451,37.7004,2,0,0,0,64,0,0
0,2,0,0,0,1,3,128.7955,35.5216,0,0,0,0,177,0,0
0,4,0,0,0,1,3,128.688,35.8523,0,0,0,0,37,0,0
1,0,0,0,0,0,1,128.4626,35.727,1,0,0,0,30,0,0
0,5,0,0,0,0,1,126.787,37.6241,0,0,1,0,40,0,0
0,1,7,1,1,1,2,129.4046,35.9734,1,0,0,0,160,0,0
1,1,6,1,2,0,2,126.8565,37.4852,1,0,0,0,81,0,0
0,5,0,1,2,6,5,127.5078,36.617,0,0,1,0,83,0,0
1,1,0,0,3,0,1,127.3117,36.4799,0,1,0,0,229,0,0
0,1,0,0,0,6,1,126.6813,35.6255,0,0,0,0,185,0,0
1,1,5,1,2,4,3,127.5308,37.0559,0,0,0,0,41,0,0
1,0,6,1,1,0,2,128.1867,37.0724,2,0,0,0,103,0,0
1,0,0,1,1,0,4,127.0287,35.2459,0,0,0,0,181,0,0
0,5,6,1,1,6,2,129.0131,35.3248,1,0,1,0,49,0,0
0,2,0,1,2,0,5,127.7588,36.1943,0,0,0,0,75,0,0
0,0,6,1,1,6,3,129.3509,35.6254,0,0,0,0,158,0,0
0,3,0,0,0,4,1,128.0762,38.2092,0,0,0,0,115,0,0
0,6,0,0,0,0,3,128.8177,35.9611,0,0,1,0,52,0,0
1,6,0,1,1,0,7,128.8128,35.1702,0,0,1,0,13,0,0
0,6,0,1,2,0,3,129.3643,35.9542,0,0,1,0,160,0,0
1,4,0,0,0,9,1,126.7557,34.8404,0,0,0,0,16,0,0
0,1,0,0,0,0,2,126.7484,37.5055,0,0,0,0,65,0,0
1,3,8,1,1,0,4,126.4512,34.7636,0,0,0,0,16,0,0
1,6,0,1,2,0,2,128.5602,35.9386,1,0,1,0,112,0,0
1,6,4,0,0,0,1,126.7193,35.9785,0,0,1,0,166,0,0
1,3,0,0,3,7,6,126.8522,37.5215,0,0,0,0,140,0,0
1,3,3,0,3,7,6,126.895,37.6536,0,0,0,0,40,0,0
1,4,0,2,4,0,5,126.797,34.9537,0,0,1,0,33,0,0
1,2,0,0,0,1,1,127.0856,38.2232,0,0,1,0,106,0,0
1,2,0,0,0,0,1,128.7119,34.9578,0,0,1,0,15,0,0
0,1,0,0,0,0,1,126.6663,37.5716,0,0,0,0,97,0,0
0,1,5,0,0,0,3,126.4101,34.6887,0,0,1,0,119,0,0
1,0,7,1,1,1,7,127.7385,35.535,0,0,0,0,108,0,0
0,4,3,0,0,1,3,128.101,35.1328,0,0,0,0,42,0,0
0,4,0,1,2,1,3,126.7538,37.5426,0,0,0,0,7,0,0
1,4,4,1,1,1,1,129.3543,36.0058,0,0,0,0,160,0,0
1,5,0,0,0,0,2,127.322,37.6317,1,0,1,0,70,0,0
0,3,0,0,0,0,1,127.1226,37.6513,0,0,0,0,70,0,0
0,3,0,0,0,0,3,127.2125,37.5955,0,0,0,0,70,0,0
0,4,5,2,4,2,5,129.0873,35.4768,0,0,0,0,49,0,0
1,1,0,1,2,1,2,127.5108,36.6632,1,0,0,0,83,0,0
1,4,0,0,0,1,1,126.7992,36.4178,1,0,0,0,174,0,0
0,6,0,0,0,0,1,128.7448,35.6519,0,0,1,0,3,0,0
1,5,0,0,0,5,7,128.3269,34.9899,0,0,1,0,87,0,0
1,6,5,0,0,6,2,127.6482,35.4089,1,0,1,0,193,0,0
1,0,0,0,0,1,2,126.7921,34.5916,1,0,0,0,121,0,0
1,0,0,0,0,0,1,126.8481,36.4394,0,0,0,0,174,0,0
0,0,0,1,1,5,7,126.2856,36.7217,0,0,0,0,169,0,0
0,0,0,1,2,0,1,126.413,36.9669,1,0,0,0,69,0,0
0,0,5,0,0,0,4,127.4036,37.3182,0,0,0,0,41,0,0
1,2,0,0,0,6,1,126.9846,37.5197,0,0,0,0,134,0,0
1,3,6,1,1,0,7,127.6983,34.9287,0,0,0,0,130,0,0
0,4,0,0,0,6,1,129.0938,35.1736,0,0,0,0,221,0,0
1,4,0,1,2,0,1,126.7647,34.713,1,0,1,0,121,0,0
0,3,0,0,0,4,1,127.2526,37.4528,0,0,0,0,9,0,0
1,1,5,0,0,4,9,129.0856,36.5885,0,0,0,0,128,0,0
1,1,6,1,1,6,2,128.1919,36.5867,0,0,0,0,74,0,0
0,1,0,0,0,0,4,126.9523,37.4772,0,0,0,0,188,0,0
1,1,0,0,0,0,1,127.3645,35.0198,0,0,0,0,27,0,0
1,5,0,0,0,1,1,128.2442,35.7699,0,0,1,0,220,0,0
0,2,0,1,1,0,2,127.1176,36.8636,0,0,0,0,63,0,0
0,4,0,0,0,0,1,129.0488,37.246,0,0,0,0,78,0,0
1,6,5,0,0,0,2,128.6002,35.9049,0,0,1,0,112,0,0
1,1,0,0,0,0,1,126.8184,35.596,0,0,0,0,12,0,0
1,1,0,0,0,4,1,128.2743,37.2933,0,0,0,0,114,0,0
1,4,0,0,0,1,1,126.6741,35.4785,0,0,0,0,219,0,0
0,4,0,0,0,0,1,127.3698,38.0188,0,0,0,0,171,0,0
0,1,5,2,0,1,2,126.7553,37.3329,1,0,0,0,2,0,0
0,5,0,0,0,1,9,127.0811,35.9649,0,0,1,0,125,0,0
0,0,0,0,0,4,6,127.1537,37.4196,0,0,0,0,95,0,0
0,2,0,0,0,2,3,127.0948,37.2897,1,0,0,0,99,0,0
0,5,0,1,2,0,1,126.618,37.4735,0,0,1,0,72,0,0
1,4,0,0,0,0,2,127.4819,36.2634,0,0,0,0,80,0,0
1,0,0,1,1,3,5,127.4742,36.6356,0,0,0,0,83,0,0
1,4,0,0,0,1,6,128.4625,35.8551,1,0,0,0,30,0,0
0,5,0,0,0,0,6,126.7498,37.3385,0,0,1,0,73,0,0
1,3,0,0,0,1,1,126.9504,36.3367,0,0,0,0,174,0,0
0,3,2,0,0,0,1,127.4076,36.4127,1,0,0,0,148,0,0
0,3,5,0,0,0,6,127.3813,36.3437,2,0,0,0,4,0,0
1,4,0,0,0,1,1,128.7608,35.3845,0,0,0,0,177,0,0
0,2,0,0,0,0,1,127.0036,37.5408,0,0,0,0,134,0,0
1,4,0,0,0,0,1,128.3196,35.3825,1,0,0,0,189,0,0
0,5,3,0,0,0,3,127.0692,37.5036,1,0,1,0,89,0,0
0,6,0,1,2,0,1,128.743,35.341,0,0,1,0,86,0,0
1,0,0,1,2,6,6,126.5814,34.5201,0,0,0,0,119,0,0
0,5,0,0,0,0,1,128.4776,35.5353,0,0,1,0,211,0,0
1,5,0,0,0,6,3,127.5805,36.7379,0,0,1,0,83,0,0
1,3,5,0,0,0,2,126.8932,36.6644,0,0,0,0,187,0,0
0,1,6,1,1,0,5,126.8667,35.1994,0,0,0,0,137,0,0
1,2,0,1,2,6,2,129.1791,37.4305,0,0,0,0,78,0,0
1,0,5,0,0,0,6,127.066,37.0737,1,0,0,0,14,0,0
0,6,9,1,1,0,4,127.1448,37.6521,0,0,1,0,70,0,0
0,3,5,0,0,0,3,128.6079,35.9359,0,0,0,0,112,0,0
0,3,0,1,1,0,4,128.5295,35.8209,0,0,0,0,20,0,0
0,6,0,0,0,0,1,128.4255,35.6812,0,0,1,0,30,0,0
1,2,6,1,1,4,3,128.5951,35.8777,0,0,0,0,112,0,0
0,1,8,1,1,4,4,128.8817,35.2323,0,0,0,0,13,0,0
1,5,0,0,0,7,2,126.9905,37.2862,0,0,1,0,99,0,0
0,6,0,0,0,0,5,126.5411,33.5137,0,0,1,0,90,0,0
1,3,0,0,0,1,8,127.6466,35.9925,0,0,0,0,182,0,0
0,3,0,0,0,0,9,128.4994,35.8949,0,0,0,0,21,0,0
1,0,3,0,0,4,3,126.4251,34.867,0,0,0,0,101,0,0
1,1,0,1,2,1,5,126.7516,37.4811,0,0,0,0,44,0,0
0,1,0,0,0,0,1,128.9671,37.67,0,0,0,0,194,0,0
0,4,5,0,0,0,2,128.0654,35.1537,1,0,0,0,42,0,0
1,1,0,0,0,0,5,127.142,35.3766,0,0,0,0,131,0,0
1,1,0,1,1,6,3,126.5874,34.5603,0,0,0,0,119,0,0
0,1,0,0,0,0,8,127.2854,36.4506,0,1,0,0,229,0,0
0,1,5,0,0,0,2,127.0335,36.9002,0,0,0,0,53,0,0
0,5,0,0,0,0,3,127.1978,37.6323,0,0,1,0,70,0,0
1,5,0,0,0,0,1,127.6078,37.225,0,0,1,0,22,0,0
1,3,0,0,0,6,1,126.8527,35.8035,0,0,0,0,34,0,0
1,4,0,0,0,0,1,127.7187,37.9129,0,0,0,0,111,0,0
1,6,0,0,0,7,5,128.2724,35.7229,0,0,1,0,220,0,0
0,6,0,0,0,0,8,127.6612,36.2421,0,0,1,0,142,0,0
1,6,0,0,0,9,1,127.9351,35.2309,0,0,1,0,42,0,0
1,4,0,0,0,0,2,128.3365,35.9092,0,0,0,0,168,0,0
0,4,3,1,2,0,2,126.9017,37.4513,0,0,0,0,109,0,0
1,2,0,0,0,0,1,129.1271,35.235,0,0,1,0,96,0,0
0,5,0,1,1,0,1,129.0564,35.399,0,0,1,0,49,0,0
1,0,0,0,0,1,6,127.7067,34.7631,0,0,0,0,102,0,0
1,6,3,0,0,6,3,128.5067,35.1415,0,0,1,0,86,0,0
1,3,0,1,1,4,1,126.8458,37.19,0,0,0,0,50,0,0
0,4,5,0,0,4,3,128.9128,35.9588,0,0,0,0,5,0,0
1,5,0,0,0,9,1,127.6117,35.0099,0,0,1,0,130,0,0
1,0,0,1,1,0,4,129.4038,36.5217,0,0,0,0,54,0,0
0,1,5,0,0,0,1,127.4845,37.4947,1,0,0,0,48,0,0
0,3,0,0,0,0,1,126.6972,36.6535,0,0,0,0,38,0,0
1,3,0,0,0,2,3,127.1325,36.948,2,0,0,0,63,0,0
0,0,0,1,1,1,1,127.0869,37.4935,0,0,0,0,89,0,0
1,0,0,1,2,1,6,129.3438,35.5805,0,0,0,0,205,0,0
1,1,5,0,0,1,3,127.4172,37.0434,0,0,0,0,23,0,0
1,0,6,1,1,4,3,126.3112,34.5793,0,0,0,0,119,0,0
1,1,0,0,0,0,1,127.2528,37.0236,0,0,0,0,23,0,0
0,1,3,1,2,1,3,129.2195,35.4745,0,0,0,0,17,0,0
0,0,0,0,0,0,5,126.6401,37.5554,0,0,0,0,97,0,0
0,6,0,0,0,6,1,127.074,37.1957,0,0,1,0,50,0,0
0,6,5,0,0,0,6,128.4515,35.8849,0,0,1,0,30,0,0
1,4,0,0,0,4,1,127.1349,36.308,0,0,0,0,61,0,0
1,4,0,0,0,4,1,126.9296,37.6498,0,0,0,0,139,0,0
0,3,0,1,2,0,7,126.8427,35.2048,0,0,0,0,135,0,0
1,4,0,2,4,1,8,126.6114,35.0239,0,0,0,0,33,0,0
1,4,6,1,1,0,3,128.3995,36.01,0,0,0,0,21,0,0
0,5,0,0,0,4,1,128.39,36.1111,0,0,1,0,144,0,0
1,4,0,0,0,9,1,128.4375,36.1693,0,0,0,0,144,0,0
0,1,0,0,0,4,1,127.354,34.6628,0,0,0,0,191,0,0
1,6,6,1,1,1,2,127.0794,36.2112,1,0,1,0,61,0,0
0,6,5,0,0,1,2,126.8985,35.1931,0,0,1,0,137,0,0
0,3,0,0,0,0,2,126.8339,37.2475,0,0,0,0,50,0,0
1,5,0,1,2,1,2,128.7786,35.8885,0,0,1,0,52,0,0
1,5,0,0,0,8,7,129.0906,35.2288,0,0,1,0,96,0,0
0,0,5,0,0,0,3,127.0738,38.1057,0,0,0,0,106,0,0
1,1,0,0,0,1,7,127.5665,36.9824,0,0,0,0,110,0,0
1,4,6,1,1,7,2,126.6076,36.8471,0,0,0,0,46,0,0
1,3,3,1,1,1,11,126.6468,37.4882,0,0,0,0,207,0,0
1,2,0,0,0,0,3,129.3199,35.7127,1,0,0,0,100,0,0