주야,요일,법규위반,도로형태_대분류,도로형태,당사자종별_1당_대분류,당사자종별_2당_대분류,경도,위도,사고피해정도,도시여부,주말/공휴일,인구수,발생지번호,보행자의위치,무단횡단여부
1,3,5,0,0,0,8,126.1512,34.6341,1,0,0,0,132,0,0
1,6,0,0,0,0,1,128.058,37.4357,0,0,1,0,36,0,0
1,5,0,0,0,2,1,127.1562,36.9977,0,0,1,0,23,0,0
1,5,6,1,1,1,2,127.9258,37.0334,1,0,1,0,6,0,0
0,2,2,0,0,0,1,127.0243,37.2427,2,0,0,0,99,0,0
0,2,0,0,0,0,2,126.8895,35.2658,0,0,0,0,181,0,0
1,1,7,1,1,0,3,127.7928,36.3438,0,0,0,0,142,0,0
0,3,0,0,0,0,3,126.4432,36.8266,0,0,0,0,69,0,0
1,6,6,1,1,4,2,127.9714,37.3422,0,0,1,0,36,0,0
0,2,6,1,1,0,7,127.7412,37.8901,1,0,0,0,111,0,0
0,4,2,0,0,0,2,126.8959,35.1385,0,0,0,0,190,0,0
1,4,0,0,0,1,7,127.0318,37.5781,0,0,0,0,201,0,0
1,1,0,0,0,0,1,127.9441,38.2087,1,0,0,0,115,0,0
1,4,0,0,0,4,1,127.2637,36.1151,0,0,0,0,61,0,0
1,4,5,0,0,0,6,127.6651,37.5738,0,0,0,0,48,0,0
0,3,0,0,0,1,1,128.7264,36.9846,0,0,0,0,149,0,0
0,3,6,1,1,0,2,127.3237,36.3668,1,0,0,0,148,0,0
1,0,2,1,1,0,7,128.0758,34.936,0,0,0,0,57,0,0
0,6,6,1,1,0,4,127.494,36.6678,1,0,1,0,83,0,0
0,5,0,0,0,4,1,127.1189,37.4332,0,0,1,0,95,0,0
0,4,0,0,0,4,1,127.1103,34.4675,0,0,0,0,191,0,0
1,4,10,1,2,6,11,126.809,37.3249,0,0,0,0,2,0,0
1,6,0,0,0,1,4,128.5461,36.1031,0,0,1,0,21,0,0
1,3,7,1,1,1,3,129.1602,36.1131,0,0,0,0,160,0,0
0,4,0,1,1,6,1,128.8646,35.9438,0,0,0,0,5,0,0
0,4,5,0,0,0,3,128.6298,35.5496,1,0,0,0,177,0,0
1,1,3,0,0,1,8,126.8736,36.6752,0,0,0,0,187,0,0
1,0,7,1,1,1,7,127.7217,36.9276,0,0,0,0,110,0,0
1,1,5,0,0,0,7,129.0404,36.5229,0,0,0,0,203,0,0
0,5,0,1,1,4,1,127.1208,36.4465,0,0,1,0,19,0,0
1,5,0,0,0,4,1,128.3463,38.0496,0,0,1,0,124,0,0
1,0,0,0,0,2,7,127.7033,36.7487,0,0,0,0,179,0,0
1,5,5,0,0,1,9,129.1432,35.9807,0,0,1,0,100,0,0
0,4,0,0,0,1,1,128.3267,35.371,0,0,0,0,189,0,0
1,4,6,1,1,5,7,127.8108,35.5115,0,0,0,0,108,0,0
1,4,5,0,0,0,3,126.6411,37.6736,0,0,0,0,47,0,0
1,1,7,1,1,1,7,127.2814,35.2689,0,0,0,0,147,0,0
1,0,7,1,1,5,7,128.4866,37.0745,0,0,0,0,204,0,0
0,0,0,0,0,1,1,130.8977,37.4793,0,0,0,0,97,0,0
1,4,5,0,0,0,9,127.8769,36.8159,0,0,0,0,179,0,0
0,5,0,0,0,0,1,128.9139,35.9899,0,0,1,0,5,0,0
0,4,5,1,1,4,2,128.9139,36.103,0,0,0,0,5,0,0
0,3,0,0,0,0,1,126.601,36.2319,1,0,0,0,136,0,0
1,2,0,0,0,4,1,126.5386,35.2309,0,0,0,0,127,0,0
1,1,0,1,2,3,1,126.6621,37.5068,0,0,0,0,97,0,0
0,6,3,0,0,0,2,129.0928,35.1995,1,0,1,0,216,0,0
1,6,0,0,0,0,1,128.9453,35.0895,0,0,1,0,206,0,0
0,5,6,1,1,0,7,127.7591,37.8387,0,0,1,0,111,0,0
1,5,0,0,0,0,1,129.2938,35.4921,0,0,1,0,17,0,0
0,4,0,0,0,6,2,126.9445,37.5884,0,0,0,0,195,0,0
1,3,0,0,0,1,1,127.6098,38.0494,0,0,0,0,111,0,0
1,1,0,0,0,1,2,127.0497,35.3515,0,0,0,0,181,0,0
1,6,0,0,0,0,1,127.0408,35.8771,0,0,1,0,11,0,0
0,4,0,0,0,4,1,126.696,37.7984,0,0,0,0,175,0,0
1,2,0,1,1,0,3,127.1728,35.8321,0,0,0,0,11,0,0
1,2,0,0,0,0,1,129.0064,35.1524,0,0,0,0,120,0,0
1,1,0,0,0,4,3,128.8289,35.1447,0,0,0,0,206,0,0
1,3,0,0,0,1,1,127.1559,35.7423,0,0,0,0,28,0,0
1,1,5,0,0,1,8,127.187,37.0394,1,0,0,0,23,0,0
1,1,3,0,0,0,4,127.2354,37.5594,0,0,0,0,70,0,0
1,0,0,1,1,0,1,127.0061,37.4793,0,0,0,0,214,0,0
1,0,0,1,2,9,1,127.4145,37.2103,0,0,0,0,41,0,0
1,0,0,0,0,9,1,125.9395,34.6879,0,0,0,0,132,0,0
1,5,0,1,1,0,4,128.5468,35.8722,0,0,1,0,107,0,0
0,5,0,0,0,1,2,127.0631,36.4739,0,0,1,0,19,0,0
1,4,0,0,0,1,5,127.927,36.9736,0,0,0,0,6,0,0
0,4,0,0,0,0,1,127.02,37.1622,0,0,0,0,50,0,0
0,2,2,0,0,0,1,128.4075,35.2386,0,0,0,0,117,0,0
0,1,0,0,0,0,2,126.7556,37.4972,0,0,0,0,65,0,0
0,2,0,0,0,0,1,127.4964,34.9231,0,0,0,0,27,0,0
1,1,4,0,0,0,2,128.5877,35.8631,0,0,0,0,178,0,0
1,0,6,1,1,7,6,127.4869,36.5947,0,0,0,0,83,0,0
1,1,0,0,0,4,1,127.4201,35.7496,0,0,0,0,192,0,0
1,1,0,2,4,9,1,127.7356,34.9888,0,0,0,0,130,0,0
0,2,0,0,0,1,5,127.6389,36.7795,0,0,0,0,179,0,0
0,4,0,1,2,1,3,128.706,38.0315,0,0,0,0,164,0,0
0,6,0,0,0,6,3,126.7386,37.3219,0,0,1,0,2,0,0
1,0,0,1,1,1,4,127.1615,35.927,0,0,0,0,28,0,0
0,6,0,1,2,4,2,127.1525,37.5386,0,0,1,0,91,0,0
1,3,0,0,0,9,1,126.5622,34.9342,0,0,0,0,33,0,0
0,2,0,0,0,0,1,126.3891,34.707,1,0,1,0,119,0,0
1,2,0,2,4,0,11,126.7473,37.4474,0,0,1,0,29,0,0
0,0,0,0,0,0,2,127.1641,37.6503,0,0,0,0,70,0,0
1,0,7,1,1,1,4,126.657,36.5893,0,0,0,0,38,0,0
0,4,0,0,0,4,1,128.3485,35.3287,0,0,0,0,117,0,0
1,4,5,1,2,0,2,126.7051,33.5527,1,0,0,0,90,0,0
1,3,4,0,0,5,5,126.7286,37.4581,0,0,0,0,29,0,0
1,2,8,1,1,0,4,126.3085,33.4471,0,0,0,0,90,0,0
0,2,0,0,0,0,1,127.2937,37.3816,0,0,0,0,9,0,0
1,1,6,1,1,6,6,126.6415,37.4002,0,0,0,0,35,0,0
1,6,5,0,0,4,4,127.5109,36.8828,0,0,1,0,60,0,0
1,4,0,0,0,4,1,126.6315,34.8425,0,0,0,0,16,0,0
1,0,3,0,0,1,3,127.4328,36.8144,0,0,0,0,60,0,0
1,6,0,1,1,4,2,127.5966,37.1143,0,0,1,0,41,0,0
0,3,0,0,0,0,1,127.211,34.5799,0,0,0,0,191,0,0
0,2,0,0,0,0,3,129.1593,35.2844,0,0,0,0,85,0,0
0,1,0,0,0,4,1,126.9788,36.7223,0,0,0,0,53,0,0
0,4,0,0,0,0,2,128.6262,35.8692,0,0,0,0,26,0,0
1,4,0,0,3,0,6,128.6247,35.8498,1,0,0,0,37,0,0
0,6,5,0,0,0,3,126.2846,36.7693,0,0,1,0,169,0,0
0,1,5,0,0,1,3,129.4658,35.704,0,0,0,0,100,0,0
1,3,5,0,0,1,2,127.2093,38.0166,0,0,0,0,171,0,0
0,2,0,1,2,6,1,128.6979,35.1561,0,0,0,0,86,0,0
1,1,0,0,0,6,1,128.2222,35.1855,0,0,0,0,42,0,0
0,1,0,0,0,0,6,127.0824,37.5561,2,0,0,0,183,0,0
1,0,9,0,3,6,3,128.1969,36.5856,0,0,0,0,74,0,0
1,6,5,0,0,0,3,127.9682,35.2312,0,0,1,0,42,0,0
0,5,0,0,0,0,1,126.8034,37.5918,0,0,1,0,43,0,0
0,4,6,1,1,0,3,127.2859,37.2332,1,0,0,0,51,0,0
1,4,4,0,0,9,1,128.0582,37.533,0,0,0,0,31,0,0
1,3,0,1,2,1,5,128.9959,35.3002,0,0,0,0,49,0,0
1,1,7,1,1,3,5,128.2749,35.5558,0,0,0,0,133,0,0
0,0,5,0,0,0,6,127.0173,37.2942,0,0,0,0,99,0,0
0,0,5,0,0,0,2,126.9397,37.3836,0,0,0,0,151,0,0
0,4,0,1,1,0,1,127.0634,35.996,0,0,0,0,125,0,0
1,4,0,0,0,4,2,127.0588,37.1512,0,0,0,0,143,0,0
1,3,5,0,0,1,6,128.0122,36.5898,2,0,0,0,74,0,0
0,2,0,1,2,4,1,128.5827,38.1877,0,0,0,0,104,0,0
0,1,0,1,1,0,1,127.7051,36.945,0,0,0,0,110,0,0
1,4,5,0,0,0,2,127.4441,35.3117,0,0,0,0,161,0,0
1,6,0,0,0,0,3,128.4393,35.7237,0,0,1,0,30,0,0
0,2,0,0,0,4,2,128.1381,36.1235,0,0,0,0,76,0,0
0,0,0,0,0,0,1,128.4822,35.7793,0,0,0,0,30,0,0
0,5,0,0,3,0,2,126.7116,37.4645,0,0,1,0,29,0,0
1,4,0,0,0,0,3,128.3043,35.2884,1,0,0,0,117,0,0
1,3,0,0,0,4,1,126.786,37.4829,0,0,0,0,65,0,0
1,0,0,0,0,1,1,126.6094,35.2152,0,0,0,0,157,0,0
1,5,0,0,3,0,2,126.9458,37.5566,1,0,1,0,159,0,0
1,0,0,0,0,0,7,127.5088,34.8905,0,0,0,0,27,0,0
0,6,0,2,4,0,4,126.9456,36.7826,0,0,1,0,53,0,0
1,6,0,0,3,0,5,128.5634,35.9316,0,0,1,0,112,0,0
1,4,0,1,2,0,2,126.7988,35.1436,0,0,0,0,135,0,0
1,4,0,0,0,2,5,126.9827,36.4023,0,0,0,0,174,0,0
0,4,0,0,0,4,2,126.7992,37.3379,0,0,0,0,2,0,0
1,0,0,1,2,0,9,127.6824,34.8254,0,0,0,0,102,0,0
0,4,0,0,0,0,2,128.9429,35.151,0,0,0,0,206,0,0
1,3,0,0,0,1,8,129.0811,37.4825,0,0,0,0,210,0,0
1,1,5,0,0,0,8,127.507,35.6184,0,0,0,0,155,0,0
0,0,0,1,2,0,1,128.6357,35.224,1,0,0,0,86,0,0
0,0,0,1,1,1,5,128.0625,36.6424,0,0,0,0,74,0,0
0,5,6,1,1,1,6,127.072,35.8689,2,0,1,0,11,0,0
0,6,0,0,0,6,1,128.4823,35.8089,0,0,1,0,30,0,0
0,1,0,0,0,0,9,127.0765,37.3234,0,0,0,0,51,0,0
0,6,0,0,0,0,1,128.7627,35.623,0,0,1,0,3,0,0
1,6,0,0,0,4,3,129.3281,35.7178,0,0,1,0,100,0,0
0,0,0,0,0,7,1,126.5533,36.6566,0,0,0,0,69,0,0
1,5,0,0,0,0,4,127.5644,36.7713,0,0,1,0,83,0,0
1,5,0,0,0,6,2,126.6866,36.1004,0,0,1,0,10,0,0
1,4,0,0,0,9,1,126.7152,37.46,0,0,0,0,29,0,0
0,1,0,0,0,1,2,127.711,34.9304,0,0,0,0,130,0,0
0,6,5,0,0,6,2,129.0629,35.1437,0,0,1,0,231,0,0
0,2,0,1,2,1,6,127.1471,37.3723,0,0,0,0,95,0,0
1,1,5,0,0,0,2,126.6662,37.4401,1,0,0,0,29,0,0
0,2,0,0,0,4,3,126.7034,37.4755,0,0,0,0,44,0,0
1,2,0,1,1,1,5,126.6479,37.4916,0,0,0,0,207,0,0
0,3,0,0,0,0,3,129.2021,35.3255,0,0,0,0,85,0,0
1,2,0,0,0,4,1,127.2248,37.6374,0,0,0,0,70,0,0
0,5,0,0,0,0,2,127.1228,35.8304,0,0,1,0,11,0,0
0,1,0,1,2,0,3,126.9534,36.9968,2,0,0,0,14,0,0
1,1,5,0,0,1,3,128.9656,36.5669,0,0,0,0,66,0,0
0,4,0,0,0,1,1,127.7414,37.2753,0,0,0,0,22,0,0
1,5,0,0,0,9,1,126.3185,34.9366,0,0,1,0,101,0,0
0,4,0,0,0,0,1,128.7011,35.0106,0,0,0,0,15,0,0
0,4,2,1,2,0,6,126.898,37.4875,2,0,0,0,150,0,0
0,0,0,0,0,0,3,126.8621,37.336,0,0,0,0,2,0,0
0,1,0,0,0,1,8,128.947,37.7323,0,0,0,0,194,0,0
0,1,0,1,1,0,4,128.6177,35.8597,0,0,0,0,37,0,0
1,5,0,0,0,1,1,128.9466,35.1079,0,0,1,0,25,0,0
0,5,0,0,0,1,5,126.335,35.2235,0,0,1,0,127,0,0
1,0,0,0,0,0,1,126.9485,37.5687,2,0,0,0,195,0,0
1,3,0,0,0,1,3,127.4186,36.4023,0,0,0,0,77,0,0
1,0,6,1,1,2,7,129.3396,35.5143,0,0,0,0,213,0,0
0,2,5,0,0,0,6,126.7899,35.1454,0,0,0,0,135,0,0
1,2,0,0,0,0,1,128.6807,38.0599,0,0,0,0,164,0,0
1,1,0,1,1,0,6,127.4747,36.5998,0,0,0,0,83,0,0
0,2,0,0,0,0,1,127.0462,37.8074,0,0,0,0,59,0,0
1,1,0,0,3,0,5,128.6138,35.8561,0,0,0,0,37,0,0
1,6,0,0,0,6,1,129.11,35.1685,0,0,1,0,45,0,0
1,5,6,1,1,6,2,126.7657,37.7639,0,0,1,0,175,0,0
0,0,0,1,1,1,1,127.7799,35.0205,0,0,0,0,130,0,0
1,1,0,0,0,0,1,127.2393,34.8085,0,0,0,0,122,0,0
0,2,6,1,1,0,3,129.3813,36.0034,0,0,0,0,160,0,0
0,1,6,1,1,0,4,126.7706,37.4817,0,0,0,0,65,0,0
1,2,5,0,0,2,6,126.9038,37.4318,2,0,0,0,151,0,0
0,3,0,0,0,0,1,127.4876,37.3395,0,0,0,0,41,0,0
1,1,6,1,1,4,3,129.3724,36.04,0,0,0,0,160,0,0
0,3,0,0,0,0,12,127.458,37.2759,0,0,0,0,41,0,0
1,4,0,1,1,6,4,128.4827,35.5532,0,0,0,0,211,0,0
0,6,6,1,1,0,3,127.249,37.3941,0,0,1,0,9,0,0
0,6,0,0,0,7,1,128.2163,36.6136,0,0,1,0,74,0,0
0,4,6,1,1,0,2,127.0553,37.6847,0,0,0,0,18,0,0
0,1,0,0,0,6,1,128.9068,37.7502,0,0,0,0,194,0,0
0,5,0,0,0,4,6,127.126,36.4431,0,0,1,0,19,0,0
0,2,0,0,0,4,1,126.939,37.5049,0,0,0,0,93,0,0
1,0,0,1,1,6,3,126.773,37.4299,0,0,0,0,73,0,0
1,0,0,0,0,3,5,128.6,35.9137,0,0,0,0,112,0,0
0,1,0,0,0,4,1,126.9182,37.1195,0,0,0,0,50,0,0
0,0,0,0,0,4,1,129.2554,35.9967,0,0,0,0,100,0,0
1,4,0,0,3,0,1,126.8753,35.7895,1,0,0,0,34,0,0
1,6,7,1,1,4,2,129.1042,37.5253,0,0,1,0,210,0,0
0,4,0,1,1,4,1,127.2841,37.6573,0,0,0,0,70,0,0
0,3,5,0,0,0,3,127.4411,36.999,1,0,0,0,60,0,0
0,0,0,1,2,4,1,129.3452,35.9718,0,0,0,0,160,0,0
1,5,0,0,0,9,1,127.1923,34.555,0,0,1,0,191,0,0
0,0,0,0,0,0,8,126.8353,35.7163,0,0,0,0,12,0,0
0,0,0,0,0,2,3,128.7756,36.5715,0,0,1,0,66,0,0
1,4,0,1,2,1,4,128.3854,35.3253,0,0,0,0,117,0,0
1,1,0,0,0,7,1,127.7027,37.8746,0,0,0,0,111,0,0
0,3,0,1,1,0,1,126.7441,37.3576,0,0,0,0,73,0,0
1,3,0,0,0,1,7,127.7504,34.7637,0,0,0,0,102,0,0
1,0,5,0,0,0,2,128.5082,37.1486,2,0,1,0,114,0,0
1,1,5,0,0,4,2,127.4748,37.5911,0,0,0,0,176,0,0
1,1,0,0,0,1,1,127.2183,36.2496,0,0,0,0,61,0,0
1,4,0,1,1,7,2,127.3907,36.3269,0,0,0,0,39,0,0
1,4,0,2,4,9,1,126.9885,35.2705,0,0,0,0,181,0,0
1,0,3,0,0,4,3,128.9936,35.138,0,0,0,0,120,0,0
1,1,5,1,1,0,4,127.7197,34.7341,0,0,0,0,102,0,0
0,4,0,0,0,0,1,127.3132,37.9473,0,0,0,0,171,0,0
1,5,0,0,0,1,5,126.9767,35.2181,0,0,1,0,181,0,0
1,2,0,0,0,6,3,127.8851,37.66,0,0,0,0,82,0,0
0,2,6,1,2,0,5,126.8756,37.5132,0,0,0,0,140,0,0
0,5,0,0,0,0,8,126.7632,35.6183,0,0,1,0,12,0,0
1,5,7,1,1,2,4,128.1865,36.1132,0,0,1,0,76,0,0
1,6,0,0,0,4,1,127.8959,35.2376,0,0,1,0,224,0,0
1,6,0,0,0,2,1,129.2452,35.9202,1,0,1,0,100,0,0
0,4,0,0,0,7,2,129.3478,35.6299,0,0,0,0,158,0,0
0,0,0,1,2,1,1,126.8363,37.3477,0,0,0,0,2,0,0
1,2,6,1,1,0,2,126.7516,35.7364,1,0,0,0,185,0,0
1,2,0,0,0,4,1,126.6262,35.7104,0,0,0,0,185,0,0
1,2,0,0,0,4,2,126.9975,37.384,0,0,0,0,199,0,0
0,1,0,1,1,0,1,127.3881,38.0735,0,0,0,0,171,0,0
1,6,0,0,0,1,1,127.1129,37.3862,0,0,1,0,95,0,0
1,1,2,0,0,0,1,126.6448,36.3805,1,0,0,0,136,0,0
0,6,0,0,0,1,6,127.6353,34.7935,1,0,1,0,102,0,0
1,6,0,0,0,4,1,127.0409,34.7594,0,0,1,0,122,0,0
1,5,0,0,0,3,1,126.8296,37.1099,0,0,1,0,50,0,0
1,3,0,0,0,7,3,127.1534,36.8001,0,0,0,0,63,0,0
0,4,5,0,0,0,2,126.8258,35.179,0,0,0,0,135,0,0
0,2,0,0,0,0,2,128.3855,35.9826,0,0,0,0,21,0,0
1,1,0,0,0,0,1,126.6691,34.8878,1,0,0,0,33,0,0
1,5,0,0,0,0,1,127.2281,35.7347,0,0,1,0,28,0,0
0,5,5,0,0,0,2,126.9416,35.9281,1,0,1,0,125,0,0
1,3,0,0,0,4,1,128.1034,37.5552,0,0,0,0,31,0,0
0,5,0,0,0,1,1,127.4561,37.7014,0,0,1,0,176,0,0
0,5,0,1,2,0,1,129.118,35.558,0,0,1,0,17,0,0
1,5,6,1,1,1,5,126.8116,37.4511,0,0,1,0,73,0,0
0,6,0,0,0,0,1,127.2344,37.0001,0,0,1,0,23,0,0
1,5,9,1,1,6,2,127.1103,35.8508,0,0,1,0,11,0,0
0,5,0,0,0,1,2,128.5759,36.1211,0,0,1,0,170,0,0
1,2,3,0,0,7,6,126.7953,37.4814,0,0,0,0,65,0,0
0,3,0,0,0,4,1,127.0591,36.8223,0,0,0,0,53,0,0
1,3,5,0,0,0,2,127.1032,37.3114,1,0,0,0,51,0,0
1,4,0,0,0,1,1,127.2133,37.7948,0,0,0,0,171,0,0
0,0,0,0,0,0,8,128.1183,36.7167,0,0,0,0,74,0,0
0,6,0,1,2,1,1,127.4985,36.1291,0,0,1,0,68,0,0
0,6,0,0,0,0,1,126.44,36.8774,0,0,1,0,69,0,0
1,3,0,1,2,0,3,129.1659,35.6524,0,0,0,0,17,0,0
1,4,0,2,4,9,1,129.1548,35.3987,0,0,0,0,49,0,0
0,2,5,0,0,0,2,126.8326,35.9089,0,0,0,0,34,0,0
1,0,0,1,1,0,6,126.5966,35.9574,1,0,0,0,166,0,0
0,1,0,0,0,0,1,126.433,36.8639,0,0,0,0,69,0,0
1,0,0,0,0,1,1,126.9032,37.972,0,0,0,0,175,0,0
1,1,0,0,0,8,5,126.9208,36.0484,0,0,0,0,125,0,0
0,6,0,0,0,0,1,128.4707,35.8719,0,0,1,0,30,0,0
0,1,7,1,1,0,4,126.4532,36.7614,0,0,0,0,69,0,0
1,1,6,1,1,3,6,126.793,35.9561,2,0,0,0,166,0,0
0,1,0,0,0,0,9,128.4873,35.8547,0,0,0,0,20,0,0
0,0,5,1,2,6,3,128.5931,34.7206,0,0,0,0,15,0,0
0,5,0,0,0,0,9,127.1197,37.4009,0,0,1,0,95,0,0
0,6,0,1,2,0,2,126.6984,33.275,0,0,1,0,62,0,0
0,2,3,0,0,6,2,127.4243,36.32,0,0,0,0,39,0,0
1,3,0,0,0,6,1,127.2676,35.0515,0,0,0,0,27,0,0
1,0,0,0,0,0,8,129.2265,36.0175,0,0,0,0,100,0,0
0,2,0,0,0,5,4,127.5737,36.9387,0,0,0,0,110,0,0
1,1,5,0,0,0,2,127.1074,37.5304,0,0,0,0,183,0,0
0,0,0,0,0,0,1,128.1694,36.4709,0,0,0,0,58,0,0
1,3,0,0,0,0,2,126.9799,37.4765,0,0,0,0,188,0,0
0,2,0,1,2,4,2,126.9415,37.6108,0,0,1,0,139,0,0
0,5,5,0,0,0,2,127.1191,35.8468,2,0,1,0,11,0,0
1,6,0,2,4,0,3,129.3522,35.561,0,0,1,0,205,0,0
0,4,0,1,2,0,1,126.5296,37.4853,0,0,0,0,72,0,0
1,1,0,0,0,0,1,127.4875,34.9168,0,0,0,0,27,0,0
1,1,5,1,2,1,6,126.634,37.4364,0,0,0,0,29,0,0
0,0,0,0,0,4,2,127.0276,37.5339,0,0,0,0,89,0,0
1,3,0,0,0,4,1,126.7549,35.0223,0,0,0,0,33,0,0
1,6,0,1,2,0,5,128.5883,38.2241,0,0,1,0,104,0,0
0,0,0,0,0,0,1,129.0485,35.894,0,0,0,0,100,0,0
0,6,0,0,0,1,1,129.0717,35.4398,0,0,1,0,49,0,0
0,5,0,1,2,0,1,126.3333,36.5764,0,0,1,0,169,0,0
1,2,9,0,0,7,2,126.9913,37.2603,0,0,0,0,99,0,0
0,5,8,1,1,0,4,128.1229,35.178,0,0,1,0,42,0,0
1,6,0,0,0,1,1,129.3454,37.1628,1,0,1,0,78,0,0
0,3,0,1,2,0,1,126.8377,37.3001,0,0,0,0,2,0,0
1,4,0,0,0,9,1,127.2758,36.1324,0,0,0,0,61,0,0
0,0,0,0,0,0,4,128.444,35.1083,0,0,0,0,86,0,0
0,3,0,0,0,0,5,126.6684,37.3943,0,0,0,0,35,0,0
1,0,0,0,0,2,5,126.8784,37.5679,0,0,0,0,159,0,0
1,2,6,1,1,0,2,127.4532,37.2891,0,0,0,0,41,0,0
1,0,0,0,0,0,1,127.1643,35.751,0,0,0,0,28,0,0
0,4,0,0,0,0,1,127.0725,37.0153,0,0,0,0,14,0,0
1,4,0,2,4,9,1,126.9801,34.8685,0,0,0,0,88,0,0
1,0,0,0,0,0,1,127.2992,36.4182,0,0,0,0,148,0,0
1,5,0,0,0,6,1,126.8659,35.7662,0,0,1,0,34,0,0
0,2,6,0,3,2,4,126.8595,37.497,0,0,0,0,79,0,0
0,4,0,0,0,6,8,128.6051,35.6394,0,0,0,0,3,0,0
0,2,0,0,0,0,4,127.3736,36.34,0,0,0,0,4,0,0
1,6,5,0,0,0,4,128.0178,37.6368,0,0,1,0,82,0,0
1,2,0,0,0,4,1,128.9585,35.9865,0,0,0,0,5,0,0
0,6,8,1,1,4,2,126.6878,34.8831,0,0,1,0,16,0,0
0,4,0,0,0,6,2,128.8204,35.815,0,0,0,0,52,0,0
0,2,3,0,0,1,4,126.8495,37.4171,0,0,0,0,81,0,0
1,0,5,0,0,1,9,126.9165,36.5913,0,0,0,0,187,0,0
1,0,0,0,3,1,4,127.2408,37.4852,0,0,0,0,67,0,0
0,3,6,1,1,6,3,126.8955,35.1121,0,0,0,0,190,0,0
0,2,5,0,0,4,2,129.0333,35.1542,0,0,0,0,231,0,0
1,6,0,0,0,2,1,126.6478,36.5749,0,0,1,0,38,0,0
1,0,0,1,1,5,7,128.3497,35.5057,0,0,0,0,133,0,0
1,0,0,0,0,0,5,127.2702,36.9988,0,0,0,0,23,0,0
1,4,0,1,1,1,1,126.9749,34.7705,0,0,0,0,56,0,0
1,3,4,0,0,1,1,129.0237,36.4923,0,0,0,0,203,0,0
0,2,0,0,0,2,4,126.9522,34.5256,0,0,0,0,56,0,0
1,1,0,0,0,6,3,126.3105,36.801,0,0,0,0,169,0,0
0,0,0,2,0,6,1,127.4232,36.3423,0,0,0,0,80,0,0
1,0,5,0,0,4,2,128.3499,35.4396,0,0,0,0,189,0,0
1,6,0,0,0,0,1,127.165,36.9983,0,0,1,0,23,0,0
1,2,5,2,4,1,9,128.9189,36.5665,1,0,0,0,66,0,0
0,0,6,1,1,6,2,129.3968,36.0817,0,0,0,0,160,0,0
1,0,3,2,4,4,4,126.9016,37.1001,0,0,0,0,50,0,0
0,1,5,0,0,0,2,128.4595,35.0525,0,0,0,0,87,0,0
0,1,0,0,0,4,1,127.7172,35.9184,0,0,0,0,182,0,0
1,1,0,0,0,0,1,129.1674,35.8448,0,0,0,0,100,0,0
0,1,4,0,0,1,1,127.0832,37.5599,0,0,0,0,183,0,0
1,0,3,0,0,1,4,129.3767,35.5608,0,0,0,0,158,0,0
0,0,0,0,0,0,8,128.6663,36.4297,0,0,0,0,105,0,0
1,5,9,0,0,9,2,128.3909,36.5254,0,0,1,0,55,0,0
0,5,0,0,0,0,1,129.2521,35.3166,0,0,1,0,85,0,0
1,6,0,0,0,7,12,128.5696,35.8841,0,0,1,0,107,0,0
1,1,0,0,0,1,3,126.7905,37.486,0,0,0,0,65,0,0
0,0,6,1,1,1,11,126.9722,35.0531,0,0,0,0,88,0,0
0,2,0,0,0,2,3,127.118,36.7776,0,0,0,0,53,0,0
1,2,6,1,1,0,2,126.7676,36.8026,0,0,0,0,46,0,0
1,3,0,0,0,0,1,127.754,37.8334,0,0,0,0,111,0,0
1,3,5,0,0,7,6,127.0183,37.2489,0,0,0,0,99,0,0
1,3,0,0,0,6,1,126.8895,35.2022,0,0,0,0,137,0,0
1,3,0,1,2,4,1,128.0547,36.5404,0,0,0,0,58,0,0
1,4,0,1,1,3,2,128.5011,35.2995,1,0,0,0,117,0,0
1,6,0,2,4,9,1,127.0869,36.1602,0,0,1,0,61,0,0
1,0,0,0,0,6,1,128.6794,36.3535,0,0,0,0,105,0,0
0,5,0,0,0,0,11,128.7702,35.8586,1,0,1,0,52,0,0
1,0,4,0,0,2,1,126.9238,37.3948,0,0,0,0,151,0,0
1,4,0,1,2,6,1,127.0604,37.9465,0,0,0,0,94,0,0
1,6,6,1,1,0,4,126.6376,37.4002,0,0,1,0,35,0,0
0,3,0,1,1,0,5,126.8644,35.2302,0,0,0,0,137,0,0
1,5,0,1,2,0,3,128.7139,36.7046,1,0,1,0,113,0,0
0,4,0,0,0,6,1,126.8136,34.7161,0,0,0,0,121,0,0
0,2,7,1,1,0,7,127.0652,37.8431,0,0,0,0,59,0,0
1,5,0,1,2,3,1,128.6235,35.8299,0,0,1,0,37,0,0
0,6,2,0,0,0,1,126.4324,35.0134,1,0,1,0,101,0,0
0,1,0,0,0,0,1,127.3802,36.4094,0,0,0,0,148,0,0
1,1,7,1,1,1,8,126.2851,34.441,0,0,0,0,71,0,0
1,1,3,0,0,0,8,129.1884,35.69,0,0,0,0,17,0,0
1,1,0,0,0,6,3,128.4459,36.6499,0,0,0,0,55,0,0
0,5,0,0,0,0,1,126.4937,34.3625,0,0,1,0,119,0,0
0,6,0,2,4,1,1,127.1843,37.5667,0,0,1,0,91,0,0
1,3,6,1,1,1,4,126.6272,37.4536,0,0,0,0,72,0,0
1,6,0,1,2,0,11,127.4772,36.6102,0,0,1,0,83,0,0
1,0,0,1,2,5,1,128.7758,35.8032,0,0,0,0,52,0,0