주야,요일,법규위반,도로형태_대분류,도로형태,당사자종별_1당_대분류,당사자종별_2당_대분류,경도,위도,사고피해정도,도시여부,주말/공휴일,인구수,발생지번호,보행자의위치,무단횡단여부
0,5,0,2,4,0,1,128.6062,35.8438,0,0,1,0,145,0,0
1,3,0,1,1,0,7,127.4835,34.9703,0,0,0,0,27,0,0
1,3,5,2,0,4,2,126.7327,37.5215,0,0,0,0,44,0,0
0,0,8,1,1,4,2,127.0381,36.144,0,0,0,0,61,0,0
1,4,3,1,2,1,2,127.3935,36.3705,0,0,0,0,4,0,0
0,2,0,1,1,7,2,126.6524,37.4213,0,0,1,0,35,0,0
0,5,6,0,0,4,2,128.8905,35.1182,0,0,1,0,206,0,0
0,2,0,0,3,0,4,126.8884,37.5761,0,0,0,0,159,0,0
1,0,0,0,0,4,2,128.437,35.1012,1,0,1,0,86,0,0
0,0,0,1,2,0,1,127.0061,37.91,0,0,0,0,59,0,0
1,0,5,0,0,1,2,127.2545,35.5369,0,0,0,0,152,0,0
1,4,0,0,0,4,1,127.441,37.6961,0,0,0,0,176,0,0
0,4,6,1,1,0,6,127.2265,37.7805,0,0,0,0,171,0,0
0,3,0,1,1,1,1,126.8784,37.4577,0,0,0,0,81,0,0
1,0,5,0,0,2,6,126.903,34.7167,1,0,0,0,56,0,0
1,1,7,1,1,0,12,126.8991,35.1348,0,0,0,0,190,0,0
1,6,5,0,0,6,2,127.4958,36.1389,0,0,1,0,68,0,0
1,3,0,0,0,0,2,127.6654,37.5228,1,0,0,0,48,0,0
1,6,0,0,0,1,1,126.6084,34.5293,0,0,1,0,119,0,0
1,6,0,0,0,9,1,128.4485,35.1074,0,0,1,0,86,0,0
0,0,2,0,0,4,4,126.482,35.8133,0,0,1,0,166,0,0
0,1,0,2,0,0,1,126.9738,36.7875,0,0,0,0,53,0,0
0,3,6,1,1,4,4,126.9618,37.5224,0,0,0,0,134,0,0
0,0,0,1,2,1,3,128.9123,35.0891,0,0,0,0,206,0,0
0,4,6,1,1,1,3,128.0752,35.1994,0,0,0,0,42,0,0
0,0,0,0,0,0,7,126.9076,36.2761,0,0,0,0,129,0,0
1,5,8,1,1,2,6,126.6567,35.7079,2,0,1,0,185,0,0
1,2,4,1,2,0,1,127.302,36.7529,0,0,0,0,63,0,0
0,5,0,1,2,2,6,127.3535,36.3053,0,0,1,0,4,0,0
0,0,0,0,0,0,1,128.1517,36.3843,1,0,0,0,58,0,0
1,2,5,0,0,0,1,127.019,37.3163,1,0,0,0,99,0,0
1,2,0,0,0,7,1,128.4775,35.8366,0,0,0,0,20,0,0
0,0,0,0,0,1,1,129.3451,35.4552,0,0,0,0,17,0,0
1,4,5,0,0,6,2,128.4562,37.4966,0,0,0,0,24,0,0
0,4,0,0,0,0,8,128.2046,36.4256,0,0,0,0,58,0,0
0,1,7,1,1,0,4,128.8272,35.3982,0,0,0,0,177,0,0
0,4,0,0,0,0,1,126.7084,37.1656,0,0,0,0,50,0,0
0,0,10,0,0,4,2,127.0336,37.6008,0,0,0,0,167,0,0
0,4,5,0,0,6,2,127.0631,36.9368,0,0,0,0,53,0,0
0,4,0,0,0,0,6,129.282,35.3267,0,0,0,0,85,0,0
1,2,0,0,0,4,1,127.3761,36.3887,0,0,0,0,148,0,0
0,0,0,0,0,4,1,128.794,35.8116,0,0,0,0,52,0,0
1,2,8,1,1,4,3,126.9573,36.408,0,0,0,0,174,0,0
1,5,5,0,0,7,2,128.2762,35.9171,0,0,1,0,168,0,0
0,5,0,0,0,0,1,127.1719,37.5932,1,0,1,0,70,0,0
1,6,0,1,2,0,1,128.6498,35.4273,0,0,1,0,211,0,0
0,5,0,0,0,0,1,127.3271,36.3668,0,0,1,0,148,0,0
1,3,5,0,0,0,2,128.9742,35.1575,1,0,0,0,120,0,0
1,1,2,1,1,0,4,128.9931,35.8646,1,0,0,0,5,0,0
1,6,8,1,1,0,3,126.6222,34.9397,1,0,1,0,33,0,0
0,5,5,1,2,0,3,126.7229,35.9699,0,0,1,0,166,0,0
1,5,7,1,1,4,5,127.0472,37.7085,0,0,1,0,64,0,0
0,5,0,1,2,0,4,126.6855,37.5214,0,0,1,0,97,0,0
0,5,8,1,1,1,7,127.3271,36.5468,0,1,1,0,229,0,0
1,2,0,0,0,1,3,126.9774,37.3428,1,0,0,0,199,0,0
0,2,6,0,0,0,5,127.1027,35.855,0,0,0,0,11,0,0
1,3,4,0,0,1,1,126.9445,37.4868,0,0,0,0,188,0,0
1,1,0,0,0,1,1,127.714,36.7316,0,0,0,0,179,0,0
1,0,0,0,0,9,1,129.3088,37.0819,0,0,0,0,208,0,0
0,5,0,0,0,1,1,128.5705,35.2846,0,0,1,0,117,0,0
0,2,5,1,2,4,2,126.9957,37.5642,0,0,0,0,8,0,0
1,1,0,1,2,0,2,127.5857,34.9789,0,0,0,0,130,0,0
0,6,0,0,0,0,1,126.903,37.6204,0,0,1,0,40,0,0
1,0,0,1,2,3,7,128.3998,35.3744,0,0,0,0,189,0,0
0,1,0,0,0,0,1,129.2794,35.8357,1,0,0,0,100,0,0
0,3,5,0,0,0,2,126.6748,36.8744,0,0,0,0,46,0,0
1,5,0,0,0,1,1,128.7818,37.0056,0,0,1,0,149,0,0
0,6,0,1,2,0,1,127.2187,37.3472,0,0,1,0,9,0,0
0,5,9,1,2,4,2,128.6331,35.8246,0,0,1,0,37,0,0
0,3,0,0,0,1,3,129.2776,35.4171,0,0,0,0,17,0,0
1,4,0,1,1,9,1,126.7817,36.271,0,0,0,0,129,0,0
0,5,0,0,0,0,1,126.5879,33.2845,0,0,1,0,62,0,0
1,5,5,0,0,1,9,126.6937,36.9965,0,0,1,0,46,0,0
0,4,7,1,2,5,5,126.8419,37.3279,0,0,0,0,2,0,0
1,1,0,1,2,1,3,126.6258,37.4675,0,0,0,0,72,0,0
1,6,6,1,1,4,2,127.9541,37.3187,0,0,1,0,36,0,0
1,1,0,0,0,1,8,127.367,34.6656,0,0,0,0,191,0,0
1,5,0,0,0,4,1,128.1992,38.1108,0,0,1,0,124,0,0
1,2,0,1,2,0,4,126.8146,37.0808,0,0,0,0,50,0,0
1,3,0,0,0,0,5,127.1431,35.8437,0,0,0,0,11,0,0
1,2,0,1,2,0,1,127.2916,37.6448,0,0,0,0,70,0,0
1,1,0,0,0,0,3,127.2099,37.2195,0,0,0,0,51,0,0
1,4,0,1,1,0,5,128.5863,38.2082,0,0,0,0,104,0,0
1,2,10,0,3,0,2,127.0453,37.6772,0,0,0,0,98,0,0
1,3,0,0,0,1,4,126.9016,37.5061,0,0,0,0,150,0,0
0,0,0,0,0,0,1,127.0962,34.7864,0,0,0,0,122,0,0
0,0,0,0,0,1,1,128.5254,36.7163,0,0,0,0,55,0,0
0,6,0,0,0,0,1,126.6926,37.4634,0,0,1,0,29,0,0
1,2,6,0,0,7,2,127.1332,37.6042,0,0,0,0,165,0,0
1,0,0,1,1,1,7,126.6688,35.5262,0,0,0,0,219,0,0
0,6,5,2,4,6,2,126.8191,37.5389,0,0,1,0,65,0,0
1,5,6,1,1,0,3,127.5904,36.9872,1,0,1,0,110,0,0
1,4,0,0,0,3,7,128.4234,38.4634,0,0,0,0,217,0,0
0,4,5,0,0,1,6,127.2332,37.1811,2,0,0,0,51,0,0
1,2,0,0,0,6,1,127.923,36.9581,0,0,0,0,6,0,0
0,2,0,0,0,0,1,128.2442,38.139,0,0,0,0,124,0,0
0,1,0,0,0,9,1,126.6778,34.6048,0,0,0,0,119,0,0
1,1,0,0,0,1,1,128.3959,37.9433,0,0,0,0,124,0,0
1,1,0,2,4,0,8,127.8916,36.2155,1,0,0,0,75,0,0
1,6,6,1,1,1,4,126.5935,36.4545,0,0,1,0,136,0,0
0,4,0,0,0,0,2,126.8788,37.5705,0,0,0,0,159,0,0
1,3,5,0,0,6,2,127.3665,36.5359,0,1,0,0,229,0,0
0,0,0,0,0,1,2,126.9123,37.5658,0,0,0,0,159,0,0
1,5,0,0,0,0,1,128.0724,37.8188,0,0,1,0,82,0,0
0,4,5,0,0,1,2,128.1596,37.416,0,0,0,0,31,0,0
1,0,0,0,0,0,5,127.7239,37.8858,0,0,0,0,111,0,0
1,0,3,1,1,4,2,127.121,36.4468,0,0,0,0,19,0,0
0,0,5,0,0,6,2,127.2081,38.0165,0,0,0,0,171,0,0
0,0,0,0,0,0,7,127.1608,36.8235,0,0,0,0,63,0,0
1,0,9,1,2,7,2,128.5375,35.8193,0,0,0,0,20,0,0
1,3,7,1,1,6,2,126.8116,36.8302,0,0,1,0,46,0,0
1,3,0,0,0,0,2,127.0421,36.1056,1,0,1,0,125,0,0
1,2,0,0,0,4,1,127.3487,36.5063,0,1,1,0,229,0,0
0,3,0,0,0,0,8,127.6599,37.5178,0,0,0,0,48,0,0
0,6,0,0,0,0,3,128.9683,35.3198,0,0,1,0,49,0,0
1,1,4,0,0,9,1,128.3344,35.4756,0,0,0,0,189,0,0
0,6,0,0,0,0,1,127.4713,36.8534,0,0,1,0,60,0,0
1,1,0,1,1,4,3,128.3011,36.4941,0,0,0,0,55,0,0
0,5,0,1,1,0,5,126.9572,35.9397,0,0,1,0,125,0,0
0,5,0,0,0,0,5,127.2389,36.0103,0,0,1,0,28,0,0
0,3,0,0,0,0,2,128.6433,38.1022,0,0,1,0,164,0,0
0,2,0,0,0,1,1,128.4621,36.8366,1,0,0,0,55,0,0
1,6,6,1,1,6,3,128.5676,35.893,0,0,1,0,112,0,0
0,5,0,0,3,1,2,126.6328,37.4532,0,0,1,0,29,0,0
1,5,6,1,1,7,2,127.123,35.8121,0,0,1,0,11,0,0
0,6,0,1,1,6,2,126.7716,37.6609,0,0,1,0,40,0,0
1,4,6,0,3,0,1,129.3446,36.1616,1,0,0,0,160,0,0
1,4,0,0,0,0,5,126.9734,35.9388,0,0,0,0,125,0,0
1,5,6,1,1,0,2,127.8105,35.5118,1,0,1,0,108,0,0
1,0,0,0,0,1,1,126.6888,35.9399,0,0,0,0,166,0,0
1,0,0,2,4,1,3,129.3821,36.4306,1,0,0,0,54,0,0
1,4,0,1,2,1,1,127.2703,38.0537,0,0,0,0,171,0,0
1,4,0,0,0,6,2,128.6052,36.7437,0,0,0,0,113,0,0
1,0,0,0,0,1,1,127.6288,34.9625,0,0,0,0,130,0,0
1,1,5,0,0,1,9,128.0293,37.5032,0,0,0,0,31,0,0
1,1,6,1,1,4,2,128.1074,35.1559,0,0,0,0,42,0,0
0,6,0,1,1,0,1,127.5683,36.9822,0,0,1,0,110,0,0
0,5,5,0,0,0,4,126.9448,37.3685,0,0,1,0,126,0,0
0,6,0,0,0,0,9,126.8786,37.0182,0,0,1,0,14,0,0
1,3,0,0,0,1,2,126.806,36.9168,0,0,0,0,46,0,0
0,5,0,1,2,0,5,127.5146,35.202,0,0,1,0,161,0,0
1,6,6,1,1,2,2,128.9274,35.2229,1,0,1,0,13,0,0
1,6,0,0,0,4,1,128.6345,34.8756,0,0,1,0,15,0,0
1,0,3,0,3,0,7,128.6565,35.8849,0,0,0,0,26,0,0
0,5,0,0,0,0,3,126.9981,37.3783,0,0,1,0,199,0,0
0,4,0,1,2,0,5,126.7413,36.1943,0,0,0,0,129,0,0
0,6,0,0,0,6,1,126.7836,36.1376,0,0,1,0,10,0,0
0,6,0,0,3,1,6,128.552,35.8941,0,0,1,0,112,0,0
0,0,0,0,0,4,1,129.0297,35.3472,0,0,0,0,49,0,0
0,6,0,0,0,0,1,127.1414,34.7604,0,0,1,0,122,0,0
0,2,0,0,0,0,1,128.4234,34.8654,0,0,0,0,212,0,0
1,0,0,1,1,1,7,127.0879,37.5587,0,0,0,0,183,0,0
0,3,0,1,1,0,5,129.0264,35.343,0,0,0,0,49,0,0
0,2,0,0,0,4,1,129.2894,35.9193,0,0,0,0,100,0,0
0,3,6,1,1,4,2,128.4781,35.8532,0,0,0,0,20,0,0
1,1,0,0,0,0,1,127.0364,37.548,0,0,0,0,84,0,0
0,1,6,1,1,4,2,128.6875,35.2004,0,0,0,0,86,0,0
0,1,5,0,0,1,4,129.3614,35.5643,0,0,0,0,158,0,0
0,2,0,0,0,4,1,127.1375,37.531,0,0,0,0,91,0,0
0,6,0,1,1,0,1,126.9321,35.6539,0,0,1,0,12,0,0
0,5,0,0,0,0,1,129.1765,35.3349,0,0,1,0,85,0,0
0,6,0,1,1,0,1,129.345,36.0061,0,0,1,0,160,0,0
0,6,0,0,0,0,3,129.3135,35.7727,0,0,1,0,100,0,0
0,3,0,1,1,0,2,126.7184,37.4492,1,0,0,0,29,0,0
1,3,0,0,0,0,1,126.5003,36.8082,0,0,0,0,69,0,0
0,5,0,0,0,5,4,128.9928,35.0935,0,0,1,0,25,0,0
0,6,0,0,0,0,1,127.239,37.9518,0,0,1,0,171,0,0
1,6,4,0,0,1,7,126.3764,34.7981,0,0,1,0,153,0,0
1,1,0,0,0,1,2,127.0524,35.8412,0,0,0,0,28,0,0
1,2,0,1,2,0,3,126.9774,35.9407,0,0,0,0,125,0,0
1,2,6,1,2,6,3,127.2345,37.3004,0,0,0,0,51,0,0
0,6,5,1,2,6,2,127.9351,36.9823,0,0,1,0,6,0,0
1,4,7,1,1,0,7,127.9198,35.6918,0,0,0,0,154,0,0
1,0,0,0,0,0,1,126.723,34.5267,0,0,0,0,121,0,0
1,1,5,0,0,0,9,127.279,37.4766,0,0,0,0,9,0,0
0,2,2,1,1,0,1,127.1042,37.3574,0,0,0,0,95,0,0
1,3,7,1,1,4,2,128.8846,35.2326,1,0,0,0,13,0,0
0,1,0,0,0,3,8,126.6698,36.7921,0,0,0,0,46,0,0
1,5,0,1,2,6,2,127.2988,36.5885,0,1,1,0,229,0,0
0,4,0,0,0,0,1,126.439,34.7986,0,0,0,0,153,0,0
1,3,10,1,1,4,9,129.3917,36.9502,0,0,0,0,208,0,0
1,2,5,1,1,2,2,128.1017,35.0688,0,0,1,0,57,0,0
1,1,6,1,1,0,4,128.3618,36.0919,0,0,0,0,144,0,0
1,1,0,1,2,4,6,127.2386,36.1365,0,0,0,0,61,0,0
0,2,0,1,1,0,4,126.9783,36.1637,0,0,0,0,129,0,0
1,1,5,0,0,1,3,128.58,35.6253,0,0,0,0,3,0,0
1,0,5,0,0,0,2,127.1332,35.3637,1,0,0,0,131,0,0
1,6,0,1,1,1,2,128.1562,37.1445,1,0,1,0,103,0,0
0,5,0,0,0,0,4,126.8046,35.2055,0,0,1,0,135,0,0
0,4,0,0,0,5,4,126.441,36.9304,0,0,0,0,69,0,0
1,5,0,0,0,9,1,128.1358,34.9183,0,0,1,0,87,0,0
0,4,6,1,1,0,2,128.6733,35.2161,0,0,0,0,86,0,0
0,1,0,1,1,0,4,127.0535,36.9636,0,0,0,0,14,0,0
1,2,5,0,0,0,6,128.423,38.3776,1,0,0,0,217,0,0
0,1,0,0,0,6,1,126.8009,37.4455,0,0,0,0,73,0,0
0,1,0,2,4,1,8,127.0473,36.4803,0,0,0,0,19,0,0
1,5,0,0,0,1,8,128.7508,36.6034,0,0,1,0,66,0,0
1,0,0,0,0,4,5,128.5228,35.8236,0,0,0,0,20,0,0
1,5,0,1,1,1,1,128.1721,36.1096,0,0,1,0,76,0,0
0,3,0,0,0,7,2,128.7052,35.2029,0,0,0,0,86,0,0
1,0,7,1,1,6,2,128.1898,37.2618,0,0,0,0,36,0,0
1,6,0,0,0,9,1,128.9192,35.6984,0,0,1,0,3,0,0
0,3,0,1,2,1,5,127.502,34.9277,0,0,0,0,27,0,0
1,3,0,0,0,1,7,129.5245,35.8895,0,0,0,0,160,0,0
0,3,5,0,0,7,2,127.1296,37.537,0,0,0,0,91,0,0
1,4,0,1,1,4,3,128.4628,35.82,0,0,0,0,220,0,0
0,4,0,0,0,0,1,127.0357,36.1665,0,0,0,0,61,0,0
1,4,4,0,0,4,1,129.056,36.4279,0,0,0,0,203,0,0
0,4,0,0,0,0,1,126.9701,36.3319,0,0,0,0,129,0,0
1,4,0,1,2,1,3,128.5557,38.2604,0,0,0,0,217,0,0
1,1,0,2,4,0,1,127.2939,36.5299,0,1,0,0,229,0,0
0,1,0,0,0,4,1,126.3257,33.2898,0,0,0,0,62,0,0
1,0,8,1,1,6,3,126.9584,35.9536,0,0,0,0,125,0,0
1,0,8,1,1,1,5,127.4911,36.598,0,0,0,0,83,0,0
1,2,0,0,0,4,1,128.7372,35.8343,0,0,0,0,52,0,0
1,4,0,0,3,7,2,128.9654,35.1061,0,0,0,0,25,0,0
0,2,6,1,1,4,6,126.969,37.3772,0,0,0,0,151,0,0
1,2,0,0,0,4,1,128.4987,36.713,0,0,0,0,55,0,0
0,3,10,0,0,0,2,127.4722,36.6553,0,0,0,0,83,0,0
0,0,5,0,0,0,4,127.3722,37.7972,0,0,0,0,176,0,0
0,5,6,1,2,4,2,127.043,37.5868,0,0,1,0,201,0,0
1,0,0,0,0,9,1,128.7457,35.6556,0,0,0,0,3,0,0
1,5,0,2,4,1,4,127.9199,36.9717,0,0,1,0,6,0,0
1,2,0,0,0,1,11,128.6003,35.204,0,0,0,0,86,0,0
1,0,0,0,0,9,1,126.9893,37.7733,0,0,0,0,59,0,0
0,2,2,0,0,0,11,129.1347,35.1556,0,0,0,0,180,0,0
1,3,6,1,1,6,3,126.4531,34.7605,0,0,0,0,16,0,0
1,1,0,0,0,4,1,127.6435,37.0941,0,0,0,0,110,0,0
1,0,0,0,0,1,5,127.3471,36.3441,0,0,0,0,148,0,0
1,5,0,0,0,0,1,126.7577,37.6391,0,0,1,0,40,0,0
0,5,6,1,1,0,2,126.9206,35.1545,1,0,1,0,162,0,0
0,6,0,2,4,4,1,128.5561,35.6358,0,0,1,0,3,0,0
1,2,0,0,0,1,3,128.3672,36.4393,0,0,0,0,105,0,0
1,3,5,0,0,0,2,127.514,36.6489,0,0,0,0,83,0,0
0,6,7,1,1,0,6,127.0551,35.9053,1,0,1,0,28,0,0
1,0,0,0,0,0,1,128.3693,36.0434,0,0,0,0,21,0,0
1,0,7,1,1,0,8,128.0766,35.3551,0,0,0,0,224,0,0
1,1,5,0,0,0,2,126.892,37.2916,0,0,0,0,2,0,0
0,3,0,0,0,0,2,127.1585,37.4483,1,0,0,0,95,0,0
0,3,0,0,0,0,1,128.7585,35.2997,0,0,0,0,13,0,0
0,0,0,0,0,1,6,126.9324,36.0763,0,0,0,0,125,0,0
1,1,5,0,0,1,7,126.7357,35.7343,0,0,0,0,185,0,0
1,1,5,0,0,4,3,128.6243,36.2862,0,0,0,0,105,0,0
0,6,5,0,0,0,3,126.7306,37.6532,0,0,1,0,40,0,0
0,6,0,0,0,0,1,127.4231,38.2001,0,0,1,0,184,0,0
1,1,5,0,0,0,2,127.0464,37.0073,0,0,0,0,14,0,0
1,4,10,0,0,7,3,126.7109,37.3852,0,0,0,0,29,0,0
1,0,5,0,0,0,3,126.6413,37.4313,0,0,0,0,35,0,0
1,5,5,0,0,0,6,128.8485,37.1766,0,0,1,0,198,0,0
0,6,0,0,0,0,1,127.2586,34.5856,0,0,1,0,191,0,0
1,4,4,0,0,9,1,129.0841,36.3543,0,0,0,0,203,0,0
1,5,0,0,0,5,1,127.4421,36.7063,0,0,1,0,83,0,0
1,0,6,1,1,0,5,128.1169,35.1886,0,0,0,0,42,0,0
1,5,0,0,0,0,1,128.0499,37.9783,0,0,1,0,124,0,0
1,5,0,0,0,1,1,127.4473,36.7619,0,0,1,0,60,0,0
0,4,0,0,0,4,1,127.0402,37.1987,0,0,0,0,50,0,0
0,4,0,0,0,1,5,127.4246,36.484,0,0,0,0,83,0,0
0,6,0,1,2,4,2,126.8067,37.7402,0,0,1,0,175,0,0
1,6,7,1,1,1,3,126.6969,35.7363,2,0,1,0,185,0,0
0,5,0,0,0,1,1,127.2589,36.3812,0,0,1,0,19,0,0
1,0,0,1,1,1,2,127.0989,36.1081,1,0,0,0,61,0,0
1,0,0,0,0,1,8,129.1926,35.8744,0,0,0,0,100,0,0
1,3,3,1,1,1,3,127.2674,35.6782,0,0,0,0,152,0,0
0,3,0,1,2,0,1,126.7105,37.3831,0,0,0,0,29,0,0
0,3,0,0,0,7,1,126.9141,35.2751,0,0,0,0,181,0,0
0,3,0,1,2,0,5,126.7596,37.4918,0,0,0,0,65,0,0
0,1,2,1,2,0,5,127.2322,38.1852,0,0,0,0,184,0,0
0,1,0,1,1,1,2,126.7601,37.3575,0,0,0,0,73,0,0
1,5,0,0,0,2,2,128.5173,34.9356,0,0,1,0,15,0,0
1,3,7,1,1,0,4,127.1376,35.8224,0,0,0,0,11,0,0
1,5,7,1,1,1,4,126.3321,34.6845,0,0,1,0,119,0,0
1,3,0,0,0,4,3,127.2262,38.1642,0,0,0,0,184,0,0
0,3,0,0,0,4,1,127.1523,37.8094,0,0,0,0,171,0,0
0,3,0,0,0,0,8,126.5115,36.801,0,0,0,0,69,0,0
1,2,10,0,0,2,3,127.1746,36.841,1,0,0,0,63,0,0
0,1,8,1,1,0,4,126.6943,35.9649,0,0,0,0,166,0,0
1,0,6,1,1,2,5,127.2892,37.3854,0,0,0,0,9,0,0
1,0,0,0,0,0,1,127.2512,38.114,0,0,0,0,171,0,0
1,4,0,1,1,0,1,128.4893,35.5297,0,0,0,0,211,0,0
1,4,6,1,1,1,5,127.2923,36.5885,0,1,0,0,229,0,0
0,4,9,1,1,4,2,129.0125,35.2287,0,0,0,0,118,0,0
1,1,0,1,2,0,1,127.5225,34.9449,0,0,0,0,27,0,0
1,1,0,0,0,1,8,129.0105,36.0565,0,0,0,0,5,0,0
1,1,9,0,0,4,2,127.0727,35.8685,0,0,0,0,11,0,0
1,1,5,0,0,1,9,127.3061,37.4545,0,0,0,0,9,0,0
0,1,2,0,0,0,5,127.9298,37.4052,0,0,0,0,36,0,0
1,4,0,0,0,9,1,126.7932,34.3971,0,0,0,0,141,0,0
0,3,3,0,0,4,2,126.8821,35.153,0,0,0,0,222,0,0
1,2,0,1,1,1,3,126.7511,34.6197,0,0,0,0,121,0,0
0,2,0,0,0,0,1,125.9452,34.6991,0,0,0,0,132,0,0
1,1,0,1,1,2,4,126.7512,37.4357,0,0,0,0,29,0,0
1,1,0,0,0,0,2,126.6458,37.3225,0,0,0,0,73,0,0
1,1,5,0,0,1,6,128.1777,35.567,0,0,0,0,133,0,0
1,0,5,0,0,2,2,126.617,36.8319,0,0,0,0,46,0,0
1,6,6,1,1,1,7,128.2087,37.1344,0,0,1,0,103,0,0
0,5,6,1,1,6,2,126.9117,37.6138,0,0,1,0,139,0,0
0,5,0,2,4,0,1,126.7234,37.4677,0,0,1,0,29,0,0
0,5,6,1,1,4,6,129.2743,35.4161,0,0,1,0,17,0,0
0,5,5,0,0,0,3,127.623,37.5073,0,0,1,0,48,0,0
1,6,0,0,0,0,3,127.132,37.5563,0,0,1,0,91,0,0
1,5,6,1,1,0,2,127.2457,36.9611,0,0,1,0,23,0,0
1,2,0,2,4,3,7,126.8596,37.3036,0,0,0,0,2,0,0
0,3,0,0,0,0,1,127.0937,34.8187,0,0,0,0,122,0,0
1,4,0,1,1,0,4,128.941,35.9721,0,0,0,0,5,0,0
0,5,0,2,0,0,2,127.0281,37.5275,0,0,1,0,89,0,0
0,5,0,0,0,0,3,128.2213,37.1198,0,0,1,0,103,0,0
1,5,0,0,0,1,8,128.3158,35.2565,0,0,1,0,117,0,0
1,5,0,0,0,1,5,126.7432,35.7059,0,0,1,0,185,0,0
1,0,8,1,1,1,4,127.4228,35.2619,0,0,0,0,161,0,0
1,0,6,1,1,1,3,126.3038,33.2506,0,0,0,0,62,0,0
1,0,0,1,1,3,5,127.5002,34.9484,0,0,0,0,27,0,0
1,3,5,0,0,0,2,126.9367,36.7999,0,0,0,0,53,0,0
0,4,0,1,1,6,1,126.958,37.2434,0,0,0,0,99,0,0
0,0,6,1,1,4,2,127.0645,37.7442,0,0,0,0,64,0,0
0,5,0,0,0,6,1,126.4556,33.4648,0,0,1,0,90,0,0
0,5,0,0,0,0,1,128.7143,35.3054,0,0,1,0,13,0,0
1,1,0,1,2,4,3,129.3742,37.1035,0,0,0,0,208,0,0
0,3,5,0,0,0,2,127.4437,36.6553,0,0,0,0,83,0,0
0,0,0,0,0,3,1,127.7264,35.0411,0,0,0,0,130,0,0
0,0,6,1,1,3,4,127.0693,37.7372,0,0,0,0,64,0,0
1,0,0,0,0,1,1,128.7935,35.4123,0,0,0,0,177,0,0
1,4,0,0,0,0,1,126.952,36.7627,0,0,0,0,53,0,0
1,4,9,1,1,6,3,126.9313,37.5188,0,0,0,0,150,0,0
0,2,6,1,1,0,2,126.9751,37.244,2,0,0,0,99,0,0
1,3,0,1,1,1,5,128.2096,37.1468,0,0,0,0,103,0,0
1,3,0,0,0,0,3,128.3622,36.0867,0,0,0,0,144,0,0
0,5,6,1,1,0,4,126.9178,37.6142,0,0,1,0,139,0,0
0,5,0,0,0,2,8,128.0881,37.2384,0,0,1,0,36,0,0
0,2,0,1,2,1,3,127.7226,34.9491,0,0,0,0,130,0,0
0,3,0,0,0,0,1,128.9438,35.0911,0,0,0,0,206,0,0
0,3,0,0,0,0,1,129.3603,35.5795,0,0,0,0,158,0,0
1,2,2,1,1,1,8,127.9836,38.1107,0,0,0,0,115,0,0
0,5,6,1,1,4,2,129.0319,35.1588,0,0,1,0,231,0,0
0,4,0,2,0,0,5,127.1073,37.5304,0,0,0,0,183,0,0
0,5,7,1,1,0,7,128.5825,38.1877,0,0,1,0,104,0,0
0,1,0,0,0,1,8,129.1371,35.8415,0,0,0,0,100,0,0
0,2,0,0,0,1,1,126.9469,37.8569,0,0,0,0,59,0,0
0,3,5,0,0,1,7,128.2045,37.1344,0,0,0,0,103,0,0
1,4,6,1,1,6,2,126.6027,37.6878,0,0,0,0,47,0,0
1,0,0,0,0,7,3,127.6315,37.1208,0,0,0,0,41,0,0
1,5,0,0,0,9,1,127.1418,36.3603,0,0,1,0,19,0,0
0,2,0,0,0,4,2,127.1482,36.8251,0,0,0,0,63,0,0
1,6,0,0,0,4,1,127.4782,36.9811,0,0,1,0,110,0,0
0,0,0,0,0,0,6,127.2489,37.965,0,0,0,0,171,0,0
0,0,0,0,0,0,2,128.8624,35.2424,0,0,1,0,13,0,0
1,1,0,1,1,6,1,126.5268,33.5104,0,0,0,0,90,0,0
1,4,0,0,0,0,1,126.6385,34.5666,0,0,0,0,119,0,0
0,3,0,0,0,4,1,127.1921,37.6488,0,0,0,0,70,0,0
0,2,5,0,0,0,2,127.4632,36.6,1,0,0,0,83,0,0
1,1,5,0,0,3,2,126.9828,36.1634,1,0,0,0,129,0,0
0,5,0,0,0,0,7,126.8372,35.1775,0,0,1,0,135,0,0
0,5,5,0,0,0,2,127.3031,37.0021,1,0,1,0,23,0,0
1,5,0,1,2,1,3,127.3945,37.14,0,0,1,0,51,0,0
1,2,0,0,0,1,5,126.7711,37.5037,0,0,0,0,65,0,0
1,3,0,0,0,1,1,127.0737,36.2107,0,0,0,0,61,0,0
1,2,10,0,0,0,6,127.0417,37.1963,0,0,0,0,143,0,0
1,3,0,1,2,0,2,128.9979,35.3286,0,0,0,0,49,0,0
0,2,6,1,1,4,2,126.7235,37.6856,0,0,0,0,40,0,0
0,3,0,0,0,0,1,126.8914,37.5392,0,0,0,0,150,0,0
1,5,0,0,0,0,1,126.4211,34.7385,1,0,1,0,16,0,0
0,2,0,0,0,0,1,126.6585,35.9607,0,0,0,0,166,0,0
0,1,6,1,1,0,2,128.897,35.1681,0,0,0,0,206,0,0
0,2,0,1,1,0,1,128.0699,35.1579,0,0,0,0,42,0,0
1,1,0,1,2,0,3,126.6067,35.5071,0,0,0,0,219,0,0
0,3,0,0,0,0,1,127.7096,36.5408,0,0,0,0,32,0,0
1,4,0,1,1,7,2,127.0679,37.5973,0,0,0,0,201,0,0
1,1,3,0,0,7,6,127.1643,36.9983,0,0,0,0,23,0,0