주야,요일,법규위반,도로형태_대분류,도로형태,당사자종별_1당_대분류,당사자종별_2당_대분류,경도,위도,사고피해정도,도시여부,주말/공휴일,인구수,발생지번호,보행자의위치,무단횡단여부
0,6,5,0,0,0,2,128.9895,35.097,1,0,1,0,25,0,0
0,6,5,0,0,0,2,126.8771,35.0884,0,0,1,0,190,0,0
1,1,0,0,0,0,1,129.0756,35.0746,1,0,0,0,173,0,0
0,2,0,0,0,4,1,128.5921,38.2184,0,0,0,0,104,0,0
1,3,0,1,1,9,3,128.3898,37.3661,0,0,0,0,24,0,0
0,2,0,1,1,4,1,128.7289,36.5631,0,0,0,0,66,0,0
1,3,0,0,0,9,1,126.5744,34.416,0,0,0,0,119,0,0
1,0,0,0,0,6,1,128.2512,36.5397,0,0,0,0,74,0,0
1,1,6,1,1,6,2,127.5798,36.7884,0,0,0,0,138,0,0
1,4,0,0,0,0,5,129.3216,35.726,0,0,0,0,100,0,0
1,5,0,1,2,9,1,126.4331,35.2696,0,0,1,0,127,0,0
0,2,0,1,2,0,1,126.8553,35.157,0,0,0,0,222,0,0
1,2,0,0,0,1,1,126.1324,34.7393,0,0,0,0,132,0,0
1,5,0,1,2,6,2,128.8802,35.2262,0,0,1,0,13,0,0
1,4,0,1,1,3,2,127.5438,34.9355,0,0,0,0,27,0,0
0,0,0,0,0,1,1,126.6219,34.845,0,0,0,0,16,0,0
1,4,7,1,1,2,3,128.1497,36.7507,2,0,0,0,74,0,0
0,1,0,2,0,4,1,127.0738,37.6015,0,0,0,0,196,0,0
1,1,3,0,0,0,4,126.9828,37.5348,0,0,0,0,134,0,0
1,4,7,1,1,0,7,126.9711,35.0419,0,0,0,0,88,0,0
0,3,0,0,0,0,1,126.6868,37.6316,0,0,0,0,47,0,0
1,3,7,1,1,3,4,128.4864,35.1181,0,0,0,0,86,0,0
1,1,6,1,1,1,4,127.5356,36.3299,0,0,0,0,142,0,0
1,1,5,0,0,1,3,126.6495,36.3367,0,0,0,0,136,0,0
0,1,0,0,0,6,1,126.7373,36.6444,0,0,0,0,38,0,0
0,1,0,0,0,0,1,127.6871,36.917,0,0,0,0,110,0,0
1,2,6,1,1,4,2,126.825,37.2016,0,0,0,0,50,0,0
1,3,3,1,1,6,2,127.0299,37.6171,0,0,1,0,200,0,0
1,1,0,0,0,0,1,127.4074,36.3425,0,0,0,0,39,0,0
0,4,0,0,0,9,1,126.6661,34.9488,0,0,0,0,33,0,0
1,4,0,1,1,1,4,127.36,35.1561,0,0,0,0,147,0,0
1,5,3,0,0,7,2,126.7749,37.4948,0,0,1,0,65,0,0
1,2,3,1,1,0,3,127.4844,34.9592,0,0,0,0,27,0,0
1,4,9,1,1,7,2,128.5938,38.2107,0,0,0,0,104,0,0
1,0,0,0,0,4,1,126.3867,33.2395,0,0,0,0,62,0,0
0,2,0,1,2,4,1,129.1634,35.3977,0,0,0,0,49,0,0
0,2,2,1,1,0,4,128.9056,35.2284,0,0,0,0,13,0,0
1,0,0,1,1,0,4,126.8018,37.5172,0,0,0,0,65,0,0
1,2,4,0,0,7,3,127.1289,36.8254,0,0,0,0,63,0,0
0,1,0,0,0,0,8,126.492,36.5655,0,0,0,0,38,0,0
1,2,0,0,0,0,1,126.8608,35.0498,0,0,0,0,33,0,0
0,3,5,2,4,4,2,126.7097,36.0066,0,0,0,0,10,0,0
1,4,3,0,0,7,2,129.0679,35.0936,0,0,0,0,173,0,0
1,5,0,0,0,4,4,128.5957,35.5758,0,0,1,0,177,0,0
0,5,7,1,1,0,2,127.3816,36.6597,0,0,1,0,83,0,0
1,3,0,0,0,4,2,128.6314,35.8858,0,0,0,0,26,0,0
1,2,5,2,4,0,9,128.0259,34.906,0,0,0,0,197,0,0
1,2,0,0,0,1,1,125.9316,34.6892,0,0,0,0,132,0,0
1,5,0,0,0,1,1,128.6442,35.178,0,0,1,0,86,0,0
1,0,6,1,1,2,4,126.7685,37.7541,1,0,0,0,175,0,0
0,2,0,0,0,6,1,126.9401,34.6147,0,0,0,0,56,0,0
1,2,0,0,0,9,2,126.7879,35.2623,0,0,0,0,146,0,0
1,5,0,0,0,4,1,127.0292,37.6279,0,0,1,0,200,0,0
0,5,5,1,1,0,3,128.3726,35.0635,0,0,1,0,87,0,0
1,1,0,0,0,1,1,127.3661,35.658,1,0,0,0,152,0,0
0,0,3,2,0,1,2,126.7976,35.162,0,0,0,0,135,0,0
1,1,7,1,1,4,3,127.503,36.0983,0,0,0,0,68,0,0
1,0,0,0,0,0,1,127.7506,35.546,0,0,0,0,108,0,0
1,6,0,0,0,4,2,128.8008,35.8754,0,0,1,0,52,0,0
0,0,5,1,2,0,2,127.1734,37.5948,1,0,0,0,70,0,0
0,5,0,1,2,0,3,128.2063,37.1299,0,0,1,0,103,0,0
0,3,0,0,0,1,6,127.5249,34.9556,0,0,0,0,27,0,0
1,2,0,0,0,1,5,127.6221,37.0829,0,0,0,0,110,0,0
1,2,5,1,2,1,2,128.8275,35.2054,1,0,0,0,13,0,0
0,1,0,0,0,2,5,128.6787,35.1467,0,0,0,0,86,0,0
0,3,0,1,2,0,1,128.6221,35.2455,0,0,0,0,86,0,0
1,6,0,1,1,0,2,128.7431,35.497,0,0,1,0,177,0,0
1,3,0,0,0,0,1,127.277,36.7532,0,0,0,0,63,0,0
0,2,5,1,2,7,3,127.0383,37.5779,0,0,0,0,201,0,0
1,6,0,0,0,6,2,126.3858,34.7909,0,0,1,0,153,0,0
0,6,0,1,2,0,1,127.22,37.9195,1,0,1,0,171,0,0
1,6,0,2,4,0,1,128.757,37.2591,0,0,1,0,198,0,0
1,0,0,2,4,0,1,126.9054,35.1083,0,0,0,0,190,0,0
0,0,0,0,0,0,6,126.973,37.6065,0,0,0,0,195,0,0
0,0,6,0,0,7,2,127.0609,38.0295,0,0,0,0,106,0,0
0,5,5,2,0,0,2,127.013,36.1518,1,0,1,0,61,0,0
0,6,0,0,0,0,1,128.9978,35.2014,1,0,1,0,118,0,0
0,3,0,0,0,0,1,128.6411,38.0805,0,0,0,0,164,0,0
1,4,0,0,0,1,9,126.6049,36.3727,0,0,0,0,136,0,0
1,3,0,0,3,0,6,126.8749,35.1426,0,0,0,0,222,0,0
1,4,0,0,0,6,6,129.2139,35.8406,0,0,0,0,100,0,0
1,4,0,1,1,4,2,128.3199,36.2147,0,0,0,0,144,0,0
1,4,0,0,0,0,1,128.0914,35.1129,0,0,0,0,42,0,0
1,4,0,0,0,1,3,126.4501,37.7664,0,0,0,0,92,0,0
0,6,0,1,2,0,1,129.1119,35.1363,1,0,1,0,45,0,0
0,1,2,0,0,0,1,128.8024,37.2269,1,0,0,0,198,0,0
0,6,0,0,0,0,1,128.0812,35.0739,0,0,1,0,57,0,0
0,5,0,0,0,0,2,128.3734,35.0791,0,0,1,0,87,0,0
0,6,0,0,0,6,1,129.0419,37.2179,0,0,1,0,78,0,0
0,2,0,0,0,1,1,126.4363,35.0365,0,0,0,0,101,0,0
0,3,0,0,0,0,1,127.1966,37.5964,0,0,0,0,70,0,0
0,0,0,0,0,5,2,128.5273,35.3096,1,0,0,0,117,0,0
1,0,0,0,0,1,1,128.6929,35.3949,0,0,0,0,177,0,0
0,0,0,1,2,6,1,127.311,37.4037,0,0,0,0,9,0,0
1,0,0,1,1,0,4,128.6053,35.2121,0,0,0,0,86,0,0
1,5,0,0,0,1,1,127.7688,35.0992,0,0,1,0,172,0,0
1,0,5,0,0,7,9,127.183,37.65,0,0,0,0,70,0,0
0,4,8,1,1,1,4,126.5709,33.2656,0,0,0,0,62,0,0
1,5,0,0,0,9,1,126.5465,34.5524,0,0,0,0,119,0,0
1,1,7,1,1,1,7,127.1494,34.5253,0,0,0,0,191,0,0
1,1,0,0,0,9,1,126.7726,33.4162,0,0,0,0,62,0,0
0,4,0,0,0,9,1,126.5626,36.4913,0,0,0,0,136,0,0
1,4,0,1,2,1,3,128.5373,35.8952,1,0,0,0,112,0,0
1,2,6,1,1,0,3,127.0093,36.8314,1,0,0,0,53,0,0
1,1,0,1,1,4,3,127.3119,36.6008,0,0,0,0,83,0,0
0,0,0,0,0,0,1,128.5381,35.4455,0,0,0,0,211,0,0
1,1,7,1,1,6,3,128.4043,34.9968,0,0,0,0,87,0,0
0,5,6,0,0,1,9,127.1324,37.2896,0,0,1,0,51,0,0
0,5,6,1,1,1,4,127.5214,34.9606,0,0,1,0,27,0,0
1,2,0,0,0,1,5,128.8095,35.8208,0,0,0,0,52,0,0
0,2,0,0,0,1,3,126.4584,33.2541,0,0,0,0,62,0,0
0,3,0,0,0,0,1,128.34,36.1999,0,0,0,0,144,0,0
1,0,0,0,0,0,1,129.0947,36.647,0,0,0,0,128,0,0
1,5,0,0,0,1,1,127.5928,35.3871,0,0,1,0,193,0,0
0,5,0,0,0,0,1,127.875,36.9665,0,0,1,0,6,0,0
1,3,0,0,0,4,1,129.0397,35.0865,0,0,0,0,173,0,0
1,2,0,1,1,0,5,127.5829,34.9754,0,0,0,0,130,0,0
1,2,0,0,0,0,8,126.8524,33.5297,0,0,0,0,90,0,0
1,6,6,1,1,0,7,127.0641,37.5421,0,0,1,0,183,0,0
0,6,0,1,2,0,4,129.3261,35.5417,0,0,1,0,213,0,0
1,6,6,1,1,0,2,127.1069,35.8323,1,0,1,0,11,0,0
1,1,0,0,0,4,3,128.3476,34.938,0,0,0,0,212,0,0
0,1,7,1,1,1,6,127.9177,35.7161,0,0,0,0,154,0,0
0,1,2,0,0,1,2,128.2302,37.1191,0,0,0,0,103,0,0
1,0,7,1,1,6,2,126.8826,37.6353,0,0,0,0,40,0,0
0,0,0,0,0,4,2,129.1819,35.5508,0,0,0,0,17,0,0
1,0,5,0,0,7,2,127.5042,36.5341,0,0,0,0,83,0,0
1,1,0,0,0,0,1,127.3481,36.3609,0,0,0,0,148,0,0
1,3,2,1,1,0,7,126.8173,35.7336,0,0,0,0,34,0,0
1,6,0,0,0,0,7,129.392,36.1097,0,0,1,0,160,0,0
0,1,4,0,0,0,1,126.9703,37.3459,0,0,0,0,199,0,0
0,6,6,1,1,0,2,127.9518,37.3972,1,0,1,0,36,0,0
1,4,5,1,2,6,2,126.7724,37.3083,0,0,0,0,2,0,0
0,4,8,1,1,0,2,127.093,36.9902,0,0,0,0,14,0,0
0,3,0,0,0,0,1,128.2088,35.6765,0,0,1,0,220,0,0
0,5,0,0,0,0,1,128.9024,35.9427,0,0,1,0,5,0,0
1,2,0,2,4,0,1,129.5302,35.9827,0,0,1,0,160,0,0
1,0,2,1,2,1,5,126.7335,37.3533,0,0,0,0,73,0,0
0,6,7,1,1,0,4,126.7456,37.3465,1,0,1,0,73,0,0
1,6,0,0,0,1,4,127.2688,35.0769,0,0,1,0,27,0,0
0,3,5,0,0,0,3,126.8172,37.7559,0,0,0,0,175,0,0
1,4,0,0,0,0,4,127.5656,36.7741,0,0,0,0,83,0,0
0,4,0,0,0,1,1,127.3083,36.5693,0,1,0,0,229,0,0
0,4,0,0,0,0,2,127.6116,34.963,1,0,0,0,130,0,0
1,4,3,0,0,2,8,127.6082,34.6922,0,0,0,0,102,0,0
0,2,0,0,0,1,1,127.0642,36.4383,0,0,0,0,19,0,0
1,1,0,0,0,0,1,126.9119,37.5183,0,0,0,0,150,0,0
1,0,0,0,0,4,9,127.9697,35.3138,0,0,0,0,224,0,0
0,1,0,1,1,0,1,126.4265,34.8228,0,0,0,0,153,0,0
1,4,6,1,1,4,2,126.8891,36.9965,1,0,0,0,14,0,0
0,1,0,0,0,0,1,129.39,37.0543,0,0,0,0,208,0,0
1,0,7,1,1,6,2,126.8887,35.7976,0,0,0,0,34,0,0
1,0,0,0,0,0,1,127.0821,35.845,1,0,0,0,11,0,0
0,4,0,0,0,6,1,127.4996,36.1036,0,0,0,0,68,0,0
0,1,8,1,2,4,2,129.4293,35.5419,0,0,0,0,225,0,0
0,6,6,1,1,0,5,127.0587,37.7317,0,0,1,0,64,0,0
1,0,0,0,0,9,1,129.1908,36.6385,0,0,0,0,128,0,0
0,0,0,0,0,0,1,128.4086,36.1057,0,0,0,0,144,0,0
1,5,0,0,0,4,1,126.9176,37.4894,0,0,1,0,188,0,0
1,5,0,2,0,6,1,126.9184,37.4151,0,0,1,0,151,0,0
1,4,0,0,0,0,1,126.7098,35.007,0,0,0,0,33,0,0
0,2,0,0,0,0,1,126.4791,35.1107,0,0,0,0,157,0,0
1,3,0,2,4,7,5,127.1372,37.5671,0,0,0,0,91,0,0
0,4,0,2,4,4,1,126.6566,36.9255,0,0,0,0,46,0,0
1,0,0,0,0,4,1,127.3836,37.826,0,0,0,0,176,0,0
0,3,0,0,0,4,3,128.5258,36.8763,0,0,0,0,113,0,0
1,1,0,0,0,0,3,126.8631,37.4665,0,0,0,0,81,0,0
0,3,0,2,4,1,8,126.76,36.8988,0,0,0,0,46,0,0
0,3,0,1,1,1,7,128.0655,35.216,0,0,0,0,42,0,0
1,0,0,1,2,1,1,126.9678,36.0716,0,0,0,0,125,0,0
1,5,0,1,2,0,1,128.8998,35.2615,0,0,1,0,13,0,0
1,4,5,0,0,4,2,129.2291,35.4391,0,0,0,0,17,0,0
1,4,0,1,2,6,1,126.55,36.8807,0,0,0,0,46,0,0
1,4,0,0,0,4,1,128.6512,38.0525,0,0,0,0,164,0,0
0,4,0,0,0,0,2,127.3901,36.3586,0,0,0,0,4,0,0
0,0,0,0,0,0,1,129.3636,36.001,0,0,0,0,160,0,0
0,5,0,0,0,0,1,127.049,36.8448,0,0,1,0,53,0,0
0,6,0,0,0,1,1,126.894,37.0467,1,0,1,0,14,0,0
0,3,0,0,0,1,1,126.7851,36.5735,0,0,0,0,187,0,0
1,5,5,0,0,0,2,127.0631,37.6201,1,0,1,0,18,0,0
1,5,3,0,0,4,6,129.4293,35.5029,0,0,1,0,225,0,0
1,1,5,1,2,3,11,126.8824,34.9818,0,0,0,0,33,0,0
0,2,0,0,0,2,2,127.1064,37.5153,2,0,0,0,156,0,0
0,3,0,0,0,0,1,127.0836,37.0245,0,0,0,0,14,0,0
1,3,0,0,0,3,5,126.9415,37.5136,0,0,0,0,93,0,0
1,1,6,1,1,7,2,127.0375,37.6628,0,0,0,0,98,0,0
1,3,0,0,0,1,1,128.3256,35.3696,0,0,0,0,189,0,0
0,6,0,0,0,4,6,127.1427,37.5006,0,0,1,0,156,0,0
0,0,0,0,0,3,2,128.9259,36.0329,0,0,0,0,5,0,0
0,5,0,0,0,0,1,126.852,37.3092,1,0,1,0,2,0,0
0,3,5,1,2,0,4,126.9631,35.9416,0,0,0,0,125,0,0
0,3,5,0,0,0,6,126.9097,37.3907,0,0,0,0,151,0,0
1,3,0,0,0,0,1,128.4489,38.3001,1,0,0,0,217,0,0
0,0,0,0,0,0,1,128.8911,35.1422,0,0,0,0,206,0,0
1,3,0,0,0,1,8,128.8689,36.9203,0,0,0,0,149,0,0
1,6,6,1,1,0,7,127.5264,36.7066,0,0,1,0,83,0,0
1,0,0,1,1,0,2,129.401,36.5814,0,0,0,0,54,0,0
1,3,0,1,2,0,4,126.6936,36.0743,0,0,0,0,10,0,0
1,4,0,0,0,1,3,126.8007,36.8795,0,0,0,0,46,0,0
1,4,0,0,0,9,1,128.3914,34.8549,0,0,0,0,212,0,0
1,4,0,1,2,1,3,127.4389,36.7155,0,0,0,0,83,0,0
0,6,0,0,0,1,2,127.5762,37.8379,0,0,1,0,111,0,0
0,6,0,0,0,0,1,126.9255,37.8061,0,0,1,0,59,0,0
0,6,8,1,1,0,4,127.0604,35.9191,0,0,1,0,125,0,0
1,3,0,0,0,1,1,128.3783,37.1918,0,0,0,0,114,0,0
0,3,0,2,4,4,1,129.1652,35.1664,0,0,0,0,1,0,0
0,1,6,1,2,4,1,126.8418,37.3148,0,0,0,0,2,0,0
0,2,0,0,0,0,1,127.5508,35.4497,0,0,0,0,193,0,0
0,1,0,0,0,0,8,127.5326,37.0094,0,0,0,0,110,0,0
0,1,0,2,4,1,3,127.0481,36.798,0,0,0,0,53,0,0
1,6,0,2,4,0,1,128.6796,37.3065,0,0,1,0,198,0,0
0,6,0,1,2,0,1,127.4686,37.2819,0,0,1,0,41,0,0
1,5,0,0,0,9,1,126.904,36.5014,0,0,1,0,19,0,0
0,3,0,1,2,4,2,127.2795,35.1298,0,0,0,0,147,0,0
1,3,0,0,0,0,1,126.954,34.5289,0,0,0,0,56,0,0
0,5,0,0,0,0,1,126.7968,37.0335,0,0,1,0,50,0,0
1,4,0,1,1,1,5,129.207,35.8447,0,0,0,0,100,0,0
1,3,7,1,1,2,3,129.3674,35.5715,2,0,0,0,158,0,0
1,0,0,0,0,4,1,126.9192,37.4542,0,0,0,0,109,0,0
1,0,0,0,0,0,1,127.596,37.1508,1,0,0,0,41,0,0
0,4,0,0,0,0,1,127.0776,37.4488,0,0,0,0,214,0,0
1,4,5,0,0,1,2,124.712,37.9684,0,0,0,0,186,0,0
0,4,0,0,0,0,1,126.9091,37.6457,0,0,0,0,40,0,0
0,5,0,0,0,6,1,126.8873,37.4329,0,0,1,0,81,0,0
1,6,0,0,0,6,1,127.0955,37.4654,0,0,1,0,89,0,0
0,5,0,0,0,6,1,127.7922,35.633,0,0,1,0,108,0,0
1,1,0,0,0,1,1,126.7006,35.7027,0,0,0,0,185,0,0
1,1,0,1,2,1,3,128.8085,35.8235,0,0,0,0,52,0,0
0,0,9,1,1,7,6,126.971,37.4048,2,0,0,0,151,0,0
0,5,0,1,1,1,5,126.5897,36.7928,0,0,1,0,69,0,0
0,1,5,0,0,0,2,126.5874,37.6961,1,0,0,0,47,0,0
1,1,0,1,1,1,3,129.1983,36.1929,1,0,0,0,160,0,0
1,6,0,1,2,9,1,126.77,36.1436,0,0,1,0,10,0,0
1,0,0,0,0,0,1,126.8329,37.9312,0,0,0,0,175,0,0
1,0,0,0,0,9,1,126.9839,36.3899,0,0,0,0,174,0,0
1,3,6,1,1,1,7,127.1107,35.851,0,0,0,0,11,0,0
0,6,0,2,4,0,1,128.0507,34.7941,0,0,1,0,197,0,0
0,5,0,0,0,0,1,128.6894,35.954,0,0,1,0,26,0,0
0,4,5,0,0,0,9,128.1031,38.1485,0,0,0,0,124,0,0
1,2,0,0,0,1,2,126.9369,35.922,1,0,0,0,125,0,0
1,6,0,1,1,0,3,127.3962,37.2552,0,0,1,0,41,0,0
0,5,0,1,2,0,2,127.0498,37.7436,1,0,1,0,64,0,0
1,1,0,0,0,1,1,128.1778,37.5237,0,0,0,0,31,0,0
1,6,7,1,1,0,8,127.0705,36.1278,0,0,1,0,61,0,0
1,1,0,1,1,2,5,126.8251,37.308,0,0,0,0,2,0,0
1,3,6,1,1,1,4,126.194,34.4086,0,0,0,0,71,0,0
0,1,2,0,0,0,1,126.7422,35.1543,1,0,0,0,135,0,0
1,2,0,0,0,6,1,126.9887,35.7054,0,0,0,0,34,0,0
0,5,0,0,0,0,2,126.9146,37.5195,1,0,1,0,150,0,0
0,5,0,1,2,0,2,128.7806,35.8724,1,0,1,0,52,0,0
0,6,0,0,0,0,1,128.5188,35.309,0,0,1,0,117,0,0
0,1,0,0,0,0,3,128.7228,35.8685,0,0,0,0,26,0,0
0,6,0,2,4,0,2,128.99,35.2066,0,0,1,0,118,0,0
0,5,0,0,0,0,1,128.7592,35.1824,0,0,1,0,13,0,0
0,3,5,0,0,0,2,127.934,37.3434,0,0,0,0,36,0,0
0,3,3,0,0,0,4,127.021,37.5119,0,0,0,0,89,0,0
0,2,0,0,0,0,4,128.5585,34.9018,0,0,0,0,15,0,0
0,2,0,1,1,0,11,126.7111,36.9796,1,0,0,0,46,0,0
0,3,0,1,2,0,2,126.4452,34.805,0,0,0,0,153,0,0
0,6,0,0,0,0,1,128.0566,35.1823,0,0,1,0,42,0,0
1,4,0,0,0,4,9,127.2187,37.6354,0,0,0,0,70,0,0
1,2,4,0,0,1,6,126.7486,36.797,0,0,0,0,46,0,0
1,2,0,1,1,6,3,126.9944,37.8275,0,0,0,0,59,0,0
1,4,0,0,0,0,1,126.5932,36.93,0,0,0,0,46,0,0
0,5,0,0,0,0,1,126.6435,37.5703,0,0,1,0,97,0,0
1,3,5,0,0,7,6,127.1224,37.5355,0,0,0,0,156,0,0
1,0,0,0,0,3,2,126.4644,33.2531,2,0,0,0,62,0,0
0,4,0,0,0,1,2,127.3454,35.5093,0,0,0,0,152,0,0
0,4,5,0,0,0,6,127.3575,34.6989,1,0,0,0,191,0,0
1,4,0,0,0,1,8,128.3629,35.5856,0,0,0,0,211,0,0
0,3,6,1,1,7,6,127.1234,36.9913,0,0,0,0,14,0,0
0,3,0,0,0,0,8,127.1056,35.3689,0,0,0,0,131,0,0
1,4,0,0,0,0,3,127.1308,36.3148,2,0,0,0,61,0,0
1,1,0,1,1,0,5,126.8836,37.4489,0,0,0,0,81,0,0
0,1,0,0,0,4,1,126.9183,37.6157,0,0,0,0,139,0,0
0,1,0,1,2,0,1,126.9199,37.6261,0,0,0,0,139,0,0
0,5,0,0,0,1,3,126.6485,34.5893,0,0,1,0,119,0,0
1,1,0,2,4,9,1,127.1714,35.2891,0,0,0,0,147,0,0
1,4,6,1,1,4,2,126.6861,35.9406,0,0,0,0,166,0,0
0,5,0,1,2,4,1,127.4017,36.3447,0,0,1,0,4,0,0
0,5,0,0,0,0,2,128.512,35.8062,0,0,1,0,20,0,0
0,5,0,0,0,4,1,126.9228,36.8781,0,0,1,0,53,0,0
0,4,0,2,4,8,1,125.9582,34.7697,0,0,0,0,132,0,0
0,6,2,1,2,0,2,127.1139,35.819,0,0,1,0,11,0,0
1,0,0,0,0,1,1,128.5499,36.1044,0,0,0,0,21,0,0
1,2,0,0,0,4,1,128.0592,37.432,0,0,0,0,36,0,0
1,3,0,0,0,0,7,127.4716,36.7033,0,0,0,0,83,0,0
1,4,6,0,3,1,5,126.7335,37.5432,0,0,0,0,7,0,0
1,5,0,0,0,0,2,128.0996,36.2185,1,0,1,0,76,0,0
1,5,0,1,2,0,6,128.7068,35.1504,0,0,1,0,86,0,0
0,4,0,1,1,0,1,128.7493,35.2601,0,0,0,0,13,0,0
1,5,3,1,2,1,3,129.1727,35.609,1,0,1,0,17,0,0
1,3,0,1,2,1,3,127.9644,37.538,0,0,0,0,31,0,0
0,1,3,0,0,4,6,126.9781,37.5608,0,0,0,0,8,0,0
0,2,0,1,1,0,3,127.1196,36.8394,1,0,0,0,63,0,0
0,2,0,1,1,4,1,128.6707,35.8347,0,0,0,0,37,0,0
1,1,0,0,0,2,1,127.3512,37.6329,0,0,0,0,70,0,0
1,2,0,0,0,1,1,128.6848,36.4221,0,0,0,0,105,0,0
0,2,7,1,1,1,7,127.9888,37.4899,0,0,0,0,31,0,0
0,4,0,0,0,0,11,126.64,35.9698,0,0,0,0,166,0,0
0,1,0,1,2,1,2,127.0572,37.8924,0,0,0,0,94,0,0
0,0,0,0,0,9,1,126.5779,36.9465,0,0,0,0,46,0,0
0,0,0,1,2,0,2,128.7958,35.2937,0,0,0,0,13,0,0
0,1,0,1,1,0,1,128.8344,35.2776,0,0,0,0,13,0,0
1,5,0,0,0,0,1,126.4911,37.4888,0,0,1,0,72,0,0
0,1,5,2,4,9,2,126.7559,36.8396,0,0,0,0,46,0,0
1,6,0,0,0,3,5,126.775,36.5471,0,0,1,0,187,0,0
0,6,0,0,0,0,1,128.839,35.8056,0,0,1,0,52,0,0
1,0,2,0,0,0,5,126.8744,35.5971,0,0,0,0,12,0,0
1,6,8,1,1,4,3,126.5817,35.9604,0,0,1,0,166,0,0
1,1,0,2,4,9,1,126.7515,34.9846,0,0,0,0,33,0,0
0,0,6,1,1,0,2,127.5836,36.7872,1,0,0,0,138,0,0
1,0,5,0,0,1,6,129.013,35.1163,2,0,0,0,226,0,0
0,6,0,0,3,1,3,128.5412,35.9369,0,0,1,0,112,0,0
0,3,0,1,2,0,1,127.2987,36.5036,0,1,0,0,229,0,0
0,2,0,0,0,4,1,127.0857,37.2129,0,0,0,0,50,0,0
0,2,5,0,0,0,2,128.6916,35.3833,1,0,0,0,177,0,0
0,3,0,2,4,1,7,126.8771,35.1849,0,0,0,0,137,0,0
0,4,0,1,2,0,7,129.0917,35.2661,0,0,0,0,96,0,0
0,2,0,0,0,0,1,127.8022,36.2191,0,0,0,0,75,0,0
0,6,0,0,0,4,1,128.6161,35.8467,0,0,1,0,37,0,0
1,4,0,1,1,0,7,127.9229,37.0066,0,0,0,0,6,0,0
0,3,5,0,0,0,2,128.3659,36.0867,1,0,0,0,144,0,0
1,0,0,0,0,9,1,129.2219,37.3809,0,0,0,0,78,0,0
1,0,0,0,0,5,1,129.3623,36.1665,0,0,0,0,160,0,0
1,0,0,0,0,0,1,127.6813,34.8212,0,0,0,0,102,0,0
0,5,2,1,2,0,3,126.7624,37.3168,0,0,1,0,2,0,0
1,5,0,1,1,4,2,128.0056,36.754,0,0,1,0,179,0,0
0,5,0,0,0,4,1,126.5362,36.6578,0,0,1,0,69,0,0
1,5,6,1,1,1,2,126.8502,37.333,0,0,1,0,2,0,0
0,1,0,0,0,1,8,126.6812,37.1901,0,0,0,0,50,0,0
0,2,0,1,1,0,1,127.5227,36.7357,0,0,0,0,83,0,0
0,5,0,0,0,0,1,126.9094,37.0937,0,0,1,0,50,0,0
0,5,10,0,0,4,2,127.0485,35.9859,0,0,1,0,125,0,0
0,5,5,0,0,0,2,128.37,35.2744,1,0,1,0,117,0,0
0,0,0,0,0,1,1,126.7569,36.6641,0,0,0,0,187,0,0
1,4,3,0,0,6,2,128.1957,36.4183,0,0,0,0,58,0,0
0,6,0,1,2,0,11,127.1982,37.6216,1,0,1,0,70,0,0
0,2,0,0,0,0,1,127.6327,38.0149,0,0,0,0,111,0,0
1,6,0,0,0,0,5,128.3319,36.2035,0,0,1,0,144,0,0
0,1,0,1,1,2,1,129.2453,35.9203,0,0,0,0,100,0,0
0,5,0,0,0,0,1,126.9618,37.8065,0,0,1,0,59,0,0
0,5,0,0,0,4,1,126.8409,37.0338,0,0,1,0,50,0,0
0,2,0,0,0,0,3,126.9661,36.8386,0,0,1,0,53,0,0
0,1,7,1,1,6,3,126.5742,37.6121,0,0,0,0,47,0,0
1,5,3,1,1,0,4,126.3045,34.5293,0,0,1,0,71,0,0
1,6,10,1,2,7,6,126.8861,37.4315,0,0,1,0,81,0,0
0,2,0,0,0,0,5,126.9743,35.3311,0,0,0,0,181,0,0
1,0,3,0,0,0,1,127.3619,37.6634,0,0,0,0,70,0,0
0,6,6,1,1,1,2,128.6807,35.8749,1,0,1,0,26,0,0
1,6,8,1,1,0,6,126.4374,34.7654,0,0,1,0,16,0,0
0,3,0,0,0,0,1,126.874,37.1674,0,0,0,0,50,0,0
1,5,10,0,0,6,2,127.6417,37.1139,0,0,1,0,110,0,0
1,3,2,0,0,0,7,126.2747,33.411,0,0,0,0,90,0,0
1,3,0,0,0,0,8,127.0816,37.5318,0,0,0,0,183,0,0
1,6,0,0,0,6,1,128.3024,37.6011,0,0,1,0,24,0,0
0,4,0,1,1,4,1,126.7926,37.5223,0,0,0,0,65,0,0
0,1,6,1,1,6,2,128.6793,35.1537,0,0,0,0,86,0,0
1,6,0,0,3,7,2,126.7174,37.5306,0,0,1,0,7,0,0
1,4,0,0,3,4,3,128.4723,37.2661,0,0,0,0,114,0,0
0,2,0,0,0,6,1,127.308,36.2524,0,0,0,0,4,0,0
0,6,0,1,2,0,1,127.0404,37.8044,1,0,1,0,59,0,0
0,2,0,1,1,0,1,129.0486,35.38,0,0,0,0,49,0,0
1,5,0,1,1,1,5,127.2899,36.6031,0,1,1,0,229,0,0
1,5,0,0,0,1,1,126.673,36.9033,0,0,1,0,46,0,0
0,5,0,0,0,0,1,127.4026,36.621,0,0,1,0,83,0,0
1,3,0,0,0,0,1,126.8526,37.5528,0,0,0,0,43,0,0
1,4,6,1,1,0,3,126.9221,36.076,1,0,0,0,125,0,0