주야,요일,법규위반,도로형태_대분류,도로형태,당사자종별_1당_대분류,당사자종별_2당_대분류,경도,위도,사고피해정도,도시여부,주말/공휴일,인구수,발생지번호,보행자의위치,무단횡단여부
1,2,0,0,0,0,1,129.1695,35.179,0,0,0,0,1,0,0
1,6,0,0,0,4,1,127.6502,37.1188,0,0,1,0,110,0,0
0,5,6,1,1,0,2,127.0804,36.9983,1,0,1,0,14,0,0
1,2,0,1,1,1,1,126.4348,33.4716,0,0,0,0,90,0,0
1,6,0,0,0,6,1,126.5946,34.8313,0,0,1,0,16,0,0
1,5,7,1,1,0,9,128.4863,35.3926,1,0,1,0,211,0,0
1,3,0,0,0,6,1,128.2079,36.5129,0,0,0,0,58,0,0
1,4,0,1,2,1,3,129.3524,35.5159,0,0,0,0,213,0,0
0,1,0,0,0,0,1,127.0515,37.1815,1,0,0,0,143,0,0
1,1,0,0,0,0,5,127.941,36.9688,0,0,0,0,6,0,0
1,0,0,1,1,4,9,126.7327,36.3581,0,0,0,0,129,0,0
0,5,0,1,1,4,1,127.4112,36.3363,0,0,1,0,39,0,0
1,4,0,0,0,0,1,127.3278,36.6781,0,0,0,0,83,0,0
1,2,0,0,0,3,1,126.8383,36.3986,0,0,0,0,174,0,0
0,2,5,0,0,1,2,127.1099,35.4384,0,0,0,0,131,0,0
1,2,0,0,0,1,2,129.3033,35.4853,0,0,0,0,17,0,0
1,6,0,0,0,9,1,126.6305,36.5021,0,0,1,0,38,0,0
0,0,0,0,0,0,1,128.2309,36.9442,0,0,0,0,103,0,0
0,0,0,1,2,1,3,126.8588,35.2107,1,0,0,0,137,0,0
0,5,0,0,0,8,2,126.4874,35.2803,0,0,1,0,127,0,0
1,5,8,1,1,4,2,128.7966,35.824,0,0,1,0,52,0,0
0,2,6,1,2,0,4,126.7794,37.555,0,0,0,0,43,0,0
0,4,0,0,0,0,1,127.1574,35.8553,0,0,0,0,11,0,0
0,1,6,1,1,6,9,126.9262,37.5268,0,0,0,0,150,0,0
1,5,7,1,1,1,7,126.6847,34.4825,0,0,1,0,119,0,0
0,5,3,1,2,0,4,128.9636,35.1065,0,0,1,0,25,0,0
0,5,6,1,1,0,7,129.3471,36.1147,0,0,1,0,160,0,0
0,3,0,0,0,0,2,128.0695,35.1576,0,0,0,0,42,0,0
0,3,0,0,0,7,4,126.866,35.5638,0,0,0,0,12,0,0
0,5,0,0,0,9,1,127.0538,34.8659,0,0,1,0,88,0,0
0,1,5,0,0,0,2,124.6598,37.957,0,0,0,0,186,0,0
1,2,6,1,1,1,4,126.2131,33.2559,0,0,0,0,62,0,0
1,6,0,0,0,7,5,127.0704,37.6239,0,0,1,0,18,0,0
1,6,0,0,0,0,9,129.1605,35.1724,0,0,1,0,1,0,0
0,0,0,1,2,1,1,126.9374,37.5047,0,0,1,0,93,0,0
1,1,5,0,0,6,6,126.9527,35.931,0,0,0,0,125,0,0
1,1,0,0,0,6,3,129.328,35.422,0,0,0,0,17,0,0
0,1,5,0,0,1,4,126.8171,37.2074,0,0,0,0,50,0,0
1,2,0,1,1,0,4,128.7714,36.048,0,0,1,0,5,0,0
1,3,0,0,0,0,1,127.1081,36.428,0,0,0,0,19,0,0
0,1,0,0,0,1,2,128.451,38.4344,0,0,0,0,217,0,0
1,4,0,0,0,2,9,127.0225,36.8534,0,0,0,0,53,0,0
0,4,0,0,0,0,6,126.7403,37.8436,0,0,0,0,175,0,0
0,6,0,0,0,0,1,127.0255,37.2634,0,0,1,0,99,0,0
1,4,5,0,0,1,2,126.5059,37.0489,0,0,0,0,46,0,0
0,6,0,0,0,0,4,129.0226,35.1729,0,0,1,0,231,0,0
0,3,5,0,0,1,2,129.2198,35.6303,0,0,0,0,17,0,0
1,3,5,0,0,4,3,127.0113,36.0739,0,0,0,0,125,0,0
1,5,0,0,0,0,1,128.3497,35.2583,0,0,1,0,117,0,0
0,5,0,0,0,0,8,127.1036,35.0111,1,0,1,0,88,0,0
1,4,0,0,3,7,2,127.1046,37.5185,0,0,0,0,156,0,0
1,5,0,1,1,0,7,129.3069,35.774,0,0,1,0,100,0,0
1,6,0,0,0,7,1,127.2917,35.9407,0,0,1,0,28,0,0
1,0,0,1,2,0,1,126.6816,37.4121,0,0,0,0,35,0,0
1,5,6,1,1,1,5,128.3674,35.0577,0,0,1,0,87,0,0
0,4,6,1,1,0,9,126.615,37.4534,0,0,0,0,72,0,0
1,4,0,0,0,1,5,127.9041,36.4477,0,0,0,0,58,0,0
1,1,6,1,1,5,2,127.9646,37.0655,0,0,0,0,6,0,0
1,2,0,1,2,4,2,128.8715,36.9163,0,0,0,0,149,0,0
1,6,6,1,1,4,2,127.0131,36.79,0,0,1,0,53,0,0
0,4,0,0,0,4,1,126.554,34.7103,0,0,0,0,16,0,0
1,5,0,2,4,9,1,129.0957,36.6994,0,0,1,0,128,0,0
1,6,0,1,1,1,8,128.0762,36.0387,0,0,1,0,76,0,0
0,6,4,0,0,0,1,129.0623,36.4147,0,0,1,0,203,0,0
1,6,0,0,0,0,1,127.7812,37.9655,1,0,1,0,111,0,0
1,4,0,0,0,4,1,126.5341,34.3685,0,0,0,0,119,0,0
0,2,0,1,2,4,1,126.6038,37.6868,0,0,0,0,47,0,0
1,2,0,0,0,4,1,128.1561,36.5131,0,0,0,0,58,0,0
1,1,5,1,2,1,3,127.0657,37.9755,0,0,0,0,94,0,0
1,1,6,1,1,7,2,127.4745,37.2809,0,0,0,0,41,0,0
0,2,0,0,0,6,1,127.9118,35.6512,0,0,0,0,154,0,0
1,3,6,1,1,0,3,126.8834,35.6954,1,0,0,0,12,0,0
0,0,0,0,0,0,8,126.589,36.4264,0,0,0,0,136,0,0
1,1,5,0,0,0,3,127.2289,38.0084,0,0,0,0,171,0,0
1,1,5,0,0,1,3,126.6428,36.9994,1,0,0,0,46,0,0
0,2,0,2,4,0,1,126.9821,36.8116,0,0,0,0,53,0,0
1,6,0,0,0,1,1,127.2454,35.7009,1,0,1,0,28,0,0
0,5,0,1,2,4,1,126.9533,37.2179,0,0,1,0,50,0,0
0,6,0,1,2,0,1,127.3541,36.3964,0,0,1,0,148,0,0
1,6,3,0,0,0,2,128.9882,35.1884,0,0,1,0,120,0,0
1,0,0,0,0,4,11,126.7073,34.9951,0,0,0,0,33,0,0
1,0,0,0,0,2,5,128.2077,37.1425,0,0,0,0,103,0,0
1,5,0,0,0,0,5,127.1162,37.0173,0,0,1,0,14,0,0
1,2,0,0,0,0,1,128.7279,36.0654,0,0,0,0,5,0,0
1,0,0,1,1,1,5,128.5849,35.2298,0,0,0,0,86,0,0
0,2,0,1,1,0,7,128.3034,36.5151,0,0,0,0,55,0,0
0,2,0,0,0,4,4,126.9408,37.5362,1,0,0,0,159,0,0
1,0,0,1,2,0,5,127.1662,37.2437,0,0,0,0,51,0,0
1,5,6,0,3,0,4,128.5459,35.8536,0,0,1,0,20,0,0
0,4,0,1,2,7,2,127.0897,37.5518,0,0,0,0,183,0,0
1,4,5,0,0,0,2,126.9856,35.7399,0,0,0,0,34,0,0
1,3,0,0,0,1,1,128.7793,35.1811,0,0,0,0,13,0,0
0,2,6,1,1,4,2,127.4774,36.6102,0,0,0,0,83,0,0
0,2,0,0,0,0,2,127.0572,37.525,1,0,0,0,89,0,0
1,1,8,1,1,1,4,128.6952,35.2221,0,0,0,0,86,0,0
1,2,5,0,0,2,3,128.5231,35.1541,0,0,0,0,86,0,0
0,5,5,2,4,4,1,126.7541,37.2178,0,0,1,0,50,0,0
1,3,0,0,0,7,3,127.4886,36.7184,0,0,0,0,83,0,0
0,3,0,0,0,7,3,127.2699,38.092,0,0,0,0,171,0,0
0,4,0,0,0,0,5,128.7497,36.1601,0,0,0,0,170,0,0
0,1,5,0,0,1,4,128.3567,36.1266,0,0,0,0,144,0,0
1,2,5,0,0,4,6,128.7218,35.4919,0,0,0,0,177,0,0
1,6,0,0,0,0,1,126.9571,37.5227,0,0,1,0,134,0,0
0,1,0,1,2,0,1,127.9236,35.6962,0,0,0,0,154,0,0
1,4,0,0,0,0,1,128.5792,38.0609,0,0,0,0,164,0,0
0,4,0,0,0,1,1,127.7655,34.6807,0,0,0,0,102,0,0
1,0,0,0,0,2,5,128.6136,35.8543,0,0,0,0,37,0,0
0,2,0,0,0,0,3,127.2762,38.0971,0,0,0,0,171,0,0
1,6,0,0,0,0,1,127.6772,37.5906,0,0,1,0,48,0,0
0,2,2,2,4,0,3,128.9779,35.2114,1,0,0,0,206,0,0
0,2,0,0,0,0,1,127.0521,37.6807,0,0,0,0,18,0,0
0,6,0,0,0,0,3,126.6899,37.4796,0,0,1,0,97,0,0
0,1,0,0,0,0,2,128.81,35.1985,0,0,0,0,13,0,0
0,5,0,1,2,0,2,127.4988,36.5964,0,0,1,0,83,0,0
1,5,0,1,2,4,3,128.7209,36.5594,0,0,1,0,66,0,0
1,2,5,0,0,0,6,127.0566,37.9197,2,0,0,0,94,0,0
0,2,0,0,0,0,1,127.949,37.0254,0,0,0,0,6,0,0
1,2,0,1,1,0,2,126.3798,33.3276,1,0,0,0,62,0,0
0,1,0,0,0,2,1,127.1711,36.6837,0,1,0,0,229,0,0
1,4,0,0,0,0,1,127.5536,34.965,0,0,0,0,130,0,0
0,5,9,1,2,0,4,128.5653,35.8602,0,0,1,0,107,0,0
0,1,0,0,3,0,4,128.6943,35.6749,0,0,0,0,3,0,0
0,1,0,0,0,7,1,129.3304,35.4283,0,0,0,0,17,0,0
1,6,6,1,1,4,3,126.4967,35.0877,0,0,1,0,157,0,0
0,5,0,0,0,4,2,129.0767,35.2212,0,0,1,0,216,0,0
1,6,0,1,1,4,1,128.5751,35.8926,0,0,1,0,112,0,0
1,6,7,1,1,4,2,127.459,36.741,0,0,1,0,83,0,0
0,3,6,1,1,0,2,127.4299,36.711,1,0,0,0,83,0,0
1,3,0,1,1,0,7,128.2472,38.1393,0,0,0,0,124,0,0
1,0,0,1,2,0,5,128.0694,35.1913,0,0,0,0,42,0,0
1,0,8,1,1,2,4,126.3909,37.4545,0,0,0,0,72,0,0
0,5,10,0,0,7,2,127.3755,35.4,0,0,1,0,193,0,0
1,2,0,0,0,4,1,126.4582,35.3524,0,0,0,0,127,0,0
0,2,0,0,0,4,1,128.9236,37.7599,0,0,0,0,194,0,0
1,1,0,0,0,6,1,127.8988,37.6048,0,0,0,0,82,0,0
0,6,0,0,0,6,3,128.1908,36.591,0,0,1,0,74,0,0
1,5,0,0,0,4,2,126.8302,36.7034,0,0,1,0,187,0,0
1,4,0,0,0,0,1,128.0153,34.8503,1,0,0,0,197,0,0
1,4,6,1,1,1,4,126.8768,37.5689,0,0,0,0,159,0,0
0,3,0,0,0,1,1,126.8958,37.5598,0,0,0,0,159,0,0
1,3,0,1,1,9,8,127.8829,34.7737,0,0,0,0,197,0,0
0,2,0,0,0,1,5,126.8578,35.994,0,0,0,0,166,0,0
1,1,0,0,0,1,3,127.2695,36.54,0,1,0,0,229,0,0
0,6,5,0,0,0,2,126.6855,33.2801,0,0,1,0,62,0,0
1,4,0,0,0,1,1,128.4658,35.8435,0,0,0,0,30,0,0
1,1,0,0,0,6,1,128.7926,35.1202,0,0,0,0,86,0,0
0,0,0,0,0,6,1,127.3936,37.3579,0,0,0,0,9,0,0
0,1,9,0,0,0,7,127.0479,37.8206,0,0,0,0,59,0,0
0,1,0,0,0,0,9,126.8829,36.9859,1,0,0,0,14,0,0
1,1,5,1,2,0,3,126.6252,37.4429,0,0,0,0,72,0,0
1,1,0,0,0,1,1,128.7998,36.3074,0,0,0,0,105,0,0
0,0,0,0,0,0,5,128.6296,36.1853,0,0,0,0,170,0,0
0,6,0,1,2,9,1,126.7033,35.0762,0,0,1,0,33,0,0
1,0,5,0,0,0,6,127.3505,36.3057,0,0,0,0,4,0,0
0,6,0,1,1,0,1,127.23,37.0138,0,0,1,0,23,0,0
0,6,0,0,0,0,1,126.7978,35.1435,1,0,1,0,135,0,0
1,5,0,0,0,0,1,128.595,34.8227,1,0,1,0,15,0,0
0,5,0,1,2,0,1,126.6537,36.6056,0,0,1,0,38,0,0
0,4,6,1,1,6,2,127.1395,37.822,0,0,0,0,171,0,0
0,6,0,2,4,1,2,128.3236,37.1836,0,0,1,0,114,0,0
1,3,0,1,2,7,2,126.9169,35.135,0,0,0,0,190,0,0
0,2,0,0,0,0,5,128.3558,35.3141,0,0,0,0,117,0,0
1,3,0,0,0,1,7,129.5072,35.8221,0,0,0,0,100,0,0
0,1,0,0,0,1,3,126.3605,34.5909,0,0,0,0,119,0,0
1,1,0,0,0,0,1,127.2014,37.6421,0,0,0,0,70,0,0
1,3,0,0,0,6,1,127.5574,35.1679,0,0,1,0,161,0,0
1,4,0,1,1,1,1,127.8007,36.2786,0,0,0,0,75,0,0
0,5,0,0,0,5,1,128.8272,35.0665,0,0,1,0,206,0,0
1,2,0,1,2,1,4,126.9936,36.0139,0,0,0,0,125,0,0
1,0,0,1,1,4,9,127.3778,36.8821,0,0,0,0,60,0,0
1,0,0,0,0,3,3,128.3203,35.3194,0,0,0,0,117,0,0
1,4,0,0,0,4,1,126.6907,35.0029,0,0,0,0,33,0,0
0,5,8,1,1,1,4,126.6402,34.7702,0,0,1,0,16,0,0
0,2,0,0,0,6,1,126.9335,37.4726,0,0,0,0,188,0,0
0,3,0,1,1,1,2,127.2119,36.8936,0,0,0,0,63,0,0
0,3,5,0,0,0,1,128.1334,35.2139,0,0,0,0,42,0,0
1,0,0,1,1,0,4,129.2454,35.5264,0,0,0,0,17,0,0
0,0,0,1,2,1,3,128.633,35.2391,0,0,0,0,86,0,0
0,4,0,0,0,2,8,126.9437,37.0007,0,0,0,0,14,0,0
0,3,0,0,0,7,1,128.9667,35.1055,0,0,0,0,25,0,0
0,1,0,0,0,6,1,127.2172,35.8543,0,0,0,0,28,0,0
1,6,6,1,1,4,2,127.1495,35.8038,0,0,1,0,11,0,0
1,5,0,0,0,0,5,127.9119,36.9428,0,0,1,0,6,0,0
1,4,6,1,1,6,2,127.2594,37.6552,0,0,0,0,70,0,0
1,2,0,0,0,0,4,127.1281,37.6955,0,0,0,0,70,0,0
0,2,5,0,0,0,6,128.7638,35.8449,0,0,0,0,52,0,0
0,1,5,0,0,2,2,127.9762,35.0595,0,0,0,0,57,0,0
0,1,5,0,0,0,4,127.7475,37.915,0,0,0,0,111,0,0
1,6,5,0,0,0,3,126.8899,36.4352,1,0,1,0,174,0,0
0,5,7,1,1,1,6,128.1647,36.5573,1,0,1,0,58,0,0
0,5,5,0,0,1,6,126.7136,36.9221,0,0,1,0,46,0,0
1,0,0,0,0,2,5,127.1658,37.4601,0,0,0,0,95,0,0
1,0,0,1,1,0,2,126.605,34.566,0,0,0,0,119,0,0
1,4,0,0,3,0,5,127.9154,35.6891,0,0,0,0,154,0,0
1,0,0,0,0,2,4,127.8932,36.6201,0,0,0,0,58,0,0
1,5,0,0,0,4,3,127.0199,37.538,0,0,1,0,84,0,0
1,3,0,0,0,0,1,127.5445,35.8332,0,0,0,0,192,0,0
0,1,2,0,0,0,2,126.6891,33.5456,1,0,0,0,90,0,0
0,5,0,1,2,4,3,126.9043,37.4063,0,0,1,0,151,0,0
1,0,0,0,0,0,1,127.9346,37.0171,0,0,0,0,6,0,0
0,0,6,1,2,0,3,126.849,37.5279,1,0,0,0,140,0,0
0,0,0,0,0,0,1,126.3123,33.2755,0,0,0,0,62,0,0
0,6,0,0,0,1,2,127.1462,36.8782,0,0,1,0,63,0,0
1,0,6,1,1,1,7,127.9234,36.9687,0,0,0,0,6,0,0
0,5,5,1,2,0,11,127.0252,34.8655,2,0,1,0,88,0,0
0,5,0,1,2,1,3,127.0584,37.4761,0,0,1,0,89,0,0
1,5,0,0,0,0,2,126.8588,37.2276,0,0,1,0,50,0,0
0,2,0,1,2,7,2,127.7194,34.7564,0,0,0,0,102,0,0
0,1,3,1,2,0,6,127.3174,36.3117,1,0,0,0,148,0,0
1,3,6,1,1,0,2,129.3505,35.4425,0,0,0,0,17,0,0
1,1,0,1,2,1,3,126.9443,37.0917,0,0,0,0,50,0,0
1,2,0,0,0,0,4,126.942,37.475,0,0,0,0,188,0,0
0,0,0,1,2,1,3,126.8983,37.624,1,0,0,0,40,0,0
0,6,0,0,0,0,1,128.5786,34.8741,0,0,1,0,15,0,0
1,3,5,0,0,0,2,128.4597,35.3278,1,0,0,0,117,0,0
1,2,6,1,1,1,3,127.4099,37.139,0,0,0,0,51,0,0
0,0,0,0,0,0,1,126.683,36.5883,0,0,0,0,38,0,0
1,2,0,1,1,0,4,127.3331,34.7795,0,0,0,0,191,0,0
1,2,0,0,0,4,1,127.1155,35.7404,0,0,0,0,28,0,0
1,3,5,0,0,4,1,126.7116,37.1835,0,0,0,0,50,0,0
1,4,6,1,1,2,4,126.9343,37.5475,0,0,0,0,159,0,0
0,2,6,1,1,0,4,128.4677,35.8697,0,0,0,0,30,0,0
0,2,0,1,2,0,3,126.8014,35.1619,0,0,0,0,135,0,0
0,0,7,1,1,4,2,128.643,35.8832,0,0,0,0,26,0,0
0,4,5,0,0,0,4,126.8432,37.4933,0,0,0,0,79,0,0
0,5,3,1,2,0,3,126.9809,37.5347,0,0,1,0,134,0,0
0,0,0,0,0,0,1,126.626,36.8974,0,0,0,0,46,0,0
1,0,0,0,0,4,1,128.7126,34.8639,0,0,0,0,15,0,0
1,6,0,0,0,0,1,128.8492,35.3283,0,0,1,0,13,0,0
0,6,3,0,0,1,6,127.2724,37.6535,0,0,1,0,70,0,0
1,1,8,1,1,6,3,126.7919,35.8253,0,0,0,0,34,0,0
1,1,5,0,0,1,3,126.6484,37.7196,0,0,0,0,47,0,0
0,1,0,0,0,0,1,126.8384,37.5908,0,0,0,0,40,0,0
1,1,0,0,0,1,8,127.0384,35.2896,0,0,0,0,181,0,0
1,0,0,0,0,3,4,127.4138,37.6396,0,0,0,0,48,0,0
0,2,0,0,0,0,1,128.976,35.1378,0,0,0,0,120,0,0
1,1,0,0,0,4,3,127.2066,37.162,0,0,0,0,51,0,0
1,1,6,1,1,4,6,129.3677,35.5611,0,0,0,0,158,0,0
0,4,0,0,0,1,5,128.4162,36.1597,0,0,0,0,144,0,0
0,5,0,0,0,0,3,126.8597,37.5676,1,0,1,0,159,0,0
1,4,0,0,0,3,5,128.9496,35.214,0,0,0,0,206,0,0
1,2,0,0,0,0,1,127.2679,35.672,0,0,0,0,152,0,0
1,4,0,0,0,1,5,126.8452,37.4421,0,0,0,0,81,0,0
0,4,0,0,0,4,1,126.8987,37.4763,0,0,0,0,109,0,0
1,6,3,0,0,0,8,126.6611,36.9033,0,0,1,0,46,0,0
0,3,6,1,1,4,2,126.7259,37.6166,0,0,0,0,47,0,0
1,2,5,0,0,9,7,127.2675,36.5748,0,1,0,0,229,0,0
1,4,0,0,0,5,2,126.9986,37.4493,1,0,0,0,227,0,0
1,1,6,1,1,0,2,128.575,35.2104,0,0,0,0,86,0,0
1,3,0,1,1,1,5,128.9057,35.2321,0,0,0,0,13,0,0
0,1,5,0,0,0,3,127.3519,36.6098,0,0,0,0,83,0,0
0,5,0,0,0,4,1,128.9636,35.1212,0,0,1,0,25,0,0
1,6,5,0,0,1,9,126.7463,36.0724,1,0,1,0,10,0,0
1,2,0,0,0,4,1,128.4159,36.1613,0,0,0,0,144,0,0
1,3,5,0,0,0,2,128.9913,37.7092,0,0,0,0,194,0,0
0,3,0,1,2,1,5,128.554,35.9586,0,0,0,0,112,0,0
1,2,0,0,0,0,5,129.0762,35.1989,0,0,0,0,216,0,0
0,0,0,0,0,0,1,127.4015,34.8462,0,0,0,0,27,0,0
1,3,0,1,2,3,5,129.3382,36.0255,0,0,0,0,160,0,0
1,2,0,0,0,0,1,127.9613,37.3318,0,0,0,0,36,0,0
1,3,0,0,0,2,1,129.0914,35.8424,2,0,0,0,100,0,0
1,3,6,1,1,1,7,126.8817,37.0758,0,0,0,0,50,0,0
0,5,0,0,0,2,3,126.872,37.5572,0,0,1,0,43,0,0
0,0,0,0,0,4,1,127.6049,36.5131,0,0,0,0,32,0,0
1,6,0,0,0,0,1,127.1446,37.0005,0,0,1,0,14,0,0
0,5,6,1,1,4,2,126.7739,35.3002,0,0,1,0,146,0,0
1,0,0,0,0,0,1,127.6883,37.8236,0,0,0,0,111,0,0
0,0,0,0,0,0,3,128.6222,36.8156,0,0,0,0,113,0,0
0,0,0,1,1,0,5,128.6774,36.401,0,0,0,0,105,0,0
0,3,0,0,0,0,1,128.4285,35.7311,0,0,0,0,30,0,0
1,3,0,0,3,1,4,126.7684,37.675,0,0,0,0,40,0,0
0,0,0,0,0,0,1,128.7117,35.1965,0,0,0,0,86,0,0
0,6,0,2,4,0,1,127.1951,37.7368,0,0,1,0,70,0,0
0,0,5,0,0,0,2,128.2246,35.3329,1,0,0,0,189,0,0
1,2,3,0,0,0,2,126.7832,37.5321,0,0,0,0,65,0,0
1,5,0,0,0,4,1,127.2123,34.7815,0,0,1,0,122,0,0
1,1,0,1,1,7,2,129.3202,35.5401,0,0,0,0,213,0,0
0,1,0,0,0,0,1,127.6945,34.7283,1,0,0,0,102,0,0
0,0,6,1,1,7,2,126.9877,37.5661,0,0,0,0,8,0,0
0,4,5,0,0,5,2,129.0095,36.2849,0,0,0,0,203,0,0
1,3,0,0,0,6,1,128.7136,35.1512,0,0,0,0,86,0,0
0,3,5,0,0,0,2,127.5142,36.6653,1,0,0,0,83,0,0
1,2,6,0,3,1,5,126.4278,34.817,0,0,0,0,153,0,0
0,5,0,1,2,0,1,128.9212,36.4603,1,0,1,0,66,0,0
1,0,0,1,2,6,1,127.1875,34.6015,0,0,0,0,191,0,0
1,5,4,0,0,2,1,127.4646,37.6876,0,0,1,0,176,0,0
1,0,5,1,2,7,3,126.5915,34.5594,0,0,0,0,119,0,0
1,4,5,2,4,4,2,127.8933,34.8532,0,0,0,0,197,0,0
1,5,0,0,0,3,1,129.4646,36.7304,0,0,1,0,208,0,0
0,2,0,1,1,0,2,126.4091,33.4734,0,0,0,0,90,0,0
0,3,7,1,1,0,7,126.8315,35.1472,0,0,0,0,222,0,0
1,2,7,1,1,0,2,127.0925,36.0792,1,0,0,0,61,0,0
1,3,0,0,0,6,2,127.0756,37.5115,0,0,0,0,156,0,0
0,5,0,2,4,1,3,129.2705,35.9436,0,0,1,0,100,0,0
1,3,0,0,0,0,8,127.3296,36.3586,0,0,0,0,148,0,0
1,1,6,1,1,6,2,129.1912,35.3217,0,0,0,0,85,0,0
0,2,3,1,1,0,2,126.9829,37.5686,0,0,1,0,8,0,0
1,1,0,0,0,1,1,128.0876,36.031,0,0,0,0,76,0,0
0,2,0,0,0,1,1,127.729,37.9779,0,0,0,0,111,0,0
0,0,0,0,0,7,1,128.6039,35.8781,0,0,0,0,112,0,0
1,0,5,0,0,0,6,128.9065,35.9511,0,0,0,0,5,0,0
1,2,0,0,0,3,1,128.5741,34.8788,0,0,0,0,15,0,0
1,1,0,0,0,1,7,128.0991,36.2906,0,0,0,0,58,0,0
1,2,6,1,1,6,2,126.653,36.5982,0,0,0,0,38,0,0
1,2,0,0,0,0,5,126.8512,35.1606,0,0,0,0,222,0,0
1,4,0,1,2,1,5,127.0418,37.903,0,0,0,0,94,0,0
1,2,0,0,0,9,1,126.7709,34.7588,0,0,0,0,121,0,0
1,6,5,0,0,5,2,127.6951,35.1335,2,0,1,0,172,0,0
0,1,5,1,1,0,6,126.6744,37.4782,0,0,0,0,97,0,0
1,2,8,1,1,3,3,128.2339,36.5784,0,0,0,0,74,0,0
1,2,5,0,0,1,1,127.4752,36.9744,0,0,0,0,110,0,0
1,3,0,0,0,4,8,128.176,36.3856,0,0,0,0,58,0,0
1,3,0,0,0,1,8,128.7816,36.4175,0,0,0,0,105,0,0
1,4,7,1,1,1,4,126.3878,34.7861,0,0,0,0,153,0,0
1,4,5,0,0,1,6,129.1194,35.1994,2,0,0,0,1,0,0
1,5,0,0,0,4,1,129.4544,35.9924,0,0,1,0,160,0,0
1,5,5,0,0,4,3,126.9002,37.1064,0,0,1,0,50,0,0
1,2,0,0,0,4,1,127.3556,36.3002,1,0,0,0,4,0,0
0,3,6,1,1,4,4,129.4284,35.4992,0,0,0,0,225,0,0
0,3,0,1,1,2,7,129.4019,36.0768,0,0,0,0,160,0,0
0,4,0,0,0,4,1,127.102,37.3881,0,0,0,0,95,0,0
0,4,7,1,1,0,7,126.5395,33.4921,0,0,0,0,90,0,0
1,5,6,1,1,7,3,126.9446,35.9332,0,0,1,0,125,0,0
1,4,0,0,0,1,2,126.2876,36.7494,1,0,0,0,169,0,0
0,6,0,0,0,1,1,126.5478,37.6919,0,0,1,0,47,0,0
1,6,7,1,1,0,4,128.1504,35.4183,0,0,1,0,133,0,0
0,5,0,0,0,0,11,127.0726,37.6413,0,0,1,0,18,0,0
1,3,5,0,0,4,3,128.8774,35.3039,0,0,0,0,13,0,0
0,3,5,0,0,6,2,126.9202,37.5311,0,0,0,0,150,0,0
1,4,6,1,1,6,3,128.2089,38.1214,0,0,0,0,124,0,0
0,1,7,1,1,1,2,128.8249,35.8715,1,0,0,0,52,0,0
1,1,0,2,4,0,1,126.674,36.0098,0,0,0,0,10,0,0
1,0,5,0,0,1,3,128.6185,36.1275,0,0,0,0,170,0,0
0,4,0,0,0,1,1,126.7541,36.9432,0,0,0,0,46,0,0
0,1,0,0,0,0,6,127.0451,37.6927,0,0,0,0,64,0,0
0,5,0,0,0,0,1,127.0261,35.3421,0,0,1,0,181,0,0
0,5,0,0,0,4,3,126.8562,37.2854,0,0,1,0,2,0,0
0,5,5,2,4,0,3,126.9399,36.7996,0,0,1,0,53,0,0
1,4,0,1,1,0,5,126.8046,37.3347,0,0,0,0,2,0,0
0,3,0,0,0,0,1,127.9663,35.0329,0,0,0,0,57,0,0
0,4,0,1,1,0,2,126.712,37.7189,0,0,0,0,175,0,0
0,5,0,0,0,0,3,126.7893,37.6228,0,0,1,0,40,0,0
0,6,2,1,2,0,9,128.0715,35.1786,0,0,1,0,42,0,0
1,6,0,1,2,0,2,127.0211,37.5168,0,0,1,0,89,0,0
0,6,0,1,2,0,3,128.9843,35.1056,0,0,1,0,25,0,0
0,1,3,0,0,0,6,126.8847,37.4881,2,0,0,0,79,0,0
1,5,0,0,0,1,1,126.4212,34.8759,0,0,1,0,101,0,0
1,1,0,0,0,0,1,128.4494,36.6888,0,0,0,0,55,0,0
0,1,2,0,0,0,2,126.9739,34.9465,1,0,0,0,88,0,0
1,1,6,1,1,1,3,126.9086,36.9087,2,0,0,0,14,0,0
0,3,6,1,1,2,7,126.9034,35.1439,2,0,0,0,190,0,0
0,4,3,0,0,0,3,127.1198,37.4807,1,0,0,0,156,0,0
1,4,0,0,0,0,1,128.3918,35.1179,0,0,0,0,86,0,0
0,0,0,0,0,1,3,127.062,35.9948,0,0,0,0,125,0,0
0,2,0,1,1,0,1,127.3304,36.7368,0,0,0,0,63,0,0
1,2,0,1,2,6,1,128.2918,35.9889,0,0,0,0,168,0,0
1,3,5,0,0,0,2,126.5254,35.3055,1,0,0,0,127,0,0
0,2,5,0,0,2,2,127.0569,36.3553,0,0,0,0,19,0,0
0,4,0,0,0,1,3,126.7964,37.3235,0,0,0,0,2,0,0
0,1,0,0,0,0,4,127.0115,36.2434,0,0,0,0,129,0,0
0,1,3,0,0,1,8,128.8163,37.9056,0,0,0,0,194,0,0
0,6,0,0,0,0,3,128.6796,35.872,0,0,1,0,26,0,0
1,3,0,1,2,0,5,126.6599,37.5365,0,0,0,0,97,0,0
0,6,7,1,1,0,7,128.4663,36.3515,0,0,1,0,105,0,0
0,6,2,1,2,0,1,126.373,37.4657,0,0,1,0,72,0,0
1,0,0,0,0,0,1,129.3337,36.052,0,0,0,0,160,0,0
0,6,6,0,3,0,5,126.9563,37.5573,0,0,1,0,159,0,0