주야,요일,법규위반,도로형태_대분류,도로형태,당사자종별_1당_대분류,당사자종별_2당_대분류,경도,위도,사고피해정도,도시여부,주말/공휴일,인구수,발생지번호,보행자의위치,무단횡단여부
1,0,5,0,0,0,3,126.7271,33.4422,1,0,0,0,90,0,0
1,3,6,1,1,0,6,128.901,35.1756,1,0,0,0,206,0,0
0,6,0,0,0,4,3,127.5721,36.3018,0,0,1,0,142,0,0
1,0,5,1,2,1,2,127.6664,34.7826,1,0,0,0,102,0,0
0,4,0,0,0,2,4,126.6841,37.5521,0,0,0,0,97,0,0
0,3,6,1,1,0,2,127.0939,36.8298,1,0,0,0,53,0,0
1,2,0,1,2,1,3,127.3792,35.3994,0,0,0,0,193,0,0
1,3,5,0,0,6,3,127.5006,36.985,0,0,0,0,110,0,0
1,3,0,0,0,0,3,126.7201,37.8317,0,0,0,0,175,0,0
1,0,8,1,1,1,7,126.6747,34.804,0,0,0,0,16,0,0
0,1,0,0,0,0,1,127.5489,36.6248,0,0,0,0,83,0,0
0,3,0,0,0,3,2,127.1695,37.616,0,0,0,0,70,0,0
0,0,6,1,1,4,4,126.7292,37.3354,0,0,0,0,73,0,0
1,4,0,1,1,1,1,128.4212,34.8589,0,0,0,0,212,0,0
0,4,0,0,0,1,1,125.9873,34.7679,0,0,0,0,132,0,0
1,5,0,0,0,1,8,128.5911,36.3083,0,0,1,0,105,0,0
0,3,6,1,1,4,2,126.4249,34.8059,0,0,0,0,153,0,0
0,6,6,1,1,4,2,126.6197,37.4515,0,0,1,0,72,0,0
0,0,6,1,1,0,4,127.0833,37.3106,0,0,0,0,51,0,0
1,5,0,0,0,4,1,128.4302,36.0722,0,0,1,0,21,0,0
1,5,0,0,0,4,1,127.6106,37.806,0,0,1,0,111,0,0
1,2,8,1,1,0,4,126.9235,35.9385,0,0,0,0,125,0,0
1,1,5,1,1,0,4,128.4665,36.6402,0,0,0,0,55,0,0
1,0,0,0,0,6,1,128.7016,36.5554,0,0,0,0,66,0,0
1,5,0,1,2,3,7,129.2579,35.8464,0,0,1,0,100,0,0
1,5,0,0,0,0,1,129.2823,35.4274,0,0,1,0,17,0,0
0,5,5,0,0,7,5,126.8123,37.6191,0,0,1,0,40,0,0
1,6,0,0,0,4,1,126.7368,37.6234,0,0,1,0,47,0,0
1,4,7,1,1,7,2,128.605,35.9108,0,0,0,0,112,0,0
1,1,0,0,0,2,4,129.274,35.5572,0,0,0,0,205,0,0
0,5,0,0,0,0,4,126.8082,36.4507,0,0,1,0,174,0,0
1,1,0,0,0,4,1,126.6714,34.1467,0,0,0,0,141,0,0
1,6,0,1,1,7,6,126.8055,37.324,0,0,1,0,2,0,0
1,5,7,1,1,0,5,128.6265,35.8802,0,0,1,0,26,0,0
1,6,0,2,4,0,1,128.86,37.2601,0,0,1,0,198,0,0
1,6,0,0,0,0,1,126.5352,37.6283,0,0,1,0,92,0,0
0,3,0,1,2,0,1,126.7461,37.6975,0,0,0,0,40,0,0
0,4,0,0,0,0,6,128.7449,35.8342,0,0,0,0,52,0,0
1,4,5,0,0,1,3,127.3583,37.1709,0,0,0,0,51,0,0
1,4,0,0,0,0,2,126.5586,34.5305,0,0,1,0,119,0,0
0,2,0,0,0,0,1,127.487,34.9151,0,0,1,0,27,0,0
1,0,0,0,0,0,1,127.7502,37.8797,0,0,0,0,111,0,0
1,6,5,1,2,0,4,129.024,35.2113,0,0,1,0,118,0,0
1,5,6,1,1,0,2,126.9913,35.9549,1,0,1,0,125,0,0
1,4,0,1,1,6,2,128.2592,35.1867,0,0,0,0,42,0,0
1,3,6,1,1,1,4,129.0834,35.1087,0,0,0,0,180,0,0
1,5,0,0,0,1,1,128.1992,35.7755,0,0,1,0,220,0,0
1,4,10,0,0,0,7,127.3792,35.4107,0,0,0,0,193,0,0
1,0,5,0,0,3,9,127.199,36.5251,0,0,0,0,19,0,0
0,4,0,0,0,4,1,128.269,35.5297,0,0,0,0,133,0,0
0,2,0,0,0,0,1,126.6876,37.6401,0,0,0,0,47,0,0
0,1,0,0,0,0,8,128.8501,35.5286,0,0,0,0,177,0,0
1,1,7,1,1,0,2,126.8147,37.0869,0,0,0,0,50,0,0
1,0,6,0,3,0,5,129.1418,35.1609,0,0,0,0,1,0,0
1,4,0,0,0,0,1,128.7066,35.3218,0,0,0,0,86,0,0
0,1,0,1,1,0,6,127.108,37.3635,0,0,0,0,95,0,0
1,0,0,0,0,0,3,127.4257,37.2916,0,0,0,0,41,0,0
1,5,5,0,0,1,2,127.3033,35.3494,0,0,1,0,193,0,0
0,5,0,0,0,3,1,127.285,37.0979,0,0,1,0,23,0,0
0,2,2,1,2,0,1,126.6192,37.5279,0,0,0,0,97,0,0
0,6,0,0,0,1,1,126.5622,35.409,0,0,1,0,219,0,0
0,0,3,0,0,0,4,128.1392,35.7589,0,0,0,0,133,0,0
0,0,7,1,1,1,6,128.2082,36.6,2,0,0,0,74,0,0
1,0,6,1,1,2,3,126.9214,37.135,1,0,0,0,50,0,0
1,0,0,0,0,2,5,128.5579,35.9415,0,0,0,0,112,0,0
1,0,5,0,0,1,3,128.9047,35.3037,0,0,0,0,13,0,0
0,1,0,1,1,0,1,126.4531,34.7505,0,0,0,0,16,0,0
1,0,0,0,0,7,1,128.0421,37.479,0,0,0,0,31,0,0
0,1,0,0,0,2,1,126.6862,34.961,2,0,0,0,33,0,0
0,5,0,0,0,4,1,128.8969,35.2372,0,0,1,0,13,0,0
1,4,0,2,4,9,1,128.1917,37.2604,0,0,0,0,36,0,0
0,0,0,0,0,0,1,127.7603,37.859,0,0,0,0,111,0,0
1,3,0,0,0,0,1,126.6991,35.5118,0,0,0,0,219,0,0
1,4,7,1,1,2,7,128.8162,35.0992,0,0,0,0,86,0,0
0,2,6,1,1,2,4,127.1952,37.7215,0,0,0,0,70,0,0
1,5,0,0,0,0,1,126.8533,35.0787,0,0,1,0,190,0,0
1,5,5,0,0,6,3,128.8437,37.8246,0,0,1,0,194,0,0
0,5,0,0,3,0,2,128.5531,35.9738,0,0,1,0,21,0,0
0,2,0,0,0,1,1,127.6434,35.9771,0,0,0,0,182,0,0
0,3,0,0,0,0,3,126.8192,37.4494,0,0,0,0,73,0,0
1,0,0,0,0,1,3,128.5694,36.2546,0,0,0,0,170,0,0
0,6,0,0,0,1,1,127.5798,37.6789,0,0,1,0,82,0,0
0,5,0,1,2,1,6,129.097,35.2894,0,0,1,0,96,0,0
1,4,0,0,0,1,2,126.7233,37.3299,0,0,0,0,73,0,0
1,5,5,0,0,1,2,126.7243,36.3422,0,0,1,0,129,0,0
1,3,0,0,0,4,2,128.0932,36.127,0,0,0,0,76,0,0
1,0,5,1,2,3,2,127.8203,36.2754,0,0,0,0,75,0,0
0,5,6,1,1,6,2,126.7177,35.0286,0,0,1,0,33,0,0
1,0,8,1,1,1,7,126.7413,35.7665,0,0,0,0,185,0,0
1,1,5,0,0,3,3,126.9275,35.5328,0,0,0,0,12,0,0
1,4,4,0,0,0,1,126.8415,35.0608,1,0,0,0,33,0,0
1,4,0,0,0,1,3,126.8338,37.6084,0,0,0,0,40,0,0
1,0,0,0,0,0,1,127.524,36.6368,0,0,0,0,83,0,0
1,2,0,0,0,7,3,126.6411,33.2659,0,0,0,0,62,0,0
0,6,4,2,4,4,4,126.9925,37.52,1,0,1,0,134,0,0
0,1,0,0,0,0,5,127.913,36.9744,0,0,0,0,6,0,0
0,1,5,0,0,4,3,129.4074,36.5479,0,0,0,0,54,0,0
1,4,5,0,0,1,3,127.0767,36.2552,1,0,0,0,61,0,0
0,5,0,0,0,0,9,128.1989,36.5864,1,0,1,0,74,0,0
0,4,7,1,1,0,6,128.6103,35.3521,2,0,0,0,86,0,0
1,4,5,0,0,0,3,129.1613,35.8192,0,0,0,0,100,0,0
1,1,0,0,0,4,1,127.1748,35.8417,0,0,0,0,11,0,0
1,1,6,1,2,0,5,126.8784,36.7481,0,0,0,0,53,0,0
1,1,8,1,1,0,9,127.1666,35.382,0,0,0,0,131,0,0
1,6,0,1,1,0,7,129.2893,35.7674,0,0,1,0,100,0,0
1,1,3,0,0,0,5,127.0897,37.4996,0,0,0,0,156,0,0
1,3,0,0,0,0,1,127.3405,37.6879,0,0,0,0,70,0,0
0,6,0,0,0,1,1,126.7233,37.205,0,0,1,0,50,0,0
1,4,5,1,2,0,3,126.6466,35.9714,0,0,0,0,166,0,0
1,5,5,0,0,1,3,128.7469,35.65,0,0,1,0,3,0,0
1,3,0,0,0,5,5,126.6463,37.4314,0,0,0,0,35,0,0
0,2,6,1,1,6,6,126.8971,37.5279,0,0,0,0,150,0,0
1,2,0,0,0,2,1,128.1021,36.3659,0,0,0,0,58,0,0
1,3,3,0,0,0,2,128.1716,36.1098,1,0,0,0,76,0,0
1,6,0,0,0,0,5,128.2836,36.5707,0,0,1,0,74,0,0
1,2,0,0,0,0,1,129.4893,35.7907,0,0,1,0,100,0,0
1,1,0,0,0,4,1,126.6047,36.666,0,0,0,0,187,0,0
0,0,5,0,0,0,2,127.4065,36.3078,0,0,0,0,39,0,0
1,0,5,1,2,4,6,127.409,36.1485,0,0,0,0,68,0,0
1,3,0,0,0,4,1,127.6638,35.862,0,0,0,0,182,0,0
0,3,0,0,0,0,3,126.87,35.9098,0,0,0,0,125,0,0
1,1,0,0,0,1,7,127.2099,36.2094,0,0,0,0,61,0,0
1,1,0,0,0,1,1,127.511,36.1431,0,0,0,0,68,0,0
1,1,0,0,0,9,1,126.7961,36.3702,0,0,0,0,174,0,0
1,6,0,0,0,0,1,126.537,37.5063,0,0,1,0,72,0,0
1,6,0,0,0,9,1,128.4125,35.5332,0,0,1,0,211,0,0
0,6,5,0,0,0,3,126.8738,36.61,1,0,1,0,187,0,0
0,3,0,2,4,1,1,127.8938,34.8209,0,0,1,0,197,0,0
1,0,0,0,0,4,1,127.0354,36.4976,0,0,0,0,19,0,0
1,0,2,1,1,0,4,126.5507,35.0857,0,0,0,0,157,0,0
1,5,8,1,1,0,4,127.2708,37.0041,0,0,1,0,23,0,0
0,4,0,0,0,1,1,128.6252,35.7977,0,0,0,0,30,0,0
0,1,0,0,0,0,1,128.4175,37.0591,0,0,0,0,204,0,0
0,1,0,0,0,4,1,128.5659,35.9465,0,0,0,0,112,0,0
1,0,0,0,0,0,2,126.9878,34.9317,1,0,0,0,88,0,0
0,2,0,0,3,0,2,128.6222,36.8155,0,0,0,0,113,0,0
0,4,0,0,0,4,1,128.0707,35.1837,0,0,0,0,42,0,0
1,3,0,0,0,0,2,128.5557,35.2086,1,0,0,0,86,0,0
1,2,0,0,0,9,1,127.4388,35.9768,0,0,0,0,192,0,0
1,0,5,1,2,5,2,127.513,36.6407,1,0,0,0,83,0,0
1,1,5,0,3,7,2,127.4378,36.3331,0,0,0,0,80,0,0
1,1,0,0,0,1,5,127.3153,35.1422,0,0,0,0,147,0,0
0,0,0,0,0,4,1,128.8267,37.8927,0,0,0,0,194,0,0
0,4,6,0,3,0,5,127.1189,37.5153,0,0,0,0,156,0,0
0,5,0,0,0,0,1,126.751,34.9309,0,0,1,0,33,0,0
0,4,0,0,0,0,3,128.1914,37.1558,0,0,0,0,103,0,0
1,2,8,1,1,1,4,126.4604,36.7779,0,0,0,0,69,0,0
0,2,0,0,0,0,1,127.6653,34.8016,0,0,0,0,102,0,0
1,0,0,0,0,3,4,127.134,37.672,0,0,0,0,70,0,0
1,5,0,1,1,5,8,127.7476,36.633,0,0,1,0,179,0,0
1,5,0,0,0,0,1,128.4013,37.3925,0,0,1,0,24,0,0
0,3,2,1,1,0,8,126.8337,33.534,0,0,0,0,90,0,0
0,2,9,1,1,7,3,126.6022,37.4553,0,0,0,0,72,0,0
1,1,5,0,0,1,4,127.8536,36.8331,0,0,0,0,179,0,0
1,1,0,0,0,0,5,126.9787,35.9859,0,0,0,0,125,0,0
1,4,5,0,0,4,2,129.3439,35.9926,0,0,0,0,160,0,0
0,0,0,1,2,4,4,126.7079,37.4673,0,0,0,0,29,0,0
1,1,0,0,0,0,1,126.734,34.5945,0,0,0,0,121,0,0
1,5,0,0,0,4,1,127.2062,37.6409,0,0,1,0,70,0,0
0,3,0,1,2,1,1,127.4965,36.0429,0,0,0,0,68,0,0
0,1,0,1,1,6,1,126.6279,34.9871,0,0,0,0,33,0,0
0,2,0,1,1,4,1,126.7266,34.59,0,0,0,0,121,0,0
1,2,0,1,2,1,5,127.2554,34.7714,0,0,0,0,191,0,0
1,2,0,0,0,9,1,126.4132,37.7638,0,0,0,0,92,0,0
0,1,0,1,1,6,1,128.2787,37.0737,0,0,0,0,204,0,0
0,0,6,1,1,0,2,127.4895,36.6063,0,0,0,0,83,0,0
0,4,0,0,0,1,1,127.5214,37.1893,1,0,0,0,22,0,0
0,0,0,0,0,0,1,126.6097,33.2436,0,0,0,0,62,0,0
1,4,0,0,0,3,6,126.8441,37.6531,0,0,0,0,40,0,0
0,5,0,2,4,0,1,126.6967,37.1311,0,0,1,0,50,0,0
1,4,10,0,3,7,6,128.345,36.1341,0,0,0,0,144,0,0
0,1,0,1,1,6,2,126.9058,37.53,0,0,0,0,150,0,0
0,0,6,1,2,2,5,127.0166,37.2782,0,0,0,0,99,0,0
1,1,0,2,4,0,12,127.0666,38.088,1,0,0,0,106,0,0
1,2,8,1,1,4,3,127.121,34.4567,0,0,0,0,191,0,0
1,0,0,0,0,0,8,126.9098,34.5021,0,0,0,0,56,0,0
1,6,0,0,0,1,2,128.5288,35.2843,1,0,1,0,117,0,0
0,5,0,0,0,0,1,128.1669,35.3555,0,0,1,0,189,0,0
1,3,0,0,0,0,1,127.1796,36.2135,0,0,0,0,61,0,0
0,5,0,1,1,0,1,126.7592,37.7069,0,0,1,0,175,0,0
0,4,4,1,2,1,1,126.241,33.2293,0,0,0,0,62,0,0
1,4,6,1,1,4,2,126.5681,33.2661,0,0,0,0,62,0,0
0,3,4,0,0,4,1,126.9897,37.5164,0,0,0,0,134,0,0
1,5,0,0,0,6,1,128.6295,36.8045,0,0,1,0,113,0,0
1,2,0,0,0,1,1,128.653,35.5038,0,0,0,0,177,0,0
1,2,0,1,2,0,5,128.23,37.1633,0,0,0,0,103,0,0
0,2,5,0,0,0,3,127.099,37.0241,0,0,0,0,14,0,0
1,1,7,1,2,0,4,126.6862,36.937,0,0,0,0,46,0,0
0,6,0,1,2,0,2,126.69,37.4482,0,0,1,0,29,0,0
0,5,0,0,0,1,1,126.3997,36.4821,0,0,1,0,169,0,0
0,5,0,2,4,0,1,126.7923,37.8838,0,0,1,0,175,0,0
1,2,6,1,1,6,2,128.3951,35.9884,0,0,0,0,21,0,0
0,4,0,0,0,0,6,126.9472,37.4005,0,0,0,0,151,0,0
1,2,0,0,0,1,1,127.1515,37.419,0,0,0,0,95,0,0
0,1,6,1,1,1,2,128.3323,36.1359,0,0,0,0,144,0,0
0,1,0,0,0,1,1,128.2812,35.7608,0,0,0,0,220,0,0
1,3,0,0,0,1,3,128.8496,37.5611,0,0,0,0,194,0,0
1,5,0,0,0,6,1,129.4715,36.6966,0,0,1,0,208,0,0
0,6,0,0,0,0,2,128.2417,36.4066,0,0,1,0,58,0,0
1,3,0,1,1,1,5,126.7163,37.4222,0,0,1,0,29,0,0
0,3,6,1,1,4,3,127.0383,37.5866,0,0,0,0,201,0,0
1,4,0,0,0,9,1,126.3793,33.2445,0,0,0,0,62,0,0
0,4,2,0,0,0,7,126.7861,35.7251,0,0,0,0,185,0,0
0,2,0,2,4,6,1,128.6077,35.8689,0,0,1,0,178,0,0
0,3,0,0,0,4,1,127.4625,36.6351,0,0,0,0,83,0,0
0,0,0,0,0,0,1,126.8013,34.549,0,0,0,0,121,0,0
1,5,0,0,0,1,1,129.2115,35.8724,0,0,1,0,100,0,0
0,2,0,0,0,0,1,126.5297,33.2478,0,0,0,0,62,0,0
1,2,0,0,0,9,1,126.659,35.2203,0,0,0,0,146,0,0
0,1,0,0,0,7,1,128.1732,36.4293,0,0,0,0,58,0,0
1,1,5,0,0,7,2,129.0586,37.0505,0,0,0,0,149,0,0
0,2,6,0,0,2,7,128.0767,34.9333,0,0,0,0,57,0,0
0,1,0,0,0,4,3,127.7603,37.412,0,0,0,0,48,0,0
0,6,0,0,0,1,8,126.8809,36.9419,0,0,1,0,14,0,0
1,5,8,1,1,0,4,126.7937,36.2621,0,0,1,0,129,0,0
0,2,0,0,0,7,1,126.71,35.136,0,0,0,0,135,0,0
0,2,0,1,2,0,2,127.0497,36.9421,0,0,1,0,14,0,0
1,3,8,1,1,1,7,126.8175,35.944,0,0,0,0,166,0,0
1,0,0,0,0,6,1,126.5813,36.7057,0,0,0,0,69,0,0
0,6,0,0,0,0,1,126.4813,37.707,1,0,1,0,92,0,0
1,0,0,0,0,1,4,126.6768,34.7932,0,0,0,0,16,0,0
1,3,5,0,0,0,7,126.9905,35.7243,0,0,0,0,34,0,0
0,4,0,0,0,0,2,127.7588,37.894,0,0,0,0,111,0,0
1,4,0,0,0,0,7,128.676,35.9775,0,0,0,0,26,0,0
0,6,6,1,2,0,11,127.5571,37.2991,0,0,1,0,22,0,0
0,6,0,1,2,0,2,129.2038,35.1901,0,0,1,0,1,0,0
1,4,10,0,0,1,4,126.8429,35.1761,1,0,0,0,137,0,0
0,0,0,0,0,1,1,126.5658,37.257,0,0,0,0,2,0,0
1,0,0,0,3,0,5,126.961,35.9236,0,0,0,0,125,0,0
0,3,5,0,0,0,8,128.8581,35.5135,0,0,0,0,177,0,0
1,2,5,1,2,6,2,128.1919,36.5868,0,0,0,0,74,0,0
1,0,0,0,0,0,5,126.924,35.1706,0,0,0,0,137,0,0
1,3,5,0,0,4,2,126.9638,37.5939,0,0,0,0,116,0,0
1,3,0,0,0,1,3,129.1696,35.6575,0,0,0,0,17,0,0
1,2,0,0,0,9,1,127.83,34.8159,0,0,0,0,197,0,0
0,5,0,0,0,0,1,128.7872,36.0426,0,0,1,0,5,0,0
1,1,6,1,1,0,4,128.6097,35.8254,0,0,0,0,37,0,0
1,1,2,0,0,2,2,127.4156,36.3591,0,0,0,0,77,0,0
1,4,7,1,1,0,3,126.8444,37.2138,0,0,0,0,50,0,0
1,0,0,0,0,6,2,127.0895,37.5974,0,0,0,0,196,0,0
1,6,9,0,0,3,6,126.7827,35.9578,2,0,1,0,166,0,0
0,6,0,0,0,1,1,128.4956,36.6177,0,0,1,0,55,0,0
0,0,5,0,0,0,2,126.9563,37.3812,0,0,0,0,151,0,0
1,4,0,0,0,0,1,128.3259,36.2127,0,0,0,0,144,0,0
0,5,0,1,2,1,1,126.5925,33.2858,0,0,1,0,62,0,0
1,4,0,0,3,2,5,127.2137,38.2097,0,0,0,0,184,0,0
1,2,0,1,2,4,4,126.9874,36.1631,1,0,0,0,129,0,0
0,6,0,0,0,4,1,129.0851,37.5871,0,0,1,0,210,0,0
0,3,0,0,0,1,8,127.9531,35.1153,2,0,0,0,57,0,0
0,1,6,1,2,0,2,127.1251,37.6573,0,0,0,0,70,0,0
0,2,0,0,0,4,1,128.3862,35.2903,0,0,0,0,117,0,0
0,1,0,1,2,6,1,128.8877,36.4597,0,0,0,0,66,0,0
1,2,7,1,1,1,4,127.3092,36.3875,0,0,0,0,148,0,0
0,3,0,0,0,1,8,126.8356,35.9406,1,0,1,0,166,0,0
1,0,0,1,1,4,3,128.6789,36.26,0,0,0,0,105,0,0
1,0,0,0,0,9,1,127.5186,37.6864,0,0,0,0,176,0,0
1,4,0,1,1,1,5,128.4569,35.9177,0,0,0,0,30,0,0
1,0,10,0,0,7,3,127.0589,37.2102,0,0,0,0,50,0,0
1,5,0,1,1,1,7,129.0948,35.2204,0,0,1,0,96,0,0
1,4,0,0,0,1,1,127.808,35.2992,0,0,0,0,224,0,0
1,3,0,0,0,0,1,128.9704,36.294,0,0,0,0,203,0,0
1,3,0,0,0,3,4,128.396,34.8258,0,0,0,0,212,0,0
1,3,0,0,0,0,5,127.7506,37.9039,0,0,0,0,111,0,0
0,3,0,0,0,6,3,129.3185,35.7382,0,0,0,0,100,0,0
0,0,5,0,0,9,2,126.9271,35.7151,0,0,0,0,12,0,0
1,6,0,0,0,1,1,126.964,37.0754,0,0,1,0,50,0,0
0,0,0,1,1,0,4,128.6333,34.8988,0,0,0,0,15,0,0
1,0,7,1,1,1,7,126.6675,36.8074,0,0,0,0,46,0,0
1,0,0,0,0,1,7,128.4394,36.6376,0,0,0,0,55,0,0
0,5,0,0,0,2,1,127.3951,36.646,0,0,1,0,83,0,0
1,4,0,0,0,1,6,127.2743,35.2603,0,0,0,0,147,0,0
1,3,6,2,4,4,2,126.6729,37.4641,0,0,0,0,29,0,0
1,3,0,1,1,0,5,126.7258,37.5085,0,0,0,0,44,0,0
0,4,5,0,0,0,1,127.0047,37.7362,0,0,0,0,64,0,0
0,3,0,0,0,4,5,127.955,36.8546,0,0,0,0,179,0,0
0,0,6,1,1,2,2,127.1677,37.4322,0,0,0,0,95,0,0
0,2,3,1,2,0,3,127.2848,37.2331,0,0,0,0,51,0,0
1,2,0,0,0,6,2,129.335,35.5337,0,0,0,0,213,0,0
0,5,0,0,0,0,1,129.0208,35.3802,0,0,1,0,49,0,0
1,6,6,1,1,4,3,126.7905,37.4499,0,0,1,0,73,0,0
0,2,0,0,0,1,2,126.971,35.9378,0,0,0,0,125,0,0
1,2,5,1,2,0,3,126.7613,35.0337,1,0,0,0,33,0,0
1,0,0,0,0,0,1,127.5013,36.3519,1,0,0,0,80,0,0
1,5,7,1,1,1,5,129.3603,36.0211,0,0,1,0,160,0,0
0,5,5,0,0,0,2,129.1276,35.5618,0,0,1,0,17,0,0
1,3,5,0,0,0,9,127.6639,34.9727,0,0,0,0,130,0,0
1,0,0,1,1,1,5,126.6302,37.4858,0,0,0,0,207,0,0
0,5,6,1,1,4,2,127.1495,35.8456,0,0,1,0,11,0,0
1,4,0,0,0,0,5,126.9,35.1975,0,0,0,0,137,0,0
1,4,10,0,0,7,6,126.8628,37.3134,0,0,0,0,2,0,0
1,3,0,0,0,0,1,126.6985,37.8276,0,0,0,0,175,0,0
1,3,7,1,1,0,6,128.9909,35.2546,1,0,0,0,13,0,0
1,2,0,1,1,0,5,126.8199,37.322,0,0,0,0,2,0,0
0,5,0,1,2,1,1,127.0736,34.3334,0,0,1,0,141,0,0
1,3,0,0,0,0,1,126.8735,37.2297,0,0,0,0,50,0,0
1,4,0,0,0,1,1,129.3949,36.9516,0,0,0,0,208,0,0
1,0,0,1,1,5,5,128.5222,35.8291,0,0,0,0,20,0,0
1,5,0,1,1,0,3,127.2344,35.8571,0,0,1,0,28,0,0
1,6,0,0,0,0,2,126.8806,37.5142,1,0,1,0,79,0,0
1,2,0,0,0,0,1,126.4414,33.4547,0,0,0,0,90,0,0
1,3,0,0,0,0,1,128.9909,36.1308,0,0,0,0,5,0,0
1,5,7,1,1,4,6,127.6899,36.0974,0,0,1,0,75,0,0
1,0,5,0,0,6,6,128.4662,35.4468,0,0,0,0,211,0,0
1,1,6,1,1,6,2,126.8317,36.7124,0,0,0,0,187,0,0
1,0,0,0,0,3,1,127.3117,36.5008,0,1,0,0,229,0,0
0,2,7,1,1,0,4,128.6088,35.8643,0,0,0,0,178,0,0
0,2,6,1,1,1,4,128.989,35.141,0,0,0,0,120,0,0
0,6,0,0,0,0,1,127.1535,35.8767,0,0,1,0,11,0,0
1,3,0,0,0,0,1,126.5211,34.781,1,0,1,0,16,0,0
1,5,5,0,0,4,2,129.1019,37.3852,1,0,1,0,78,0,0
1,4,0,0,0,1,1,127.8524,36.965,0,0,0,0,6,0,0
1,4,6,1,1,0,2,126.815,35.2024,1,0,0,0,135,0,0
1,4,0,0,0,1,3,127.8118,36.2438,0,0,0,0,75,0,0
1,1,7,1,1,6,2,126.9098,35.1456,0,0,0,0,190,0,0
0,2,0,1,1,0,3,127.1487,37.8274,0,0,0,0,171,0,0
1,0,0,0,0,9,1,127.3767,34.955,0,0,0,0,27,0,0
0,3,0,2,4,0,8,129.4542,35.6865,0,0,0,0,100,0,0
1,1,0,0,0,9,1,128.8489,36.9298,0,0,0,0,149,0,0
1,1,0,1,2,1,1,126.4159,37.7678,0,0,0,0,92,0,0
1,3,3,1,2,7,2,126.9242,36.9768,0,0,0,0,14,0,0
0,5,0,0,0,1,1,128.5072,35.7797,0,0,1,0,30,0,0
0,5,0,0,0,4,1,126.8509,36.7414,0,0,1,0,187,0,0
1,2,0,0,0,1,1,128.2479,35.5101,1,0,0,0,133,0,0
1,4,0,2,4,9,1,128.7263,36.0904,0,0,0,0,5,0,0
0,5,6,1,1,4,4,127.5233,36.6971,0,0,1,0,83,0,0
1,0,3,1,2,4,2,126.7739,37.4359,0,0,0,0,73,0,0
0,2,5,0,0,0,3,126.6917,37.5042,0,0,0,0,44,0,0
0,2,6,1,1,0,6,127.1682,36.7645,0,0,0,0,63,0,0
0,0,0,0,0,0,1,126.764,37.3347,0,0,0,0,2,0,0
1,0,5,2,4,4,9,126.8926,36.2761,0,0,0,0,129,0,0
0,2,0,0,0,0,3,127.4142,36.4368,1,0,0,0,77,0,0
1,0,0,0,0,4,1,126.6478,34.5676,0,0,0,0,119,0,0
1,6,0,0,0,3,5,126.2618,34.4813,0,0,1,0,71,0,0
1,6,0,1,1,9,1,127.0978,36.7719,0,0,1,0,53,0,0
1,2,7,1,1,6,2,126.7598,36.2143,0,0,0,0,129,0,0
1,1,0,1,2,7,6,127.0189,37.2503,0,0,0,0,99,0,0
0,1,9,0,3,4,2,129.0691,35.1705,0,0,0,0,231,0,0
1,4,0,0,0,2,1,127.8574,37.0705,0,0,0,0,6,0,0
1,4,8,1,1,4,3,126.6015,36.3297,0,0,0,0,136,0,0
1,4,0,0,0,1,1,127.5775,34.6755,0,0,0,0,102,0,0
0,0,0,0,0,1,5,128.8886,35.9033,0,0,0,0,5,0,0
1,0,0,0,0,0,3,128.6407,34.9564,0,0,0,0,15,0,0
1,1,0,0,0,1,1,126.8666,36.301,0,0,0,0,129,0,0
1,1,7,1,1,0,2,127.1036,36.1694,0,0,0,0,61,0,0
1,1,5,0,3,0,2,127.1729,37.6131,0,0,0,0,70,0,0
0,0,0,0,0,4,1,127.686,36.9302,0,0,0,0,110,0,0
0,6,0,2,4,0,1,127.0098,36.8214,0,0,1,0,53,0,0
0,4,2,0,0,3,2,128.5382,37.1848,2,0,0,0,114,0,0
0,5,0,0,0,1,1,127.4632,34.5084,0,0,1,0,191,0,0
0,4,0,0,0,4,1,127.1833,37.5494,0,0,0,0,67,0,0
0,4,0,1,1,0,1,127.0463,37.1777,0,0,0,0,143,0,0
0,2,5,0,0,1,2,127.2911,36.6247,0,1,0,0,229,0,0
0,6,0,1,1,1,1,126.9489,36.7839,0,0,1,0,53,0,0
0,5,0,0,0,1,1,129.3492,36.0721,1,0,1,0,160,0,0
0,5,5,0,0,0,2,127.0574,37.8743,0,0,1,0,94,0,0
1,2,0,0,0,4,1,126.8553,37.0505,0,0,0,0,50,0,0
1,0,0,0,0,1,3,129.1193,35.2344,0,0,0,0,96,0,0
0,5,8,1,1,4,6,127.2053,36.1843,0,0,1,0,61,0,0
1,5,5,0,0,0,2,128.4308,37.6062,2,0,1,0,24,0,0
0,4,0,0,3,0,2,126.8949,35.1528,0,0,0,0,222,0,0
0,2,0,0,0,0,8,127.7645,36.6268,0,0,0,0,179,0,0
1,2,6,1,1,0,2,126.8126,36.761,0,0,0,0,187,0,0
0,2,0,0,0,4,2,129.4213,35.5009,0,0,0,0,225,0,0
1,4,6,1,1,1,4,126.1862,33.3488,0,0,0,0,90,0,0
1,1,0,1,1,0,1,126.8856,35.1863,0,0,0,0,137,0,0
1,0,0,0,0,6,1,127.5068,36.2318,0,0,0,0,68,0,0
1,3,5,0,0,1,6,128.0328,35.9931,2,0,0,0,76,0,0