주야,요일,법규위반,도로형태_대분류,도로형태,당사자종별_1당_대분류,당사자종별_2당_대분류,경도,위도,사고피해정도,도시여부,주말/공휴일,인구수,발생지번호,보행자의위치,무단횡단여부
1,2,6,1,1,0,2,129.1843,35.9971,0,0,0,0,100,0,0
0,6,0,0,0,0,1,127.0366,35.8774,0,0,1,0,11,0,0
1,3,0,0,0,1,3,127.4172,35.4103,0,0,0,0,193,0,0
0,0,0,0,0,1,1,126.3699,37.531,0,0,0,0,186,0,0
1,0,0,0,0,9,1,128.0902,37.8231,0,0,0,0,82,0,0
0,3,0,0,0,1,3,128.5228,35.8541,0,0,0,0,20,0,0
1,5,0,0,0,1,1,127.2299,35.792,0,0,1,0,28,0,0
1,5,0,0,0,4,1,126.8001,37.0427,0,0,1,0,50,0,0
1,0,0,0,0,1,4,128.2706,35.3179,0,0,0,0,189,0,0
1,0,0,1,1,1,5,127.1355,36.9119,0,0,0,0,63,0,0
1,3,0,0,0,0,1,129.1612,35.3376,0,0,0,0,85,0,0
0,3,3,0,0,0,6,127.0895,37.4632,0,0,0,0,214,0,0
1,0,0,0,0,1,1,128.5392,36.0797,0,0,0,0,21,0,0
1,0,5,0,0,1,3,127.0755,37.837,1,0,0,0,59,0,0
1,6,0,0,0,0,1,127.7711,35.2093,1,0,1,0,172,0,0
1,5,6,1,1,2,4,128.6169,35.8351,0,0,1,0,37,0,0
1,1,7,1,1,0,3,127.5187,36.7956,0,0,0,0,60,0,0
0,0,0,0,0,0,8,128.8414,36.036,1,0,0,0,5,0,0
1,3,0,1,1,9,1,127.1853,36.9758,0,0,0,0,23,0,0
1,6,0,0,0,0,1,126.6688,34.4701,0,0,1,0,119,0,0
0,0,0,0,0,0,1,129.0896,35.8656,0,0,0,0,100,0,0
0,0,0,1,1,1,1,127.4017,36.3448,0,0,0,0,4,0,0
1,1,6,1,1,7,2,127.4033,36.3263,0,0,0,0,39,0,0
1,2,0,0,0,1,1,128.5662,38.0567,0,0,0,0,164,0,0
0,5,8,1,1,0,6,128.2722,35.7217,1,0,1,0,220,0,0
0,4,0,0,0,0,2,126.6807,37.4736,0,0,0,0,29,0,0
0,5,0,0,0,4,9,127.2115,35.3899,0,0,1,0,131,0,0
1,4,7,1,1,4,3,126.8111,35.1685,0,0,0,0,135,0,0
0,5,6,1,1,4,2,127.0972,37.5066,0,0,1,0,156,0,0
0,0,0,0,0,0,1,126.9195,37.994,0,0,0,0,106,0,0
0,4,0,0,0,0,1,126.778,37.5287,0,0,1,0,65,0,0
1,0,8,1,1,4,2,127.0056,36.1546,0,0,0,0,129,0,0
1,5,0,0,0,0,1,126.8869,37.9005,0,0,1,0,175,0,0
1,3,0,0,0,1,1,127.0067,35.0398,0,0,0,0,88,0,0
1,2,0,0,0,1,1,127.2854,35.6173,0,0,0,0,152,0,0
1,3,0,0,0,1,1,126.8582,35.1314,0,0,0,0,222,0,0
0,2,0,0,0,4,1,128.5124,35.8032,0,0,0,0,30,0,0
1,3,0,0,0,1,5,128.6807,36.1814,0,0,0,0,170,0,0
1,0,0,0,0,0,4,126.8023,36.0159,0,0,0,0,166,0,0
1,3,0,0,0,4,1,126.4765,37.2594,0,0,0,0,186,0,0
0,5,0,0,0,4,1,126.7063,37.6285,0,0,1,0,47,0,0
1,2,0,1,1,0,4,127.1467,37.4505,0,0,0,0,95,0,0
1,3,6,1,1,1,4,127.0582,37.9075,0,0,0,0,94,0,0
1,0,0,0,0,1,4,126.5552,36.8698,0,0,0,0,46,0,0
1,2,0,1,1,2,5,126.9796,35.3248,0,0,0,0,181,0,0
1,0,0,1,2,8,4,127.4892,37.4547,0,0,0,0,48,0,0
0,0,6,1,1,1,2,127.5896,36.7979,0,0,0,0,138,0,0
1,1,3,0,0,1,3,127.5271,36.7716,0,0,0,0,60,0,0
0,0,0,0,0,1,1,126.126,34.7938,0,0,0,0,132,0,0
1,0,2,0,0,0,6,127.7111,34.7825,2,0,0,0,102,0,0
1,2,0,0,0,0,1,128.5965,35.1817,0,0,0,0,86,0,0
1,0,3,1,2,4,3,128.9982,35.0873,0,0,0,0,25,0,0
1,4,0,0,0,3,5,127.0205,36.8055,0,0,0,0,53,0,0
0,4,0,0,0,0,1,127.1912,37.6492,0,0,0,0,70,0,0
1,1,0,0,0,2,1,128.5863,35.2366,0,0,0,0,86,0,0
1,2,0,0,0,0,5,128.6593,35.1538,0,0,0,0,86,0,0
1,4,0,1,2,0,7,126.2428,36.7434,0,0,0,0,169,0,0
0,3,0,0,0,0,1,128.1418,36.5755,0,0,0,0,58,0,0
1,6,0,0,0,0,1,127.8894,36.9612,0,0,1,0,6,0,0
0,6,2,0,0,0,3,127.3216,37.8213,1,0,1,0,176,0,0
0,0,0,0,0,6,1,126.9106,34.4914,0,0,0,0,56,0,0
1,0,0,0,0,0,1,126.8155,35.4241,0,0,0,0,146,0,0
1,6,7,1,1,0,8,127.5418,36.7026,0,0,1,0,83,0,0
1,0,0,0,0,1,8,127.7746,36.6337,0,0,0,0,179,0,0
1,5,0,1,2,7,3,127.9419,37.3716,0,0,1,0,36,0,0
1,5,0,0,0,7,5,127.1506,37.5672,0,0,1,0,91,0,0
0,6,0,1,1,4,1,128.3559,36.112,0,0,1,0,144,0,0
1,5,0,1,1,4,2,128.5113,35.2956,0,0,1,0,117,0,0
1,3,7,1,1,1,7,127.4286,36.9463,0,0,0,0,60,0,0
1,3,5,0,0,0,7,127.9121,35.6834,0,0,1,0,154,0,0
1,5,6,1,1,4,3,127.0801,37.5717,0,0,1,0,196,0,0
0,4,5,0,0,6,3,127.3072,37.1791,0,0,0,0,51,0,0
0,4,0,0,0,9,1,128.2147,36.3423,0,0,0,0,58,0,0
1,6,0,0,0,7,6,127.1115,37.5004,0,0,1,0,156,0,0
0,4,10,0,0,1,4,128.895,35.9393,0,0,0,0,5,0,0
1,3,7,1,1,3,4,127.0452,37.9054,0,0,0,0,94,0,0
1,4,0,0,0,7,1,127.4661,36.4582,0,0,0,0,77,0,0
1,2,0,1,1,0,1,129.2415,35.8192,0,0,0,0,100,0,0
1,1,0,0,0,9,1,126.8244,35.2554,0,0,0,0,146,0,0
1,5,0,0,0,0,1,129.3823,35.6705,0,0,1,0,100,0,0
1,6,0,0,0,2,1,128.1335,35.2379,2,0,1,0,42,0,0
0,5,3,0,0,0,4,128.9006,35.2418,0,0,1,0,13,0,0
1,0,0,0,0,4,2,127.1376,35.8421,0,0,0,0,11,0,0
0,1,0,0,0,0,9,127.6058,37.2977,0,0,0,0,22,0,0
0,1,5,0,0,0,3,129.3019,35.7176,0,0,0,0,100,0,0
1,4,6,1,1,1,2,127.3256,37.2515,0,0,0,0,51,0,0
0,6,0,0,0,0,3,126.5693,36.8008,1,0,1,0,69,0,0
0,0,6,1,1,4,2,126.651,37.3965,0,0,0,0,35,0,0
0,0,0,0,0,5,8,129.3701,36.2457,0,0,0,0,160,0,0
0,0,0,0,0,1,11,128.7658,35.115,0,0,0,0,86,0,0
1,2,0,0,0,0,1,126.9209,35.02,0,0,0,0,88,0,0
0,4,0,0,0,1,1,127.738,35.255,0,0,0,0,224,0,0
0,1,0,0,0,0,1,127.1188,36.7886,0,0,0,0,63,0,0
1,2,5,0,0,0,2,127.0752,37.498,1,0,0,0,89,0,0
0,2,0,0,0,0,1,127.1276,36.9208,0,0,0,0,63,0,0
1,2,0,0,0,0,1,128.8158,35.2878,0,0,0,0,13,0,0
1,2,0,0,0,9,1,126.5905,34.5188,0,0,0,0,119,0,0
1,2,6,1,1,0,4,127.2331,36.7427,0,0,0,0,63,0,0
1,5,10,1,2,7,2,126.7609,37.5176,0,0,1,0,65,0,0
1,1,0,0,0,6,3,127.8306,36.2401,0,0,0,0,75,0,0
1,3,8,1,1,1,4,128.1873,35.0936,0,0,0,0,42,0,0
0,2,0,0,0,0,4,126.9238,37.1517,0,0,0,0,50,0,0
0,2,4,0,0,2,1,126.7785,35.0315,2,0,0,0,33,0,0
1,1,0,0,0,0,1,128.4656,36.6785,0,0,0,0,55,0,0
1,0,0,0,0,0,1,129.1241,35.3393,1,0,0,0,49,0,0
0,6,9,0,0,0,4,128.6359,35.2631,0,0,1,0,86,0,0
0,6,0,0,0,0,2,127.5637,34.9314,1,0,1,0,27,0,0
1,5,0,0,0,2,1,128.4346,34.8859,1,0,1,0,212,0,0
1,4,8,1,1,1,7,127.9828,37.4864,0,0,0,0,31,0,0
1,5,0,0,0,6,1,127.769,37.4567,0,0,1,0,48,0,0
0,2,0,0,0,6,1,126.4733,34.6204,0,0,0,0,119,0,0
0,6,0,0,0,4,3,126.9271,37.4897,0,0,1,0,188,0,0
0,6,0,0,0,0,1,126.8231,37.6042,1,0,1,0,40,0,0
0,6,0,0,0,0,1,128.9919,35.1498,0,0,1,0,120,0,0
0,5,6,1,1,0,2,128.6623,35.2148,0,0,1,0,86,0,0
0,5,0,0,0,0,1,127.379,36.3459,0,0,1,0,4,0,0
0,3,0,2,4,4,1,127.0456,37.6989,0,0,0,0,64,0,0
0,1,0,0,0,0,1,129.0595,35.0973,0,0,0,0,173,0,0
0,0,5,0,0,0,4,127.1724,37.0152,0,0,0,0,23,0,0
1,1,0,0,0,9,1,126.6787,34.9312,0,0,0,0,16,0,0
0,0,5,0,0,0,2,126.7152,36.9281,2,0,0,0,46,0,0
1,1,0,0,0,1,4,126.4906,35.1812,0,0,0,0,157,0,0
0,0,6,1,1,0,7,126.9553,37.3782,1,0,0,0,151,0,0
1,2,0,0,0,0,1,126.8978,34.6775,0,0,0,0,56,0,0
1,2,6,1,1,4,2,126.7912,33.5518,0,0,0,0,90,0,0
0,2,0,0,0,0,1,128.7028,34.8298,0,0,0,0,15,0,0
0,2,0,0,0,0,2,126.7133,37.4637,1,0,0,0,29,0,0
1,3,0,0,0,2,3,126.7548,37.4732,2,0,0,0,44,0,0
1,3,0,0,0,1,5,126.8354,37.5249,0,0,0,0,140,0,0
0,1,0,2,4,1,1,127.1779,36.161,0,0,0,0,61,0,0
1,5,7,1,1,0,2,129.3513,35.44,0,0,1,0,17,0,0
1,5,0,1,1,9,1,126.7793,35.2267,0,0,1,0,135,0,0
0,0,0,0,0,4,11,126.7155,35.0207,0,0,0,0,33,0,0
1,4,0,1,1,1,4,126.4743,34.87,0,0,0,0,101,0,0
0,0,6,1,1,6,3,128.9868,35.1541,0,0,0,0,120,0,0
0,0,0,0,0,1,1,127.2933,34.8858,0,0,0,0,122,0,0
0,4,0,0,0,0,1,127.3088,37.0027,0,0,0,0,23,0,0
1,3,5,0,0,2,3,128.5322,34.9119,0,0,0,0,15,0,0
0,4,0,1,2,4,2,127.4262,36.4965,0,0,0,0,83,0,0
1,5,0,0,0,1,1,128.7623,35.9604,0,0,1,0,52,0,0
1,3,5,1,2,0,2,128.1016,35.1452,2,0,0,0,42,0,0
0,6,6,1,1,0,4,126.9265,37.4925,0,0,1,0,188,0,0
0,0,0,1,1,0,1,129.1042,37.5326,0,0,0,0,210,0,0
1,6,0,1,2,0,1,127.1042,37.3598,0,0,1,0,95,0,0
0,2,0,0,0,9,1,126.5368,35.0053,0,0,0,0,157,0,0
1,3,5,0,0,0,4,126.3086,34.868,0,0,0,0,132,0,0
0,4,0,0,0,6,1,127.032,35.1772,0,0,0,0,137,0,0
0,4,0,0,0,0,1,126.7979,36.0129,0,0,0,0,166,0,0
1,4,0,0,0,0,1,126.6881,35.524,0,0,0,0,219,0,0
0,4,0,0,0,0,3,129.008,35.2341,0,0,1,0,118,0,0
0,3,0,1,1,0,2,129.0209,35.1483,1,0,1,0,231,0,0
1,2,5,0,0,0,2,128.4353,38.4494,0,0,0,0,217,0,0
1,2,0,0,0,1,5,127.4062,38.1445,0,0,0,0,184,0,0
0,0,6,1,1,1,2,127.6168,37.2852,1,0,0,0,22,0,0
1,0,2,1,1,2,2,127.012,35.9603,1,0,0,0,125,0,0
0,6,0,0,0,7,1,129.0637,35.6165,0,0,1,0,17,0,0
1,6,0,0,0,1,1,129.173,36.087,0,0,1,0,160,0,0
1,2,0,0,0,0,8,127.9654,35.3158,0,0,0,0,224,0,0
1,1,5,1,2,0,5,128.0882,35.1942,0,0,0,0,42,0,0
1,1,0,0,0,0,1,128.3437,34.9513,0,0,0,0,87,0,0
1,5,0,0,0,0,1,127.2927,37.626,0,0,1,0,70,0,0
1,5,6,0,3,7,2,127.0496,37.6792,0,0,1,0,98,0,0
0,0,0,0,0,0,3,126.6874,37.722,1,0,0,0,175,0,0
0,1,0,0,0,0,3,127.0313,37.5424,0,0,0,0,84,0,0
0,0,0,0,0,1,1,128.3442,36.1307,0,0,0,0,144,0,0
1,3,5,0,0,6,3,126.9317,37.8554,0,0,1,0,175,0,0
1,6,0,0,0,6,6,127.0283,35.0245,0,0,1,0,88,0,0
1,5,0,1,2,2,5,128.7317,35.8214,0,0,1,0,52,0,0
0,4,5,0,0,0,5,126.8117,35.6731,0,0,0,0,12,0,0
1,5,0,1,2,4,9,127.4497,35.4583,0,0,1,0,193,0,0
0,1,0,0,0,0,1,128.7392,35.306,1,0,0,0,13,0,0
0,2,0,0,0,6,5,128.7644,35.2463,0,0,0,0,13,0,0
1,2,0,0,0,0,1,128.1929,35.5932,0,0,0,0,133,0,0
1,2,7,1,1,0,4,127.418,37.0731,0,0,0,0,23,0,0
1,2,7,1,1,4,3,126.546,36.5257,0,0,0,0,38,0,0
1,5,0,1,2,0,5,126.7225,37.4217,0,0,1,0,29,0,0
1,5,6,1,1,0,3,128.3274,35.3794,1,0,1,0,189,0,0
1,3,8,1,1,1,7,126.5975,35.3444,0,0,0,0,219,0,0
1,2,0,0,0,1,1,129.4633,35.7882,1,0,0,0,100,0,0
0,1,0,0,0,0,1,128.5535,34.9035,0,0,1,0,15,0,0
1,2,7,1,1,2,4,128.019,37.4932,0,0,0,0,31,0,0
1,2,0,0,0,0,6,126.8177,37.3815,1,0,0,0,73,0,0
0,4,7,1,1,0,2,129.3501,36.1089,0,0,0,0,160,0,0
0,2,5,0,0,6,3,126.6513,37.5829,0,0,0,0,97,0,0
1,2,0,2,4,6,2,127.132,36.8191,0,0,0,0,63,0,0
1,4,0,1,1,4,1,126.8654,37.5023,0,0,0,0,79,0,0
1,5,0,0,0,6,2,127.0525,36.2229,0,0,1,0,61,0,0
1,3,7,1,1,4,6,127.2848,36.4559,0,1,0,0,229,0,0
0,0,0,1,1,1,5,128.2067,37.1536,0,0,0,0,103,0,0
0,1,5,0,0,4,2,127.1793,37.4442,0,0,0,0,95,0,0
0,1,0,0,0,0,1,127.7099,34.9358,1,0,0,0,130,0,0
0,4,0,1,1,0,1,126.6397,37.3861,0,0,0,0,35,0,0
1,0,0,1,1,1,1,126.6849,37.3876,0,0,0,0,29,0,0
0,5,0,0,0,0,1,126.8587,37.5535,1,0,1,0,43,0,0
0,3,0,0,0,0,5,128.4808,35.3944,0,0,0,0,211,0,0
0,5,0,0,0,0,1,127.7472,36.652,1,0,1,0,179,0,0
1,3,2,0,0,1,8,127.334,34.7874,0,0,1,0,191,0,0
1,3,0,0,3,6,1,129.2755,35.3257,0,0,1,0,85,0,0
1,4,0,0,0,0,1,128.2743,35.3142,0,0,0,0,189,0,0
1,4,0,0,0,1,1,128.3797,35.0941,0,0,0,0,87,0,0
1,4,7,1,1,1,4,127.7371,36.4186,0,0,0,0,32,0,0
1,1,0,0,0,4,1,128.288,35.9124,0,0,0,0,168,0,0
1,2,0,0,0,0,1,126.6268,37.4055,0,0,0,0,35,0,0
0,2,0,1,1,4,11,127.234,37.2873,0,0,0,0,51,0,0
1,1,5,0,0,0,2,126.8891,37.572,1,0,0,0,159,0,0
1,0,0,0,0,7,1,127.4417,35.8664,0,0,0,0,192,0,0
1,0,7,1,1,0,4,127.1276,36.9002,0,0,0,0,63,0,0
0,5,6,1,1,0,4,127.6946,34.7759,0,0,1,0,102,0,0
1,0,0,0,0,4,1,126.1183,34.7842,0,0,0,0,132,0,0
1,6,0,0,0,0,1,126.712,37.6232,0,0,1,0,47,0,0
0,0,0,0,0,5,8,128.3119,36.2229,0,0,0,0,144,0,0
0,0,0,1,2,1,3,129.3412,35.6569,1,0,0,0,158,0,0
0,0,0,0,0,4,1,127.0244,37.2607,0,0,0,0,99,0,0
1,4,0,1,2,9,1,126.3046,35.1109,0,0,0,0,101,0,0
0,5,0,0,0,4,1,127.0793,37.1511,0,0,1,0,143,0,0
1,5,0,1,2,0,2,127.4776,34.8914,0,0,1,0,27,0,0
0,5,0,0,0,0,2,126.6912,34.8908,0,0,1,0,16,0,0
0,5,0,1,2,0,1,127.4777,34.8913,0,0,1,0,27,0,0
1,5,0,0,0,0,1,128.5549,37.5828,0,0,1,0,24,0,0
1,4,10,0,0,0,4,128.7492,35.5029,0,0,0,0,177,0,0
0,2,0,0,0,1,8,127.5633,36.7126,0,0,0,0,83,0,0
0,2,0,0,0,0,1,127.3713,36.679,0,0,0,0,83,0,0
1,4,5,0,0,9,4,126.7813,34.726,0,0,0,0,121,0,0
0,1,0,0,0,0,3,128.9755,35.1809,0,0,0,0,120,0,0
1,1,0,0,0,1,1,128.7614,35.5722,0,0,0,0,3,0,0
1,6,0,0,0,0,1,127.0242,37.7859,0,0,1,0,59,0,0
0,0,7,1,1,1,2,128.8171,35.9159,0,0,0,0,52,0,0
0,5,0,1,2,0,9,126.6416,37.499,0,0,1,0,97,0,0
1,4,0,0,0,1,1,127.0087,37.5318,0,0,0,0,134,0,0
1,2,0,0,0,2,1,126.7998,37.586,0,0,0,0,43,0,0
1,2,0,2,4,0,3,128.4004,36.1768,0,0,0,0,144,0,0
0,0,5,0,0,4,3,128.4814,36.3407,1,0,0,0,105,0,0
1,5,0,1,1,3,2,128.2137,36.3246,0,0,1,0,58,0,0
0,2,0,1,2,0,1,128.5249,38.3275,0,0,0,0,217,0,0
0,3,0,0,0,0,1,128.5029,36.5557,0,0,0,0,66,0,0
0,0,0,0,0,6,2,127.9169,37.2982,0,0,0,0,36,0,0
0,0,0,1,2,4,1,127.8392,37.6525,0,0,0,0,82,0,0
1,5,0,2,4,1,1,127.6295,35.807,0,0,1,0,155,0,0
1,3,0,1,1,0,1,128.291,36.239,0,0,0,0,144,0,0
1,0,4,1,2,2,1,129.3344,35.5555,0,0,0,0,205,0,0
0,6,6,1,1,0,6,126.9037,37.4424,2,0,1,0,109,0,0
0,5,6,1,1,0,4,126.7521,37.6796,1,0,1,0,40,0,0
0,0,0,0,0,0,4,128.551,38.0616,0,0,0,0,164,0,0
0,1,0,0,0,0,1,128.9531,35.1496,0,0,0,0,206,0,0
0,5,0,0,0,0,1,126.7012,37.4629,0,0,1,0,29,0,0
1,3,0,0,3,4,6,127.1298,37.601,0,0,0,0,165,0,0
0,3,5,1,2,0,2,127.5944,34.9703,0,0,0,0,130,0,0
0,4,0,0,0,0,1,126.9362,37.1765,0,0,0,0,50,0,0
1,0,0,0,3,0,5,127.1395,35.8302,0,0,0,0,11,0,0
1,5,5,1,2,6,3,127.3849,36.8788,0,0,1,0,60,0,0
1,1,7,1,1,1,3,127.5746,37.1679,0,0,0,0,41,0,0
1,5,0,1,1,0,4,127.3282,37.9682,0,0,1,0,171,0,0
1,3,6,1,1,2,3,127.6577,34.8,2,0,0,0,102,0,0
0,3,0,1,1,0,7,128.5606,35.8835,0,0,0,0,107,0,0
1,1,0,0,0,0,1,127.7407,37.9222,0,0,0,0,111,0,0
0,1,0,1,1,4,2,127.1979,37.7096,0,0,0,0,70,0,0
0,1,0,0,0,4,4,126.7563,37.4982,0,0,0,0,65,0,0
1,6,0,0,0,1,1,127.3738,34.8125,0,0,1,0,122,0,0
1,6,0,0,0,0,1,126.9547,36.3567,0,0,1,0,174,0,0
1,0,0,0,0,2,4,126.6787,34.3861,0,0,0,0,141,0,0
0,3,2,1,1,1,5,126.2753,33.2464,0,0,0,0,62,0,0
0,3,5,0,3,0,4,126.93,37.5656,0,0,0,0,195,0,0
1,4,0,0,0,9,1,126.7517,34.6806,0,0,0,0,121,0,0
0,1,6,1,2,4,2,126.9965,37.4994,0,0,0,0,214,0,0
1,2,0,0,0,0,2,126.7692,37.8672,0,0,0,0,175,0,0
1,2,0,0,0,0,5,126.9745,35.9234,0,0,0,0,125,0,0
0,0,0,0,0,0,1,127.7612,37.8578,0,0,0,0,111,0,0
1,1,8,1,1,0,2,128.9574,35.1927,0,0,0,0,206,0,0
0,5,0,0,0,0,1,127.0988,35.8186,0,0,1,0,11,0,0
1,1,5,1,2,6,2,126.9001,37.2479,0,0,1,0,50,0,0
1,2,8,1,1,1,2,126.1888,33.2748,1,0,0,0,62,0,0
1,2,0,1,2,1,1,128.6477,35.4906,0,0,0,0,177,0,0
0,1,6,1,1,4,2,129.0845,35.2181,0,0,1,0,216,0,0
0,5,0,1,2,4,1,126.81,37.4785,0,0,1,0,65,0,0
1,5,5,0,0,0,3,126.5135,33.4735,0,0,1,0,90,0,0
1,6,7,1,1,0,4,128.9884,37.1592,0,0,1,0,215,0,0
0,4,0,0,0,0,1,126.7408,37.5691,0,0,0,0,7,0,0
1,4,0,0,0,1,7,126.213,36.7551,0,0,0,0,169,0,0
0,3,2,0,0,1,8,126.5153,34.4915,0,0,0,0,119,0,0
0,3,0,1,2,1,2,127.4405,36.9028,0,0,0,0,60,0,0
1,3,6,1,1,1,2,128.5134,35.3861,0,0,0,0,117,0,0
1,4,0,2,4,1,1,128.8904,37.3083,0,0,0,0,78,0,0
1,0,0,1,2,0,3,128.3985,36.1365,0,0,0,0,144,0,0
1,0,8,1,1,4,3,128.0778,34.9312,0,0,0,0,57,0,0
1,1,5,0,0,0,6,129.1192,37.5306,0,0,0,0,210,0,0
1,3,0,0,0,9,1,127.6625,35.8426,0,0,0,0,182,0,0
1,5,5,0,0,0,4,127.2155,37.2693,0,0,1,0,51,0,0
0,1,0,1,1,1,11,127.3014,38.1363,0,0,0,0,184,0,0
0,6,0,0,0,0,1,128.668,35.4221,0,0,1,0,177,0,0
0,5,0,0,0,1,1,126.9112,37.2288,0,0,1,0,50,0,0
1,2,0,0,0,0,1,127.0405,37.8957,0,0,0,0,94,0,0
0,2,0,1,1,0,1,127.236,37.0272,0,0,0,0,23,0,0
0,4,0,0,0,0,1,127.1629,37.3513,0,0,0,0,9,0,0
0,2,3,0,0,0,2,126.8133,37.0777,2,0,0,0,50,0,0
1,2,8,1,1,4,3,126.9125,35.4436,0,0,1,0,131,0,0
1,3,0,0,0,3,1,128.4902,37.9367,0,0,0,0,164,0,0
1,4,0,1,2,1,3,126.991,36.1308,1,0,0,0,125,0,0
0,3,0,0,0,0,1,127.929,37.3347,0,0,0,0,36,0,0
0,2,0,1,2,1,5,127.1526,35.9346,0,0,0,0,28,0,0
1,6,0,0,0,2,3,127.113,36.6634,0,0,1,0,63,0,0
0,4,0,0,0,1,1,127.8531,36.2539,0,0,0,0,75,0,0
0,4,0,0,0,2,1,126.4706,37.0065,1,0,1,0,46,0,0
1,6,5,1,1,1,11,128.1717,35.1322,0,0,1,0,42,0,0
0,4,0,0,0,0,1,128.3981,36.0832,0,0,0,0,21,0,0
0,2,0,1,2,6,1,126.9776,35.8616,0,0,0,0,34,0,0
1,3,0,1,1,1,1,127.0956,35.919,2,0,0,0,28,0,0
0,3,0,1,1,1,1,126.4454,36.8601,0,0,0,0,69,0,0
1,1,5,0,0,0,8,127.9104,35.0078,0,0,0,0,172,0,0
0,5,0,0,0,0,1,129.0796,35.2158,0,0,1,0,216,0,0
0,5,0,1,1,0,1,127.6876,34.9407,0,0,1,0,130,0,0
1,4,0,0,0,1,4,126.991,36.0246,0,0,0,0,125,0,0
0,2,3,0,0,8,2,126.8938,37.4195,0,0,0,0,151,0,0
1,1,5,1,1,0,9,128.3492,35.266,0,0,0,0,117,0,0
0,0,0,0,0,0,4,127.1448,35.8,0,0,0,0,11,0,0
0,1,0,0,0,9,1,127.4265,35.3837,0,0,0,0,193,0,0
1,3,0,1,1,0,7,127.0053,36.7799,0,0,0,0,53,0,0
0,3,0,0,0,6,1,126.9473,37.3959,0,0,0,0,151,0,0
0,5,8,0,0,0,5,126.8189,37.5304,0,0,1,0,65,0,0
0,6,0,0,0,0,1,127.1903,37.4958,1,0,1,0,67,0,0
0,5,0,0,0,2,1,128.8634,35.2075,0,0,1,0,13,0,0
0,3,0,0,0,7,1,129.3496,35.5524,0,0,0,0,205,0,0
1,2,0,0,0,9,1,128.1981,36.1563,0,0,1,0,76,0,0
1,1,0,1,2,0,5,126.7114,35.9838,0,0,0,0,166,0,0
1,3,0,0,0,0,1,127.0751,35.9212,0,0,0,0,125,0,0
1,3,0,0,0,2,3,127.144,35.8136,0,0,0,0,11,0,0
1,5,0,0,0,1,2,127.0598,37.9132,0,0,1,0,94,0,0
0,3,0,0,0,1,11,126.8239,37.2256,0,0,0,0,50,0,0
1,0,0,0,0,1,1,126.3868,35.25,0,0,0,0,127,0,0
0,5,5,0,0,4,2,127.2561,36.4998,0,0,1,0,232,0,0
1,4,0,2,4,9,1,129.0087,35.7353,0,0,0,0,100,0,0
0,3,0,0,0,4,1,126.9627,37.0946,0,0,1,0,50,0,0
0,4,0,0,0,4,8,128.1076,36.2013,0,0,0,0,76,0,0
0,4,7,1,2,0,5,126.6931,37.4775,0,0,0,0,44,0,0
1,6,0,0,0,1,4,127.155,36.9828,0,0,1,0,23,0,0
1,3,0,0,0,0,1,126.5081,37.635,0,0,0,0,92,0,0
0,3,0,1,2,2,1,129.3605,36.0524,0,0,0,0,160,0,0
0,1,5,0,0,0,2,126.6473,37.4077,0,0,0,0,35,0,0
1,0,0,0,0,9,1,127.6218,35.02,0,0,0,0,130,0,0
1,0,5,0,0,1,3,127.0323,35.2931,1,0,0,0,181,0,0
0,0,0,0,0,4,1,128.7572,35.8493,0,0,0,0,52,0,0
1,6,2,1,1,1,5,127.7663,36.4244,0,0,1,0,32,0,0
0,3,0,0,0,1,2,129.0672,35.1878,0,0,0,0,221,0,0
1,4,0,0,0,3,3,127.3524,37.2556,0,0,0,0,41,0,0
1,4,0,1,2,0,4,129.5712,36.0066,0,0,0,0,160,0,0
1,5,0,1,2,1,2,128.5558,35.1724,0,0,1,0,86,0,0
0,6,0,0,0,1,1,127.6735,34.8393,0,0,1,0,102,0,0
1,6,2,0,0,0,2,127.107,37.4727,0,0,1,0,89,0,0
1,2,0,0,0,0,1,129.0692,35.1242,0,0,0,0,180,0,0
1,0,6,1,1,6,3,126.8109,36.0867,0,0,0,0,10,0,0
0,0,6,1,1,4,2,126.8367,37.6301,0,0,0,0,40,0,0
0,4,0,2,4,0,1,128.0161,34.8969,0,0,0,0,197,0,0
0,0,2,0,0,0,1,127.5161,36.6197,0,0,0,0,83,0,0
0,1,2,0,0,0,4,126.5363,37.0138,0,0,0,0,46,0,0
0,1,0,0,0,0,1,128.0808,34.9448,0,0,0,0,57,0,0
1,4,7,1,1,1,7,126.8819,37.6289,0,0,0,0,40,0,0
0,6,7,1,1,2,7,128.5453,38.2923,0,0,1,0,217,0,0
1,6,5,0,0,0,2,128.1792,35.2023,1,0,1,0,42,0,0
0,2,5,1,2,0,4,127.0609,37.607,0,0,0,0,167,0,0
0,6,6,1,1,6,2,128.6934,35.8322,0,0,1,0,37,0,0
1,4,5,0,0,4,2,126.8165,35.8521,0,0,0,0,34,0,0
1,4,0,0,0,1,1,129.2712,35.8451,0,0,0,0,100,0,0
1,3,2,0,0,0,2,126.7999,35.1679,2,0,0,0,135,0,0
1,0,0,0,0,2,2,128.382,37.1883,1,0,0,0,114,0,0
0,5,0,0,0,0,4,129.1954,35.7326,0,0,1,0,100,0,0
0,6,0,1,1,4,6,126.7548,37.7096,0,0,1,0,175,0,0
1,0,6,1,1,0,4,126.9352,36.0479,0,0,0,0,125,0,0
0,5,0,0,0,0,5,127.1052,37.5151,0,0,1,0,156,0,0