주야,요일,법규위반,도로형태_대분류,도로형태,당사자종별_1당_대분류,당사자종별_2당_대분류,경도,위도,사고피해정도,도시여부,주말/공휴일,인구수,발생지번호,보행자의위치,무단횡단여부
1,4,0,0,0,4,1,126.2685,33.4275,0,0,0,0,90,0,0
1,5,0,0,0,9,1,126.8625,34.1817,0,0,1,0,141,0,0
1,4,6,1,1,3,5,126.8173,37.4526,0,0,0,0,73,0,0
0,1,0,0,0,0,1,127.2642,36.4691,1,1,0,0,229,0,0
0,1,0,0,0,5,2,127.0538,36.7771,0,0,0,0,53,0,0
1,4,0,0,0,1,1,127.4142,34.857,0,0,0,0,27,0,0
0,2,0,1,1,4,1,126.5203,36.312,0,0,0,0,136,0,0
1,3,0,0,0,9,1,126.415,36.7239,0,0,1,0,69,0,0
1,2,0,0,0,0,1,127.7143,34.7792,0,0,0,0,102,0,0
0,2,0,0,0,0,1,127.1,37.0008,0,0,0,0,14,0,0
1,1,0,1,1,1,2,126.4306,34.8901,1,0,0,0,101,0,0
0,0,0,0,0,0,1,126.6987,36.9135,0,0,0,0,46,0,0
0,6,5,0,0,6,2,127.3001,36.6134,1,1,1,0,229,0,0
0,6,0,0,0,4,1,127.0475,37.6058,0,0,1,0,167,0,0
0,6,0,0,0,4,1,126.9535,37.5256,0,0,1,0,134,0,0
0,4,5,0,0,4,2,128.2825,35.9393,0,0,0,0,168,0,0
1,2,0,0,0,1,5,127.4111,37.0708,0,0,0,0,23,0,0
1,3,0,1,1,1,5,129.2273,35.991,0,0,0,0,100,0,0
0,4,5,0,0,0,1,126.8688,36.9478,0,0,0,0,14,0,0
0,3,0,0,0,1,1,128.0568,35.1904,0,0,0,0,42,0,0
0,6,0,0,0,9,1,126.1115,34.8275,0,0,1,0,132,0,0
0,5,0,1,1,0,1,126.7925,37.6505,0,0,1,0,40,0,0
0,6,7,1,1,0,1,127.5891,34.8744,0,0,1,0,102,0,0
0,6,0,0,0,0,1,129.2348,35.9676,0,0,1,0,100,0,0
1,6,0,0,0,1,1,126.6615,36.815,0,0,1,0,46,0,0
0,6,0,1,1,0,1,126.6003,33.2604,1,0,1,0,62,0,0
0,0,6,1,1,0,2,126.8434,37.3036,1,0,0,0,2,0,0
0,5,0,0,0,0,1,128.4791,36.5298,0,0,1,0,66,0,0
0,6,0,0,0,0,1,128.6883,34.9852,0,0,1,0,15,0,0
1,3,0,1,1,6,2,129.344,35.9977,0,0,0,0,160,0,0
1,4,5,0,0,1,9,128.2594,35.7949,0,0,0,0,168,0,0
1,3,6,1,1,1,3,126.8109,36.0867,0,0,0,0,10,0,0
1,3,0,2,0,1,7,127.2992,36.5927,0,1,0,0,229,0,0
1,5,0,0,0,1,1,128.536,36.0971,0,0,1,0,21,0,0
0,6,6,1,1,1,2,126.8516,36.9942,1,0,1,0,14,0,0
0,3,7,1,1,1,3,126.5865,35.9618,0,0,0,0,166,0,0
1,1,0,0,0,1,3,127.0348,37.7252,0,0,0,0,64,0,0
0,0,0,0,0,0,3,126.9184,37.0633,0,0,0,0,14,0,0
1,4,8,1,1,6,3,126.7018,35.4337,0,0,0,0,219,0,0
1,2,0,0,0,2,1,126.9671,37.5895,0,0,0,0,116,0,0
1,5,3,0,0,4,2,126.883,37.5234,0,0,1,0,150,0,0
1,6,0,0,0,0,1,128.5754,35.1628,0,0,1,0,86,0,0
0,6,0,0,0,6,1,127.0557,37.534,0,0,1,0,84,0,0
0,0,0,0,0,4,1,128.2662,35.4725,0,0,0,0,189,0,0
1,6,0,2,4,4,2,126.5065,36.5492,0,0,1,0,38,0,0
0,6,0,1,2,0,1,127.1563,37.5519,1,0,1,0,91,0,0
1,6,0,0,0,4,1,126.3946,36.7178,0,0,1,0,69,0,0
0,3,0,0,0,6,1,128.4817,36.2515,0,0,0,0,170,0,0
1,0,0,0,0,1,5,128.1255,35.1718,0,0,0,0,42,0,0
1,5,0,1,1,0,4,127.0503,36.9677,0,0,1,0,14,0,0
0,4,3,1,2,0,3,127.0617,35.8703,0,0,0,0,11,0,0
1,5,5,0,0,0,2,127.1052,37.3191,1,0,1,0,51,0,0
0,6,0,0,0,0,1,126.7355,37.3605,0,0,1,0,73,0,0
0,4,0,1,2,1,6,126.8517,37.4738,0,0,0,0,81,0,0
1,4,0,0,0,0,4,129.4123,37.0442,0,0,0,0,208,0,0
1,5,0,0,0,0,1,126.9336,34.6136,0,0,1,0,56,0,0
1,0,0,0,0,9,1,126.7451,35.943,0,0,0,0,166,0,0
0,1,0,0,0,0,1,126.6154,34.7407,1,0,0,0,16,0,0
1,2,0,0,0,0,5,126.7138,37.6835,0,0,0,0,40,0,0
1,2,5,0,0,7,2,126.7168,35.9595,0,0,0,0,166,0,0
0,3,0,0,0,4,1,129.1449,35.3999,0,0,1,0,49,0,0
1,0,0,1,1,1,3,128.4558,37.534,0,0,0,0,24,0,0
1,5,0,0,0,0,11,129.3954,35.9564,0,0,1,0,160,0,0
0,1,0,1,2,0,1,126.5087,37.7469,0,0,0,0,92,0,0
1,3,0,0,0,3,7,128.4952,35.363,0,0,0,0,117,0,0
1,3,0,0,0,3,1,126.4686,35.4806,0,0,0,0,219,0,0
1,0,6,1,1,4,2,127.1065,37.5154,0,0,0,0,156,0,0
0,3,0,0,0,4,1,126.9138,35.9231,0,0,0,0,125,0,0
0,0,0,0,0,9,3,126.9457,35.7875,0,0,0,0,34,0,0
1,3,5,0,0,4,3,128.1592,36.4319,0,0,0,0,58,0,0
0,5,0,2,4,0,2,126.9,35.1716,1,0,1,0,137,0,0
1,4,3,0,0,7,6,126.8823,37.4595,0,0,0,0,81,0,0
1,1,5,0,0,0,3,127.6931,36.2417,0,0,0,0,75,0,0
0,0,0,0,0,1,1,128.0708,37.4879,0,0,0,0,31,0,0
0,0,0,0,0,6,1,127.0776,37.657,0,0,0,0,18,0,0
1,3,8,1,1,4,2,126.7909,34.6542,0,0,0,0,121,0,0
1,5,6,1,1,6,2,126.8566,37.5636,0,0,1,0,43,0,0
0,3,5,0,0,1,3,126.9017,36.8581,0,0,0,0,53,0,0
0,3,0,0,0,2,8,127.4658,34.6317,0,0,0,0,191,0,0
1,6,10,0,0,0,6,128.5641,35.1614,0,0,1,0,86,0,0
0,6,2,0,0,0,3,126.8073,37.5342,0,0,1,0,65,0,0
1,1,0,1,2,1,5,129.1439,35.3574,0,0,0,0,85,0,0
0,5,0,1,2,0,1,127.4749,37.2808,0,0,1,0,41,0,0
1,5,0,1,1,1,8,127.6065,37.063,0,0,1,0,110,0,0
0,4,2,1,2,0,1,126.9202,36.2928,1,0,0,0,129,0,0
1,2,0,0,0,4,2,127.1323,35.8246,0,0,0,0,11,0,0
0,2,5,0,0,1,4,127.5279,36.964,0,0,0,0,110,0,0
0,4,0,0,0,7,1,127.1934,37.5021,0,0,0,0,67,0,0
1,5,0,0,0,6,1,127.3511,35.4047,0,0,1,0,193,0,0
0,1,0,0,0,1,11,126.7906,36.9372,0,0,0,0,46,0,0
1,0,6,1,1,0,7,126.9731,37.8361,0,0,0,0,59,0,0
0,3,5,0,0,0,2,129.1042,37.5342,1,0,0,0,210,0,0
0,5,0,1,1,0,1,128.617,35.8388,0,0,1,0,37,0,0
1,4,0,1,1,0,5,126.6789,35.9657,0,0,0,0,166,0,0
1,5,0,0,0,6,1,126.6915,33.4662,0,0,1,0,90,0,0
1,3,7,1,1,3,2,127.7995,36.1709,1,0,1,0,75,0,0
1,5,0,0,0,4,6,127.1584,36.8111,0,0,1,0,63,0,0
0,4,0,0,0,0,1,126.3177,35.1154,0,0,1,0,101,0,0
0,3,3,0,0,6,4,127.0243,37.497,0,0,0,0,214,0,0
0,2,0,0,0,0,3,128.9425,35.1576,2,0,0,0,206,0,0
0,0,0,0,0,6,2,128.8251,37.8957,0,0,0,0,194,0,0
0,5,0,0,0,0,1,128.7056,35.329,0,0,1,0,86,0,0
0,6,5,0,0,0,2,126.8622,37.5439,2,0,1,0,140,0,0
0,1,0,0,0,4,1,126.7956,37.3441,0,0,0,0,2,0,0
1,1,0,0,0,4,1,126.3821,35.3118,0,0,0,0,127,0,0
0,6,0,0,0,4,1,127.7469,37.8734,0,0,1,0,111,0,0
0,5,0,0,0,0,1,126.6628,36.0102,1,0,1,0,10,0,0
0,3,0,0,0,1,1,128.3052,37.9321,0,0,0,0,124,0,0
1,4,0,0,3,0,2,129.0242,35.0951,0,0,1,0,226,0,0
0,5,0,0,0,6,1,126.8683,37.5537,0,0,1,0,43,0,0
0,4,0,2,4,0,1,127.1258,35.036,0,0,0,0,88,0,0
0,4,0,1,1,0,4,128.6333,34.8728,0,0,0,0,15,0,0
0,2,0,0,0,0,1,128.3005,37.0564,0,0,0,0,204,0,0
1,2,0,1,1,1,5,126.8532,35.5723,0,0,0,0,12,0,0
0,6,0,0,0,1,9,127.0635,37.0929,0,0,1,0,14,0,0
0,6,9,0,3,7,2,126.9374,37.3694,0,0,1,0,126,0,0
1,3,7,1,1,6,2,126.3857,35.2087,0,0,0,0,127,0,0
1,6,5,0,0,0,2,128.6437,36.1867,2,0,1,0,170,0,0
0,0,9,0,3,7,2,126.756,37.6723,0,0,0,0,40,0,0
0,2,0,2,4,4,7,127.0469,37.7421,0,0,0,0,64,0,0
0,4,0,0,0,1,9,129.3806,37.0717,0,0,0,0,208,0,0
0,4,0,1,1,0,2,127.501,36.609,1,0,0,0,83,0,0
0,3,6,1,1,4,2,127.0688,37.2806,1,0,0,0,99,0,0
1,3,5,0,0,0,2,127.0473,37.774,1,0,0,0,59,0,0
1,0,0,1,1,1,5,129.1172,37.5216,0,0,0,0,210,0,0
1,1,5,0,0,0,2,126.5706,37.27,2,0,0,0,2,0,0
1,2,5,0,0,6,2,127.5523,37.2213,0,0,0,0,22,0,0
0,0,0,0,0,7,6,126.8123,37.5614,0,0,0,0,43,0,0
0,3,0,2,4,0,1,127.7758,35.0753,0,0,0,0,172,0,0
0,2,0,1,1,6,1,126.6898,37.4482,0,0,0,0,29,0,0
1,1,9,1,2,2,2,127.1005,35.8561,0,0,0,0,11,0,0
1,3,0,0,0,7,1,127.517,37.0145,0,0,0,0,110,0,0
0,4,5,0,0,4,2,128.9668,35.1393,0,0,0,0,120,0,0
0,1,0,0,0,0,9,129.3333,35.4405,0,0,0,0,17,0,0
0,1,0,0,0,0,1,128.8396,35.0834,0,0,0,0,206,0,0
1,1,0,0,0,1,1,127.2863,38.2436,0,0,0,0,184,0,0
0,1,6,1,1,2,5,126.39,34.79,0,0,0,0,153,0,0
1,1,0,0,0,0,1,128.8361,37.868,0,0,0,0,194,0,0
1,6,0,0,0,0,1,127.4719,36.1817,0,0,1,0,68,0,0
0,6,0,1,2,6,1,126.493,35.6319,0,0,1,0,185,0,0
0,5,0,1,2,4,3,126.9101,37.5557,0,0,1,0,159,0,0
0,0,0,0,0,0,1,127.165,37.5729,0,0,0,0,91,0,0
1,1,7,1,1,0,6,128.0766,35.0558,0,0,0,0,57,0,0
0,3,0,1,1,0,1,128.659,35.1464,0,0,0,0,86,0,0
1,4,0,0,0,4,6,127.0824,36.1992,0,0,0,0,61,0,0
1,1,8,1,1,1,4,127.7971,37.085,0,0,0,0,6,0,0
1,0,0,1,1,6,3,127.4806,36.1217,0,0,0,0,68,0,0
1,4,0,0,0,1,5,129.2671,35.539,0,0,0,0,213,0,0
0,4,0,0,0,4,1,126.7435,37.5353,0,0,0,0,7,0,0
1,5,0,1,2,0,1,129.2239,35.8674,0,0,1,0,100,0,0
0,5,0,0,0,0,5,128.3505,36.1822,0,0,1,0,144,0,0
1,5,0,0,0,1,1,127.0194,37.0304,0,0,1,0,14,0,0
1,5,0,0,0,0,3,126.8389,37.6039,0,0,1,0,40,0,0
1,4,5,1,2,0,6,127.0171,37.523,1,0,0,0,89,0,0
0,3,0,0,0,1,1,127.5728,37.7076,0,0,0,0,111,0,0
1,2,0,0,0,3,2,127.105,37.2541,0,0,0,0,51,0,0
1,3,0,1,1,7,2,127.3971,37.4687,0,0,0,0,48,0,0
1,4,5,0,0,4,2,128.8837,36.4778,0,0,0,0,66,0,0
1,4,0,1,1,6,3,126.8464,35.9385,0,0,0,0,166,0,0
1,3,0,0,0,4,1,128.2474,35.5596,0,0,0,0,133,0,0
1,3,0,0,0,6,1,127.8942,35.6914,0,0,0,0,154,0,0
0,4,5,0,0,4,6,128.4846,37.0456,0,0,1,0,204,0,0
1,2,6,1,1,0,2,127.5303,36.9776,0,0,1,0,110,0,0
1,0,6,1,1,6,3,128.637,36.8223,0,0,0,0,113,0,0
1,1,0,0,0,6,1,127.5809,37.2908,0,0,0,0,22,0,0
1,1,0,0,0,9,1,126.743,34.8009,0,0,0,0,16,0,0
1,2,0,0,0,9,1,127.7845,36.6589,0,0,0,0,179,0,0
1,2,7,1,1,0,4,126.4883,33.4859,0,0,0,0,90,0,0
1,6,0,0,0,1,1,129.3738,36.042,0,0,1,0,160,0,0
1,0,0,1,2,4,1,127.3322,35.4891,0,0,0,0,193,0,0
0,0,0,0,0,9,1,126.8076,35.0051,0,0,0,0,33,0,0
1,5,0,1,1,6,1,127.3223,35.4853,0,0,1,0,193,0,0
1,4,7,1,1,0,4,129.4528,35.5532,0,0,0,0,225,0,0
0,4,0,1,1,1,4,128.2876,36.5048,0,0,0,0,55,0,0
0,5,0,0,0,0,1,129.0322,35.1593,0,0,1,0,231,0,0
0,6,0,0,0,0,8,126.9275,37.1557,0,0,1,0,50,0,0
1,6,0,1,1,1,5,127.1915,35.3058,0,0,1,0,147,0,0
1,6,0,0,0,0,1,128.1876,37.4913,0,0,1,0,31,0,0
0,5,0,1,2,0,1,128.1683,36.4036,1,0,1,0,58,0,0
0,6,0,1,2,0,2,127.5159,36.6915,1,0,1,0,83,0,0
1,4,0,1,1,1,3,126.9819,37.9925,0,0,0,0,175,0,0
1,4,0,1,1,1,5,128.5176,35.3072,0,0,0,0,117,0,0
1,0,5,0,0,4,2,127.1481,37.5279,0,0,0,0,91,0,0
1,0,0,2,4,1,8,128.3727,36.2237,0,0,0,0,144,0,0
1,1,0,1,2,1,1,127.4859,35.489,0,0,0,0,193,0,0
1,4,0,2,4,9,1,126.7597,33.5478,0,0,0,0,90,0,0
0,5,0,0,0,0,1,126.9385,37.0311,0,0,1,0,14,0,0
0,1,0,0,0,0,1,127.151,36.6748,0,0,0,0,63,0,0
0,1,3,1,2,0,4,126.6495,37.3921,0,0,0,0,35,0,0
0,1,0,1,2,0,2,127.848,37.3296,0,0,0,0,36,0,0
0,6,0,0,0,0,2,128.5564,34.9024,0,0,1,0,15,0,0
0,2,3,0,0,0,2,127.6535,35.97,1,0,0,0,182,0,0
1,4,0,0,0,4,1,128.8683,35.7356,0,0,0,0,3,0,0
1,2,0,0,0,1,3,128.6071,34.8887,0,0,0,0,15,0,0
1,5,5,0,0,6,2,127.123,35.816,0,0,1,0,11,0,0
0,6,7,1,1,0,2,126.7562,35.1297,1,0,1,0,135,0,0
0,0,6,1,1,0,2,126.5909,36.3421,0,0,0,0,136,0,0
1,1,0,0,0,0,2,127.0769,37.4867,0,0,0,0,89,0,0
0,6,0,1,2,0,3,128.5791,35.234,0,0,1,0,86,0,0
1,6,6,1,1,6,2,127.4869,36.6182,0,0,1,0,83,0,0
1,6,6,1,1,6,2,127.7828,35.5641,0,0,1,0,108,0,0
0,0,0,1,2,0,6,127.1056,35.8533,2,0,0,0,11,0,0
0,1,5,0,0,2,2,127.1737,37.3465,0,0,0,0,9,0,0
0,2,0,0,0,4,6,128.6639,35.2361,0,0,0,0,86,0,0
0,3,0,1,1,0,1,129.2862,35.5566,0,0,0,0,205,0,0
0,2,6,1,1,0,6,126.894,33.492,0,0,0,0,90,0,0
0,0,5,0,0,0,2,129.1194,37.5297,0,0,0,0,210,0,0
1,0,0,0,0,0,3,127.2033,37.6135,0,0,0,0,70,0,0
1,0,0,0,0,1,7,127.9346,35.6577,0,0,0,0,154,0,0
1,0,0,1,2,1,1,127.8636,36.8695,0,0,0,0,179,0,0
1,0,0,0,0,7,1,126.9352,35.7173,0,0,0,0,12,0,0
0,1,0,1,2,0,1,126.6256,35.9666,0,0,0,0,166,0,0
0,0,10,1,2,7,2,127.5223,34.9332,0,0,0,0,27,0,0
0,4,0,1,1,2,4,126.9596,35.9372,0,0,0,0,125,0,0
0,4,0,0,0,1,1,126.9895,36.6773,0,0,0,0,53,0,0
1,4,0,0,0,9,1,126.6904,36.5955,0,0,0,0,38,0,0
1,3,0,1,1,4,1,127.7971,36.5207,0,0,1,0,32,0,0
1,3,0,0,0,2,2,127.0344,37.4694,2,0,1,0,214,0,0
1,4,0,2,4,7,1,127.5866,37.3525,0,0,0,0,22,0,0
1,4,0,0,3,7,2,126.8689,37.5221,0,0,0,0,140,0,0
1,5,0,0,0,1,3,129.0318,35.1593,1,0,1,0,231,0,0
1,5,7,1,1,6,2,128.0968,34.9329,0,0,1,0,57,0,0
0,2,4,1,2,2,1,126.9968,37.5406,0,0,1,0,134,0,0
1,2,0,0,0,1,1,127.3286,34.7825,0,0,0,0,191,0,0
0,0,0,0,0,9,1,128.8011,35.4507,0,0,0,0,177,0,0
1,3,0,1,2,4,1,127.1375,35.2482,0,0,0,0,147,0,0
0,3,7,1,1,0,5,128.496,35.8477,0,0,0,0,20,0,0
1,3,5,0,0,0,3,128.8537,35.2103,0,0,0,0,13,0,0
1,6,0,0,3,7,2,128.5321,35.8588,0,0,1,0,20,0,0
0,0,0,0,0,0,1,126.8848,35.8019,0,0,0,0,34,0,0
0,1,0,0,0,6,1,129.451,35.5427,0,0,0,0,225,0,0
0,0,10,0,0,4,2,129.3184,35.5639,0,0,0,0,205,0,0
1,1,0,0,0,9,1,127.4632,37.3314,0,0,0,0,41,0,0
1,1,0,0,0,4,1,127.1524,34.527,0,0,0,0,191,0,0
1,6,2,0,0,1,5,126.5607,35.3074,0,0,1,0,127,0,0
1,6,0,0,0,1,1,128.5319,35.1165,0,0,1,0,86,0,0
1,0,0,0,0,6,8,128.7886,35.3453,0,0,0,0,13,0,0
1,1,0,0,3,0,5,128.2021,36.5952,0,0,0,0,74,0,0
1,0,8,1,1,5,4,126.7774,36.4001,0,0,0,0,174,0,0
1,6,7,1,1,0,9,126.8081,35.885,1,0,1,0,34,0,0
0,6,0,0,0,4,1,126.9261,37.2015,0,0,1,0,50,0,0
0,6,0,0,0,9,2,126.9885,37.7873,0,0,1,0,59,0,0
1,0,0,0,0,1,1,128.8347,35.2243,0,0,0,0,13,0,0
1,5,0,0,0,1,1,126.5637,35.2268,0,0,1,0,127,0,0
1,4,0,0,0,0,1,127.3185,36.9351,0,0,0,0,23,0,0
1,2,0,0,0,9,1,126.7195,34.528,0,0,0,0,121,0,0
1,2,0,0,0,1,1,127.4983,36.6786,0,0,0,0,83,0,0
1,1,0,1,2,4,1,127.2329,36.6098,0,1,0,0,229,0,0
1,1,0,0,0,0,1,128.5433,34.7771,0,0,0,0,15,0,0
0,2,0,1,1,1,1,128.4008,35.7542,0,0,0,0,30,0,0
0,3,0,0,0,6,1,128.8808,35.2378,0,0,1,0,13,0,0
0,3,3,0,0,0,4,128.3097,36.1542,0,0,1,0,144,0,0
1,6,0,0,0,1,3,128.9194,36.1086,0,0,1,0,5,0,0
0,5,0,0,0,0,1,126.7544,37.3323,0,0,1,0,2,0,0
0,6,0,1,1,9,3,128.7782,35.3945,0,0,1,0,177,0,0
1,2,0,0,0,0,1,126.4054,33.4836,0,0,0,0,90,0,0
1,1,0,0,0,6,3,127.3736,35.4469,0,0,0,0,193,0,0
0,0,5,0,0,7,9,128.9649,35.0841,0,0,0,0,25,0,0
0,3,5,0,0,1,3,127.0398,35.9794,0,0,0,0,125,0,0
1,2,0,1,2,0,4,128.3991,35.9859,0,0,0,0,21,0,0
0,2,5,0,0,1,3,127.2332,36.9129,0,0,0,0,63,0,0
1,2,0,0,0,3,5,127.0514,35.8377,0,0,0,0,28,0,0
0,4,0,0,0,4,1,128.5739,35.8312,0,0,0,0,145,0,0
1,2,7,1,1,6,3,127.0099,36.3323,0,0,0,0,19,0,0
1,1,10,0,0,4,2,128.1515,35.5616,0,0,0,0,133,0,0
0,5,0,0,0,1,1,128.0879,35.7922,0,0,1,0,133,0,0
1,1,0,0,0,0,9,127.1583,36.8248,0,0,0,0,63,0,0
1,1,0,0,0,4,1,128.1717,35.5614,0,0,0,0,133,0,0
0,1,6,1,1,6,2,126.9944,35.9528,0,0,0,0,125,0,0
0,1,3,0,3,0,2,127.79,36.802,0,0,0,0,179,0,0
1,3,0,0,0,1,1,127.8393,36.7882,0,0,0,0,179,0,0
0,2,0,0,0,0,1,126.9527,35.9576,0,0,0,0,125,0,0
0,1,0,0,0,4,1,127.0798,37.8943,0,0,0,0,94,0,0
1,6,0,0,0,9,7,128.3922,35.5821,0,0,1,0,211,0,0
0,3,0,0,0,0,1,129.3744,35.9282,0,0,0,0,160,0,0
1,0,0,0,0,1,4,129.4072,36.5539,0,0,0,0,54,0,0
0,1,0,1,2,0,3,127.2084,37.2375,1,0,0,0,51,0,0
0,2,5,0,0,1,3,127.9118,37.5769,0,0,0,0,31,0,0
0,1,6,1,1,4,2,127.2563,37.4192,0,0,0,0,9,0,0
1,0,6,1,1,2,5,126.761,37.52,0,0,0,0,65,0,0
0,6,0,2,4,0,1,126.8476,37.572,0,0,1,0,43,0,0
0,1,0,0,0,6,1,127.0001,37.6086,0,0,0,0,167,0,0
0,4,6,1,1,0,4,129.3576,35.5935,0,0,0,0,158,0,0
0,3,0,0,0,1,1,128.754,36.1146,0,0,0,0,170,0,0
0,3,0,1,2,4,1,127.1726,37.6128,0,0,0,0,70,0,0
1,3,0,0,0,1,7,128.2092,36.4164,0,0,0,0,58,0,0
0,3,9,0,3,7,11,126.8175,35.174,0,0,0,0,135,0,0
1,1,0,0,0,1,8,128.4746,35.5704,0,0,0,0,211,0,0
0,1,0,0,0,2,1,126.5699,33.2451,0,0,0,0,62,0,0
1,6,0,0,0,2,1,126.9975,34.9005,1,0,1,0,88,0,0
0,6,0,0,0,0,4,128.5517,36.0049,0,0,1,0,21,0,0
1,2,0,0,0,1,7,128.8876,35.9109,0,0,0,0,5,0,0
1,5,0,0,0,4,1,129.0842,35.4867,0,0,1,0,49,0,0
1,1,0,0,0,9,1,126.776,37.5867,0,0,0,0,47,0,0
1,6,0,0,0,1,5,129.3238,35.552,0,0,1,0,205,0,0
0,5,0,2,4,4,2,129.0412,35.1619,0,0,1,0,231,0,0
0,4,0,0,0,0,2,129.3508,35.6361,0,0,0,0,158,0,0
1,5,0,0,0,3,2,126.9628,37.5096,1,0,1,0,93,0,0
1,5,0,0,0,0,2,127.0066,36.2435,1,0,1,0,129,0,0
1,1,0,1,1,3,7,126.6985,37.4312,0,0,0,0,35,0,0
1,6,0,0,0,9,1,128.1288,36.547,0,0,1,0,58,0,0
1,2,2,1,1,2,4,126.8861,34.971,0,0,0,0,88,0,0
1,3,0,0,0,9,1,127.2525,34.618,0,0,0,0,191,0,0
0,6,5,0,3,4,3,126.1925,34.367,0,0,1,0,71,0,0
1,1,0,0,0,9,1,126.4024,37.8041,0,0,0,0,92,0,0
1,1,8,1,1,0,2,126.0442,34.8852,0,0,0,0,132,0,0
1,3,7,1,1,1,4,127.5929,34.9789,0,0,0,0,130,0,0
1,3,0,0,0,9,1,127.496,36.7686,0,0,0,0,83,0,0
1,4,0,1,1,2,5,127.3164,36.6072,0,0,0,0,83,0,0
0,5,0,1,2,0,5,127.08,35.8655,0,0,1,0,11,0,0
0,6,0,1,1,0,4,127.1358,35.8349,0,0,1,0,11,0,0
0,0,0,0,0,4,1,129.4049,35.5272,0,0,0,0,158,0,0
0,4,0,0,0,4,1,126.9732,37.5068,0,0,0,0,214,0,0
1,3,5,1,2,0,2,128.2466,35.9127,0,0,0,0,168,0,0
1,0,0,2,4,1,1,127.8517,34.7683,0,0,0,0,197,0,0
1,0,0,0,0,0,1,127.1076,35.4601,0,0,0,0,131,0,0
0,6,0,0,0,4,1,127.2538,37.1156,0,0,1,0,23,0,0
1,5,0,0,0,4,1,127.1767,37.2337,0,0,1,0,51,0,0
1,6,0,0,0,4,1,127.5593,36.2948,0,0,1,0,142,0,0
1,0,0,1,2,1,4,127.1406,37.4633,0,0,0,0,95,0,0
1,6,6,1,1,4,2,126.729,37.3118,0,0,1,0,2,0,0
1,0,5,0,0,0,2,126.449,33.4945,2,0,0,0,90,0,0
0,1,0,1,1,0,2,129.1623,35.3984,1,0,0,0,49,0,0
1,2,0,0,0,0,1,128.3254,35.7098,0,0,0,0,220,0,0
1,2,7,1,2,0,4,127.051,37.4715,0,0,0,0,89,0,0
1,3,6,0,0,3,3,126.8591,37.567,0,0,0,0,159,0,0
0,4,0,0,0,0,3,126.7762,35.9413,1,0,0,0,166,0,0
0,0,5,0,0,9,2,127.0686,35.9968,1,0,0,0,125,0,0
1,0,0,0,0,0,1,127.5329,37.6842,1,0,0,0,176,0,0
1,4,0,0,0,0,3,129.1002,35.1539,0,0,0,0,45,0,0
1,6,0,0,0,2,2,128.8767,35.2477,0,0,1,0,13,0,0
0,4,0,0,0,4,4,128.5985,35.9328,0,0,0,0,112,0,0
1,6,0,0,0,0,1,127.0895,37.1624,0,0,1,0,50,0,0
0,5,0,0,0,0,1,126.9515,35.1617,0,0,1,0,137,0,0
0,2,0,0,0,2,1,128.4159,34.7845,2,0,0,0,212,0,0
0,3,4,1,2,5,3,126.9304,37.3301,0,0,0,0,126,0,0
1,1,0,0,0,0,1,129.3319,37.1666,0,0,0,0,78,0,0
0,5,0,0,0,0,1,126.3277,34.6709,0,0,1,0,119,0,0
1,4,0,1,1,4,1,126.7615,36.9419,0,0,1,0,46,0,0
1,3,6,1,1,1,2,126.4603,34.8054,0,0,0,0,101,0,0
1,6,0,0,0,5,1,126.8424,35.8641,0,0,1,0,34,0,0
0,2,0,0,0,1,3,127.0967,37.0014,0,0,0,0,14,0,0
0,6,5,0,0,0,3,127.5971,34.9864,1,0,1,0,130,0,0
0,5,6,1,1,0,6,127.963,37.4197,1,0,1,0,36,0,0
0,1,0,0,0,0,5,128.5856,38.1874,0,0,0,0,104,0,0
1,0,0,0,0,9,1,127.8269,36.4297,0,0,0,0,32,0,0
0,5,0,1,1,9,1,126.945,35.8539,0,0,1,0,34,0,0
0,1,6,1,1,2,2,128.655,34.9553,0,0,0,0,15,0,0
0,1,0,0,0,0,1,126.9185,37.0098,0,0,0,0,14,0,0
1,6,0,0,0,6,2,128.9497,35.1546,0,0,1,0,206,0,0
1,6,6,1,1,4,6,127.4327,36.3311,0,0,1,0,80,0,0
0,3,0,1,1,1,3,127.5689,36.2908,0,0,0,0,142,0,0
1,6,0,1,1,2,5,126.6287,36.7867,0,0,1,0,69,0,0
1,0,6,1,1,6,3,128.7402,35.8725,0,0,0,0,26,0,0
1,4,3,0,0,1,4,128.551,35.1561,0,0,0,0,86,0,0
0,3,0,1,2,1,5,126.6592,37.4859,0,0,0,0,207,0,0
1,4,0,0,0,1,2,126.8244,37.1326,0,0,0,0,50,0,0
0,4,0,0,0,5,3,128.712,35.2789,0,0,0,0,13,0,0
1,6,0,0,0,1,5,127.6131,36.6235,0,0,1,0,83,0,0
1,0,0,0,0,1,1,128.4248,35.9811,0,0,0,0,21,0,0
1,5,6,1,1,6,2,127.0689,36.9639,0,0,1,0,14,0,0
1,3,10,1,2,6,2,129.0768,35.1344,0,0,0,0,180,0,0
1,6,5,0,0,4,2,128.1698,37.0497,0,0,1,0,103,0,0
0,2,0,0,0,2,1,126.7933,37.5005,0,0,0,0,65,0,0
1,2,0,1,2,6,1,127.4975,34.9917,0,0,0,0,27,0,0
1,4,0,0,0,0,1,127.6302,36.2016,1,0,0,0,142,0,0
1,3,6,1,1,0,7,127.3828,36.3513,0,0,0,0,4,0,0