주야,요일,법규위반,도로형태_대분류,도로형태,당사자종별_1당_대분류,당사자종별_2당_대분류,경도,위도,사고피해정도,도시여부,주말/공휴일,인구수,발생지번호,보행자의위치,무단횡단여부
0,2,0,0,0,6,1,129.1216,35.1674,0,0,0,0,45,0,0
1,3,0,0,0,0,1,127.6251,36.4763,0,0,0,0,32,0,0
0,0,5,0,0,1,2,128.6289,35.9172,1,0,0,0,112,0,0
1,3,5,0,0,1,11,126.747,36.0169,0,0,0,0,166,0,0
1,5,5,0,0,4,2,129.2856,35.6197,0,0,1,0,17,0,0
1,4,5,0,0,1,2,127.5913,35.004,0,0,0,0,130,0,0
1,2,0,1,2,1,5,127.1386,35.8161,0,0,0,0,11,0,0
0,4,0,0,0,1,9,127.7461,36.1422,0,0,0,0,75,0,0
0,3,5,0,0,4,2,126.9169,36.0671,0,0,1,0,125,0,0
0,3,0,0,0,4,1,129.4772,36.7656,0,0,0,0,208,0,0
1,2,6,0,0,1,6,127.2681,37.6085,1,0,0,0,70,0,0
1,1,10,0,0,1,3,127.7749,34.9875,0,0,0,0,130,0,0
0,0,0,0,0,0,3,127.1977,37.2623,0,0,0,0,51,0,0
1,5,0,0,0,1,2,126.8552,37.3851,1,0,1,0,73,0,0
1,6,0,0,0,6,1,128.5644,36.2439,0,0,1,0,170,0,0
0,1,6,1,1,2,2,129.3488,35.6244,1,0,0,0,158,0,0
1,5,0,0,0,0,8,127.1521,35.1185,0,0,1,0,88,0,0
1,3,0,0,0,3,5,128.5707,35.9024,0,0,0,0,112,0,0
0,4,6,1,1,0,5,128.5877,35.8724,0,0,0,0,178,0,0
1,3,5,0,0,4,2,127.6899,37.8909,0,0,0,0,111,0,0
1,3,0,0,0,1,1,127.1546,35.8749,0,0,0,0,11,0,0
1,0,0,0,0,0,9,126.7609,36.9203,0,0,0,0,46,0,0
0,0,0,0,0,0,2,128.2256,36.1571,0,0,1,0,76,0,0
0,0,0,1,2,0,1,126.5504,33.253,0,0,0,0,62,0,0
0,4,5,0,0,4,2,126.6494,37.4565,0,0,0,0,29,0,0
1,2,0,0,0,0,1,128.5291,36.7238,1,0,0,0,55,0,0
0,4,0,0,0,2,1,126.9054,36.9907,0,0,0,0,14,0,0
1,0,5,0,0,0,7,126.939,35.0113,0,0,0,0,88,0,0
0,6,6,1,1,0,4,127.1547,35.853,0,0,1,0,11,0,0
0,6,0,1,1,0,5,127.1359,35.9287,0,0,1,0,28,0,0
1,1,6,1,1,2,6,127.1682,36.7645,1,0,0,0,63,0,0
1,1,0,0,0,1,5,128.7614,36.3292,0,0,0,0,105,0,0
1,3,0,0,0,6,1,127.962,36.6071,0,0,0,0,74,0,0
1,0,5,1,2,1,7,127.7032,37.9881,0,0,0,0,111,0,0
1,1,0,0,0,6,1,127.921,36.1485,0,0,0,0,75,0,0
0,0,0,0,0,0,2,128.5233,38.3327,1,0,0,0,217,0,0
1,1,0,0,0,0,3,126.4062,33.4776,1,0,0,0,90,0,0
0,5,2,0,0,1,5,127.9961,36.7671,0,0,1,0,179,0,0
1,2,0,0,0,0,1,128.8742,35.3004,0,0,0,0,13,0,0
0,0,4,0,0,6,1,127.0837,37.541,0,0,0,0,183,0,0
1,4,6,1,1,0,2,127.1717,37.8615,0,0,0,0,171,0,0
1,0,0,0,0,4,1,128.0975,36.1331,0,0,0,0,76,0,0
0,6,6,1,1,4,2,129.3405,35.5512,0,0,1,0,205,0,0
0,4,3,1,2,5,2,126.721,37.3605,1,0,1,0,73,0,0
0,3,0,0,0,4,1,127.1714,37.5907,0,0,0,0,70,0,0
1,2,3,1,2,4,6,126.5931,33.4913,0,0,0,0,90,0,0
0,3,0,0,0,5,5,128.4366,35.7104,0,0,0,0,30,0,0
0,0,7,1,1,6,2,127.0379,37.7546,0,0,0,0,64,0,0
0,5,0,0,0,0,1,126.7715,37.5954,0,0,1,0,47,0,0
0,5,5,0,0,0,2,127.8153,37.2957,0,0,1,0,36,0,0
1,6,0,1,1,3,2,126.4609,33.2906,1,0,1,0,62,0,0
1,3,6,0,3,4,5,126.7784,37.6461,0,0,0,0,40,0,0
1,4,0,0,0,3,8,128.6632,37.2524,0,0,0,0,198,0,0
1,6,0,1,1,4,1,127.9126,36.2611,0,0,1,0,75,0,0
1,0,6,1,1,1,2,127.6804,37.0045,0,0,0,0,6,0,0
0,6,0,0,0,1,1,129.4499,36.7926,0,0,1,0,208,0,0
1,0,0,2,4,1,3,129.2453,35.938,1,0,0,0,100,0,0
0,3,0,1,1,0,2,127.1391,37.5923,1,0,0,0,165,0,0
0,5,0,1,2,0,1,127.1896,37.2439,0,0,1,0,51,0,0
0,2,0,0,0,2,3,126.8748,37.5069,2,0,0,0,79,0,0
1,3,0,0,0,0,1,127.0271,37.785,0,0,0,0,59,0,0
1,4,5,0,0,1,5,128.1975,35.092,0,0,0,0,87,0,0
1,1,5,0,0,0,6,127.5849,35.4592,0,0,1,0,193,0,0
1,5,7,1,1,0,5,126.8117,37.6241,0,0,1,0,40,0,0
0,6,0,1,2,0,1,127.0304,37.7482,0,0,1,0,64,0,0
1,0,9,0,0,7,3,126.8464,35.5776,0,0,0,0,12,0,0
0,5,0,0,0,0,4,128.3145,35.1543,0,0,1,0,42,0,0
1,0,9,1,2,7,3,126.8952,37.4416,0,0,0,0,81,0,0
1,5,0,0,3,6,5,127.0349,37.6116,0,0,1,0,200,0,0
0,2,0,0,0,1,1,127.4749,36.8694,0,0,0,0,60,0,0
1,2,0,0,0,1,3,129.1401,36.0602,0,0,0,0,5,0,0
1,2,0,1,2,6,1,128.4214,35.5069,0,0,0,0,211,0,0
1,1,0,0,0,3,5,126.6697,37.488,0,0,0,0,97,0,0
0,0,5,0,0,6,6,126.9389,37.5969,1,0,0,0,195,0,0
1,5,0,0,0,4,1,128.2486,35.4476,0,0,1,0,189,0,0
1,5,0,0,0,1,5,128.6498,35.8863,0,0,1,0,26,0,0
1,3,0,1,1,0,4,128.9116,35.1496,0,0,0,0,206,0,0
1,4,0,2,4,4,3,126.6346,37.4558,0,0,0,0,29,0,0
0,5,0,2,4,9,1,129.2731,35.4335,0,0,1,0,17,0,0
0,6,0,0,0,1,3,128.8188,35.1895,0,0,1,0,13,0,0
1,0,0,0,0,1,1,127.0755,35.4186,0,0,0,0,131,0,0
0,0,5,0,0,0,3,126.819,37.5606,0,0,0,0,43,0,0
0,3,0,1,2,4,1,128.2676,36.2449,0,0,0,0,144,0,0
1,0,6,0,3,1,4,128.5428,35.8787,0,0,0,0,107,0,0
1,5,0,0,0,1,1,126.778,35.1467,0,0,1,0,135,0,0
1,4,0,0,0,3,7,126.9187,35.642,0,0,0,0,12,0,0
0,1,0,0,0,7,6,126.8606,37.507,0,0,0,0,140,0,0
0,1,6,1,1,0,4,127.0698,37.4965,0,0,0,0,89,0,0
0,4,0,0,0,0,5,127.1598,35.9109,0,0,0,0,28,0,0
1,2,0,0,3,0,5,128.5636,35.9047,0,0,0,0,112,0,0
1,4,0,0,0,1,7,127.0354,37.908,0,0,0,0,94,0,0
1,0,0,0,0,1,1,127.0361,36.4577,0,0,0,0,19,0,0
1,0,5,0,0,0,2,126.9893,37.2422,0,0,0,0,99,0,0
0,1,5,0,0,1,4,126.5146,36.6496,0,0,0,0,69,0,0
0,1,0,0,0,1,5,127.1894,36.6606,0,1,0,0,229,0,0
0,5,0,1,1,0,1,126.8282,36.6939,0,0,1,0,187,0,0
1,6,0,1,1,6,2,126.7735,36.8113,0,0,1,0,46,0,0
0,0,0,1,1,2,4,126.6675,37.449,0,0,0,0,29,0,0
0,3,0,0,0,0,6,129.4021,36.5192,0,0,0,0,54,0,0
0,6,0,0,0,4,1,127.0345,37.5736,0,0,1,0,201,0,0
1,4,0,0,0,0,5,128.5906,35.8488,0,0,0,0,145,0,0
0,3,0,0,0,0,1,126.9616,34.9616,0,0,0,0,88,0,0
1,0,5,0,0,1,3,126.7263,37.7418,0,0,0,0,175,0,0
1,2,0,0,0,6,1,126.7652,36.6572,0,0,0,0,187,0,0
1,0,0,0,0,0,1,128.6109,37.1218,0,0,0,0,114,0,0
1,1,0,0,0,0,1,128.0615,36.0456,0,0,0,0,76,0,0
1,5,9,0,3,7,6,127.1954,37.5469,0,0,1,0,67,0,0
1,3,0,0,0,0,1,126.92,36.8578,1,0,0,0,53,0,0
1,3,0,0,0,0,6,127.1132,35.8511,0,0,0,0,11,0,0
1,2,3,1,1,4,3,127.3155,34.838,0,0,0,0,122,0,0
1,0,5,1,2,0,6,126.684,35.4162,2,0,0,0,219,0,0
1,5,0,0,0,3,1,129.0849,35.4874,0,0,1,0,49,0,0
1,4,8,1,1,4,3,126.7195,35.0328,0,0,0,0,33,0,0
1,4,9,0,0,7,2,127.1466,35.8194,0,0,0,0,11,0,0
0,2,5,2,4,0,4,126.4161,34.7998,0,0,0,0,153,0,0
1,6,5,0,0,1,2,128.1097,36.4082,1,0,1,0,58,0,0
0,1,0,2,4,0,1,127.2334,37.2515,0,0,0,0,51,0,0
1,6,0,0,0,6,1,128.3661,36.9764,0,0,1,0,204,0,0
1,0,0,0,0,1,3,128.505,35.2417,0,0,0,0,86,0,0
1,6,5,0,0,0,2,126.9277,37.4588,1,0,1,0,188,0,0
1,4,0,0,0,0,1,127.3225,37.289,0,0,0,0,9,0,0
1,5,5,0,0,0,5,126.7122,37.6319,0,0,1,0,47,0,0
1,3,6,1,1,1,3,126.7347,37.3263,0,0,0,0,73,0,0
1,2,7,1,1,1,4,129.0555,36.4293,0,0,0,0,203,0,0
1,1,0,0,0,0,2,126.9384,37.4838,0,0,0,0,188,0,0
0,4,0,0,0,0,1,126.8775,37.5472,0,0,0,0,43,0,0
0,3,0,1,2,1,1,128.7615,35.5555,0,0,0,0,177,0,0
1,4,0,1,2,4,1,127.8911,34.775,0,0,0,0,197,0,0
1,6,0,0,0,0,1,126.6084,34.5329,0,0,1,0,119,0,0
0,4,0,0,0,4,2,127.3431,36.303,0,0,0,0,4,0,0
0,0,6,1,1,0,6,127.119,37.3634,1,0,0,0,95,0,0
0,5,0,0,0,0,3,127.07,37.59,1,0,1,0,201,0,0
0,1,0,0,0,0,2,128.1939,35.2419,0,0,1,0,42,0,0
1,5,5,0,0,4,2,126.8939,37.4521,0,0,1,0,109,0,0
1,1,0,0,0,1,1,126.6573,35.9593,0,0,0,0,166,0,0
1,4,0,0,3,1,5,128.6218,36.8199,0,0,0,0,113,0,0
0,1,0,1,2,4,1,127.213,37.0088,0,0,0,0,23,0,0
0,0,6,1,1,1,2,126.6324,37.4463,0,0,0,0,29,0,0
1,0,0,0,0,4,2,128.7475,35.4891,0,0,0,0,177,0,0
0,1,5,1,2,0,11,128.2782,34.9797,0,0,0,0,87,0,0
1,6,5,0,0,4,2,126.7122,37.4909,0,0,1,0,44,0,0
1,6,0,1,1,4,1,127.6319,37.4699,0,0,1,0,48,0,0
0,5,6,1,1,4,3,127.4848,36.6114,0,0,1,0,83,0,0
0,3,0,1,2,7,1,126.9765,37.2131,0,0,0,0,50,0,0
0,3,0,2,4,0,1,126.7864,36.8844,1,0,0,0,46,0,0
0,1,0,0,0,4,4,126.9215,37.4831,0,0,0,0,188,0,0
0,6,6,1,1,0,4,128.567,35.8471,0,0,1,0,20,0,0
1,0,0,0,0,3,1,127.3659,34.7528,0,0,0,0,191,0,0
0,1,0,0,0,0,1,127.6439,37.9909,0,0,0,0,111,0,0
1,1,0,0,0,0,7,127.1441,35.3793,0,0,1,0,131,0,0
0,3,6,1,1,1,4,126.6476,36.8864,0,0,0,0,46,0,0
1,0,0,1,1,7,3,126.767,35.3015,0,0,1,0,146,0,0
1,0,10,0,0,4,2,126.8362,35.5755,0,0,1,0,12,0,0
1,1,0,0,0,7,5,126.6516,37.5678,0,0,1,0,97,0,0
0,5,0,0,0,0,1,129.2615,35.5381,1,0,1,0,213,0,0
1,0,5,0,0,3,3,129.1782,35.5211,0,0,0,0,17,0,0
0,1,0,0,0,1,1,128.708,35.1963,0,0,0,0,86,0,0
1,1,0,1,1,6,6,127.5646,34.8909,0,0,0,0,27,0,0
1,6,3,0,0,0,2,126.7426,37.5306,1,0,1,0,7,0,0
1,1,0,1,1,2,4,126.8766,36.6759,0,0,0,0,187,0,0
0,6,0,0,0,6,1,128.1571,36.3963,0,0,1,0,58,0,0
1,6,5,0,0,1,2,126.4891,35.2621,0,0,1,0,127,0,0
0,5,6,1,1,0,7,127.131,37.5548,0,0,1,0,91,0,0
0,6,6,1,1,0,2,127.0727,37.0111,0,0,1,0,14,0,0
0,0,2,1,1,0,4,127.0264,36.8477,0,0,0,0,53,0,0
0,0,0,0,0,0,1,128.8095,35.1962,0,0,0,0,13,0,0
0,2,0,1,1,0,1,129.352,35.4954,0,0,0,0,213,0,0
1,0,0,0,0,9,1,127.325,35.0438,0,0,0,0,27,0,0
0,6,5,0,3,4,2,126.9768,37.3993,0,0,1,0,151,0,0
1,6,5,0,0,1,3,128.5293,35.8674,0,0,1,0,107,0,0
0,2,0,0,0,0,11,127.4966,36.3515,0,0,0,0,80,0,0
0,1,0,0,0,1,2,127.1566,37.5694,1,0,0,0,91,0,0
1,2,0,0,0,1,1,126.9275,34.6981,0,0,0,0,56,0,0
0,1,0,0,0,0,3,129.3419,36.1105,1,0,0,0,160,0,0
0,3,8,1,1,6,2,126.7185,35.0458,0,0,0,0,33,0,0
1,5,0,0,0,6,1,127.9324,37.0971,0,0,1,0,6,0,0
0,4,6,1,2,0,6,126.6708,37.4091,0,0,0,0,35,0,0
0,4,0,0,0,0,1,128.2321,37.1322,0,0,0,0,103,0,0
0,3,0,0,0,1,1,126.3019,35.618,0,0,0,0,185,0,0
0,5,0,0,0,0,1,126.8246,37.408,0,0,1,0,73,0,0
1,3,0,0,0,9,3,127.6841,35.6305,0,0,0,0,108,0,0
0,4,0,1,1,5,3,126.6552,37.401,0,0,0,0,35,0,0
0,6,0,0,0,1,5,128.6041,38.0747,0,0,1,0,164,0,0
1,0,0,1,2,3,1,128.7964,35.1191,0,0,0,0,86,0,0
0,0,5,1,2,4,6,127.5231,36.9394,0,0,0,0,110,0,0
0,0,0,0,0,0,5,126.8739,37.2356,0,0,0,0,50,0,0
0,1,5,0,0,1,3,126.6242,35.9661,0,0,0,0,166,0,0
1,2,5,0,0,1,8,127.3525,34.7302,0,0,0,0,191,0,0
1,2,0,2,4,9,1,128.3657,36.2549,0,0,0,0,144,0,0
0,6,5,2,4,0,6,127.1154,37.7784,1,0,1,0,64,0,0
0,6,0,1,1,0,1,126.7146,35.9448,0,0,1,0,166,0,0
1,0,5,0,0,0,2,126.5206,37.6482,0,0,0,0,92,0,0
0,6,0,0,0,0,3,128.2143,36.4199,0,0,1,0,58,0,0
0,0,0,0,0,0,1,128.238,36.3985,0,0,0,0,58,0,0
1,6,5,0,0,1,3,127.584,36.3101,0,0,1,0,142,0,0
1,0,0,1,2,0,2,128.6179,34.8908,0,0,0,0,15,0,0
1,3,8,1,1,1,4,128.8278,35.8226,0,0,0,0,52,0,0
1,4,0,0,0,6,9,127.0828,37.2173,0,0,0,0,50,0,0
1,5,0,0,0,0,3,129.3744,36.2836,0,0,1,0,54,0,0
0,3,0,1,1,7,1,128.9366,35.1265,0,0,0,0,206,0,0
0,5,0,0,0,1,9,128.299,34.9779,0,0,1,0,87,0,0
0,4,0,0,0,0,8,127.1344,36.9352,0,0,0,0,63,0,0
1,0,8,1,1,0,7,126.6887,36.0751,0,0,0,0,10,0,0
1,4,7,1,1,1,4,126.7672,35.6192,0,0,1,0,12,0,0
0,4,0,0,0,4,1,129.06,35.6178,0,0,1,0,17,0,0
1,1,0,1,2,5,4,128.2324,35.4369,0,0,0,0,189,0,0
0,2,0,0,0,2,2,128.2087,37.1485,0,0,0,0,103,0,0
0,1,6,1,1,4,6,126.7392,37.3451,0,0,0,0,73,0,0
1,5,6,1,1,2,7,126.8787,37.4155,0,0,1,0,81,0,0
1,5,0,0,0,1,1,127.0344,37.7276,0,0,1,0,64,0,0
0,6,0,0,0,0,1,127.1245,35.9731,0,0,1,0,28,0,0
0,5,0,0,0,6,2,127.0933,37.5925,0,0,1,0,196,0,0
1,2,0,0,0,0,1,126.8716,34.5023,0,0,0,0,56,0,0
1,0,0,1,1,0,2,129.2155,35.2432,2,0,0,0,85,0,0
1,6,6,1,1,4,2,126.5675,35.9608,0,0,1,0,166,0,0
0,6,5,0,0,0,4,127.5477,37.4815,0,0,1,0,48,0,0
0,4,0,0,0,0,1,127.0185,36.5455,2,0,0,0,19,0,0
1,5,2,0,0,1,5,126.7517,37.364,0,0,1,0,73,0,0
0,4,0,0,0,1,1,127.5969,35.0947,0,0,0,0,130,0,0
0,2,0,0,0,9,1,127.61,35.8473,0,0,0,0,192,0,0
0,1,0,0,0,4,1,126.7585,35.9444,0,0,0,0,166,0,0
0,3,0,0,0,0,4,126.9808,37.3884,0,0,0,0,199,0,0
0,3,5,0,0,1,2,126.823,36.4498,0,0,0,0,174,0,0
1,5,5,0,0,0,3,126.5062,33.4932,0,0,1,0,90,0,0
1,5,0,1,1,9,1,128.006,34.8691,0,0,1,0,197,0,0
1,5,0,1,1,2,5,126.9844,35.3198,0,0,1,0,181,0,0
0,3,4,0,0,0,7,127.0331,37.6675,0,0,0,0,98,0,0
0,4,5,1,2,0,2,127.4949,36.9665,0,0,0,0,110,0,0
1,2,0,0,0,0,1,126.6159,37.5551,0,0,0,0,97,0,0
0,3,0,0,0,2,9,126.9123,37.3232,0,0,0,0,126,0,0
0,5,0,0,0,0,1,126.8827,36.648,0,0,1,0,187,0,0
1,4,5,0,0,6,3,128.4164,35.4281,0,0,0,0,211,0,0
1,3,7,1,1,6,3,128.3162,35.4615,0,0,0,0,189,0,0
1,0,3,0,3,1,4,126.9761,37.4025,0,0,0,0,151,0,0
0,6,5,0,0,0,2,127.2283,37.7712,1,0,1,0,171,0,0
1,3,0,2,4,4,1,127.1584,36.7251,0,1,0,0,229,0,0
1,4,0,0,0,0,1,126.6918,34.841,0,0,0,0,16,0,0
1,0,8,1,1,0,4,126.9507,36.4105,0,0,0,0,174,0,0
1,3,0,1,2,1,2,128.7645,35.5126,1,0,1,0,177,0,0
1,0,5,0,0,1,6,126.2763,34.5678,0,0,0,0,71,0,0
0,6,0,1,1,0,1,126.6529,36.594,0,0,1,0,38,0,0
0,5,0,0,0,4,1,127.0383,37.5857,0,0,1,0,201,0,0
0,2,0,0,0,0,2,128.8976,35.2375,0,0,0,0,13,0,0
0,2,5,1,2,0,3,129.245,35.9198,1,0,0,0,100,0,0
1,3,0,0,0,9,1,126.5434,35.3625,0,0,0,0,219,0,0
0,3,0,2,4,4,1,126.6293,34.9291,0,0,1,0,33,0,0
1,4,6,1,1,2,7,127.0007,35.0604,0,0,0,0,88,0,0
0,1,0,0,0,7,3,126.6762,37.471,0,0,0,0,29,0,0
1,6,0,0,0,0,8,128.1111,36.0893,0,0,1,0,76,0,0
0,6,5,0,0,4,2,126.5129,33.5002,0,0,1,0,90,0,0
0,0,5,0,0,4,4,126.3862,35.2085,0,0,0,0,127,0,0
0,2,0,0,0,0,1,127.0287,35.2901,0,0,0,0,181,0,0
1,6,0,0,0,4,1,127.107,37.809,0,0,1,0,59,0,0
0,0,0,0,0,1,1,128.6878,36.2573,0,0,0,0,105,0,0
1,0,0,0,0,0,3,129.1795,35.5561,0,0,0,0,17,0,0
1,3,0,0,0,0,1,127.6116,37.2043,1,0,0,0,22,0,0
1,3,0,1,2,2,1,126.351,34.4609,0,0,0,0,71,0,0
1,0,0,0,0,3,5,127.0303,37.2091,0,0,0,0,50,0,0
1,5,5,0,0,4,2,127.5228,36.8163,0,0,1,0,60,0,0
1,3,0,0,0,1,1,129.4536,35.791,0,0,0,0,100,0,0
0,3,4,0,0,2,1,128.5873,35.2443,0,0,0,0,86,0,0
1,1,0,0,0,1,3,127.285,36.4524,1,1,0,0,229,0,0
1,1,8,1,1,1,3,126.6685,35.7771,0,0,0,0,185,0,0
1,2,0,0,0,2,4,127.0813,36.209,0,0,0,0,61,0,0
1,2,0,0,0,1,1,128.5272,34.9182,0,0,0,0,15,0,0
0,2,0,0,0,1,5,127.0967,36.0973,0,0,0,0,61,0,0
0,2,0,1,2,1,3,126.7746,37.4288,1,0,0,0,73,0,0
1,2,0,0,0,0,1,128.2317,37.831,0,0,0,0,124,0,0
1,2,0,0,0,6,9,127.1721,35.8443,0,0,0,0,11,0,0
1,6,5,0,0,1,3,126.7184,36.285,0,0,1,0,129,0,0
0,1,0,0,0,0,5,126.9608,35.317,0,0,0,0,181,0,0
1,0,5,1,2,1,2,127.0279,38.0347,1,0,0,0,106,0,0
1,1,3,0,0,0,8,126.3525,33.4669,0,0,0,0,90,0,0
0,6,0,1,2,0,1,126.9894,37.1097,0,0,1,0,50,0,0
1,4,0,0,3,0,5,127.4995,36.6164,0,0,1,0,83,0,0
1,4,5,1,2,1,3,126.8373,34.4007,1,0,0,0,141,0,0
1,5,0,0,0,1,8,126.7498,36.6856,0,0,1,0,187,0,0
1,5,8,1,1,6,2,127.1945,35.3936,0,0,1,0,131,0,0
0,5,2,0,0,0,1,127.1458,36.4746,1,0,1,0,19,0,0
1,3,0,0,0,4,1,127.0032,36.2173,0,0,0,0,129,0,0
0,1,0,0,0,0,3,126.7404,36.8862,0,0,0,0,46,0,0
0,3,0,0,0,2,1,126.9985,37.5097,2,0,0,0,214,0,0
1,1,6,1,1,0,7,126.8045,35.2089,0,0,0,0,135,0,0
0,2,0,0,0,0,1,128.109,36.7249,0,0,0,0,74,0,0
0,5,6,1,1,0,6,126.6346,37.5219,0,0,1,0,97,0,0
0,4,0,0,0,0,1,128.2448,37.243,0,0,0,0,114,0,0
1,1,0,1,2,1,1,127.2325,35.6877,0,0,0,0,152,0,0
0,1,0,1,2,0,3,127.5014,37.2419,0,0,0,0,41,0,0
0,2,0,0,0,0,1,128.5974,37.6811,0,0,0,0,24,0,0
1,0,0,1,1,4,6,128.5932,35.3734,0,0,0,0,86,0,0
0,0,0,0,0,1,1,127.4961,37.1882,0,0,0,0,41,0,0
1,0,0,0,0,1,1,126.8512,37.441,0,0,0,0,81,0,0
0,3,5,0,0,1,3,127.7536,36.838,0,0,0,0,179,0,0
0,0,0,0,0,5,5,126.5279,35.0191,0,0,0,0,157,0,0
1,1,5,0,0,2,9,128.5589,37.1209,2,0,0,0,114,0,0
0,0,5,0,0,6,2,127.6606,35.3977,0,0,0,0,108,0,0
1,1,6,1,1,0,5,128.614,36.8147,0,0,0,0,113,0,0
0,1,0,0,0,0,1,128.2537,36.1599,0,0,0,0,76,0,0
0,4,0,0,0,4,1,129.2159,35.1913,0,0,0,0,85,0,0
0,4,0,0,0,0,3,126.8979,35.1703,0,0,0,0,137,0,0
1,1,0,1,2,6,9,127.7841,36.1646,0,0,0,0,75,0,0
1,5,5,0,0,2,3,127.8095,37.5254,0,0,1,0,31,0,0
1,5,0,0,0,4,1,127.2214,34.4686,0,0,1,0,191,0,0
0,2,0,0,0,1,5,128.6884,35.3679,0,0,0,0,86,0,0
0,3,0,0,0,0,8,128.2754,35.7464,0,0,0,0,220,0,0
1,5,0,0,0,7,1,126.6474,36.603,0,0,1,0,38,0,0
1,4,5,0,0,0,2,128.9701,35.0911,0,0,0,0,25,0,0
1,3,0,1,1,2,5,128.5374,35.8436,0,0,0,0,20,0,0
1,0,7,1,1,4,2,128.5533,35.8505,1,0,0,0,20,0,0
1,3,7,1,1,1,7,126.8338,33.534,0,0,0,0,90,0,0
0,4,0,2,0,4,2,126.7331,37.5242,0,0,0,0,44,0,0
0,2,0,0,0,0,9,129.4125,36.9982,0,0,0,0,208,0,0
0,6,5,0,0,0,2,127.0065,37.7365,1,0,1,0,64,0,0
0,2,0,0,0,1,3,127.3498,36.623,0,0,0,0,83,0,0
0,4,0,0,0,0,4,126.6593,37.4549,0,0,0,0,29,0,0
1,0,0,0,0,1,1,127.9909,37.6069,0,0,0,0,31,0,0
0,5,0,0,0,0,1,129.1639,35.2362,1,0,1,0,85,0,0
0,6,5,0,0,1,3,128.2446,37.271,0,0,1,0,114,0,0
1,1,5,0,0,0,9,128.7323,35.7324,0,0,0,0,52,0,0
0,3,0,0,0,4,1,129.4135,35.5336,0,0,0,0,225,0,0
1,5,7,1,1,0,3,127.0623,34.6668,1,0,1,0,122,0,0
1,5,0,0,0,9,1,126.5072,34.6309,0,0,1,0,119,0,0
0,3,0,0,0,1,3,126.7767,36.9328,0,0,0,0,46,0,0
0,6,0,0,0,2,1,127.0949,37.1732,2,0,1,0,50,0,0
0,4,0,0,0,1,3,128.5122,35.4626,0,0,0,0,211,0,0
1,1,6,1,1,0,11,127.1531,36.7207,0,0,0,0,232,0,0
0,5,0,0,0,0,3,127.6479,37.1668,0,0,1,0,22,0,0
1,3,0,0,3,0,5,126.7377,35.9722,0,0,0,0,166,0,0
1,2,7,1,1,4,3,128.3057,36.2327,0,0,0,0,144,0,0
0,5,2,0,0,0,2,127.2491,35.2391,1,0,1,0,147,0,0
0,1,0,0,0,0,1,128.1271,35.2127,0,0,0,0,42,0,0
1,2,5,0,0,0,6,129.1254,36.6743,0,0,0,0,128,0,0
1,4,0,0,0,0,2,126.7299,35.9695,0,0,0,0,166,0,0
1,4,0,1,1,1,8,129.0091,37.6192,0,0,0,0,194,0,0
0,4,0,1,1,4,2,126.7928,37.0627,0,0,0,0,50,0,0
0,6,0,0,0,0,6,126.4653,33.4794,1,0,1,0,90,0,0
0,4,0,1,2,6,1,126.7321,37.4482,0,0,0,0,29,0,0
1,6,0,0,0,1,1,129.2187,37.3288,0,0,1,0,78,0,0
1,6,0,0,0,4,1,129.3549,36.1196,0,0,1,0,160,0,0
0,0,0,1,2,0,2,128.7508,35.2526,0,0,0,0,13,0,0
0,6,6,1,1,0,2,126.4433,34.7774,1,0,1,0,16,0,0
0,4,0,0,0,1,4,127.9518,35.6507,0,0,0,0,154,0,0
0,6,0,0,0,0,1,127.1211,37.4127,1,0,1,0,95,0,0
1,3,5,0,0,0,9,127.5066,36.7354,1,0,0,0,83,0,0
1,3,5,1,2,1,3,126.7237,34.9897,1,0,0,0,33,0,0
0,3,6,1,1,4,2,126.8266,37.5596,0,0,0,0,43,0,0
0,3,0,0,0,0,1,127.4989,36.1322,0,0,0,0,68,0,0
1,2,0,0,0,1,5,126.674,35.9554,0,0,0,0,166,0,0
0,3,0,0,0,1,1,126.3163,36.7621,0,0,0,0,169,0,0
1,2,6,1,1,1,9,126.6884,37.188,0,0,0,0,50,0,0
1,2,0,1,2,1,5,126.7173,35.9798,0,0,0,0,166,0,0
1,1,0,0,0,4,3,127.0964,35.902,0,0,0,0,28,0,0
1,1,0,0,0,4,1,127.4144,35.4273,0,0,0,0,193,0,0
1,6,0,0,0,1,5,126.6205,37.4864,0,0,1,0,207,0,0
1,1,0,1,1,6,9,127.387,35.3915,0,0,0,0,193,0,0
0,1,6,1,1,4,2,126.9533,36.9967,0,0,0,0,14,0,0
1,4,4,0,0,2,1,126.9563,35.9302,0,0,1,0,125,0,0
1,6,0,0,0,6,1,128.9959,35.0861,0,0,1,0,25,0,0
0,2,10,0,0,0,4,127.4695,37.264,0,0,0,0,41,0,0
1,6,3,1,2,6,2,129.0846,35.2182,0,0,1,0,216,0,0
0,1,2,0,0,0,4,127.8543,35.7034,0,0,0,0,154,0,0
0,2,0,0,0,0,1,128.4105,36.1266,0,0,0,0,144,0,0
0,2,0,2,4,0,3,128.3643,37.5614,0,0,0,0,24,0,0
1,3,0,0,0,0,1,128.3035,36.9201,0,0,1,0,204,0,0
0,6,0,0,0,6,1,129.3138,36.0447,0,0,1,0,160,0,0
1,4,0,0,0,0,1,128.8745,35.5128,0,0,0,0,177,0,0
1,2,0,0,0,0,1,127.6514,36.4738,1,0,1,0,32,0,0