주야,요일,법규위반,도로형태_대분류,도로형태,당사자종별_1당_대분류,당사자종별_2당_대분류,경도,위도,사고피해정도,도시여부,주말/공휴일,인구수,발생지번호,보행자의위치,무단횡단여부
0,6,0,0,0,0,1,127.0771,37.5304,0,0,1,0,183,0,0
0,3,0,2,4,0,2,127.3788,36.3458,0,0,0,0,4,0,0
0,2,3,0,0,2,4,128.6026,35.9029,0,0,0,0,112,0,0
1,4,0,0,0,1,2,127.1456,37.3311,0,0,0,0,51,0,0
1,0,5,0,0,1,6,128.9024,36.2989,1,0,0,0,66,0,0
0,5,0,0,0,0,9,126.7961,37.7484,0,0,1,0,175,0,0
1,1,0,2,4,5,1,126.8568,36.2574,0,0,0,0,129,0,0
1,3,0,1,2,2,2,127.3414,34.8399,2,0,0,0,122,0,0
1,2,0,1,1,6,3,126.335,34.9514,0,0,0,0,101,0,0
1,4,7,1,1,0,4,128.1637,36.4212,0,0,0,0,58,0,0
0,5,0,0,0,4,1,127.5586,35.9744,0,0,1,0,182,0,0
1,4,0,0,0,1,4,127.0913,35.9107,0,0,0,0,28,0,0
0,5,0,1,2,0,1,126.9927,37.4741,0,0,1,0,214,0,0
1,4,0,0,0,0,7,126.6654,35.7067,0,0,0,0,185,0,0
1,5,0,0,0,4,2,128.5947,38.2116,0,0,1,0,104,0,0
1,0,9,1,2,7,2,129.3523,35.626,0,0,0,0,158,0,0
1,6,0,0,0,6,1,128.5899,38.1843,0,0,1,0,104,0,0
0,3,0,1,2,9,1,127.6878,36.439,0,0,0,0,32,0,0
0,5,0,1,2,0,7,126.9848,37.2519,0,0,1,0,99,0,0
0,5,0,0,0,0,1,126.4843,37.7472,1,0,1,0,92,0,0
0,6,0,0,0,6,1,128.4725,35.732,0,0,1,0,30,0,0
1,0,0,0,0,6,2,128.2931,35.6856,0,0,0,0,220,0,0
1,2,0,0,0,3,7,129.0271,35.3742,0,0,0,0,49,0,0
0,4,0,0,0,4,1,127.3544,36.2818,0,0,0,0,4,0,0
1,5,0,1,1,1,1,127.4949,35.9434,0,0,1,0,192,0,0
0,0,6,1,1,4,6,129.4267,35.539,0,0,0,0,225,0,0
0,4,0,0,0,1,3,127.0578,35.8962,0,0,0,0,11,0,0
1,5,0,0,0,1,1,128.0273,35.4854,0,0,1,0,133,0,0
0,0,0,0,0,4,2,128.9804,35.0668,0,0,1,0,25,0,0
0,2,0,0,0,0,2,126.8734,37.5705,0,0,0,0,159,0,0
1,4,2,0,0,0,2,126.8236,37.481,1,0,0,0,79,0,0
1,5,0,0,0,0,5,126.7779,37.5775,0,0,1,0,7,0,0
1,3,5,1,2,1,3,127.758,34.9418,0,0,0,0,130,0,0
1,2,5,0,0,1,3,128.7387,36.3672,1,0,1,0,105,0,0
1,4,0,2,4,0,6,128.1002,37.4477,2,0,0,0,31,0,0
0,2,0,0,0,0,3,126.9608,37.3236,0,0,0,0,199,0,0
0,1,0,1,2,6,1,127.1866,36.5477,0,0,0,0,19,0,0
1,1,0,0,0,0,4,126.9877,36.8788,0,0,0,0,53,0,0
0,0,0,0,0,0,8,128.4021,36.3531,0,0,0,0,105,0,0
0,3,0,0,0,1,5,126.6096,37.6813,0,0,0,0,47,0,0
0,6,0,0,0,0,1,128.8046,35.1991,1,0,1,0,13,0,0
0,2,5,0,0,9,2,128.1531,35.4942,0,0,0,0,133,0,0
0,2,0,1,1,1,2,126.8472,37.5106,0,0,0,0,140,0,0
0,0,0,0,0,0,1,128.7963,35.9,0,0,0,0,52,0,0
1,1,0,0,0,8,3,127.0643,37.5726,0,0,0,0,201,0,0
1,5,0,1,2,0,9,129.0696,35.0927,0,0,1,0,173,0,0
1,1,3,0,0,4,9,128.0484,34.9344,0,0,0,0,57,0,0
1,4,5,0,0,0,3,126.9207,35.1575,0,0,0,0,162,0,0
1,1,0,0,0,2,5,128.0892,35.1829,0,0,0,0,42,0,0
1,2,0,0,0,6,2,127.4273,36.3293,0,0,0,0,39,0,0
1,6,6,1,1,0,4,127.5084,36.6114,0,0,1,0,83,0,0
0,6,0,0,0,0,3,127.6197,37.118,0,0,1,0,41,0,0
0,4,0,1,1,1,2,127.932,37.3342,0,0,0,0,36,0,0
0,4,0,0,0,0,1,128.5904,35.3165,0,0,0,0,86,0,0
0,4,0,0,0,0,5,126.5443,33.263,0,0,0,0,62,0,0
1,0,0,0,0,1,9,127.2113,37.8184,0,0,0,0,171,0,0
1,0,0,0,0,4,1,127.4149,36.4896,0,0,0,0,83,0,0
1,0,0,0,0,0,2,127.216,34.7891,0,0,0,0,122,0,0
1,5,0,0,0,1,5,126.8728,37.3545,0,0,1,0,2,0,0
1,1,0,0,0,7,1,126.27,33.1715,0,0,0,0,62,0,0
0,2,0,0,0,0,1,129.407,36.5547,0,0,0,0,54,0,0
1,3,0,0,0,1,1,128.0131,36.7539,0,0,0,0,179,0,0
0,1,6,1,1,0,7,127.9333,37.3437,0,0,0,0,36,0,0
0,5,8,1,1,0,7,128.2056,37.1364,0,0,1,0,103,0,0
1,2,0,0,0,3,1,126.9738,35.2897,0,0,0,0,181,0,0
0,3,0,0,0,4,1,128.3388,36.1177,0,0,0,0,144,0,0
1,5,0,0,0,3,5,126.7348,35.9663,0,0,1,0,166,0,0
1,1,6,1,2,2,5,126.7971,37.5844,0,0,0,0,43,0,0
1,6,0,0,0,4,1,127.8897,36.2159,0,0,1,0,75,0,0
1,0,3,2,4,0,3,128.6193,35.2113,0,0,0,0,86,0,0
0,0,0,2,4,0,2,128.9013,35.1971,0,0,0,0,206,0,0
0,2,7,1,1,0,3,127.7562,37.8929,0,0,0,0,111,0,0
0,3,0,0,0,0,2,127.5404,34.9325,0,0,0,0,27,0,0
0,2,6,1,1,0,2,128.3622,36.0968,1,0,0,0,144,0,0
1,4,0,1,1,6,2,127.551,37.2112,0,0,0,0,22,0,0
0,5,0,1,2,9,1,127.5838,36.7274,0,0,1,0,83,0,0
0,6,0,1,2,0,1,126.409,34.7985,0,0,1,0,153,0,0
0,3,0,0,0,0,1,128.4279,34.8287,1,0,0,0,212,0,0
1,2,0,0,0,0,1,128.4734,35.7298,0,0,0,0,30,0,0
1,3,0,1,1,1,5,127.1854,37.9465,0,0,0,0,171,0,0
1,1,0,0,0,0,6,128.1994,37.4161,1,0,1,0,31,0,0
0,4,9,0,3,7,6,126.8136,37.561,0,0,0,0,43,0,0
1,0,0,1,2,1,3,126.8567,36.9839,0,0,0,0,14,0,0
0,2,0,1,2,0,1,129.3325,35.4663,0,0,0,0,17,0,0
1,4,0,1,2,1,5,127.3523,37.2556,0,0,0,0,41,0,0
1,3,0,1,1,1,5,126.7606,36.8592,0,0,0,0,46,0,0
1,3,5,0,0,0,6,126.7247,37.2034,1,0,0,0,50,0,0
0,1,0,0,0,0,1,127.4033,37.2186,0,0,0,0,41,0,0
0,2,5,1,2,0,3,127.1359,37.267,0,0,0,0,51,0,0
1,6,8,1,1,6,3,128.7077,36.6207,0,0,1,0,66,0,0
0,6,6,1,1,0,2,127.1178,36.8214,0,0,1,0,63,0,0
0,5,0,0,0,4,1,128.4176,35.6509,0,0,1,0,30,0,0
1,5,0,0,0,9,1,127.2861,35.0512,0,0,1,0,27,0,0
0,4,0,1,2,0,3,126.9788,35.8729,0,0,0,0,34,0,0
0,5,6,1,1,0,2,127.0871,37.6216,2,0,1,0,18,0,0
1,5,6,1,1,0,3,127.3408,35.3623,0,0,1,0,193,0,0
1,5,5,0,0,0,2,128.6292,35.9687,0,0,1,0,26,0,0
1,6,5,0,0,0,6,127.1517,36.8198,0,0,1,0,63,0,0
1,6,0,0,0,7,1,128.935,37.2042,0,0,1,0,215,0,0
0,6,6,1,1,4,2,126.9291,35.1621,0,0,1,0,137,0,0
0,6,0,0,0,0,1,129.2951,35.9985,0,0,1,0,100,0,0
1,4,6,1,1,1,2,126.664,36.6132,1,0,0,0,38,0,0
0,5,5,0,0,0,2,126.8505,37.7159,1,0,1,0,40,0,0
0,5,0,1,2,0,1,126.4553,33.4962,0,0,1,0,90,0,0
1,3,6,1,1,1,6,127.0862,37.5929,0,0,0,0,196,0,0
1,0,3,1,2,1,4,126.6867,37.5884,0,0,0,0,97,0,0
0,2,0,0,0,2,2,128.9926,35.2845,0,0,0,0,49,0,0
0,1,0,0,0,0,1,128.3296,37.2256,0,0,0,0,114,0,0
1,0,0,1,2,0,5,127.0438,37.7319,0,0,0,0,64,0,0
1,4,0,1,1,0,2,128.7182,35.872,1,0,0,0,26,0,0
0,3,0,0,0,0,4,128.6189,35.8903,0,0,0,0,26,0,0
1,6,5,0,0,0,3,126.2983,34.5354,0,0,1,0,71,0,0
0,1,6,1,1,4,2,129.3412,35.5334,0,0,0,0,213,0,0
0,6,0,0,0,0,1,127.0352,34.9125,0,0,1,0,88,0,0
0,6,0,0,0,9,1,127.1311,35.2618,0,0,1,0,147,0,0
0,0,0,0,0,1,5,128.0951,35.0505,0,0,0,0,57,0,0
1,0,0,1,2,6,3,128.1691,35.7055,0,0,0,0,133,0,0
0,6,0,0,0,4,1,126.7475,37.6793,0,0,1,0,40,0,0
1,0,0,0,0,4,1,127.0266,36.9221,0,0,0,0,53,0,0
0,4,0,1,2,0,5,127.3089,36.6046,0,0,0,0,83,0,0
0,2,0,0,0,7,1,127.3286,37.5453,0,0,0,0,48,0,0
1,4,7,1,1,4,6,127.2007,37.6254,0,0,0,0,70,0,0
0,4,6,1,1,4,2,128.0692,35.1857,0,0,0,0,42,0,0
0,1,0,0,0,0,1,127.0619,37.7188,0,0,0,0,64,0,0
0,0,7,1,1,0,4,128.56,35.1838,0,0,0,0,86,0,0
1,0,6,1,1,4,2,127.1223,37.6582,0,0,0,0,70,0,0
1,1,0,0,0,1,2,126.8797,37.1471,0,0,0,0,50,0,0
1,4,0,0,0,1,3,128.7901,35.8768,0,0,0,0,52,0,0
0,4,0,1,1,1,3,127.743,36.999,0,0,0,0,6,0,0
1,5,6,1,1,1,2,129.3815,36.3457,0,0,1,0,54,0,0
0,1,5,0,0,6,2,129.0793,35.2053,0,0,0,0,216,0,0
0,5,0,0,0,1,3,126.7754,37.3532,0,0,1,0,73,0,0
1,5,0,2,4,0,1,127.1662,36.8281,0,0,1,0,63,0,0
0,1,0,0,0,4,1,126.955,37.6701,0,0,0,0,40,0,0
0,1,0,0,0,4,1,128.4196,34.8667,0,0,0,0,212,0,0
0,5,0,0,0,0,1,129.0937,36.165,0,0,1,0,160,0,0
1,5,0,1,2,2,5,128.4814,35.392,0,0,1,0,211,0,0
0,5,0,0,0,4,1,127.102,37.7195,0,0,1,0,64,0,0
0,6,5,0,0,4,5,127.3656,34.6809,0,0,1,0,191,0,0
1,3,0,0,0,1,1,126.8057,37.5206,0,0,0,0,65,0,0
0,1,6,1,2,0,2,126.4325,34.7746,1,0,0,0,16,0,0
1,3,0,0,0,6,2,126.2838,37.787,0,0,0,0,92,0,0
1,5,0,0,0,2,5,129.1007,35.2864,0,0,1,0,96,0,0
0,5,0,1,1,0,2,128.4311,36.0919,0,0,1,0,144,0,0
0,6,0,0,0,0,8,128.0903,36.4848,0,0,1,0,58,0,0
1,6,0,1,2,0,1,127.4309,36.7109,0,0,1,0,83,0,0
0,4,0,0,0,0,1,126.6276,34.7565,0,0,0,0,16,0,0
1,2,0,1,1,9,1,128.6809,36.5045,0,0,0,0,66,0,0
1,2,0,0,0,1,5,127.4975,34.9496,0,0,0,0,27,0,0
0,2,7,1,1,1,7,127.2181,38.2035,0,0,0,0,184,0,0
1,3,7,1,1,1,5,127.0494,37.5788,0,0,0,0,201,0,0
1,4,3,0,0,0,6,126.8155,37.5609,2,0,0,0,43,0,0
1,2,0,1,1,0,5,127.2025,37.8923,0,0,0,0,171,0,0
0,1,0,0,0,0,1,126.7692,35.2942,0,0,0,0,146,0,0
0,3,6,1,1,1,7,127.1844,36.8553,0,0,0,0,63,0,0
0,0,0,1,1,7,1,128.8692,36.9109,0,0,0,0,149,0,0
1,3,0,0,0,2,2,127.0647,37.4358,2,0,0,0,214,0,0
0,0,6,1,1,0,4,129.1835,35.4276,0,0,0,0,49,0,0
0,2,10,1,2,6,3,126.703,37.4432,0,0,0,0,29,0,0
1,4,0,1,1,6,3,127.925,35.6967,0,0,0,0,154,0,0
0,5,0,0,0,4,1,128.4923,35.8581,0,0,1,0,20,0,0
0,5,0,0,0,1,1,128.4746,35.7685,0,0,1,0,30,0,0
1,5,0,1,2,4,1,129.2124,35.2195,0,0,1,0,85,0,0
0,3,5,0,0,1,9,127.0477,36.4619,0,0,0,0,19,0,0
0,3,0,0,0,9,1,129.3769,37.0786,0,0,0,0,208,0,0
1,6,6,1,1,4,4,126.7824,37.3479,0,0,1,0,73,0,0
0,0,0,0,0,0,8,126.244,34.4692,0,0,0,0,71,0,0
1,0,0,0,0,4,1,127.4607,36.1279,0,0,0,0,68,0,0
0,6,0,0,0,4,1,127.4305,37.2846,0,0,1,0,41,0,0
1,6,5,0,0,0,6,128.1081,36.408,2,0,1,0,58,0,0
0,2,0,1,1,0,4,128.5529,35.8384,0,0,0,0,20,0,0
0,3,0,0,0,4,1,126.7759,37.6768,0,0,0,0,40,0,0
0,4,0,0,0,0,1,126.7084,37.6974,0,0,0,0,40,0,0
1,2,0,0,0,4,1,127.4823,37.1549,0,0,0,0,41,0,0
1,6,5,0,0,9,2,128.6023,35.6316,0,0,1,0,3,0,0
1,6,0,1,2,4,2,128.1585,36.4286,0,0,1,0,58,0,0
1,6,0,0,0,9,1,126.356,33.4632,0,0,1,0,90,0,0
1,0,6,1,1,0,2,128.6331,35.2389,0,0,0,0,86,0,0
0,1,0,0,0,0,1,128.2698,36.0334,0,0,0,0,168,0,0
0,1,0,0,0,1,1,127.6783,35.561,0,0,0,0,108,0,0
1,0,0,0,0,7,1,127.3567,37.6393,0,0,0,0,70,0,0
1,5,5,0,0,0,4,129.0332,35.1716,0,0,1,0,231,0,0
1,2,0,1,1,0,7,127.4075,36.4168,0,0,0,0,148,0,0
0,2,0,2,4,1,5,127.0377,37.5728,0,0,0,0,201,0,0
0,3,0,1,2,0,1,127.0425,37.5912,0,0,0,0,201,0,0
1,5,0,0,0,1,3,128.5265,36.8586,1,0,1,0,113,0,0
1,2,0,0,0,1,4,126.8071,36.213,0,0,0,0,129,0,0
0,0,6,1,1,0,6,126.6044,36.3485,2,0,0,0,136,0,0
0,2,0,0,0,1,1,128.2297,37.5033,0,0,0,0,31,0,0
0,6,0,0,0,0,1,127.93,37.0517,0,0,1,0,6,0,0
0,3,5,0,0,0,3,128.7222,35.1918,0,0,0,0,86,0,0
1,4,0,0,0,1,7,128.6789,36.251,0,0,0,0,105,0,0
1,1,0,0,0,0,7,126.4874,35.2814,0,0,0,0,127,0,0
1,1,5,0,0,0,6,126.6259,33.3724,2,0,0,0,62,0,0
0,6,0,0,0,0,3,127.0532,37.7214,1,0,1,0,64,0,0
0,2,0,1,1,0,1,127.4305,35.3098,0,0,0,0,161,0,0
0,1,0,0,3,0,5,128.641,35.8955,0,0,0,0,26,0,0
1,5,0,1,2,6,1,127.3028,35.2768,0,0,1,0,147,0,0
0,2,0,0,0,0,4,128.17,36.419,0,0,0,0,58,0,0
1,2,4,1,2,1,5,126.7494,37.3339,0,0,0,0,73,0,0
0,1,0,0,0,0,4,127.0508,35.8298,0,0,0,0,11,0,0
0,6,0,0,0,1,8,127.7232,36.1272,0,0,1,0,75,0,0
0,3,0,1,2,1,3,126.6897,34.8883,0,0,0,0,16,0,0
0,3,0,0,0,0,8,127.1981,38.0174,0,0,0,0,171,0,0
1,6,0,0,0,4,1,126.5952,36.3329,0,0,1,0,136,0,0
1,6,0,0,0,1,1,128.253,34.6233,0,0,1,0,212,0,0
1,4,0,0,0,0,1,128.927,35.0977,0,0,0,0,206,0,0
0,2,0,0,0,1,8,127.317,36.5892,0,0,0,0,83,0,0
0,4,7,1,1,0,4,128.1192,36.1581,0,0,0,0,76,0,0
0,0,0,0,0,1,1,126.7314,35.0345,0,0,0,0,33,0,0
0,6,0,0,0,1,4,127.2639,36.7695,0,0,1,0,63,0,0
0,1,0,0,0,2,1,127.4915,37.1841,0,0,0,0,41,0,0
1,3,6,1,1,2,5,126.7604,37.7297,0,0,0,0,175,0,0
0,3,0,0,0,0,9,128.4195,34.9519,0,0,0,0,212,0,0
1,2,0,1,1,4,3,126.7783,37.847,0,0,0,0,175,0,0
1,2,5,0,0,1,3,129.2218,35.9988,0,0,0,0,100,0,0
0,5,0,2,4,1,8,127.0155,36.7457,0,0,1,0,53,0,0
0,6,0,1,1,0,1,128.8954,35.1661,0,0,1,0,206,0,0
1,0,0,1,1,0,5,126.7156,35.9669,0,0,0,0,166,0,0
0,0,0,1,1,0,1,128.7277,35.8081,0,0,0,0,52,0,0
1,0,0,1,1,0,5,128.1207,35.1917,0,0,0,0,42,0,0
1,0,0,0,0,1,5,127.011,36.7988,0,0,0,0,53,0,0
1,6,2,2,0,4,1,126.9826,37.5162,0,0,1,0,134,0,0
1,3,6,1,1,1,3,126.4856,36.8089,0,0,0,0,69,0,0
0,5,0,0,0,0,2,127.0538,36.9493,0,0,1,0,14,0,0
0,4,0,0,0,0,3,128.3618,36.1058,0,0,0,0,144,0,0
0,6,6,1,1,0,4,126.8161,37.5339,0,0,1,0,65,0,0
1,0,0,1,1,7,2,127.0193,37.6243,0,0,0,0,200,0,0
0,6,0,0,0,0,4,126.9918,37.2604,0,0,1,0,99,0,0
1,5,5,0,0,1,4,126.9523,35.4354,0,0,1,0,131,0,0
0,6,0,0,0,1,2,129.3571,36.2244,0,0,1,0,160,0,0
0,5,0,0,0,4,3,126.8695,37.306,0,0,1,0,2,0,0
0,3,0,0,0,2,1,127.3572,36.7841,0,0,0,0,63,0,0
1,1,8,1,1,1,3,126.4097,34.7527,0,0,0,0,16,0,0
0,3,0,0,0,4,2,126.864,33.5251,0,0,0,0,90,0,0
1,3,0,0,0,4,1,129.4333,35.5258,0,0,0,0,225,0,0
0,2,5,0,0,0,3,128.2306,35.7026,0,0,0,0,220,0,0
1,5,5,0,0,0,6,128.1834,35.7071,2,0,1,0,133,0,0
0,5,6,1,1,0,6,127.1922,37.2616,0,0,1,0,51,0,0
1,0,5,0,0,0,2,127.0172,36.4353,1,0,0,0,174,0,0
0,2,5,0,0,6,2,128.4945,34.8365,0,0,0,0,15,0,0
1,5,5,0,0,0,7,129.0423,35.0938,0,0,1,0,173,0,0
0,6,0,0,0,6,1,127.3672,36.8856,0,0,1,0,60,0,0
0,1,2,1,1,0,4,128.5436,36.2706,0,0,0,0,170,0,0
1,0,5,0,0,1,2,126.6591,34.328,0,0,0,0,141,0,0
0,3,0,0,0,2,2,128.669,35.8766,0,0,0,0,26,0,0
0,4,6,1,1,0,2,126.8938,37.498,0,0,0,0,150,0,0
1,2,0,1,1,3,7,126.7558,35.2724,0,0,0,0,146,0,0
0,5,7,1,1,1,2,126.5374,34.4342,0,0,1,0,119,0,0
0,0,6,1,1,4,2,127.0272,37.2684,1,0,0,0,99,0,0
1,0,5,1,1,1,3,126.693,35.2305,0,0,0,0,146,0,0
1,5,0,0,0,4,9,126.8699,37.6035,0,0,1,0,40,0,0
1,2,0,0,0,3,1,126.771,34.3334,0,0,0,0,141,0,0
1,1,5,0,0,1,3,127.7644,34.6767,0,0,0,0,102,0,0
0,1,0,0,0,4,1,126.8424,35.2043,0,0,0,0,135,0,0
0,5,0,0,0,4,1,129.4124,35.5326,0,0,1,0,225,0,0
1,4,8,1,1,4,3,126.9315,36.1563,0,0,0,0,129,0,0
0,2,0,0,0,0,5,126.5484,34.4588,0,0,0,0,119,0,0
0,4,0,2,4,0,6,128.6392,34.9002,0,0,0,0,15,0,0
0,3,4,0,0,1,2,126.9091,35.1437,0,0,0,0,190,0,0
1,5,0,1,1,4,3,128.3526,35.2752,0,0,1,0,117,0,0
1,6,0,0,0,4,1,126.8354,36.505,0,0,1,0,174,0,0
0,0,4,0,0,5,1,127.6328,34.7614,0,0,0,0,102,0,0
0,5,0,2,4,5,2,127.6367,34.8045,1,0,1,0,102,0,0
1,6,5,0,0,0,2,126.3852,37.7001,1,0,1,0,92,0,0
1,6,0,0,0,2,5,126.9859,37.273,0,0,1,0,99,0,0
0,0,0,0,0,1,1,126.4654,34.5376,0,0,0,0,119,0,0
0,5,0,0,0,0,3,126.6491,37.5163,1,0,1,0,97,0,0
0,3,0,0,0,1,1,128.4608,35.0892,0,0,0,0,86,0,0
0,3,5,0,0,1,3,126.7014,33.5515,0,0,0,0,90,0,0
1,6,5,0,0,0,2,128.5282,35.3148,0,0,1,0,117,0,0
1,1,0,0,0,0,1,126.6738,37.3839,0,0,0,0,35,0,0
0,0,0,0,0,1,1,127.6986,35.4588,0,0,0,0,108,0,0
0,0,0,0,0,0,2,128.9026,37.7613,0,0,0,0,194,0,0
1,0,0,1,2,6,3,127.1416,36.8138,0,0,0,0,63,0,0
1,0,4,0,0,2,1,128.1044,35.1795,0,0,0,0,42,0,0
1,4,9,1,1,4,2,129.3458,35.6237,0,0,0,0,158,0,0
0,5,6,1,1,4,2,128.5374,35.85,1,0,1,0,20,0,0
0,6,5,0,0,0,2,127.2713,37.4659,1,0,1,0,9,0,0
1,2,0,0,0,0,1,126.8813,34.4772,0,0,0,0,56,0,0
1,4,0,0,0,4,3,126.6948,37.7912,0,0,0,0,175,0,0
1,0,5,0,0,0,3,129.2171,35.9999,0,0,0,0,100,0,0
1,6,0,1,1,0,4,127.4981,37.0197,0,0,1,0,110,0,0
1,1,5,0,0,0,2,126.6421,35.4414,0,0,0,0,219,0,0
0,2,6,1,1,0,2,127.276,35.6615,1,0,0,0,152,0,0
1,1,7,1,1,9,3,127.2979,35.3283,0,0,0,0,193,0,0
1,3,0,1,2,4,2,129.1246,35.1763,0,0,0,0,1,0,0
1,2,0,0,0,0,1,128.2736,36.2259,0,0,0,0,144,0,0
0,1,5,0,0,0,2,126.7377,36.8871,1,0,0,0,46,0,0
1,4,6,1,1,1,7,128.4558,35.6353,0,0,0,0,211,0,0
0,5,0,0,0,0,1,128.2005,36.1793,0,0,1,0,76,0,0
1,3,0,0,0,2,2,127.0149,37.5496,0,0,0,0,8,0,0
0,2,7,1,2,0,11,127.1181,36.8228,0,0,0,0,63,0,0
1,5,0,0,0,6,2,127.9528,37.0253,0,0,1,0,6,0,0
0,2,0,0,0,6,1,126.4457,34.5778,0,0,0,0,119,0,0
1,6,0,0,0,0,1,127.6629,36.6389,1,0,1,0,83,0,0
0,6,6,1,1,0,4,129.3613,35.5616,0,0,1,0,158,0,0
0,4,0,1,1,0,2,126.9716,35.9381,0,0,0,0,125,0,0
1,0,0,1,1,3,5,127.2192,37.5315,0,0,0,0,67,0,0
1,3,0,0,0,1,3,127.1353,35.3915,0,0,0,0,131,0,0
1,4,0,0,0,0,3,128.973,35.1564,0,0,0,0,120,0,0
0,6,0,0,0,4,1,126.918,37.4781,0,0,1,0,188,0,0
0,2,0,0,0,1,1,126.8622,37.2373,0,0,0,0,50,0,0
1,1,0,0,0,1,6,127.2418,37.5797,0,0,0,0,70,0,0
1,4,0,0,0,3,1,127.0253,37.0592,0,0,0,0,14,0,0
1,4,0,1,2,6,3,128.6526,35.2129,0,0,0,0,86,0,0
0,4,6,1,1,6,2,127.0459,37.5739,0,0,0,0,201,0,0
0,6,0,0,0,0,2,128.6521,35.2739,0,0,1,0,86,0,0
1,4,0,0,0,0,1,128.415,36.1271,0,0,1,0,144,0,0
1,1,0,0,0,1,5,128.33,34.9954,0,0,0,0,87,0,0
1,0,6,1,1,4,6,126.6612,35.9168,0,0,0,0,166,0,0
1,3,0,1,1,1,6,127.0159,37.7912,2,0,0,0,59,0,0
1,4,3,0,0,6,3,126.7578,35.9635,0,0,0,0,166,0,0
0,0,0,1,1,4,3,129.3415,35.5776,0,0,0,0,205,0,0
0,3,0,0,0,1,1,126.411,34.6914,0,0,0,0,119,0,0
0,1,5,0,0,2,2,127.1796,37.4737,1,0,0,0,95,0,0
0,0,2,0,0,0,5,127.1293,37.5367,0,0,0,0,91,0,0
1,3,5,0,0,7,2,127.139,35.8309,0,0,0,0,11,0,0
1,4,0,0,0,0,2,127.9951,35.1409,1,0,0,0,57,0,0
1,6,0,0,0,1,1,128.7833,37.2352,0,0,1,0,198,0,0
1,0,0,1,1,0,5,127.0649,37.8429,0,0,0,0,59,0,0
1,1,0,0,0,4,1,127.7426,37.4448,0,0,0,0,48,0,0
0,2,0,0,0,0,1,127.3706,37.6068,0,0,0,0,48,0,0
1,2,10,1,1,6,3,128.7091,35.3329,0,0,0,0,86,0,0
0,1,0,1,2,0,1,128.9298,35.1969,0,0,0,0,206,0,0
1,6,0,1,1,0,4,128.2028,36.5986,0,0,1,0,74,0,0
1,5,0,1,1,0,6,127.952,37.3971,0,0,1,0,36,0,0
1,6,5,2,4,0,2,127.5554,35.7494,0,0,1,0,155,0,0
0,6,0,1,1,0,7,126.9538,35.9714,0,0,1,0,125,0,0
1,1,0,1,1,1,4,127.2137,36.4937,0,1,0,0,229,0,0
1,0,5,0,0,1,6,129.3524,35.8352,2,0,0,0,100,0,0
1,1,0,0,0,4,1,128.7115,35.9375,0,0,0,0,26,0,0
1,3,0,0,0,0,1,127.5146,36.6441,0,0,0,0,83,0,0
0,3,0,0,0,0,1,126.4126,36.9749,0,0,0,0,69,0,0
0,2,5,0,0,7,6,127.0124,37.2884,0,0,0,0,99,0,0
1,3,0,1,2,1,2,126.9142,35.9226,0,0,0,0,125,0,0
0,5,0,1,2,0,1,128.7093,35.3312,0,0,1,0,86,0,0
1,2,0,1,1,1,5,126.8402,37.5185,0,0,0,0,140,0,0
1,5,0,0,0,0,1,126.7647,35.0783,0,0,1,0,33,0,0
0,3,0,0,0,0,5,129.1599,35.1723,0,0,0,0,1,0,0
0,6,4,1,2,4,2,126.8027,37.4594,0,0,1,0,73,0,0
1,5,9,0,3,7,2,128.5243,35.8078,0,0,1,0,20,0,0
1,1,0,0,0,1,1,126.8819,36.0045,0,0,0,0,166,0,0
1,0,8,1,1,0,2,126.9599,36.0445,2,0,0,0,125,0,0
0,6,5,0,0,6,3,126.5535,36.8664,0,0,1,0,46,0,0
0,3,5,0,0,1,4,128.4245,36.5316,0,0,0,0,55,0,0
0,4,2,0,0,2,2,126.8945,37.3005,2,0,0,0,2,0,0
0,3,0,0,0,0,3,127.0664,37.5541,0,0,0,0,84,0,0
1,6,0,0,0,0,1,127.2577,36.5347,0,1,1,0,229,0,0
0,1,0,0,0,0,1,126.9228,35.2467,0,0,1,0,137,0,0
1,2,0,1,2,1,2,126.9508,35.3097,0,0,0,0,181,0,0
1,0,6,1,1,0,4,126.9764,37.5535,0,0,1,0,8,0,0
1,0,0,0,0,9,2,127.6574,36.005,0,0,1,0,182,0,0
0,0,0,0,0,0,1,128.4817,35.5492,0,0,1,0,211,0,0
1,2,0,2,4,0,1,126.7627,34.3152,0,0,0,0,141,0,0
1,5,5,0,0,6,3,128.7457,35.643,0,0,1,0,3,0,0
1,5,10,2,4,6,2,127.0519,36.8451,0,0,1,0,53,0,0
1,5,0,0,0,0,1,127.7981,36.9112,1,0,1,0,179,0,0
0,0,0,0,0,0,1,126.6524,34.3935,0,0,0,0,141,0,0
0,1,5,0,0,0,2,128.5705,35.2239,0,0,0,0,86,0,0
1,3,9,1,1,4,6,127.0113,37.2877,0,0,0,0,99,0,0
1,0,0,1,1,1,5,128.719,36.5701,0,0,0,0,66,0,0
1,1,6,1,1,0,3,126.3779,34.7118,1,0,0,0,119,0,0
1,1,6,1,1,0,3,128.8134,35.835,0,0,0,0,52,0,0
1,1,0,0,0,1,8,127.6944,35.9225,0,0,0,0,182,0,0
0,5,0,1,2,0,2,128.5488,35.9362,0,0,1,0,112,0,0
1,5,0,1,2,0,1,127.8966,37.6193,0,0,1,0,82,0,0