주야,요일,법규위반,도로형태_대분류,도로형태,당사자종별_1당_대분류,당사자종별_2당_대분류,경도,위도,사고피해정도,도시여부,주말/공휴일,인구수,발생지번호,보행자의위치,무단횡단여부
1,5,0,1,1,1,2,128.4026,36.3797,0,0,1,0,105,0,0
1,5,0,0,3,0,6,128.5589,35.1815,0,0,1,0,86,0,0
1,6,0,1,2,4,1,126.7007,34.9841,0,0,1,0,33,0,0
0,4,0,0,0,1,1,126.9641,36.2206,0,0,0,0,129,0,0
1,1,0,0,0,9,1,127.2701,34.4846,0,0,0,0,191,0,0
1,0,5,0,0,0,3,127.0769,35.8937,0,0,0,0,11,0,0
1,0,6,1,1,0,2,126.6475,36.9003,1,0,0,0,46,0,0
1,1,0,0,0,0,1,129.1756,35.3384,0,0,0,0,85,0,0
0,5,6,1,1,4,4,127.0802,37.5913,0,0,1,0,196,0,0
1,6,0,0,0,0,1,127.6018,36.6223,0,0,1,0,83,0,0
0,4,5,0,0,1,2,127.5303,37.8346,0,0,0,0,111,0,0
1,3,5,0,0,1,3,127.8454,37.3504,0,0,0,0,36,0,0
0,2,0,1,2,0,3,129.3416,35.5172,0,0,0,0,213,0,0
0,2,0,0,0,0,1,126.9963,37.6094,0,0,0,0,167,0,0
0,4,0,1,2,2,7,126.8208,37.5473,0,0,0,0,43,0,0
1,5,0,0,0,1,1,127.4801,38.229,1,0,1,0,184,0,0
1,5,6,1,1,0,2,126.4478,34.7695,0,0,1,0,16,0,0
1,3,0,1,1,0,5,127.7462,37.8621,0,0,0,0,111,0,0
1,3,0,1,1,0,5,126.8973,34.9971,0,0,0,0,88,0,0
0,5,2,0,0,0,7,126.9317,37.4611,0,0,1,0,188,0,0
0,5,5,0,0,1,11,128.6509,35.2139,0,0,1,0,86,0,0
0,6,0,0,0,0,1,128.2761,35.5507,0,0,1,0,133,0,0
1,0,0,0,0,1,1,127.9827,35.0629,1,0,0,0,57,0,0
0,0,0,0,0,2,1,128.4815,35.1127,0,0,0,0,86,0,0
1,1,0,0,0,0,1,126.6301,35.9513,0,0,0,0,166,0,0
1,0,6,1,1,2,2,127.1265,36.7347,0,0,0,0,63,0,0
0,5,0,0,0,4,2,126.8984,37.6503,0,0,1,0,40,0,0
0,5,0,0,0,1,5,126.9772,35.9975,0,0,1,0,125,0,0
1,3,0,0,0,1,1,127.9981,37.4139,0,0,0,0,36,0,0
1,3,0,0,0,0,3,128.7432,35.1078,0,0,0,0,86,0,0
1,2,0,1,2,4,9,127.1396,34.5383,0,0,0,0,191,0,0
0,0,3,0,0,4,3,127.5741,35.8405,0,0,0,0,192,0,0
0,1,2,1,1,0,1,126.9796,37.5021,0,0,0,0,93,0,0
0,2,0,0,0,0,3,128.7878,35.8773,0,0,0,0,52,0,0
1,5,0,1,1,6,1,126.3224,33.2505,0,0,1,0,62,0,0
0,6,0,0,0,4,1,129.0398,35.1614,0,0,1,0,231,0,0
0,5,5,0,0,0,7,126.8046,35.2002,0,0,1,0,135,0,0
0,5,0,0,0,0,1,126.6835,36.9025,0,0,1,0,46,0,0
0,5,3,0,0,4,2,129.1019,37.5415,0,0,1,0,210,0,0
1,5,0,0,0,6,1,126.5321,35.6602,0,0,1,0,185,0,0
1,0,3,0,0,1,3,127.2808,36.6393,1,0,0,0,83,0,0
1,0,5,1,2,4,3,126.4193,36.7359,0,0,0,0,69,0,0
1,5,0,0,0,1,7,127.6605,38.0629,0,0,1,0,218,0,0
1,0,5,0,0,0,2,126.8578,37.2526,0,0,0,0,50,0,0
0,2,0,2,0,0,3,128.6507,35.8784,0,0,0,0,37,0,0
1,3,8,1,1,1,5,126.804,36.4554,0,0,1,0,174,0,0
0,2,6,1,1,1,3,126.6171,36.5045,0,0,0,0,38,0,0
0,0,0,0,0,4,1,127.1369,37.5302,0,0,0,0,91,0,0
0,0,0,1,2,9,1,126.7549,36.642,0,0,0,0,187,0,0
1,0,0,1,2,4,2,127.1399,37.3761,0,0,0,0,95,0,0
0,0,0,0,0,9,1,126.5396,36.3211,0,0,0,0,136,0,0
0,5,6,1,1,0,2,128.9427,37.737,0,0,1,0,194,0,0
1,3,0,0,0,1,1,128.0428,38.2103,0,0,0,0,115,0,0
1,1,5,1,2,0,2,126.8329,36.8869,0,0,0,0,46,0,0
1,6,0,0,0,4,1,127.8814,37.8404,0,0,1,0,82,0,0
0,0,0,1,2,1,1,126.9272,37.4603,0,0,0,0,188,0,0
0,5,0,0,0,0,1,126.9147,37.2983,0,0,1,0,2,0,0
0,6,5,0,0,1,3,128.7497,35.6505,0,0,1,0,3,0,0
0,3,5,0,0,7,7,126.6469,37.4574,0,0,0,0,29,0,0
0,3,0,0,0,0,2,127.0644,37.063,1,0,0,0,14,0,0
0,4,6,1,1,0,2,126.8403,37.5416,2,0,0,0,43,0,0
1,4,0,0,0,6,3,127.0938,35.0014,0,0,0,0,88,0,0
0,6,2,0,0,0,6,126.4506,34.8141,0,0,1,0,153,0,0
1,5,10,1,2,6,11,127.0988,36.1777,0,0,1,0,61,0,0
0,5,0,0,0,4,1,126.6187,36.3703,0,0,1,0,136,0,0
1,5,6,1,1,6,2,126.9865,37.2524,0,0,1,0,99,0,0
1,5,0,0,0,1,8,129.3222,35.7233,0,0,1,0,100,0,0
0,2,0,0,0,0,9,129.4084,36.4804,0,0,0,0,54,0,0
1,5,0,1,2,0,2,127.3326,36.3017,0,0,1,0,4,0,0
0,4,0,0,0,0,3,128.484,35.2652,0,0,0,0,117,0,0
0,0,0,0,0,1,1,125.9232,34.7703,0,0,0,0,132,0,0
0,0,0,0,0,6,1,128.9859,37.1809,0,0,0,0,215,0,0
0,6,0,0,0,0,1,129.2098,35.8263,0,0,1,0,100,0,0
0,6,6,1,1,2,2,126.5563,33.5074,2,0,1,0,90,0,0
1,5,0,0,0,4,6,127.1262,37.3871,0,0,1,0,95,0,0
0,5,6,1,2,0,6,126.7883,37.8493,1,0,1,0,175,0,0
0,4,0,0,0,6,1,126.88,35.9881,0,0,0,0,166,0,0
1,3,8,1,1,0,7,127.0882,37.0401,0,0,0,0,14,0,0
1,3,0,1,1,1,4,129.0717,35.1769,0,0,0,0,231,0,0
0,0,0,0,0,6,1,127.2103,37.6927,0,0,0,0,70,0,0
1,0,0,0,0,1,1,126.6121,34.5314,0,0,0,0,119,0,0
1,0,5,0,0,0,4,127.0433,34.3419,0,0,0,0,141,0,0
1,0,5,0,0,0,7,127.3854,36.4597,0,0,0,0,148,0,0
1,0,0,0,0,4,6,129.394,35.5303,0,0,0,0,158,0,0
1,0,0,0,0,4,1,128.5995,35.2034,0,0,0,0,86,0,0
1,1,5,2,0,1,6,127.1561,37.4447,1,0,0,0,95,0,0
1,1,0,0,0,7,1,129.3796,36.3768,0,0,0,0,54,0,0
0,6,0,0,0,0,2,127.5552,36.3161,1,0,1,0,142,0,0
0,5,6,1,2,6,2,127.9337,36.9824,0,0,1,0,6,0,0
0,5,5,0,0,6,2,129.4123,36.9934,0,0,1,0,208,0,0
0,6,0,0,0,4,2,128.8279,37.8852,0,0,1,0,194,0,0
1,6,0,0,0,0,1,129.0718,35.0704,1,0,1,0,173,0,0
0,6,2,0,0,0,1,126.6698,36.5148,1,0,1,0,38,0,0
0,6,0,0,0,0,4,129.4198,35.5382,0,0,1,0,225,0,0
1,6,0,0,0,0,1,126.7554,35.9929,0,0,1,0,166,0,0
1,5,5,0,0,2,2,126.9341,36.9942,0,0,1,0,14,0,0
0,6,0,0,0,0,1,127.0694,37.9866,0,0,1,0,106,0,0
0,3,0,0,0,0,1,127.9274,36.2247,0,0,0,0,75,0,0
0,2,7,1,1,6,7,127.4836,36.6638,0,0,0,0,83,0,0
0,1,0,2,4,6,1,127.4944,34.9146,0,0,0,0,27,0,0
0,2,0,1,1,0,2,128.6169,35.8295,0,0,0,0,37,0,0
0,2,5,2,4,0,4,129.0417,35.3804,0,0,0,0,49,0,0
1,2,0,0,0,0,7,126.5173,35.0494,0,0,0,0,157,0,0
1,2,0,0,0,4,1,126.9595,37.0056,0,0,0,0,14,0,0
0,3,0,0,0,1,3,128.6493,35.2747,0,0,0,0,86,0,0
0,3,0,1,1,6,2,127.5625,36.3083,0,0,0,0,142,0,0
1,3,0,0,0,1,3,126.691,35.9398,0,0,1,0,166,0,0
1,5,0,2,4,5,2,127.3099,35.5414,1,0,1,0,152,0,0
0,2,0,0,0,1,3,127.5918,36.5016,1,0,1,0,32,0,0
0,3,0,0,0,0,1,126.9087,36.6811,0,0,0,0,187,0,0
1,4,5,1,1,0,2,127.1998,37.6726,0,0,0,0,70,0,0
0,2,5,0,0,1,3,126.5632,34.706,0,0,0,0,16,0,0
1,2,5,0,0,1,2,126.077,34.5927,0,0,0,0,132,0,0
0,2,0,0,0,0,1,126.3823,36.9884,0,0,0,0,69,0,0
0,1,6,1,1,0,2,127.1396,37.507,1,0,0,0,156,0,0
1,0,0,0,0,0,5,128.4254,36.3972,0,0,0,0,105,0,0
0,5,0,0,0,4,2,126.6914,37.4728,0,0,1,0,44,0,0
0,5,0,2,4,0,1,127.6023,36.8418,0,0,1,0,138,0,0
1,5,0,0,0,0,6,127.1244,37.0886,0,0,1,0,23,0,0
1,1,0,1,1,2,4,126.9011,36.2761,0,0,0,0,129,0,0
0,3,5,0,0,0,2,128.4313,35.2763,1,0,0,0,117,0,0
0,0,0,1,2,0,1,128.4106,36.0802,1,0,0,0,21,0,0
0,6,0,1,2,0,1,127.2324,37.5009,0,0,1,0,67,0,0
1,5,0,1,1,5,2,126.6856,34.7943,1,0,1,0,16,0,0
1,5,2,0,0,5,6,127.2795,37.4703,0,0,1,0,9,0,0
0,2,0,1,2,4,1,129.0062,35.1524,0,0,0,0,120,0,0
1,0,0,0,0,0,1,129.3158,35.5678,0,0,0,0,205,0,0
0,6,0,0,0,0,1,126.9374,37.3817,0,0,1,0,151,0,0
0,6,5,1,2,4,3,126.8244,35.1907,0,0,1,0,135,0,0
1,3,0,0,0,1,1,126.8847,34.6952,0,0,1,0,56,0,0
0,0,0,0,0,0,1,127.5889,36.5847,0,0,0,0,83,0,0
0,3,0,0,0,4,1,127.1179,37.2918,0,0,0,0,51,0,0
1,3,0,1,1,2,5,128.3869,35.2709,0,0,0,0,117,0,0
0,3,10,0,0,4,4,127.7256,34.7391,0,0,0,0,102,0,0
0,4,10,0,0,0,2,128.9824,35.1937,1,0,0,0,120,0,0
0,1,0,0,0,0,1,129.4568,35.682,0,0,0,0,100,0,0
0,2,0,0,0,0,1,126.9489,37.5688,0,0,0,0,195,0,0
1,6,0,0,0,4,1,126.8526,35.4116,0,0,1,0,146,0,0
1,1,0,0,0,2,4,127.907,36.9662,0,0,0,0,6,0,0
0,1,0,0,0,0,2,127.1052,35.8191,0,0,0,0,11,0,0
0,6,6,1,1,4,6,126.9426,37.3469,0,0,1,0,126,0,0
1,0,0,0,0,1,3,126.6832,35.5056,0,0,0,0,219,0,0
0,2,0,0,0,1,3,128.2604,36.1876,0,0,0,0,76,0,0
1,2,6,1,1,3,3,127.4072,35.4297,0,0,0,0,193,0,0
0,4,5,0,0,1,6,127.2182,37.3469,2,0,0,0,9,0,0
1,3,6,1,1,1,5,128.199,36.4184,0,0,0,0,58,0,0
1,5,0,0,0,0,1,128.8803,37.7232,0,0,1,0,194,0,0
1,4,5,0,0,5,2,128.8782,35.089,1,0,0,0,206,0,0
0,3,0,0,0,0,9,128.2176,37.1608,0,0,0,0,103,0,0
1,5,5,0,0,1,9,127.7236,36.9274,0,0,1,0,110,0,0
1,5,0,0,0,0,2,127.335,36.6193,1,0,1,0,83,0,0
0,4,6,1,2,2,4,127.3889,36.4343,0,0,0,0,148,0,0
0,6,0,0,0,6,9,128.5098,35.4768,0,0,1,0,211,0,0
1,6,0,0,0,0,1,127.2353,36.9397,0,0,1,0,23,0,0
1,6,0,0,0,0,1,128.6689,35.8782,0,0,1,0,26,0,0
1,3,8,1,1,1,3,127.3428,35.5582,0,0,0,0,152,0,0
0,6,0,1,1,0,4,127.0038,36.7745,0,0,1,0,53,0,0
1,4,5,0,0,0,6,126.6003,34.5601,2,0,0,0,119,0,0
0,6,0,0,0,1,1,126.5573,34.5796,0,0,1,0,119,0,0
0,3,0,1,1,0,2,129.0655,35.1577,0,0,0,0,231,0,0
0,4,0,2,0,0,2,127.0129,37.2692,1,0,0,0,99,0,0
1,4,0,0,0,1,3,126.7815,37.3885,1,0,0,0,73,0,0
1,0,6,1,1,1,2,127.4003,36.4418,0,0,0,0,77,0,0
0,0,0,0,0,0,1,126.7098,37.5456,0,0,0,0,7,0,0
1,2,0,0,0,0,1,128.6338,34.8131,0,0,0,0,15,0,0
0,0,5,0,0,0,2,127.4985,36.9987,0,0,0,0,110,0,0
1,3,6,1,1,5,3,126.556,35.9542,0,0,0,0,166,0,0
1,5,7,1,1,4,3,128.4943,35.8446,0,0,1,0,20,0,0
1,2,0,0,0,1,7,126.4958,35.1542,0,0,0,0,157,0,0
0,0,0,0,0,0,1,128.9558,37.2029,0,0,0,0,215,0,0
1,5,0,0,0,0,1,126.8049,34.5548,1,0,1,0,121,0,0
0,0,0,0,0,4,1,126.5815,36.3556,0,0,0,0,136,0,0
0,6,0,0,0,1,1,127.6713,36.8103,0,0,1,0,179,0,0
1,4,6,1,1,4,3,126.9277,35.6624,0,0,0,0,12,0,0
1,4,0,0,0,1,1,127.2271,36.2245,0,0,0,0,61,0,0
1,3,6,1,1,4,9,126.5445,36.7134,0,0,0,0,69,0,0
1,1,0,0,0,1,5,126.353,35.2605,0,0,0,0,127,0,0
0,1,0,0,0,2,8,126.8437,36.0465,0,0,0,0,166,0,0
0,6,0,0,0,0,1,127.7956,37.7612,1,0,1,0,111,0,0
1,0,6,1,1,4,3,126.7708,35.7566,0,0,0,0,185,0,0
1,0,10,1,2,4,3,128.7393,35.8043,0,0,0,0,52,0,0
1,3,5,0,0,0,2,127.2957,37.9446,1,0,0,0,171,0,0
1,3,6,1,1,7,5,127.0075,37.2853,0,0,0,0,99,0,0
1,3,0,0,0,1,5,127.0871,37.8056,0,0,0,0,59,0,0
1,4,0,1,1,6,1,128.0946,36.3434,0,0,0,0,58,0,0
1,6,0,1,1,0,2,126.7837,34.8305,2,0,1,0,16,0,0
0,1,6,1,1,4,3,127.7417,34.7444,0,0,0,0,102,0,0
1,6,5,0,0,4,2,126.7884,37.3792,0,0,1,0,73,0,0
0,6,0,0,0,0,11,126.8079,36.9041,0,0,1,0,46,0,0
0,4,0,0,0,4,1,129.3615,36.0099,0,0,0,0,160,0,0
0,0,0,1,2,1,2,127.0988,36.1188,2,0,0,0,61,0,0
0,0,5,0,0,0,2,128.6546,34.95,1,0,0,0,15,0,0
1,6,8,1,1,0,3,126.8971,33.4066,2,0,1,0,62,0,0
1,3,0,1,2,6,7,127.1433,36.8101,0,0,0,0,63,0,0
1,3,5,0,0,0,2,129.4031,35.502,1,0,0,0,225,0,0
0,3,0,0,0,1,1,126.8936,37.6534,0,0,0,0,40,0,0
0,5,0,2,4,1,3,128.5993,35.9186,0,0,1,0,112,0,0
0,5,0,2,4,6,1,128.6392,35.2228,0,0,1,0,86,0,0
1,4,0,0,0,1,3,126.6246,37.4982,0,0,0,0,97,0,0
0,2,0,0,0,0,5,127.3641,38.2376,0,0,0,0,184,0,0
1,0,6,1,1,2,2,128.6746,35.2209,0,0,0,0,86,0,0
1,0,5,0,0,1,2,129.1314,37.4428,1,0,0,0,78,0,0
1,6,0,0,0,6,1,127.0534,37.1172,0,0,1,0,14,0,0
0,5,0,0,0,6,1,128.8329,35.2843,0,0,1,0,13,0,0
0,6,0,0,0,0,2,128.6343,35.2425,0,0,1,0,86,0,0
1,0,9,1,1,9,7,126.8127,34.72,0,0,0,0,121,0,0
1,0,6,1,1,6,2,128.0691,35.1915,0,0,0,0,42,0,0
1,3,0,1,1,0,4,128.7271,35.3033,0,0,0,0,13,0,0
0,2,0,0,0,0,1,127.4408,37.7183,0,0,0,0,176,0,0
1,1,0,1,2,2,5,127.0256,37.6473,0,0,0,0,98,0,0
1,6,0,0,0,0,1,126.8567,36.686,1,0,1,0,187,0,0
1,0,5,0,0,1,3,127.3565,37.4795,0,0,0,0,9,0,0
1,0,0,0,0,2,5,127.0683,37.1568,0,0,0,0,143,0,0
1,2,0,1,1,1,5,127.4583,36.1286,0,0,0,0,68,0,0
0,4,0,1,2,1,3,128.7089,35.3359,0,0,0,0,86,0,0
1,4,0,1,2,7,3,127.3378,37.351,0,0,0,0,9,0,0
1,5,6,1,1,1,11,126.4478,34.7696,0,0,1,0,16,0,0
1,4,5,0,0,0,3,128.2231,35.7154,1,0,0,0,220,0,0
1,0,5,1,1,1,6,128.0559,37.9147,2,0,0,0,82,0,0
0,4,0,0,0,0,5,126.7395,37.3139,0,0,0,0,2,0,0
1,5,0,1,1,4,2,126.7832,37.7544,0,0,1,0,175,0,0
1,1,0,0,0,1,1,129.0421,37.2689,0,0,0,0,78,0,0
0,5,5,0,0,2,2,126.6701,37.571,0,0,1,0,97,0,0
0,4,0,2,4,0,1,126.7301,36.0043,0,0,0,0,10,0,0
1,5,0,0,0,4,1,126.5623,34.9112,0,0,1,0,33,0,0
1,3,3,1,2,1,2,129.0962,37.4874,0,0,0,0,210,0,0
1,6,0,0,0,1,1,126.9108,36.7585,0,0,1,0,53,0,0
1,2,0,0,0,1,1,126.5563,36.5419,0,0,0,0,38,0,0
0,2,0,1,2,0,1,128.6069,35.8346,0,0,0,0,37,0,0
1,1,0,0,0,0,1,127.5014,37.7292,0,0,0,0,176,0,0
1,1,0,0,0,4,1,127.4584,34.8814,0,0,0,0,27,0,0
0,0,0,1,1,0,1,127.2243,36.4408,0,1,0,0,229,0,0
1,1,0,0,0,9,1,126.7067,34.8781,0,0,0,0,16,0,0
1,1,0,1,2,0,7,129.1078,37.4929,0,0,0,0,210,0,0
0,4,3,0,0,1,2,127.8359,37.0778,1,0,0,0,6,0,0
0,6,3,0,0,0,2,128.6093,35.8089,0,0,1,0,20,0,0
1,1,0,0,0,2,4,127.2122,37.9068,0,0,0,0,171,0,0
1,2,0,1,1,1,5,128.824,35.307,0,0,0,0,13,0,0
0,0,0,0,0,0,1,126.7677,37.3542,0,0,0,0,73,0,0
0,0,8,1,1,0,3,126.8137,34.6398,0,0,0,0,121,0,0
0,0,0,0,0,0,3,129.3909,35.9567,0,0,0,0,160,0,0
0,1,0,0,0,2,3,127.1204,36.6257,0,0,0,0,19,0,0
1,5,0,0,0,1,2,127.3992,36.6114,0,0,1,0,83,0,0
0,1,0,0,0,0,2,127.4237,36.5941,0,0,0,0,83,0,0
1,3,0,0,0,1,3,126.8536,36.611,2,0,0,0,187,0,0
0,5,3,0,0,1,2,127.2478,36.7392,1,0,1,0,63,0,0
0,2,3,0,0,0,3,127.0733,37.4272,0,0,0,0,95,0,0
0,0,6,1,1,6,3,127.6189,37.2865,0,0,0,0,22,0,0
0,5,0,0,0,4,1,126.848,37.6944,0,0,1,0,40,0,0
1,0,0,0,0,6,3,127.8182,35.6321,0,0,0,0,108,0,0
0,1,6,1,1,0,4,129.3478,35.6298,0,0,0,0,158,0,0
0,5,6,1,1,0,4,127.4254,36.359,0,0,1,0,77,0,0
1,3,0,0,0,1,5,126.8981,37.4797,0,0,0,0,79,0,0
1,4,4,1,1,0,2,127.4956,37.0187,0,0,0,0,110,0,0
0,6,0,0,0,1,2,128.579,35.2259,0,0,1,0,86,0,0
1,0,7,1,1,2,5,126.605,35.1808,0,0,0,0,157,0,0
1,0,0,0,3,0,3,126.6211,37.6816,1,0,0,0,47,0,0
1,4,0,0,3,0,5,127.0825,37.7843,0,0,0,0,59,0,0
0,4,2,0,0,0,4,127.5885,36.7886,0,0,0,0,138,0,0
1,2,0,0,0,4,2,127.5148,37.8273,0,0,0,0,176,0,0
0,1,0,0,0,6,6,127.8862,36.9615,0,0,0,0,6,0,0
1,0,0,0,0,4,1,128.3015,35.782,0,0,0,0,220,0,0
0,4,0,0,0,1,2,129.368,35.9434,0,0,0,0,160,0,0
1,5,0,0,0,7,1,128.5079,35.889,0,0,1,0,30,0,0
1,3,0,0,0,1,1,126.2914,36.6814,0,0,0,0,169,0,0
0,5,6,1,1,4,2,129.0223,35.1075,1,0,1,0,228,0,0
0,5,5,2,4,0,2,128.3562,36.1087,1,0,1,0,144,0,0
0,6,9,0,0,4,2,129.024,35.094,0,0,1,0,226,0,0
1,4,5,0,0,4,3,128.2166,38.1548,1,0,0,0,124,0,0
0,2,0,0,0,4,3,128.3352,36.0686,0,0,0,0,21,0,0
1,2,0,0,0,0,1,129.2965,35.8316,0,0,0,0,100,0,0
1,1,6,1,1,1,3,126.9316,35.8172,0,0,0,0,34,0,0
1,1,8,1,1,0,4,127.9024,34.8321,0,0,0,0,197,0,0
1,5,0,0,0,6,1,127.5044,34.5997,0,0,1,0,191,0,0
1,1,6,1,2,1,6,127.0634,37.0926,0,0,0,0,14,0,0
0,5,5,0,0,0,2,128.7093,35.5296,1,0,1,0,177,0,0
0,3,0,0,0,1,6,128.5734,35.2263,0,0,0,0,86,0,0
1,1,0,0,0,0,3,126.8065,37.364,0,0,0,0,73,0,0
1,1,6,1,1,7,2,126.428,34.8544,0,0,0,0,101,0,0
1,5,2,1,1,2,2,127.0966,34.7876,0,0,1,0,122,0,0
1,0,7,1,1,4,3,128.7988,35.2129,0,0,0,0,13,0,0
1,4,0,1,2,1,5,126.8947,35.1337,0,0,0,0,190,0,0
1,3,0,1,1,0,3,128.4187,34.8824,0,0,0,0,212,0,0
0,5,0,0,0,2,1,128.7314,35.1886,0,0,1,0,86,0,0
1,6,5,1,1,1,2,129.0589,35.6396,1,0,1,0,17,0,0
0,2,0,0,0,0,3,128.2665,36.0707,0,0,0,0,76,0,0
0,0,6,1,1,0,4,127.0147,37.8694,0,0,0,0,59,0,0
0,3,0,0,0,1,3,128.0392,37.1437,0,0,0,0,103,0,0
1,5,0,0,0,1,3,126.8839,37.2523,0,0,1,0,50,0,0
1,2,0,0,0,0,1,127.4807,37.0116,0,0,0,0,110,0,0
0,6,0,1,1,0,2,127.1269,37.4442,0,0,1,0,95,0,0
0,6,7,1,2,0,7,128.3487,36.1478,0,0,1,0,144,0,0
0,6,0,0,0,0,3,127.0391,37.0128,2,0,1,0,14,0,0
1,2,0,1,2,1,2,127.1921,37.7254,0,0,0,0,70,0,0
1,3,0,0,0,1,1,126.7487,35.6488,0,0,0,0,12,0,0
1,2,0,1,2,1,5,126.6965,37.4284,0,0,0,0,35,0,0
1,3,0,0,0,4,1,129.3225,35.5363,0,0,0,0,213,0,0
1,5,4,2,4,0,4,128.2885,35.9178,0,0,1,0,168,0,0
0,0,2,0,0,2,1,126.6713,37.4174,2,0,0,0,35,0,0
1,2,5,0,0,1,7,129.3161,35.6886,0,0,0,0,100,0,0
1,1,0,0,0,0,3,127.1162,36.9845,0,0,0,0,14,0,0
1,0,0,1,2,0,1,128.7157,36.0955,0,0,0,0,170,0,0
0,0,0,1,2,1,6,126.4858,37.4585,0,0,0,0,72,0,0
1,6,0,1,2,6,3,127.3358,37.696,0,0,1,0,70,0,0
1,5,0,0,0,0,1,126.7779,35.0364,0,0,1,0,33,0,0
1,3,6,1,1,1,4,126.4969,37.4938,0,0,0,0,72,0,0
1,4,0,0,0,4,2,128.3975,36.1151,0,0,0,0,144,0,0
0,1,0,0,0,0,1,129.0745,35.1375,0,0,0,0,180,0,0
0,5,0,0,0,0,1,128.9258,36.003,0,0,1,0,5,0,0
0,2,0,1,2,1,3,126.7741,37.4288,1,0,0,0,73,0,0
1,0,0,0,0,1,9,127.2202,36.9905,0,0,0,0,23,0,0
1,6,0,0,0,0,1,127.2391,36.98,2,0,1,0,23,0,0
1,4,0,0,0,1,1,127.0641,36.2727,0,0,0,0,129,0,0
0,2,0,0,0,1,3,126.5869,36.201,0,0,0,0,136,0,0
0,0,0,0,0,0,1,129.3856,36.0001,0,0,0,0,160,0,0
1,0,0,0,0,0,1,126.9204,36.2372,0,0,0,0,129,0,0
0,2,0,0,0,0,2,127.4579,37.2759,0,0,1,0,41,0,0
1,2,0,0,0,1,2,127.5772,36.3075,2,0,0,0,142,0,0
0,6,0,0,0,2,2,126.6826,36.0992,0,0,1,0,10,0,0
1,2,0,0,0,0,3,128.9366,35.1587,0,0,0,0,206,0,0
1,1,0,0,0,0,1,127.6371,35.5687,0,0,0,0,108,0,0
0,1,6,1,1,0,3,129.0471,35.3751,0,0,0,0,49,0,0
0,3,6,1,1,6,2,126.8374,36.6978,0,0,0,0,187,0,0
1,0,0,0,0,0,1,127.6747,36.0202,0,0,0,0,182,0,0
1,0,0,1,1,0,1,128.442,36.0937,0,0,0,0,144,0,0
0,5,0,0,0,0,1,127.1289,37.5397,0,0,1,0,91,0,0
1,2,7,1,1,1,4,128.0667,35.2121,0,0,0,0,42,0,0
0,3,3,0,0,2,5,128.8031,36.0384,0,0,1,0,5,0,0
1,5,6,1,1,6,2,128.2017,37.1446,0,0,1,0,103,0,0
0,6,0,0,0,0,3,127.3516,37.344,0,0,1,0,9,0,0
1,4,0,0,0,0,4,127.5144,37.8283,0,0,0,0,176,0,0
1,1,0,0,0,0,2,126.8365,36.5122,0,0,0,0,174,0,0
1,0,6,1,1,6,3,126.6826,36.0837,0,0,0,0,10,0,0
1,1,7,1,1,1,5,127.2649,37.0071,0,0,0,0,23,0,0
1,1,0,0,0,1,3,128.4367,35.7234,0,0,0,0,30,0,0
0,2,0,0,0,0,1,127.1458,34.4744,0,0,0,0,191,0,0
0,1,0,0,0,0,1,126.8349,35.8094,0,0,0,0,34,0,0
0,6,0,0,0,0,4,128.9992,35.288,0,0,1,0,49,0,0
1,4,5,0,0,0,2,128.572,36.8606,1,0,1,0,113,0,0
1,3,5,0,0,0,3,129.4053,36.5117,1,0,1,0,54,0,0
1,4,0,0,0,4,1,129.2736,35.3236,0,0,0,0,85,0,0
0,4,0,0,0,0,1,127.5194,34.954,0,0,0,0,27,0,0
1,4,5,0,0,1,3,128.8888,35.9015,0,0,0,0,5,0,0
1,1,0,0,0,2,3,127.5289,37.3604,0,0,0,0,22,0,0
1,4,5,2,0,0,3,126.6535,35.4176,0,0,0,0,219,0,0
1,2,7,1,1,4,6,126.9621,35.9477,0,0,0,0,125,0,0
1,2,3,1,2,0,6,126.9197,37.1322,0,0,0,0,50,0,0
0,2,0,0,0,1,3,128.6142,36.3821,0,0,0,0,105,0,0
0,0,6,0,3,2,5,126.9163,37.497,0,0,0,0,93,0,0
1,5,5,0,0,0,4,126.5234,33.2471,0,0,1,0,62,0,0
1,6,0,0,0,4,1,129.4671,36.7336,0,0,1,0,208,0,0
1,6,0,0,0,0,1,128.1008,37.8394,1,0,1,0,82,0,0
0,1,5,0,0,0,2,127.0209,37.2939,0,0,0,0,99,0,0
0,0,0,0,0,0,1,126.3284,33.3516,0,0,0,0,90,0,0
1,4,0,1,1,0,5,128.8658,35.0994,0,0,0,0,206,0,0
1,3,0,0,0,7,1,128.3618,36.1282,0,0,0,0,144,0,0
1,0,0,0,0,0,3,126.6984,36.0125,0,0,0,0,10,0,0
1,6,0,0,0,4,1,129.0885,35.4791,0,0,1,0,49,0,0
0,0,5,2,0,0,2,126.8791,37.4753,1,0,0,0,109,0,0
1,5,0,0,0,7,3,126.8175,37.5342,0,0,1,0,65,0,0
0,4,0,1,2,1,2,129.3481,36.019,0,0,0,0,160,0,0
0,5,0,0,0,6,1,129.3046,35.4342,0,0,1,0,17,0,0
0,6,0,0,0,0,8,127.7145,37.56,0,0,1,0,48,0,0
0,4,0,0,0,6,1,128.1152,35.1611,0,0,0,0,42,0,0
1,3,0,0,0,1,4,126.8554,35.1733,0,0,0,0,137,0,0
1,0,0,0,3,1,5,126.9823,37.4882,0,0,0,0,214,0,0