주야,요일,법규위반,도로형태_대분류,도로형태,당사자종별_1당_대분류,당사자종별_2당_대분류,경도,위도,사고피해정도,도시여부,주말/공휴일,인구수,발생지번호,보행자의위치,무단횡단여부
0,3,2,0,0,0,0,126.8774,37.4861,0,0,0,0,79,1,1
0,3,2,1,1,0,0,127.1188,37.6451,0,0,0,0,70,1,1
1,3,1,1,3,1,0,127.4879,36.6734,0,0,0,0,83,1,0
0,3,0,0,0,0,0,126.49,35.1517,0,0,0,0,157,0,0
0,4,0,0,0,1,0,127.5459,37.2961,0,0,0,0,22,1,1
1,4,0,1,1,0,0,126.9624,37.5514,0,0,0,0,159,1,1
1,4,0,0,0,2,0,128.4215,36.1379,0,0,0,0,144,1,1
1,6,5,0,0,0,0,127.4308,36.3204,1,0,1,0,39,0,0
0,0,1,1,3,0,0,127.3352,36.3556,0,0,0,0,148,1,0
0,0,0,0,0,0,0,126.9634,37.5971,0,0,0,0,116,1,1
0,0,0,0,0,1,0,127.4797,36.13,0,0,0,0,68,0,0
1,1,0,2,4,0,0,126.3294,33.4622,0,0,0,0,90,1,1
0,1,0,0,0,0,0,127.4476,35.2409,0,0,0,0,161,1,1
0,2,2,0,0,0,0,127.0395,37.5017,0,0,0,0,89,1,1
1,2,0,1,2,0,0,128.6737,35.1564,0,0,0,0,86,1,1
0,2,0,0,0,0,0,129.392,36.0759,0,0,0,0,160,1,1
0,2,0,0,0,1,0,126.9144,35.1545,0,0,0,0,162,1,1
0,2,0,0,0,2,0,128.2055,37.1377,0,0,0,0,103,1,1
0,3,2,0,0,0,0,127.0737,37.1523,0,0,0,0,143,1,1
0,3,3,1,2,2,0,127.6159,37.1153,0,0,0,0,41,1,1
0,3,2,0,0,0,0,127.5362,37.4911,0,0,0,0,48,1,1
0,3,0,0,0,0,0,129.0434,35.1558,0,0,0,0,163,1,1
0,3,0,1,1,2,0,127.1019,37.3694,0,0,0,0,95,1,1
0,4,0,0,0,0,0,128.5688,35.8613,0,0,0,0,107,1,1
1,4,0,1,2,2,0,128.1317,36.1186,0,0,0,0,76,1,1
1,4,0,0,0,1,0,127.0594,37.7669,0,0,0,0,59,1,1
1,4,0,0,0,0,0,128.5699,35.8642,0,0,0,0,107,1,1
1,4,0,1,3,0,0,127.1378,37.6109,0,0,0,0,165,1,1
1,4,0,0,0,0,0,127.1347,35.7916,0,0,0,0,11,1,1
0,4,0,0,0,0,0,126.7068,35.9737,0,0,0,0,166,1,1
0,4,1,0,0,0,0,127.0134,37.6017,0,0,0,0,167,1,0
0,5,0,2,4,0,0,127.1287,37.4122,0,0,1,0,95,1,1
1,5,0,1,3,0,0,126.3814,34.7993,0,0,1,0,153,1,1
1,5,0,0,0,1,0,126.6009,33.4869,0,0,1,0,90,1,1
1,5,0,1,1,0,0,128.5671,35.2064,0,0,1,0,86,1,1
0,5,0,0,0,0,0,128.0616,35.0139,0,0,1,0,57,1,1
0,6,0,0,0,0,0,128.5636,35.9464,0,0,1,0,112,1,1
0,6,0,1,1,0,0,126.9273,37.3843,0,0,1,0,151,1,1
0,0,0,0,0,0,0,127.0702,37.252,0,0,0,0,99,1,1
1,0,0,0,0,1,0,127.9802,37.4781,0,0,0,0,31,1,1
0,2,1,1,2,0,0,127.2307,37.216,0,0,0,0,51,1,0
0,2,0,0,0,0,0,127.0686,37.1521,0,0,0,0,143,1,1
0,2,0,0,0,0,0,126.8674,37.3083,0,0,0,0,2,1,1
1,3,0,0,0,1,0,128.6634,36.1005,0,0,0,0,170,1,1
1,3,0,0,0,0,0,126.9346,35.129,0,0,0,0,162,1,1
0,4,0,0,0,2,0,127.1338,37.4414,0,0,0,0,95,1,1
0,4,1,1,1,1,0,127.3444,36.2972,0,0,0,0,4,1,0
1,4,0,0,0,1,0,126.6935,36.0082,0,0,0,0,10,1,1
1,4,0,0,0,0,0,129.324,35.4293,0,0,0,0,17,1,1
1,4,0,1,1,1,0,127.9487,36.4439,0,0,0,0,58,1,1
1,5,0,0,0,0,0,127.7873,34.9456,0,0,1,0,172,1,1
1,5,1,0,0,1,0,128.0938,36.9232,0,0,1,0,103,1,0
1,5,0,1,2,0,0,127.0111,37.7925,0,0,1,0,59,1,1
0,5,0,0,0,1,0,127.6505,37.9793,0,0,1,0,111,1,1
0,5,0,0,0,1,0,126.8626,35.8003,0,0,1,0,34,0,0
0,5,0,0,0,1,0,126.045,34.8855,1,0,1,0,132,1,1
0,6,0,0,0,0,0,129.0394,35.0916,0,0,1,0,173,1,1
1,0,0,0,0,1,0,126.8668,36.3586,0,0,0,0,174,1,1
1,0,0,0,0,1,0,126.393,34.8006,0,0,0,0,153,1,1
1,0,0,0,0,1,0,126.7822,37.7556,0,0,0,0,175,1,1
1,0,2,0,0,4,0,128.6168,35.2593,0,0,0,0,86,1,1
0,0,0,1,2,0,0,128.7668,37.9591,0,0,0,0,164,1,1
0,0,0,1,2,0,0,128.3474,36.1191,0,0,0,0,144,1,1
0,1,3,1,1,0,0,129.0656,35.0762,0,0,0,0,173,1,1
0,1,0,1,1,0,0,126.6966,37.4235,0,0,0,0,35,1,1
1,2,0,0,0,0,0,126.9343,35.9513,0,0,0,0,125,1,1
1,2,5,0,0,1,0,127.7362,36.6604,0,0,0,0,179,1,1
0,3,2,1,1,0,0,126.8435,37.7252,0,0,0,0,40,1,1
0,3,0,0,0,1,0,126.4887,36.7846,0,0,0,0,69,0,0
0,3,5,0,0,1,0,127.1812,35.6673,0,0,0,0,152,1,1
0,4,0,0,0,1,0,126.8847,37.5503,0,0,1,0,150,1,1
0,4,0,1,1,0,0,126.7911,37.4263,0,0,1,0,73,1,1
0,4,0,0,0,0,0,126.6965,36.8093,0,0,1,0,46,1,1
1,5,0,1,3,3,0,126.873,37.636,0,0,1,0,40,1,1
0,5,0,1,2,2,0,128.7618,35.4687,0,0,1,0,177,1,1
0,6,0,0,0,1,0,126.6524,36.3285,0,0,1,0,136,0,0
1,0,3,1,3,1,0,126.809,37.4851,0,0,0,0,65,1,1
1,0,0,0,0,1,0,128.3132,35.6383,0,0,0,0,133,0,0
0,0,0,0,0,1,0,128.5669,36.409,0,0,0,0,105,1,1
0,0,1,1,3,1,0,127.0638,37.5421,0,0,0,0,183,1,0
0,1,0,0,0,0,0,128.973,35.1539,0,0,0,0,120,1,1
1,1,0,0,0,0,0,129.161,37.442,0,0,0,0,78,0,0
1,1,1,1,3,1,0,128.5316,36.4827,0,0,0,0,105,1,0
1,1,0,1,1,0,0,127.9491,37.332,0,0,0,0,36,1,1
0,2,2,2,4,1,0,126.4754,37.2534,0,0,0,0,186,1,1
0,2,0,1,1,1,0,126.9418,37.4818,0,0,0,0,188,1,1
0,2,0,0,0,0,0,128.3669,36.0362,0,0,0,0,21,1,1
0,3,0,0,0,0,0,126.8755,37.3617,0,0,0,0,2,1,1
1,3,0,0,0,0,0,126.9869,34.9757,0,0,0,0,88,1,1
1,3,1,0,0,1,0,127.2181,38.208,0,0,0,0,184,1,0
1,3,0,1,1,1,0,129.1521,35.4063,0,0,0,0,49,1,1
1,3,0,1,2,0,0,129.1767,35.1625,0,0,0,0,1,1,1
0,3,0,0,0,1,0,127.2623,37.8217,0,0,0,0,171,1,1
0,3,0,1,2,0,0,128.2126,37.1557,0,0,0,0,103,1,1
0,4,0,1,3,0,0,128.5685,35.8887,0,0,0,0,112,1,1
1,4,0,0,0,1,0,128.3248,35.4384,0,0,0,0,189,0,0
0,4,0,0,0,2,0,128.6187,36.8269,0,0,0,0,113,1,1
0,4,1,1,3,0,0,128.721,35.8309,0,0,0,0,52,1,0
0,5,0,0,0,1,0,128.7258,35.3192,0,0,1,0,13,1,1
1,5,2,0,0,0,0,126.9728,37.5343,0,0,1,0,134,1,1
0,6,0,0,0,0,0,126.9557,37.4956,0,0,1,0,93,1,1
1,6,0,0,0,0,0,126.9007,37.1639,0,0,1,0,50,1,1
0,6,0,0,0,2,0,126.8199,37.7386,0,0,1,0,175,1,1
1,0,0,1,2,0,0,126.2232,33.2457,0,0,0,0,62,1,1
1,0,0,0,0,0,0,127.171,37.4621,0,0,0,0,95,1,1
1,1,0,1,1,1,0,127.1218,35.8191,0,0,0,0,11,1,1
1,1,0,0,0,1,0,126.5316,33.4974,0,0,0,0,90,1,1
0,1,0,0,0,0,0,128.9289,36.0165,0,0,0,0,5,1,1
1,2,2,1,2,1,0,126.9813,37.2511,0,0,0,0,99,1,1
1,2,3,0,0,0,0,128.4282,35.8636,0,0,0,0,30,0,0
1,2,1,1,3,1,0,126.7296,37.4875,0,0,0,0,44,1,0
1,2,0,1,1,1,0,126.5255,35.0664,0,0,0,0,157,1,1
0,2,0,0,0,1,0,127.0307,37.5626,0,0,0,0,84,1,1
0,3,0,0,0,1,0,126.7053,37.4907,0,0,0,0,44,1,1
0,3,0,1,2,0,0,129.3079,35.4882,0,0,0,0,17,1,1
1,3,0,1,1,0,0,126.7027,37.4419,0,0,0,0,29,1,1
0,4,0,1,2,2,0,126.8628,37.5571,0,0,0,0,43,1,1
0,4,0,0,0,0,0,128.6159,34.8877,0,0,0,0,15,1,1
0,4,0,1,3,0,0,127.7116,34.7263,0,0,0,0,102,1,1
1,4,2,0,0,0,0,126.422,34.8146,0,0,0,0,153,1,1
1,4,0,0,0,0,0,126.7618,37.6992,0,0,0,0,40,1,1
0,4,0,0,0,0,0,128.0356,37.761,0,0,0,0,82,1,1
0,0,0,0,0,2,0,127.0739,37.6614,0,0,0,0,18,1,1
1,0,0,0,0,0,0,126.3977,34.8167,0,0,0,0,153,1,1
0,0,0,0,0,0,0,126.7088,36.0879,0,0,0,0,10,0,0
0,0,0,1,1,0,0,126.4652,34.9762,0,0,0,0,101,1,1
0,1,0,2,4,0,0,126.959,37.4734,0,0,0,0,188,1,1
1,2,0,1,3,3,0,127.0887,37.5807,0,0,0,0,196,1,1
1,2,0,0,0,1,0,126.8578,37.5327,0,0,0,0,43,1,1
0,2,0,0,0,0,0,126.8159,35.1795,0,0,0,0,135,1,1
1,3,0,0,0,0,0,126.1573,34.8621,0,0,0,0,132,1,1
0,4,2,1,3,0,0,126.6782,37.4641,0,0,0,0,123,1,1
1,5,0,1,1,2,0,128.5943,35.8709,0,0,1,0,178,1,1
0,5,0,0,0,4,0,126.9924,35.0627,0,0,1,0,88,0,0
0,0,0,0,0,5,0,127.4746,36.6353,0,0,0,0,83,1,1
1,0,0,2,4,0,0,126.4636,36.5932,0,0,0,0,38,1,1
0,0,2,0,0,0,0,127.6981,34.9381,0,0,0,0,130,1,1
0,0,0,0,0,0,0,127.0525,37.5671,0,0,0,0,201,1,1
1,1,0,0,0,0,0,126.9388,34.9998,0,0,0,0,88,1,1
0,1,0,0,0,4,0,127.0123,37.572,0,0,0,0,116,1,1
0,1,5,0,0,0,0,129.1005,36.3819,0,0,0,0,203,1,1
0,1,1,0,0,0,0,127.9253,34.8171,0,0,0,0,197,1,0
1,2,0,0,0,2,0,127.0247,37.5255,0,0,0,0,89,1,1
0,3,0,0,0,0,0,127.2838,37.233,0,0,0,0,51,0,0
0,3,3,1,1,0,0,128.6081,35.2578,1,0,0,0,86,0,0
0,3,3,1,3,0,0,127.0599,37.7449,0,0,0,0,64,1,1
1,3,0,2,4,9,0,127.1842,37.0238,0,0,0,0,23,1,1
1,3,0,1,1,1,0,128.9859,35.3077,0,0,0,0,49,1,1
1,4,0,1,1,1,0,128.9793,35.1571,0,0,0,0,120,1,1
1,4,1,1,3,1,0,127.4303,36.3276,0,0,0,0,39,1,0
1,4,0,0,0,0,0,128.5967,35.8747,0,0,0,0,178,1,1
0,4,2,1,1,0,0,127.4717,37.1902,0,0,0,0,41,1,1
0,4,0,0,0,0,0,126.8696,35.241,0,0,0,0,137,1,1
0,4,2,0,0,0,0,127.5578,36.0548,0,0,0,0,68,1,1
0,4,0,0,0,0,0,126.7526,37.4886,0,0,0,0,65,1,1
0,5,0,0,0,0,0,126.6305,37.4688,0,0,1,0,72,1,1
0,6,0,0,0,2,0,127.2089,37.233,0,0,1,0,51,1,1
1,6,0,0,0,0,0,126.3899,36.7211,0,0,1,0,69,1,1
1,6,0,0,0,2,0,129.3069,35.5542,0,0,1,0,205,1,1
0,6,0,0,0,0,0,127.1773,36.617,0,0,1,0,202,1,1
0,6,0,0,0,1,0,126.9943,37.5218,0,0,1,0,134,1,1
1,0,0,1,1,1,0,127.2515,35.1354,0,0,0,0,147,1,1
1,0,0,1,1,1,0,128.0314,34.7284,0,0,0,0,197,1,1
1,0,0,1,3,0,0,127.4501,37.2863,0,0,0,0,41,1,1
1,0,3,1,3,4,0,128.4408,35.7803,0,0,0,0,30,1,1
1,0,3,1,3,7,0,126.8557,37.5188,0,0,0,0,140,1,1
1,0,0,0,0,0,0,127.3926,36.3265,0,0,0,0,39,1,1
0,0,2,0,0,0,0,128.8263,35.9014,0,0,0,0,52,1,1
0,1,0,0,0,0,0,126.4182,33.432,0,0,0,0,90,1,1
1,1,3,1,1,1,0,128.3387,36.1221,0,0,0,0,144,1,1
0,2,0,0,0,0,0,129.1756,35.1816,0,0,0,0,1,1,1
1,2,1,1,3,1,0,127.2998,35.2809,0,0,0,0,147,1,0
1,2,3,1,3,0,0,126.4805,36.788,0,0,0,0,69,1,1
0,2,0,0,0,1,0,127.8907,35.162,0,0,0,0,172,0,0
0,2,0,0,0,1,0,127.6214,35.7187,0,0,0,0,155,1,1
0,3,0,0,0,4,0,126.7454,37.3376,0,0,0,0,73,1,1
1,4,1,0,0,0,0,126.8749,37.849,0,0,0,0,175,1,0
0,4,0,0,0,0,0,127.9247,36.9821,0,0,0,0,6,1,1
0,4,3,1,3,5,0,127.0081,37.2637,0,0,0,0,99,1,1
0,5,0,1,1,0,0,126.9712,37.7903,0,0,1,0,59,1,1
0,5,1,1,3,2,0,126.9527,35.9383,0,0,1,0,125,0,0
0,6,0,0,0,1,0,128.0786,35.1824,0,0,1,0,42,0,0
0,6,0,1,1,0,0,128.866,35.2569,0,0,1,0,13,1,1
0,6,0,0,0,0,0,126.847,37.5316,0,0,1,0,43,1,1
0,6,0,0,0,0,0,127.4075,36.6841,0,0,1,0,83,1,1
0,0,0,1,3,1,0,128.5711,35.8719,0,0,0,0,107,1,1
0,0,0,1,1,0,0,127.0375,37.2127,0,0,0,0,50,1,1
1,0,0,0,0,2,0,129.3658,36.0329,0,0,0,0,160,1,1
1,0,0,1,1,0,0,129.0454,35.1277,0,0,0,0,209,1,1
0,0,0,1,1,0,0,127.437,36.4538,0,0,0,0,77,1,1
0,1,0,0,0,0,0,126.9364,37.5033,0,0,0,0,93,1,1
0,1,0,0,0,0,0,126.5375,33.4973,0,0,0,0,90,1,1
0,1,0,1,1,0,0,127.08,36.8227,0,0,0,0,53,1,1
0,1,1,1,2,0,0,129.1083,37.4909,0,0,0,0,210,1,0
0,1,1,1,2,2,0,126.6891,37.458,0,0,0,0,123,1,0
0,1,0,0,0,0,0,127.0992,37.0242,0,0,0,0,14,1,1
0,1,0,1,2,0,0,128.8571,35.2365,0,0,0,0,13,1,1
0,1,2,1,2,0,0,126.5427,33.4853,0,0,0,0,90,1,1
1,3,1,1,1,1,0,127.5809,36.7866,0,0,0,0,138,1,0
0,3,0,0,0,2,0,126.9405,37.5949,0,0,0,0,195,1,1
0,3,1,1,3,0,0,127.1273,37.4098,0,0,0,0,95,1,0
0,4,0,0,0,2,0,127.2349,35.1965,0,0,0,0,147,1,1
0,4,3,1,1,2,0,128.5864,35.232,0,0,0,0,86,1,1
0,5,0,0,0,0,0,129.056,35.1444,0,0,1,0,163,1,1
0,5,3,1,3,4,0,128.5902,38.1895,0,0,1,0,104,1,1
0,6,0,0,0,4,0,127.03,37.6419,0,0,1,0,200,1,1
0,6,0,0,0,0,0,127.8891,34.9725,0,0,1,0,172,1,1
0,6,2,0,0,0,0,126.7481,37.4568,0,0,1,0,29,1,1
0,0,0,0,0,0,0,127.3358,36.3553,0,0,0,0,148,1,1
1,1,1,1,3,2,0,127.0533,37.2455,0,0,0,0,99,1,0
1,1,0,0,0,0,0,127.5074,36.6214,0,0,0,0,83,1,1
1,1,1,0,0,0,0,127.3053,37.4715,0,0,0,0,9,1,0
0,1,0,0,0,0,0,129.3516,36.0094,0,0,0,0,160,1,1
0,1,0,0,0,0,0,128.6184,35.2617,0,0,0,0,86,0,0
0,1,0,0,0,1,0,127.9754,37.3114,0,0,0,0,36,1,1
0,1,0,0,0,0,0,127.1557,36.9924,0,0,0,0,23,1,1
0,2,2,1,3,0,0,128.4234,34.8604,0,0,0,0,212,1,1
0,2,0,1,2,2,0,129.3155,35.5341,0,0,0,0,213,1,1
0,3,0,1,2,2,0,127.1516,36.8604,0,0,0,0,63,1,1
1,3,0,1,2,0,0,127.9617,37.4141,0,0,0,0,36,1,1
0,4,0,0,0,0,0,129.2593,35.5231,0,0,0,0,17,1,1
1,4,0,1,1,3,0,127.2337,37.5613,0,0,0,0,70,1,1
0,4,0,1,3,0,0,126.9017,35.1716,0,0,0,0,137,1,1
0,4,0,0,0,1,0,129.0881,35.2492,0,0,0,0,96,1,1
0,5,0,0,0,0,0,127.1434,37.4617,0,0,1,0,95,1,1
0,5,0,1,1,0,0,128.8281,37.877,0,0,1,0,194,1,1
1,5,5,0,0,0,0,127.1144,35.8061,0,0,1,0,11,1,1
0,5,0,0,0,0,0,128.142,36.9278,0,0,1,0,103,1,1
1,6,0,1,2,2,0,126.3618,34.9443,0,0,1,0,101,1,1
1,0,3,1,2,0,0,127.1925,37.5552,0,0,0,0,67,1,1
1,0,2,0,0,0,0,127.0697,35.87,0,0,0,0,11,1,1
0,0,2,0,0,0,0,127.1079,37.7473,0,0,0,0,64,1,1
0,1,0,0,0,2,0,127.1383,36.8313,0,0,0,0,63,1,1
0,2,0,0,0,0,0,127.095,37.5986,0,0,0,0,196,1,1
1,2,5,0,0,2,0,126.6733,37.5134,0,0,0,0,97,1,1
0,2,0,0,0,1,0,128.8544,37.8154,0,0,0,0,194,1,1
0,2,0,0,0,0,0,127.0853,36.0579,0,0,0,0,125,1,1
0,3,0,0,0,0,0,128.061,34.9947,0,0,0,0,57,1,1
1,3,0,0,0,1,0,128.4701,35.5721,0,0,0,0,211,1,1
0,3,0,1,2,0,0,127.1256,36.4463,0,0,0,0,19,1,1
1,4,0,2,4,1,0,126.5814,35.6933,0,0,0,0,185,1,1
1,4,0,0,0,1,0,126.2891,33.2389,0,0,0,0,62,1,1
1,4,0,1,1,1,0,126.6094,34.8686,0,0,0,0,16,1,1
1,4,1,1,3,1,0,128.686,35.1569,0,0,0,0,86,1,0
0,4,0,0,0,0,0,127.2108,37.2288,0,0,0,0,51,1,1
0,4,0,1,3,0,0,129.0168,35.154,0,0,0,0,120,1,1
1,5,0,0,0,0,0,128.5955,35.8708,0,0,1,0,178,1,1
0,6,3,1,1,0,0,129.2838,35.4099,0,0,1,0,17,1,1
0,6,0,0,0,0,0,127.9301,36.9824,0,0,1,0,6,1,1
0,0,0,1,1,2,0,127.0967,36.1928,0,0,0,0,61,1,1
0,1,2,0,0,0,0,127.4785,36.6093,0,0,0,0,83,1,1
0,1,0,0,0,1,0,127.0889,37.2908,0,0,0,0,51,1,1
1,1,0,1,2,0,0,127.8636,36.8695,0,0,0,0,179,1,1
1,1,0,0,0,0,0,126.5887,33.4933,0,0,0,0,90,1,1
0,1,0,1,1,0,0,127.3447,36.3035,0,0,0,0,4,1,1
0,2,2,0,0,0,0,128.5631,35.2359,0,0,0,0,86,1,1
0,2,0,0,0,0,0,126.7395,37.5125,0,0,0,0,44,1,1
1,2,0,0,0,0,0,126.7623,37.562,0,0,0,0,7,1,1
1,2,3,1,3,0,0,127.0472,37.5657,0,0,0,0,84,1,1
0,2,0,0,0,0,0,127.4786,36.6905,0,0,0,0,83,1,1
0,2,0,2,4,0,0,127.1626,37.3348,0,0,0,0,51,1,1
0,3,0,0,0,0,0,126.7956,37.4767,0,0,0,0,65,1,1
1,3,0,0,0,1,0,127.7048,37.7312,0,0,0,0,111,1,1
1,3,0,1,1,0,0,127.3652,36.3546,0,0,0,0,4,1,1
0,3,0,1,2,1,0,127.7973,36.9727,0,0,0,0,6,1,1
0,4,0,0,0,0,0,127.07,37.5384,0,0,0,0,183,1,1
0,4,0,1,1,0,0,127.0758,37.2465,0,0,0,0,51,1,1
0,4,2,1,2,0,0,126.9808,37.2837,0,0,0,0,99,1,1
1,4,0,0,0,0,0,128.9899,35.1928,0,0,0,0,120,1,1
1,4,1,1,3,1,0,128.1143,36.1333,0,0,0,0,76,1,0
1,5,5,1,2,1,0,128.3817,35.3869,0,0,1,0,189,1,1
1,5,0,0,0,0,0,129.2366,35.836,0,0,1,0,100,1,1
0,6,2,1,1,4,0,127.0379,37.2124,0,0,1,0,50,1,1
0,6,0,0,0,0,0,127.9384,37.3591,0,0,1,0,36,1,1
1,6,0,1,1,1,0,128.1997,36.0007,0,0,1,0,168,1,1
1,6,1,0,0,0,0,128.723,36.5668,0,0,1,0,66,1,0
0,6,0,0,0,0,0,128.2084,37.1654,0,0,1,0,103,1,1
0,6,0,0,0,0,0,127.1544,38.2364,0,0,1,0,106,0,0
0,0,2,0,0,0,0,126.808,37.5591,0,0,1,0,43,1,1
0,0,0,0,0,0,0,126.8397,37.5414,0,0,1,0,43,1,1
1,0,1,1,3,5,0,127.7618,37.8857,0,0,1,0,111,1,0
0,0,0,0,0,1,0,128.7529,35.452,0,0,1,0,177,1,1
1,1,1,1,3,0,0,127.0438,37.5481,0,0,0,0,84,1,0
1,1,0,0,0,2,0,126.8238,37.56,0,0,0,0,43,1,1
1,1,3,0,0,3,0,126.9422,37.5462,0,0,0,0,159,1,1
1,1,1,1,3,1,0,127.2264,37.5345,0,0,0,0,67,1,0
1,1,0,0,0,0,0,126.8134,37.5566,0,0,0,0,43,1,1
0,1,1,1,3,0,0,127.3234,36.2947,0,0,0,0,4,1,0
1,2,0,1,1,0,0,128.111,36.0556,0,0,0,0,76,1,1
1,2,5,0,0,0,0,127.3313,36.3517,0,0,0,0,148,1,1
0,3,2,2,4,0,0,128.4942,35.8517,0,0,0,0,20,1,1
1,3,1,1,3,1,0,127.069,37.1464,0,0,0,0,143,1,0
1,3,0,0,0,1,0,126.9163,37.5841,0,0,0,0,139,1,1
0,3,0,0,0,0,0,127.2536,37.4593,0,0,0,0,9,1,1
1,4,0,2,4,1,0,129.0499,35.1575,0,0,0,0,163,1,1
0,4,2,0,0,0,0,127.0008,36.418,0,0,0,0,174,1,1
0,4,0,0,0,2,0,128.6916,34.8088,0,0,0,0,15,1,1
0,5,0,1,2,0,0,127.009,37.4836,0,0,1,0,214,1,1
1,0,0,1,2,1,0,128.9904,37.1716,0,0,0,0,215,1,1
1,0,0,0,0,3,0,127.0769,36.9761,0,0,0,0,14,1,1
1,0,0,1,2,0,0,127.4359,35.9615,0,0,0,0,192,1,1
1,0,5,0,0,0,0,128.6964,35.8659,0,0,0,0,26,1,1
1,0,0,0,0,1,0,126.8943,37.6536,0,0,0,0,40,1,1
0,0,0,0,0,0,0,127.0281,36.7582,0,0,0,0,53,1,1
1,1,0,0,0,5,0,127.886,34.9674,0,0,0,0,172,1,1
1,1,0,1,3,2,0,127.1596,37.4337,0,0,0,0,95,1,1
1,1,0,0,0,1,0,127.6379,37.3591,0,0,0,0,22,1,1
0,1,0,0,0,0,0,126.6212,36.5122,0,0,0,0,38,1,1
0,1,2,0,0,0,0,126.359,34.7595,0,0,0,0,153,1,1
1,2,0,0,0,1,0,127.4342,37.2316,0,0,0,0,41,1,1
1,2,0,1,1,0,0,126.5731,33.2546,0,0,0,0,62,1,1
1,3,0,2,4,0,0,127.3478,36.3089,0,0,0,0,4,1,1
0,3,0,0,0,0,0,129.3045,36.3617,0,0,0,0,54,1,1
1,4,1,0,0,0,0,129.446,36.6776,0,0,0,0,208,1,0
0,4,0,0,0,0,0,127.9604,37.3631,0,0,0,0,36,1,1
1,5,0,0,0,0,0,128.9772,35.0756,0,0,1,0,25,1,1
0,5,2,1,2,0,0,126.5844,34.5578,0,0,1,0,119,1,1
0,6,0,0,0,0,0,127.3552,37.3495,0,0,1,0,9,1,1
0,6,0,1,1,0,0,129.3806,36.357,0,0,1,0,54,1,1
0,6,0,0,0,1,0,127.1703,37.7028,0,0,1,0,70,1,1
0,6,3,0,0,0,0,126.6434,37.6111,0,0,1,0,97,1,1
1,0,0,1,3,2,0,127.0569,37.6108,0,0,0,0,167,1,1
1,0,0,0,0,0,0,128.7519,35.4866,0,0,0,0,177,1,1
1,0,0,1,3,1,0,126.9787,37.3841,0,0,0,0,199,1,1
1,0,0,2,4,3,0,126.7234,37.4985,0,0,0,0,44,1,1
1,2,2,0,0,1,0,129.017,35.3345,0,0,0,0,49,1,1
1,3,0,0,0,2,0,127.7854,36.2054,0,0,0,0,75,1,1
1,3,1,1,1,3,0,127.1601,37.8611,0,0,0,0,171,1,0
1,3,1,1,1,0,0,128.8674,35.232,0,0,0,0,13,1,0
0,3,0,0,0,0,0,127.5506,37.1935,0,0,0,0,22,1,1
0,4,0,0,0,0,0,128.581,35.2364,0,0,0,0,86,1,1
1,4,0,1,1,1,0,126.9019,37.3047,0,0,0,0,2,1,1
1,4,0,0,0,0,0,129.3505,36.0177,0,0,0,0,160,1,1
0,4,0,0,0,0,0,129.2861,35.3281,0,0,0,0,85,1,1
0,4,0,1,2,2,0,127.0525,37.6356,0,0,0,0,18,1,1
0,4,0,0,0,4,0,128.8138,35.1032,0,0,0,0,86,1,1
0,5,0,0,0,1,0,127.0384,37.3947,0,0,1,0,199,1,1
0,5,0,0,0,0,0,129.0594,35.1438,0,0,1,0,163,1,1
0,5,2,0,0,0,0,126.7564,37.4884,0,0,1,0,65,1,1
0,6,0,1,1,0,0,127.0638,37.0644,0,0,1,0,14,1,1
0,6,2,1,3,0,0,126.9192,37.122,0,0,1,0,50,1,1
1,0,0,0,0,1,0,127.4283,36.33,0,0,0,0,39,1,1
1,0,0,1,1,1,0,128.7674,35.4752,0,0,0,0,177,1,1
0,0,1,0,0,0,0,128.9151,35.7161,0,0,0,0,3,1,0
0,0,3,1,1,2,0,129.0598,35.1666,0,0,0,0,163,1,1
1,1,0,0,0,0,0,128.122,35.1697,0,0,0,0,42,1,1
1,1,0,0,0,0,0,128.5695,35.8442,0,0,0,0,145,1,1
1,1,0,0,0,0,0,127.2271,37.5408,0,0,0,0,67,1,1
1,2,0,1,2,1,0,126.7144,34.9957,0,0,0,0,33,1,1
1,2,2,1,3,0,0,127.384,35.0148,0,0,0,0,27,1,1
0,2,0,0,0,0,0,127.1062,35.8572,0,0,0,0,11,1,1
0,3,2,1,2,2,0,127.4366,37.2447,1,0,0,0,41,1,1
1,4,1,0,0,0,0,126.8016,35.1359,0,0,0,0,135,1,0
1,4,0,0,0,0,0,127.4277,36.3241,0,0,0,0,39,1,1
0,5,2,0,0,0,0,127.5221,34.9517,0,0,1,0,27,1,1
1,5,2,1,1,0,0,126.9916,35.3203,0,0,1,0,181,1,1
1,5,1,0,0,1,0,128.4815,36.8854,0,0,1,0,113,1,0
0,5,0,0,0,0,0,126.6279,36.5314,0,0,1,0,38,1,1
0,5,0,0,0,0,0,128.6081,35.8296,0,0,1,0,37,1,1
0,5,0,0,0,0,0,127.0436,37.5307,0,0,1,0,89,1,1
0,0,3,1,3,0,0,126.9292,35.1621,0,0,0,0,137,1,1
1,0,0,1,1,9,0,126.631,36.5363,0,0,0,0,38,1,1
1,2,0,1,1,2,0,128.9919,35.1452,0,0,0,0,120,1,1
1,2,0,2,4,0,0,127.0363,37.0047,0,0,0,0,14,1,1
1,2,0,0,0,1,0,128.1212,36.1171,0,0,0,0,76,0,0
0,2,1,1,1,2,0,126.859,37.5147,0,0,0,0,140,1,0
0,2,0,0,0,0,0,127.5169,36.9155,0,0,0,0,60,0,0