주야,요일,법규위반,도로형태_대분류,도로형태,당사자종별_1당_대분류,당사자종별_2당_대분류,경도,위도,사고피해정도,도시여부,주말/공휴일,인구수,발생지번호,보행자의위치,무단횡단여부
0,3,0,0,0,0,0,127.1367,37.5401,0,0,1,0,91,1,1
0,3,0,0,0,0,0,127.6998,38.1146,0,0,1,0,218,1,1
0,4,0,0,0,3,0,126.9955,37.8321,0,0,0,0,59,1,1
0,4,1,1,3,0,0,127.0086,37.6114,0,0,0,0,167,1,0
1,4,1,1,3,1,0,127.1492,37.5162,0,0,0,0,67,1,0
1,4,0,1,2,0,0,127.9456,35.055,0,0,0,0,57,1,1
1,4,0,0,0,0,0,126.7987,35.1519,0,0,0,0,135,0,0
0,4,0,0,0,1,0,128.705,36.6231,0,0,0,0,66,1,1
0,5,2,1,3,0,0,126.6628,37.5297,0,0,1,0,97,1,1
1,5,0,1,1,0,0,127.7929,36.4511,0,0,1,0,32,1,1
0,6,2,2,4,0,0,127.9138,37.6988,0,0,1,0,82,1,1
1,6,0,1,3,2,0,127.0479,37.9087,0,0,1,0,94,0,0
0,0,0,0,0,2,0,126.7499,37.4609,0,0,0,0,29,1,1
0,0,0,0,0,4,0,127.0385,37.5816,0,0,0,0,201,1,1
1,2,0,1,2,3,0,126.9416,37.5919,0,0,0,0,195,1,1
0,2,0,1,1,0,0,126.5463,36.7099,0,0,0,0,69,1,1
0,3,2,0,0,0,0,126.7466,37.6764,0,0,0,0,40,1,1
0,3,0,0,0,0,0,126.4567,36.7804,0,0,0,0,69,1,1
0,3,0,0,0,0,0,128.9227,36.0354,0,0,0,0,5,1,1
1,4,3,1,3,4,0,127.0238,37.5588,0,0,0,0,84,0,0
0,4,3,1,1,0,0,126.8581,37.5098,0,0,0,0,79,1,1
1,5,0,1,1,2,0,126.8517,37.4733,0,0,1,0,81,1,1
0,5,2,1,1,0,0,128.3591,36.5194,0,0,1,0,105,1,1
1,6,0,2,4,0,0,128.2219,37.1281,0,0,1,0,103,1,1
0,0,1,1,1,0,0,129.0927,35.2407,0,0,0,0,96,1,0
0,0,2,1,2,0,0,126.5091,35.498,0,0,0,0,219,1,1
1,0,0,0,0,1,0,126.7408,37.5479,0,0,0,0,7,1,1
1,0,0,0,0,7,0,127.0918,37.5807,0,0,0,0,196,1,1
0,0,0,0,0,1,0,127.0297,37.2174,0,0,0,0,50,1,1
0,0,3,1,3,2,0,127.494,34.9464,0,0,0,0,27,1,1
0,0,0,1,2,1,0,126.6862,37.6146,0,0,0,0,97,1,1
0,1,0,0,0,0,0,127.0124,37.0127,0,0,0,0,14,1,1
0,1,0,0,0,1,0,127.4412,37.1819,0,0,0,0,41,1,1
0,1,1,1,3,0,0,127.1357,35.8317,0,0,0,0,11,1,0
0,2,0,0,0,0,0,126.7337,37.5431,0,0,0,0,7,1,1
1,2,0,1,1,2,0,127.0517,37.0792,0,0,0,0,14,1,1
0,3,0,0,0,0,0,129.0754,35.1897,0,0,0,0,221,1,1
0,3,1,1,1,3,0,127.4352,36.3129,0,0,0,0,39,1,0
0,3,0,0,0,0,0,126.5949,33.4907,0,0,0,0,90,1,1
1,4,0,0,0,0,0,128.5716,35.2043,0,0,0,0,86,1,1
1,4,1,2,4,1,0,128.3262,34.9761,0,0,0,0,87,1,0
1,4,0,1,2,0,0,127.9278,36.9915,0,0,0,0,6,1,1
1,4,0,0,0,1,0,128.9286,35.9737,0,0,0,0,5,1,1
1,4,0,0,0,4,0,126.9863,37.4757,0,0,0,0,214,1,1
1,4,0,0,0,5,0,127.6032,37.0019,0,0,0,0,110,1,1
0,4,0,0,0,0,0,126.8708,35.1493,0,0,0,0,222,1,1
0,4,0,0,0,1,0,126.4313,33.493,0,0,0,0,90,1,1
0,5,0,2,4,2,0,128.2147,37.1501,0,0,1,0,103,1,1
0,5,0,0,0,0,0,129.306,35.5417,0,0,1,0,213,1,1
0,6,2,0,0,0,0,127.4949,36.5959,0,0,1,0,83,1,1
0,6,0,0,0,1,0,128.5746,35.219,0,0,1,0,86,1,1
1,6,0,1,1,1,0,129.0831,35.2217,0,0,1,0,216,1,1
1,6,0,1,1,2,0,127.1118,36.7013,0,0,1,0,63,1,1
1,6,0,1,1,0,0,129.0218,35.2121,1,0,1,0,118,1,1
0,6,1,0,0,0,0,126.9547,35.9381,0,0,1,0,125,1,0
1,0,0,1,2,0,0,126.8018,35.1649,0,0,0,0,135,1,1
1,1,0,1,2,1,0,126.5307,33.5166,0,0,0,0,90,1,1
1,1,2,0,0,0,0,126.4931,37.6368,0,0,0,0,92,1,1
1,1,0,1,1,2,0,127.6895,36.9342,0,0,0,0,110,1,1
1,1,0,1,1,1,0,126.91,35.1347,0,0,0,0,190,1,1
1,2,0,0,0,0,0,127.8195,36.4807,0,0,0,0,32,1,1
1,2,2,1,3,1,0,127.2513,36.279,0,0,0,0,223,1,1
0,2,0,1,3,0,0,128.7426,35.4977,0,0,0,0,177,1,1
0,2,2,0,0,0,0,127.0256,37.5746,0,0,0,0,201,1,1
0,3,0,0,0,2,0,128.5818,38.1895,0,0,0,0,104,1,1
0,3,0,0,0,0,0,126.9063,37.5163,0,0,0,0,150,1,1
0,3,0,0,0,1,0,128.3612,35.8883,0,0,0,0,168,1,1
1,3,3,1,1,1,0,128.2618,36.2465,0,0,0,0,144,1,1
1,3,1,1,3,0,0,128.9693,35.1064,0,0,0,0,25,1,0
1,3,0,0,0,0,0,128.1303,36.473,0,0,0,0,58,1,1
0,3,3,1,3,6,0,126.751,37.7249,0,0,0,0,175,1,1
0,4,0,0,0,0,0,128.6301,35.2454,0,0,0,0,86,1,1
1,4,1,1,3,0,0,126.9177,35.1334,0,0,0,0,190,1,0
0,4,0,0,0,0,0,127.1193,36.8811,0,0,0,0,63,1,1
0,5,2,0,0,0,0,127.0957,37.7372,0,0,1,0,64,1,1
0,5,0,1,3,1,0,127.0146,36.7749,0,0,1,0,53,1,1
0,6,0,0,0,0,0,127.0969,37.5894,0,0,1,0,196,1,1
1,6,0,0,0,0,0,128.5848,35.8656,0,0,1,0,178,1,1
0,6,2,0,0,0,0,128.7068,35.2075,0,0,1,0,86,1,1
1,0,1,1,1,0,0,128.9822,36.0196,0,0,0,0,5,1,0
0,1,1,1,3,2,0,126.8724,37.2902,0,0,0,0,2,1,0
0,2,0,0,0,2,0,129.1207,35.1885,0,0,0,0,1,1,1
0,2,0,0,0,1,0,128.4122,35.9839,0,0,0,0,21,1,1
0,2,0,0,0,0,0,128.5633,35.8516,0,0,0,0,20,1,1
1,4,0,1,1,1,0,128.6688,35.8294,0,0,0,0,37,1,1
0,4,0,1,1,0,0,127.4103,36.324,0,0,0,0,39,1,1
0,4,0,0,0,2,0,127.0821,37.5562,0,0,0,0,183,1,1
0,4,1,1,1,0,0,128.3131,36.1496,0,0,0,0,144,1,0
0,4,0,1,3,0,0,128.568,35.1925,0,0,0,0,86,1,1
1,5,0,1,2,2,0,129.1278,35.2199,0,0,1,0,1,1,1
1,6,3,1,3,0,0,127.1987,37.7131,0,0,1,0,70,1,1
1,0,0,2,4,1,0,126.666,37.5102,0,0,0,0,97,1,1
0,1,2,1,1,0,0,127.1282,37.5239,0,0,0,0,91,1,1
1,1,0,1,2,2,0,127.5959,36.9975,0,0,0,0,110,1,1
1,2,0,1,1,0,0,127.1428,37.4433,0,0,0,0,95,1,1
1,2,0,1,1,3,0,128.5655,35.2219,0,0,0,0,86,1,1
0,2,0,0,0,0,0,126.6912,37.5213,0,0,0,0,44,1,1
0,3,0,0,0,0,0,126.9725,35.9502,0,0,0,0,125,1,1
0,3,0,2,4,0,0,128.649,35.889,0,0,0,0,26,1,1
1,4,5,1,2,0,0,128.1796,38.0735,0,0,0,0,124,0,0
0,4,0,0,0,0,0,126.6597,37.6615,0,0,0,0,47,1,1
1,0,0,0,0,1,0,128.7009,35.2165,0,0,0,0,86,1,1
0,0,0,0,0,1,0,129.2006,37.1417,1,0,0,0,78,1,1
0,1,3,1,2,2,0,128.9656,35.1049,0,0,0,0,25,1,1
0,1,0,1,1,3,0,129.4154,36.8835,0,0,0,0,208,1,1
1,2,0,0,0,0,0,127.3479,36.3468,0,0,0,0,148,1,1
1,2,0,0,0,0,0,127.4462,36.6349,0,0,0,0,83,1,1
0,2,0,1,2,0,0,126.537,37.7245,0,0,0,0,47,1,1
0,4,0,1,3,0,0,129.1601,35.1643,0,0,0,0,1,1,1
1,4,0,0,0,2,0,128.937,35.9722,0,0,0,0,5,0,0
1,4,0,0,0,0,0,127.1055,37.507,0,0,0,0,156,1,1
0,4,0,0,0,2,0,127.0821,36.6275,0,0,0,0,19,1,1
0,5,1,0,0,0,0,127.4376,36.3141,0,0,1,0,39,1,0
0,5,0,0,0,0,0,126.884,35.1672,0,0,1,0,222,1,1
0,6,2,0,0,0,0,127.1478,37.6038,0,0,1,0,165,1,1
1,6,0,1,2,2,0,126.9136,35.1661,1,0,1,0,137,0,0
0,0,2,0,0,0,0,127.0788,37.6187,0,0,0,0,18,1,1
0,0,0,1,1,1,0,126.6526,36.5722,0,0,0,0,38,1,1
1,0,0,1,3,0,0,126.691,36.0837,0,0,0,0,10,1,1
1,0,0,1,2,1,0,126.6749,37.5185,0,0,0,0,97,1,1
0,0,1,0,0,2,0,127.098,37.3427,0,0,0,0,51,1,0
0,0,2,1,1,0,0,128.9297,35.9401,0,0,0,0,5,1,1
0,0,0,0,0,0,0,126.8459,37.3981,0,0,0,0,73,1,1
1,1,0,0,0,0,0,127.1339,36.4669,0,0,0,0,19,1,1
1,1,0,1,1,1,0,126.7352,37.345,0,0,0,0,73,1,1
0,2,2,0,0,0,0,128.5523,35.8315,0,0,0,0,20,1,1
1,2,0,1,1,1,0,128.6805,35.8912,0,0,0,0,26,1,1
1,2,1,0,0,3,0,126.7368,37.2131,0,0,0,0,50,1,0
1,2,0,1,2,1,0,128.9203,35.9647,0,0,0,0,5,1,1
0,3,0,1,2,0,0,127.1274,36.8034,0,0,0,0,63,1,1
0,3,0,1,3,0,0,127.4598,36.2972,0,0,0,0,80,1,1
0,4,0,0,0,2,0,126.7562,37.6768,0,0,0,0,40,1,1
1,4,1,1,2,2,0,128.8813,37.7548,0,0,0,0,194,1,0
1,4,3,1,1,1,0,127.0989,36.1221,0,0,0,0,61,1,1
1,4,0,0,0,0,0,128.9767,35.072,0,0,0,0,25,1,1
0,4,0,1,2,2,0,127.0607,37.6546,0,0,0,0,18,1,1
0,4,0,0,0,1,0,128.534,35.8374,0,0,0,0,20,1,1
0,5,2,1,1,0,0,127.1498,37.5318,0,0,1,0,91,1,1
0,6,0,1,1,0,0,126.9248,35.1634,0,0,1,0,162,1,1
1,0,0,0,0,0,0,129.223,36.0073,0,0,0,0,100,1,1
1,0,0,0,0,3,0,126.9825,37.4765,0,0,0,0,214,1,1
0,0,0,0,0,1,0,128.9807,36.5965,0,0,0,0,66,1,1
0,0,0,1,1,0,0,127.0568,36.9665,0,0,0,0,14,1,1
0,0,0,0,0,0,0,127.278,36.9007,0,0,0,0,63,1,1
0,0,0,1,1,0,0,126.9048,37.5563,0,0,0,0,159,1,1
0,1,2,0,0,0,0,129.0609,35.1598,0,0,0,0,163,1,1
1,1,0,0,0,1,0,129.2977,35.777,0,0,0,0,100,1,1
1,1,1,1,1,1,0,126.8543,35.5659,0,0,0,0,12,1,0
0,1,0,1,2,1,0,129.1055,35.2145,0,0,0,0,96,1,1
0,4,0,2,4,0,0,127.95,36.8842,0,0,0,0,6,1,1
1,4,0,0,0,0,0,128.7881,35.4615,0,0,0,0,177,1,1
0,4,0,0,0,0,0,126.9163,35.1654,0,0,0,0,137,1,1
0,4,0,2,4,0,0,127.3516,37.3506,0,0,0,0,9,1,1
0,4,1,1,3,0,0,127.1167,35.8552,0,0,0,0,11,1,0
0,5,0,0,0,0,0,126.9711,37.5324,0,0,1,0,134,1,1
0,5,0,0,0,1,0,128.7836,35.3685,0,0,1,0,177,1,1
1,5,3,1,3,0,0,128.898,35.2351,0,0,1,0,13,1,1
1,6,0,0,0,4,0,128.1948,37.1256,0,0,1,0,103,1,1
0,6,5,2,4,0,0,129.224,35.1994,1,0,1,0,85,1,1
1,0,1,0,0,0,0,126.523,33.5132,0,0,0,0,90,1,0
1,0,0,2,4,0,0,128.6189,35.2528,0,0,0,0,86,1,1
0,0,0,0,0,0,0,127.6731,38.1377,0,0,0,0,218,1,1
0,0,0,1,3,0,0,126.649,37.4585,0,0,0,0,123,1,1
1,1,0,0,0,2,0,126.9568,37.5366,0,0,0,0,134,1,1
0,2,0,0,0,4,0,126.7082,37.4662,0,0,0,0,29,1,1
1,2,1,1,3,1,0,127.015,36.7843,0,0,0,0,53,1,0
1,2,0,2,4,3,0,127.0254,37.5045,0,0,0,0,89,0,0
0,2,0,2,4,1,0,126.0534,34.4758,0,0,0,0,71,1,1
0,2,0,0,0,0,0,128.5857,36.181,0,0,0,0,170,1,1
1,3,1,0,0,0,0,126.8719,37.5158,0,0,0,0,140,1,0
0,4,0,1,2,1,0,126.7065,37.5162,0,0,0,0,44,0,0
1,4,0,0,0,0,0,129.0814,35.1798,0,0,0,0,221,1,1
1,4,0,2,4,1,0,126.9482,37.5678,0,0,0,0,195,1,1
0,4,0,0,0,0,0,126.4745,34.9937,0,0,0,0,101,1,1
0,5,0,1,1,0,0,127.655,34.771,0,0,1,0,102,1,1
0,5,0,0,0,0,0,127.0231,37.5729,0,0,1,0,201,1,1
0,5,0,0,0,0,0,129.115,35.1421,0,0,1,0,45,1,1
0,6,0,1,1,2,0,127.1954,37.8884,0,0,1,0,171,1,1
0,6,3,1,3,0,0,126.896,35.1708,0,0,1,0,137,1,1
1,0,0,0,0,0,0,129.3984,36.9686,0,0,0,0,208,1,1
1,0,0,0,0,0,0,129.05,35.1384,1,0,0,0,209,1,1
0,0,1,0,0,4,0,128.4733,37.1834,0,0,0,0,114,1,0
0,0,0,0,0,1,0,127.0695,35.6343,0,0,0,0,12,1,1
1,1,0,0,0,1,0,126.8199,35.5562,0,0,0,0,12,1,1
0,1,0,0,0,0,0,128.5525,36.001,0,0,0,0,21,1,1
1,2,1,1,3,3,0,126.9057,37.5284,0,0,0,0,150,1,0
0,2,0,0,0,1,0,127.5769,35.733,0,0,0,0,155,0,0
0,2,0,0,0,0,0,128.6701,37.3716,0,0,0,0,198,1,1
0,3,0,1,2,0,0,127.3775,37.6805,0,0,1,0,176,1,1
1,3,0,1,1,3,0,129.3148,35.5534,0,0,1,0,205,1,1
0,3,0,0,0,0,0,128.8288,37.8873,0,0,1,0,194,1,1
0,4,0,0,0,0,0,127.5004,34.9457,0,0,0,0,27,1,1
0,4,0,1,2,0,0,127.5948,36.9885,1,0,0,0,110,1,1
1,5,0,0,0,2,0,127.1504,36.8021,0,0,1,0,63,1,1
1,6,5,0,0,4,0,126.8635,37.5268,0,0,1,0,140,1,1
0,6,0,0,0,1,0,126.8022,37.438,0,0,1,0,73,1,1
0,0,0,0,0,0,0,128.6076,35.2965,0,0,0,0,86,1,1
1,0,0,2,4,0,0,127.2331,37.3929,0,0,0,0,9,1,1
0,0,0,0,0,0,0,128.8287,35.4249,0,0,0,0,177,1,1
0,0,0,0,0,0,0,127.0434,37.6827,0,0,0,0,98,1,1
0,1,2,0,0,0,0,127.0158,37.2723,0,0,0,0,99,1,1
1,1,0,1,3,0,0,127.0267,37.2491,0,0,0,0,99,1,1
1,1,0,0,0,0,0,126.999,36.7904,0,0,0,0,53,1,1
0,1,0,1,2,0,0,128.4981,35.1047,0,0,0,0,86,1,1
0,2,0,1,3,1,0,127.0819,37.2679,0,0,0,0,99,1,1
1,2,0,1,2,0,0,126.997,37.5301,0,0,0,0,134,0,0
0,2,0,1,2,1,0,127.0628,36.8417,0,0,0,0,53,1,1
0,2,0,0,0,1,0,126.4161,33.2454,1,0,0,0,62,1,1
0,3,0,2,4,0,0,128.5814,38.2135,0,0,0,0,104,1,1
1,4,0,0,0,1,0,129.3528,35.6436,0,0,0,0,158,1,1
1,4,0,0,0,0,0,127.6497,36.8067,0,0,0,0,179,1,1
0,4,0,1,3,0,0,126.7222,37.3221,0,0,0,0,73,1,1
0,4,0,1,2,0,0,128.5767,35.2307,0,0,0,0,86,1,1
0,5,0,0,0,0,0,127.6269,36.2317,0,0,1,0,142,0,0
0,5,0,0,0,1,0,127.0006,37.2669,0,0,1,0,99,1,1
0,6,0,1,2,0,0,127.4862,36.6163,0,0,1,0,83,1,1
1,6,0,0,0,1,0,127.8319,35.5215,0,0,1,0,224,1,1
0,6,1,0,0,0,0,127.1459,36.8126,0,0,1,0,63,1,0
0,6,0,0,0,0,0,127.3219,36.2999,0,0,1,0,148,1,1
0,0,0,0,0,0,0,127.1245,37.4273,0,0,0,0,95,1,1
0,1,0,0,0,0,0,126.8484,35.1573,0,0,0,0,222,1,1
0,2,0,0,0,0,0,127.1263,36.7456,0,0,0,0,63,1,1
0,2,0,0,0,0,0,126.484,33.4821,0,0,0,0,90,1,1
1,2,0,1,3,2,0,126.937,35.1802,0,0,0,0,137,1,1
1,2,0,2,4,7,0,126.6986,37.503,0,0,0,0,44,1,1
0,2,0,1,2,0,0,128.395,35.9885,0,0,0,0,21,1,1
0,3,0,0,0,0,0,127.138,36.994,0,0,0,0,23,1,1
1,3,0,0,0,0,0,126.8618,37.5512,0,0,0,0,43,1,1
1,3,0,0,0,0,0,126.2973,36.8963,0,0,0,0,169,1,1
1,3,0,0,0,0,0,126.9446,37.5916,0,0,0,0,195,1,1
1,3,1,1,3,1,0,126.9477,35.9557,0,0,0,0,125,1,0
0,3,0,0,0,0,0,127.1252,37.433,0,0,0,0,95,1,1
0,3,0,0,0,0,0,126.6815,36.09,0,0,0,0,10,1,1
0,4,0,0,0,0,0,127.1503,37.2947,0,0,0,0,51,1,1
1,4,0,1,2,1,0,126.8047,37.5229,0,0,0,0,65,1,1
1,4,0,0,0,0,0,128.0838,36.7408,0,0,0,0,74,1,1
1,4,1,1,1,1,0,126.7095,36.0757,0,0,0,0,10,0,0
0,4,0,0,0,0,0,127.7197,34.7442,0,0,0,0,102,1,1
0,4,0,0,0,1,0,126.9009,37.5788,0,0,0,0,139,1,1
0,5,0,0,0,0,0,126.7921,35.1386,0,0,1,0,135,1,1
0,5,0,1,1,0,0,127.4863,36.6684,0,0,1,0,83,1,1
0,5,0,1,2,0,0,126.8246,35.1791,0,0,1,0,135,1,1
1,5,0,0,0,2,0,129.1206,35.1896,0,0,1,0,1,1,1
1,5,0,0,0,0,0,127.7645,37.614,0,0,1,0,82,1,1
0,5,0,0,0,2,0,126.8912,37.6802,0,0,1,0,40,1,1
0,6,2,0,0,0,0,128.1666,37.1549,0,0,1,0,103,1,1
0,6,0,1,3,0,0,129.4276,35.4967,0,0,1,0,225,1,1
0,0,3,1,1,1,0,127.1522,37.5381,0,0,0,0,91,1,1
1,0,0,1,1,1,0,126.4346,34.576,0,0,0,0,119,1,1
0,0,0,0,0,1,0,127.7554,35.0715,0,0,0,0,172,1,1
0,0,2,0,0,0,0,126.5128,35.2581,0,0,0,0,127,1,1
0,0,3,0,0,4,0,126.7443,37.5383,0,0,0,0,7,1,1
0,1,0,0,0,1,0,126.6218,36.5189,0,0,0,0,38,0,0
1,1,0,0,0,1,0,128.0659,35.1936,0,0,0,0,42,1,1
1,1,0,0,0,3,0,127.0756,37.6634,0,0,0,0,18,1,1
1,1,0,0,0,1,0,128.7717,36.6578,0,0,0,0,66,1,1
1,1,0,2,4,4,0,129.0119,35.2279,0,0,0,0,118,1,1
0,2,5,1,1,0,0,129.0787,35.2061,0,0,0,0,216,1,1
0,2,0,0,0,2,0,126.9343,35.1666,0,0,0,0,137,1,1
0,2,2,0,0,0,0,127.5307,37.4915,0,0,0,0,48,1,1
0,3,1,1,1,0,0,128.8547,35.2318,0,0,0,0,13,1,0
0,3,0,0,0,1,0,127.3363,36.3581,0,0,0,0,148,1,1
0,3,0,1,1,0,0,129.0579,35.1585,0,0,0,0,163,1,1
0,3,0,0,0,0,0,126.5526,33.4632,0,0,0,0,90,1,1
1,3,1,0,0,1,0,126.9761,37.3452,0,0,0,0,199,1,0
1,3,0,0,0,2,0,126.8492,35.8029,0,0,0,0,34,1,1
1,3,0,1,2,1,0,129.4208,37.0621,0,0,0,0,208,1,1
1,3,0,0,0,9,0,126.8051,33.5535,0,0,0,0,90,1,1
0,3,0,0,0,4,0,127.3665,36.3561,0,0,0,0,4,1,1
0,4,0,0,0,0,0,128.3175,34.9684,0,0,0,0,87,1,1
0,4,2,1,3,2,0,127.0925,37.598,0,0,0,0,196,1,1
0,4,3,1,3,0,0,127.5216,34.9644,0,0,0,0,27,0,0
1,4,0,0,0,2,0,128.826,35.8166,0,0,0,0,52,1,1
0,5,5,0,0,1,0,128.3814,36.2152,0,0,1,0,144,1,1
0,5,0,1,1,1,0,126.8121,37.5552,0,0,1,0,43,1,1
0,5,0,0,0,0,0,126.6225,37.7107,0,0,1,0,47,1,1
0,5,0,1,2,0,0,126.9576,37.3704,0,0,1,0,151,1,1
0,5,0,0,0,0,0,127.2338,37.5614,0,0,1,0,70,1,1
0,6,0,0,0,5,0,129.0527,35.3812,0,0,1,0,49,1,1
1,6,0,0,0,0,0,129.3506,35.993,0,0,1,0,160,1,1
0,6,0,1,3,0,0,126.9476,37.4008,0,0,1,0,151,1,1
1,1,0,0,0,1,0,127.113,37.7523,0,0,0,0,64,1,1
1,1,0,1,1,1,0,127.0401,37.6285,0,0,0,0,200,1,1
1,1,0,0,0,0,0,126.6993,37.4623,0,0,0,0,29,1,1
0,1,0,0,0,0,0,126.8694,36.9711,0,0,0,0,14,1,1
0,1,0,1,1,0,0,126.5166,36.7382,0,0,0,0,69,1,1
0,1,0,0,0,0,0,127.7414,37.862,0,0,0,0,111,1,1
1,2,1,1,1,0,0,127.1848,37.5533,0,0,0,0,67,1,0
1,2,0,0,0,0,0,127.6486,38.1606,0,0,0,0,218,0,0
1,2,0,0,0,0,0,127.7274,37.859,0,0,0,0,111,1,1
1,2,0,1,1,0,0,127.4502,36.3084,0,0,0,0,80,1,1
1,2,1,1,1,1,0,126.9972,36.7751,0,0,0,0,53,1,0
0,2,2,0,0,0,0,128.6535,36.7765,0,0,0,0,113,1,1
0,2,5,0,0,0,0,126.7862,37.8534,0,0,0,0,175,1,1
0,2,2,0,0,0,0,127.0876,37.6003,0,0,0,0,196,1,1
0,3,0,1,2,0,0,129.3805,36.3242,0,0,1,0,54,0,0
0,3,0,0,0,0,0,129.0372,35.1608,0,0,1,0,163,1,1
0,3,0,0,0,2,0,126.9499,37.5834,0,0,1,0,195,1,1
0,3,0,0,0,2,0,126.9132,37.5701,0,0,1,0,195,1,1
0,3,0,0,0,2,0,126.8983,37.472,0,0,1,0,109,0,0
0,4,0,0,0,0,0,126.9523,36.9975,0,0,1,0,14,1,1
1,5,0,0,0,0,0,128.7039,36.2412,0,0,1,0,105,1,1
1,5,0,0,0,1,0,127.5432,37.2031,0,0,1,0,22,0,0
1,6,0,0,0,2,0,127.5039,34.9446,0,0,1,0,27,1,1
1,6,3,1,1,2,0,128.5935,35.8655,0,0,1,0,178,1,1
0,6,0,0,0,0,0,126.4565,35.0821,0,0,1,0,157,1,1
0,6,0,1,1,0,0,127.1725,37.6538,0,0,1,0,70,1,1
0,6,0,0,0,0,0,129.3641,36.0158,0,0,1,0,160,1,1
1,0,0,0,0,1,0,129.0666,35.1477,0,0,0,0,180,1,1
0,0,0,0,0,0,0,128.4439,35.901,0,0,0,0,30,1,1
0,0,0,0,0,0,0,128.815,35.103,0,0,0,0,86,1,1
1,1,1,1,3,2,0,127.1221,36.4486,0,0,0,0,19,1,0
1,1,0,0,0,0,0,127.7207,34.7318,0,0,0,0,102,1,1
1,1,0,0,0,1,0,126.883,36.2127,0,0,0,0,129,1,1
1,1,0,1,1,0,0,129.0156,35.2102,0,0,0,0,118,1,1
1,1,0,2,4,0,0,126.5978,36.3617,0,0,0,0,136,1,1
1,2,1,1,1,2,0,127.1454,37.6586,0,0,0,0,70,1,0
0,2,0,1,3,2,0,127.7108,34.7594,0,0,0,0,102,1,1
1,3,0,2,4,1,0,128.8259,35.9149,0,0,0,0,52,0,0
1,3,0,1,1,5,0,126.9822,35.9588,0,0,0,0,125,1,1
0,3,0,0,0,0,0,127.0341,37.2576,0,0,0,0,99,1,1
0,3,0,0,0,0,0,126.6405,37.7107,0,0,0,0,47,1,1
0,4,2,0,0,0,0,126.9198,35.1629,0,0,0,0,162,1,1
1,5,2,0,0,0,0,127.0553,37.9374,0,0,1,0,94,1,1
1,5,0,0,0,0,0,127.1457,37.5443,1,0,1,0,91,1,1
0,5,0,0,0,0,0,127.6073,36.3168,0,0,1,0,142,1,1
0,5,1,0,0,2,0,127.9402,37.357,0,0,1,0,36,1,0
1,6,0,1,2,0,0,127.0628,37.5676,0,0,1,0,201,1,1
0,0,2,0,0,0,0,128.6058,35.8627,0,0,0,0,178,1,1
1,0,0,0,0,0,0,127.1334,36.831,0,0,0,0,63,1,1
1,0,0,0,0,3,0,127.0159,37.4886,0,0,0,0,214,1,1
1,0,0,0,0,1,0,127.7238,35.5156,0,0,0,0,108,1,1
1,0,1,1,3,3,0,127.0043,37.5062,0,0,0,0,214,0,0
1,0,3,0,0,1,0,127.1552,35.8367,0,0,0,0,11,1,1
1,1,0,1,2,0,0,126.2996,36.7531,0,0,0,0,169,1,1
0,1,3,1,1,1,0,127.3298,36.3534,0,0,0,0,148,1,1
0,2,0,1,2,0,0,126.8807,37.5357,0,0,0,0,140,1,1
0,2,1,1,3,0,0,126.6811,35.9778,0,0,0,0,166,1,0
1,2,0,1,1,1,0,127.3053,37.3176,0,0,0,0,9,1,1
0,3,1,1,3,0,0,128.1163,35.1844,0,0,0,0,42,0,0
1,3,0,1,1,1,0,126.6712,37.4779,0,0,0,0,97,1,1
1,3,0,1,1,0,0,128.6741,35.2447,0,0,0,0,86,1,1
0,4,0,0,0,0,0,126.9872,37.4756,0,0,0,0,214,1,1
1,4,1,1,1,0,0,128.1695,36.4161,0,0,0,0,58,1,0
0,5,0,0,0,1,0,126.8118,34.7148,0,0,1,0,121,1,1
0,5,0,0,0,0,0,126.6717,35.512,0,0,1,0,219,0,0
1,5,0,0,0,1,0,127.2676,35.9867,0,0,1,0,28,1,1
0,5,0,0,0,0,0,126.6531,36.6025,0,0,1,0,38,1,1
1,6,0,0,0,1,0,128.2092,38.2516,0,0,1,0,124,1,1
1,6,0,0,0,1,0,126.3024,34.9583,0,0,1,0,101,1,1
0,6,0,0,0,0,0,127.125,37.4217,0,0,1,0,95,1,1
0,6,0,0,0,0,0,126.948,37.3594,0,0,1,0,126,1,1
0,6,3,0,0,0,0,127.1087,37.7096,0,0,1,0,64,1,1
0,0,2,0,0,0,0,126.7158,37.4631,0,0,0,0,29,1,1
1,0,0,0,0,1,0,127.165,36.7914,0,0,0,0,63,1,1
1,0,1,1,3,0,0,127.3876,36.3427,0,0,0,0,4,1,0
1,0,0,0,0,2,0,127.0659,37.9641,0,0,0,0,94,1,1
1,0,0,0,0,0,0,127.153,35.8758,0,0,0,0,11,1,1
0,0,3,0,0,0,0,126.8973,37.4644,0,0,0,0,109,1,1
1,1,1,1,1,1,0,126.8982,37.4712,0,0,0,0,109,1,0
0,2,0,0,0,0,0,127.0337,37.7432,0,0,0,0,64,1,1
0,2,0,2,4,0,0,126.6707,36.7066,0,0,0,0,187,1,1
0,2,1,1,2,1,0,127.105,35.9211,0,0,0,0,28,1,0
0,2,0,0,0,0,0,127.4933,36.6656,0,0,0,0,83,1,1
0,3,0,0,0,0,0,127.0461,37.4957,0,0,1,0,89,1,1
0,3,2,0,0,0,0,126.7071,37.4473,0,0,1,0,29,1,1
0,3,2,1,2,0,0,126.73,37.4485,0,0,1,0,29,1,1
0,3,0,0,0,1,0,127.962,36.3115,0,0,1,0,58,0,0