주야,요일,법규위반,도로형태_대분류,도로형태,당사자종별_1당_대분류,당사자종별_2당_대분류,경도,위도,사고피해정도,도시여부,주말/공휴일,인구수,발생지번호,보행자의위치,무단횡단여부
1,4,0,2,4,0,0,128.4889,37.0764,0,0,0,0,204,1,1
0,4,0,1,2,0,0,126.5416,35.0265,0,0,0,0,157,1,1
0,4,0,0,0,0,0,128.9129,35.2224,0,0,0,0,13,1,1
0,4,0,1,1,0,0,126.8353,37.698,0,0,0,0,40,1,1
0,4,3,1,3,4,0,127.1148,37.7093,0,0,0,0,70,1,1
0,4,0,0,0,0,0,127.8033,37.4896,0,0,0,0,31,1,1
0,5,0,0,0,1,0,127.0398,37.5505,0,0,1,0,84,1,1
1,5,2,0,0,0,0,127.5418,37.2101,0,0,1,0,22,1,1
0,5,0,1,1,0,0,128.8203,35.9957,0,0,1,0,5,1,1
0,5,0,0,0,2,0,127.0031,37.2674,0,0,1,0,99,1,1
0,6,0,1,3,0,0,129.0248,35.3412,0,0,1,0,49,1,1
1,6,0,0,0,2,0,126.9981,37.5662,0,0,1,0,8,1,1
0,6,0,1,2,0,0,127.5416,37.2113,0,0,1,0,22,1,1
0,0,0,0,0,0,0,127.1316,37.4997,0,0,0,0,156,1,1
1,0,2,0,0,0,0,128.6058,35.875,0,0,0,0,112,1,1
1,0,0,0,0,0,0,128.4973,35.8555,0,0,0,0,20,1,1
0,0,0,2,4,0,0,127.1226,36.6115,0,0,0,0,19,1,1
0,0,0,0,0,0,0,127.5141,34.945,0,0,0,0,27,1,1
1,1,1,0,0,0,0,127.1394,37.5505,0,0,0,0,91,1,0
0,1,0,0,0,0,0,127.0802,36.2016,0,0,0,0,61,1,1
0,2,0,0,0,4,0,127.156,37.4442,0,0,1,0,95,1,1
1,2,2,0,0,0,0,126.845,37.4753,0,0,1,0,79,1,1
0,3,0,0,0,0,0,129.4079,35.9531,0,0,0,0,160,1,1
1,3,0,0,0,2,0,126.8397,37.6587,0,0,0,0,40,0,0
1,3,1,1,3,1,0,126.6776,37.5437,0,0,0,0,97,1,0
1,3,2,1,1,1,0,127.4818,35.2136,0,0,0,0,161,1,1
0,3,0,0,0,0,0,128.0734,37.1384,0,0,0,0,103,1,1
1,4,0,0,0,0,0,124.7238,37.9673,0,0,0,0,186,1,1
1,4,0,1,1,0,0,129.0866,35.1326,0,0,0,0,180,1,1
1,4,0,0,0,1,0,127.0512,36.9634,0,0,0,0,14,1,1
0,4,0,0,0,0,0,126.714,36.9241,0,0,0,0,46,0,0
0,4,0,0,0,0,0,129.1795,36.2763,1,0,0,0,203,1,1
0,4,0,0,0,1,0,127.1032,37.0444,0,0,0,0,14,1,1
1,5,0,1,2,1,0,127.4616,35.1416,0,0,1,0,27,1,1
0,5,0,0,0,1,0,127.8155,36.4413,0,0,1,0,32,1,1
0,5,0,1,2,0,0,128.3679,36.1266,0,0,1,0,144,1,1
0,6,0,1,2,0,0,126.4733,34.7426,0,0,1,0,16,1,1
0,0,0,0,0,0,0,127.9302,37.059,0,0,0,0,6,1,1
0,0,0,0,0,5,0,127.6403,34.9097,0,0,0,0,130,1,1
1,0,0,0,0,1,0,127.2397,35.1253,0,0,0,0,147,1,1
1,0,0,1,1,0,0,127.0486,37.71,0,0,0,0,64,1,1
0,0,0,0,0,0,0,126.701,36.0116,0,0,0,0,10,1,1
0,0,0,0,0,0,0,127.3506,35.4992,0,0,0,0,152,1,1
0,1,0,1,2,1,0,127.9566,37.4071,0,0,0,0,36,1,1
0,1,0,0,0,0,0,126.2858,36.7768,0,0,0,0,169,1,1
1,2,0,1,1,1,0,126.933,35.1802,0,0,0,0,137,1,1
1,2,0,2,4,0,0,129.1076,37.4857,0,0,0,0,210,1,1
1,2,0,1,3,1,0,126.6634,37.4654,0,0,0,0,123,1,1
0,2,0,1,1,0,0,126.9004,35.8132,0,0,0,0,34,1,1
0,2,0,1,3,0,0,128.5244,35.2775,0,0,0,0,117,1,1
0,2,0,0,0,0,0,127.4358,37.0846,0,0,0,0,23,1,1
0,2,0,1,2,1,0,127.5191,36.9743,0,0,0,0,110,1,1
0,2,0,0,0,1,0,128.7585,35.2998,0,0,0,0,13,1,1
0,2,2,1,2,0,0,127.9237,36.9898,0,0,0,0,6,1,1
0,3,0,0,0,0,0,128.8717,35.9351,0,0,0,0,5,1,1
0,3,3,1,3,0,0,127.4338,36.3441,0,0,0,0,80,1,1
1,4,1,0,0,1,0,126.6876,36.0753,0,0,0,0,10,1,0
0,4,1,0,0,2,0,127.5245,35.1982,0,0,0,0,161,1,0
0,5,0,1,3,0,0,128.578,38.1931,0,0,1,0,104,1,1
0,5,0,0,0,1,0,127.0753,35.9998,0,0,1,0,125,1,1
0,6,2,0,0,4,0,126.6895,37.4565,0,0,1,0,123,1,1
0,6,2,1,1,4,0,127.2296,35.3418,0,0,1,0,193,1,1
0,0,0,1,2,0,0,129.0313,35.3386,0,0,0,0,49,1,1
0,0,0,1,1,0,0,126.5832,33.2631,0,0,0,0,62,1,1
0,0,0,1,3,0,0,127.0472,37.716,0,0,0,0,64,1,1
1,0,0,0,0,1,0,128.2368,36.3589,1,0,0,0,58,1,1
0,0,0,1,1,0,0,128.3061,36.2508,0,0,0,0,144,1,1
1,1,3,1,1,0,0,126.8153,37.3133,0,0,0,0,2,1,1
1,1,1,1,3,0,0,127.7255,37.8608,0,0,0,0,111,1,0
1,1,0,0,0,2,0,127.5711,36.9822,0,0,0,0,110,1,1
1,1,1,1,3,1,0,126.5943,36.3495,0,0,0,0,136,1,0
0,1,0,0,0,0,0,126.8005,33.39,0,0,0,0,62,1,1
0,1,0,0,0,1,0,129.0841,35.6756,0,0,0,0,17,1,1
0,2,2,0,0,0,0,126.847,37.5486,0,0,0,0,43,1,1
0,2,2,0,0,0,0,127.1085,37.4031,0,0,0,0,95,1,1
0,2,0,0,0,0,0,127.0345,37.5455,0,0,0,0,84,1,1
0,2,0,0,0,0,0,127.1184,37.5153,0,0,0,0,156,1,1
0,3,2,0,0,0,0,126.9254,37.526,0,0,0,0,150,1,1
0,3,0,0,0,0,0,126.7166,36.806,0,0,0,0,46,1,1
0,3,0,1,2,2,0,127.1273,36.8032,0,0,0,0,63,1,1
0,4,0,0,0,0,0,126.9583,37.2758,0,0,0,0,99,1,1
0,4,2,1,1,0,0,126.8702,35.1257,0,0,0,0,222,1,1
1,4,3,1,3,0,0,128.9955,35.0914,0,0,0,0,25,1,1
1,4,0,1,2,0,0,126.8909,35.8171,0,0,0,0,34,1,1
1,4,0,1,2,1,0,126.7465,37.4502,0,0,0,0,29,0,0
1,4,0,1,1,0,0,127.6381,34.7729,0,0,0,0,102,1,1
1,4,0,1,1,1,0,126.9924,35.0598,0,0,0,0,88,1,1
0,4,2,0,0,2,0,126.8553,35.5859,0,0,0,0,12,1,1
0,4,0,0,0,0,0,126.269,34.4782,0,0,0,0,71,1,1
0,4,0,0,0,2,0,128.9713,35.0723,0,0,0,0,25,1,1
0,5,0,0,0,0,0,127.3695,36.3526,0,0,1,0,4,1,1
0,5,2,0,0,0,0,129.0289,35.1656,0,0,1,0,163,1,1
1,5,0,0,0,2,0,126.9456,37.5876,0,0,1,0,195,1,1
1,5,1,1,3,1,0,126.7423,37.5439,0,0,1,0,7,1,0
0,6,0,0,0,0,0,127.2675,36.7704,0,0,1,0,63,1,1
0,6,0,1,1,0,0,127.1286,37.4136,0,0,1,0,95,1,1
1,6,0,0,0,0,0,126.9102,34.988,0,0,1,0,88,1,1
0,0,0,1,2,0,0,126.816,37.5525,0,0,0,0,43,1,1
1,0,1,1,3,3,0,127.0112,37.2535,0,0,0,0,99,1,0
0,0,0,0,0,1,0,129.0724,35.4436,0,0,0,0,49,1,1
0,0,3,0,0,0,0,127.2925,36.578,0,0,0,0,202,1,1
0,1,3,1,1,0,0,126.8365,37.3123,0,0,0,0,2,1,1
1,1,0,2,4,1,0,126.7099,35.4424,0,0,0,0,219,0,0
1,1,0,1,1,1,0,129.1457,36.1031,0,0,0,0,160,1,1
0,1,0,1,2,0,0,126.5204,33.4988,0,0,0,0,90,1,1
0,1,0,0,0,0,0,127.9043,36.9432,0,0,0,0,6,1,1
0,1,3,1,2,0,0,126.8215,37.3512,0,0,0,0,2,1,1
0,1,0,0,0,0,0,127.1797,36.7722,0,0,0,0,63,1,1
1,2,0,1,1,2,0,127.0792,37.6145,0,0,0,0,196,1,1
1,2,0,1,2,0,0,129.1008,35.8481,0,0,0,0,100,0,0
1,2,0,1,1,0,0,127.1652,37.8085,0,0,0,0,171,0,0
0,2,0,1,1,1,0,126.9139,37.485,0,0,0,0,188,1,1
1,3,0,1,3,0,0,128.5874,35.2446,0,0,0,0,86,1,1
0,3,0,0,0,0,0,129.0558,35.3967,0,0,0,0,49,1,1
0,3,3,1,1,0,0,127.0415,35.7902,0,0,0,0,34,1,1
0,3,0,0,0,2,0,126.6826,37.4969,0,0,0,0,97,1,1
0,3,0,0,0,0,0,126.9901,37.4178,0,0,0,0,227,1,1
0,3,0,0,0,0,0,126.9029,37.4269,0,0,0,0,151,1,1
0,4,0,2,4,0,0,127.7038,34.7762,0,0,0,0,102,1,1
1,4,0,0,0,1,0,127.219,37.0098,0,0,0,0,23,1,1
0,4,1,1,3,0,0,127.3816,36.3246,0,0,0,0,4,1,0
0,4,0,1,1,0,0,127.7696,36.9609,0,0,0,0,6,1,1
0,5,0,1,1,0,0,128.6247,35.2584,0,0,1,0,86,1,1
0,5,0,0,0,1,0,127.9467,37.3808,0,0,1,0,36,1,1
1,5,0,0,0,0,0,126.9465,37.5922,0,0,1,0,195,1,1
1,5,5,0,0,3,0,126.6896,35.9155,0,0,1,0,166,1,1
1,5,2,1,1,0,0,127.0346,35.0281,0,0,1,0,88,1,1
1,5,0,0,0,2,0,128.489,36.2371,0,0,1,0,170,0,0
0,5,0,0,0,0,0,128.3839,35.5163,0,0,1,0,211,1,1
0,5,0,0,0,2,0,127.2007,37.5404,0,0,1,0,67,1,1
0,5,0,0,0,2,0,126.7298,36.1916,0,0,1,0,129,1,1
0,5,0,0,0,0,0,128.4092,35.9144,0,0,1,0,21,1,1
0,6,1,0,0,0,0,127.135,35.7877,0,0,1,0,11,1,0
0,6,0,1,2,0,0,127.3732,36.3311,0,0,1,0,4,1,1
0,6,0,0,0,0,0,128.4208,34.864,0,0,1,0,212,1,1
0,0,2,0,0,0,0,126.7864,35.1906,0,0,0,0,135,1,1
1,0,0,0,0,1,0,126.3863,36.6667,0,0,0,0,69,1,1
1,0,0,0,0,1,0,126.3198,36.5837,0,0,0,0,169,0,0
1,0,0,1,1,0,0,128.57,35.8461,0,0,0,0,145,1,1
1,0,2,0,0,1,0,127.1213,37.2899,0,0,0,0,51,1,1
1,0,0,0,0,0,0,127.0459,37.7803,0,0,0,0,59,1,1
0,0,2,0,0,0,0,127.1064,36.805,0,0,0,0,63,1,1
0,1,0,0,0,0,0,127.3011,38.1386,0,0,0,0,184,1,1
0,1,0,0,0,2,0,126.8139,37.5803,0,0,0,0,43,1,1
1,1,0,1,1,0,0,127.2454,37.2294,0,0,0,0,51,1,1
1,1,0,1,2,2,0,128.5655,35.2322,0,0,0,0,86,1,1
1,1,0,0,0,3,0,128.6254,35.8814,0,0,0,0,26,1,1
1,1,0,1,2,3,0,128.9638,35.1229,0,0,0,0,120,1,1
0,1,0,1,2,0,0,127.4842,36.6213,0,0,0,0,83,1,1
1,2,0,1,2,0,0,127.7296,37.867,0,0,0,0,111,1,1
1,2,0,1,1,1,0,128.1395,35.2187,0,0,0,0,42,1,1
1,2,0,0,0,1,0,128.9796,35.1391,0,0,0,0,120,1,1
1,2,0,0,0,0,0,127.302,38.1998,0,0,0,0,184,1,1
0,2,0,0,0,0,0,127.172,36.3131,0,0,0,0,61,1,1
0,2,0,1,1,0,0,128.6583,35.2457,0,0,0,0,86,1,1
1,3,0,0,0,0,0,128.5884,35.8799,0,0,0,0,112,1,1
0,3,0,0,0,0,0,126.958,35.2801,0,0,0,0,181,1,1
0,3,0,1,1,0,0,129.3351,36.0787,0,0,0,0,160,1,1
0,3,0,0,0,0,0,126.9907,35.8782,0,0,0,0,34,1,1
0,3,0,0,0,0,0,128.7633,35.8789,0,0,0,0,52,1,1
0,4,1,0,0,1,0,126.8595,37.4931,0,0,0,0,79,1,0
1,4,0,1,1,0,0,127.1446,35.8214,0,0,0,0,11,1,1
0,5,0,0,0,0,0,126.7271,35.9814,0,0,1,0,166,1,1
1,5,0,1,2,3,0,126.9268,37.4921,0,0,1,0,188,1,1
1,5,2,2,4,0,0,126.5569,36.3737,1,0,1,0,136,1,1
0,5,0,0,0,0,0,126.9636,35.0457,0,0,1,0,88,1,1
0,5,2,0,0,0,0,128.554,35.1768,0,0,1,0,86,1,1
1,6,2,1,3,0,0,128.707,35.1478,0,0,1,0,86,1,1
1,6,0,1,3,1,0,129.0654,35.1575,0,0,1,0,163,1,1
0,6,0,0,0,4,0,127.4907,34.968,0,0,1,0,27,1,1
0,6,0,1,2,0,0,126.4153,33.4584,0,0,1,0,90,1,1
0,0,0,0,0,0,0,129.3271,35.54,0,0,0,0,213,1,1
1,0,0,1,1,0,0,126.8112,36.4521,0,0,0,0,174,1,1
1,0,0,1,1,2,0,128.59,38.2148,0,0,0,0,104,1,1
0,0,0,1,3,0,0,126.194,34.4083,0,0,0,0,71,1,1
0,0,0,0,0,0,0,127.0143,35.2942,0,0,0,0,181,1,1
0,0,1,1,3,2,0,128.4254,36.1108,0,0,0,0,144,0,0
1,1,0,1,1,1,0,127.2575,37.427,0,0,0,0,9,1,1
1,1,0,0,0,2,0,128.6353,36.8297,0,0,0,0,113,1,1
1,1,0,0,0,1,0,126.7547,36.2195,0,0,0,0,129,1,1
1,2,3,1,2,0,0,126.6943,33.4641,0,0,0,0,90,1,1
1,2,0,1,1,1,0,126.8985,34.6804,0,0,0,0,56,1,1
0,2,2,1,1,1,0,128.6033,34.8887,0,0,0,0,15,1,1
0,3,2,2,4,1,0,126.9328,37.2456,0,0,0,0,50,1,1
1,3,0,0,0,0,0,127.5323,36.7213,0,0,0,0,83,1,1
1,3,5,0,0,0,0,126.8909,35.1548,0,0,0,0,222,1,1
1,3,0,0,0,0,0,126.872,34.6478,0,0,0,0,56,1,1
0,3,0,1,3,1,0,129.117,35.8369,0,0,0,0,100,1,1
0,3,0,0,0,0,0,126.7988,36.0788,0,0,0,0,10,1,1
0,3,0,0,0,1,0,128.4144,35.7417,0,0,0,0,30,1,1
0,3,2,1,3,0,0,126.7488,37.6659,0,0,0,0,40,1,1
0,4,0,0,0,1,0,126.9854,37.5054,0,0,0,0,214,1,1
1,4,3,0,0,0,0,127.8191,37.6529,0,0,0,0,82,1,1
1,4,0,1,2,0,0,128.819,35.9181,0,0,0,0,52,1,1
1,4,1,1,1,0,0,126.8496,33.3449,0,0,0,0,62,1,0
1,4,0,0,0,0,0,126.6643,35.2594,0,0,0,0,146,1,1
0,4,0,0,0,0,0,126.8999,37.647,0,0,0,0,40,1,1
0,4,0,1,3,1,0,127.9474,37.3847,0,0,0,0,36,0,0
0,5,2,0,0,0,0,126.9141,35.8565,0,0,1,0,34,1,1
1,5,3,1,2,0,0,129.1748,35.1782,1,0,1,0,1,0,0
0,6,0,1,1,0,0,127.928,36.9731,0,0,1,0,6,1,1
0,6,1,1,1,1,0,128.6297,36.8248,0,0,1,0,113,1,0
1,0,0,0,0,0,0,128.7922,35.1991,0,0,0,0,13,1,1
1,0,2,1,1,0,0,128.4446,35.7007,0,0,0,0,30,1,1
1,0,1,0,0,2,0,129.3793,35.9963,0,0,0,0,160,1,0
0,0,0,1,1,4,0,127.4409,36.6219,0,0,0,0,83,1,1
0,0,2,0,0,2,0,126.8429,35.144,0,0,0,0,222,1,1
0,1,0,2,4,4,0,127.0279,37.2477,0,0,0,0,99,1,1
0,1,5,2,4,1,0,127.4255,36.36,1,0,0,0,77,1,1
0,2,0,0,0,0,0,127.6373,34.9097,0,0,0,0,130,1,1
1,2,0,1,1,0,0,127.9096,35.6887,0,0,0,0,154,1,1
1,2,0,2,4,3,0,129.0441,35.0917,0,0,0,0,173,1,1
1,2,0,1,2,1,0,128.9052,35.2322,0,0,0,0,13,1,1
1,2,0,0,0,0,0,128.6502,35.52,0,0,0,0,177,1,1
1,3,0,0,0,0,0,127.7319,36.7093,0,0,0,0,179,1,1
1,3,3,0,0,0,0,126.8981,37.5294,0,0,0,0,150,1,1
1,3,0,1,2,0,0,127.0384,37.7295,0,0,0,0,64,1,1
0,3,2,1,1,0,0,127.6716,36.9324,0,0,0,0,110,1,1
1,4,2,1,1,0,0,126.9328,35.1729,0,0,0,0,137,1,1
1,4,5,0,0,0,0,126.7844,36.7002,0,0,0,0,187,1,1
1,4,0,0,0,3,0,126.8859,37.6745,0,0,0,0,40,1,1
0,4,0,0,0,1,0,128.4511,37.4832,0,0,0,0,24,1,1
0,6,0,0,0,0,0,127.0018,37.2124,0,0,1,0,50,1,1
0,6,0,0,0,0,0,129.0851,36.1345,0,0,1,0,160,1,1
0,0,0,1,2,2,0,129.0355,35.1121,0,0,0,0,228,1,1
1,0,3,1,3,2,0,126.7857,35.1284,0,0,0,0,135,1,1
1,0,2,0,0,1,0,129.2167,35.2445,1,0,0,0,85,0,0
0,1,0,0,0,0,0,129.3695,36.0364,0,0,0,0,160,1,1
0,1,1,1,2,0,0,126.8366,36.6943,0,0,0,0,187,1,0
1,1,0,1,1,2,0,126.9816,37.2887,0,0,0,0,99,1,1
0,1,0,0,0,1,0,128.1929,37.3325,0,0,0,0,114,1,1
0,1,0,2,4,1,0,127.1276,36.1775,0,0,0,0,61,1,1
0,1,2,0,0,0,0,126.5476,33.5116,0,0,0,0,90,1,1
1,2,0,2,4,0,0,126.6511,36.5704,0,0,0,0,38,1,1
1,2,0,1,2,2,0,126.707,37.6277,0,0,0,0,47,1,1
1,2,0,0,0,0,0,128.1488,36.6383,0,0,0,0,74,1,1
0,2,0,1,1,2,0,128.9871,35.1864,0,0,0,0,120,1,1
1,3,1,0,0,0,0,126.7937,37.6577,0,0,0,0,40,1,0
1,3,0,0,0,0,0,127.0789,38.079,0,0,0,0,106,1,1
0,3,1,1,3,0,0,128.0702,35.188,0,0,0,0,42,1,0
0,4,3,1,1,1,0,127.3242,37.4647,0,0,0,0,9,1,1
0,4,0,0,0,0,0,126.6694,37.5942,0,0,0,0,97,0,0
0,4,0,0,0,0,0,126.9556,37.369,0,0,0,0,151,1,1
0,5,0,0,0,0,0,128.5418,35.8202,0,0,1,0,20,1,1
0,5,0,0,0,0,0,127.4819,37.2869,0,0,1,0,41,1,1
0,5,0,0,0,0,0,128.3414,36.1243,0,0,1,0,144,1,1
0,5,0,0,0,0,0,127.1449,37.648,0,0,1,0,70,1,1
0,6,2,0,0,0,0,126.911,37.5484,0,0,1,0,159,1,1
0,6,0,0,0,1,0,129.2592,35.3087,0,0,1,0,85,1,1
0,6,0,0,0,1,0,126.9371,35.1131,1,0,1,0,162,1,1
0,6,0,0,0,0,0,127.4582,36.321,0,0,1,0,80,1,1
0,6,0,0,0,0,0,126.9198,37.9945,0,0,1,0,106,1,1
0,6,0,1,2,1,0,127.7365,37.8641,0,0,1,0,111,1,1
0,6,0,1,1,0,0,127.1433,36.8082,0,0,1,0,63,1,1
1,0,0,0,0,0,0,127.7745,37.8959,0,0,0,0,111,1,1
1,0,0,0,0,1,0,126.8642,37.4804,0,0,0,0,81,1,1
1,0,2,0,0,0,0,126.8163,36.0842,0,0,0,0,10,1,1
1,0,0,0,0,2,0,126.9082,35.1477,0,0,0,0,190,1,1
0,1,1,0,0,0,0,127.0907,36.9953,0,0,0,0,14,0,0
0,1,0,0,0,1,0,128.8482,35.2222,0,0,0,0,13,1,1
1,1,1,1,1,1,0,126.7116,36.0298,0,0,0,0,10,1,0
1,1,3,1,1,1,0,126.9684,35.8922,0,0,0,0,34,1,1
0,1,0,1,1,2,0,126.8463,37.7834,0,0,0,0,175,1,1
0,1,0,0,0,0,0,126.9339,37.4867,0,0,0,0,188,1,1
0,1,0,0,0,0,0,127.4422,36.7798,0,0,0,0,60,1,1
0,1,0,0,0,0,0,127.0544,37.5501,0,0,0,0,84,1,1
0,2,2,0,0,0,0,126.8643,35.5652,0,0,0,0,12,1,1
1,2,3,1,1,1,0,126.7434,37.3399,0,0,0,0,73,1,1
1,2,0,1,1,1,0,128.6628,35.1604,0,0,0,0,86,1,1
1,2,0,0,0,1,0,126.8676,35.5617,0,0,0,0,12,1,1
1,2,0,1,1,0,0,128.1209,36.1197,0,0,0,0,76,1,1
0,2,0,1,1,2,0,127.1448,36.9974,0,0,0,0,14,1,1
0,2,0,1,1,2,0,126.7071,34.9605,0,0,0,0,33,1,1
0,2,0,1,2,0,0,127.4823,34.9762,0,0,0,0,27,1,1
0,3,0,1,3,2,0,126.4073,35.0197,0,0,0,0,101,1,1
1,3,2,1,1,1,0,127.2503,37.3414,0,0,0,0,51,1,1
1,3,0,0,0,0,0,126.3842,34.7971,0,0,0,0,153,1,1
1,3,0,0,0,3,0,126.7248,37.496,0,0,0,0,44,1,1
0,3,2,1,1,0,0,127.5941,35.7289,0,0,0,0,155,1,1
0,3,3,1,3,0,0,127.4217,36.4465,0,0,0,0,77,1,1
0,3,0,0,0,0,0,126.9581,37.3338,0,0,0,0,199,1,1
1,4,0,1,1,0,0,127.3045,38.1538,0,0,0,0,184,1,1
1,5,0,0,0,3,0,127.2368,35.2119,0,0,1,0,147,1,1
1,5,0,1,1,4,0,126.7456,35.0695,0,0,1,0,33,0,0
0,5,0,0,0,2,0,127.619,36.771,0,0,1,0,138,0,0
0,5,0,0,0,0,0,128.1016,34.9307,0,0,1,0,57,1,1
1,6,0,0,0,2,0,128.6049,35.2918,0,0,1,0,86,1,1
1,6,0,1,3,0,0,127.0193,36.7787,0,0,1,0,53,1,1
0,6,0,0,0,0,0,128.6871,35.4919,0,0,1,0,177,0,0
0,0,0,1,3,0,0,127.464,36.2841,0,0,0,0,80,1,1
0,0,2,1,2,0,0,129.0169,35.2807,0,0,0,0,49,1,1
1,1,0,1,2,1,0,127.0621,37.6115,0,0,0,0,167,1,1
1,1,2,0,0,1,0,128.7629,35.1143,0,0,0,0,86,1,1
1,1,5,0,0,2,0,127.3506,34.8461,0,0,0,0,122,0,0
1,1,0,0,0,1,0,129.2113,37.3867,0,0,0,0,78,0,0
1,1,0,0,0,4,0,126.9685,36.0772,0,0,0,0,125,1,1
0,1,0,0,0,0,0,128.5483,35.8537,0,0,0,0,20,1,1
0,1,0,1,1,1,0,128.8481,35.1017,0,0,0,0,206,1,1
1,2,0,0,0,1,0,129.0883,36.5903,0,0,0,0,128,0,0
1,2,0,0,0,0,0,126.9157,37.4028,0,0,0,0,151,1,1
0,2,0,0,0,0,0,127.4456,34.9226,0,0,0,0,27,1,1
1,3,2,0,0,0,0,126.831,37.5064,0,0,0,0,140,1,1
1,3,0,0,0,2,0,128.7388,36.0624,0,0,0,0,5,1,1
1,3,0,0,0,5,0,128.4322,36.0931,0,0,0,0,144,1,1
1,3,0,1,1,0,0,127.4987,36.6249,0,0,0,0,83,1,1
0,3,1,1,3,2,0,127.4828,36.6566,0,0,0,0,83,1,0
0,3,0,0,0,1,0,126.544,36.5271,0,0,0,0,38,0,0
0,3,0,1,3,1,0,128.0636,35.102,0,0,0,0,57,1,1
0,3,0,0,0,0,0,128.5262,35.1532,0,0,0,0,86,1,1
0,3,0,0,0,1,0,127.0877,37.4628,0,0,0,0,214,1,1
1,4,0,0,0,1,0,127.7607,37.8344,0,0,0,0,111,1,1
0,4,2,0,0,0,0,129.3522,35.6181,0,0,0,0,158,1,1
1,5,0,0,0,4,0,126.7659,37.4883,0,0,1,0,65,1,1
1,5,0,0,0,1,0,128.526,35.8465,0,0,1,0,20,1,1
1,5,0,0,0,0,0,126.4032,34.7987,0,0,1,0,153,1,1
0,5,0,0,0,2,0,127.0886,37.7339,0,0,1,0,64,1,1
0,5,0,0,0,0,0,126.7801,37.4834,0,0,1,0,65,1,1
0,6,0,0,0,2,0,126.7868,37.5047,0,0,1,0,65,1,1
0,0,0,0,0,1,0,126.9784,35.9585,0,0,0,0,125,1,1
0,0,0,1,1,0,0,127.636,34.7684,0,0,0,0,102,1,1
1,0,0,0,0,0,0,127.3927,35.4106,0,0,0,0,193,1,1
0,0,0,0,0,1,0,126.7853,37.6017,0,0,0,0,47,1,1
0,0,0,1,3,0,0,129.0458,35.1659,0,0,0,0,163,1,1
1,1,0,1,3,0,0,127.0693,37.2448,0,0,0,0,51,1,1
0,1,0,0,0,0,0,127.4776,36.6448,0,0,0,0,83,1,1
0,1,0,0,0,1,0,128.8787,35.581,0,0,0,0,177,0,0
0,1,0,0,0,0,0,129.0229,35.0908,0,0,0,0,226,1,1
0,2,2,0,0,0,0,126.6914,36.6472,0,0,0,0,38,1,1
0,3,1,1,1,1,0,126.7301,37.6099,0,0,0,0,47,1,0
1,3,0,0,0,0,0,129.1044,37.5344,0,0,0,0,210,1,1
1,3,0,2,4,0,0,126.6926,35.4378,0,0,0,0,219,1,1
0,3,0,0,0,0,0,128.593,34.8441,0,0,0,0,15,1,1
0,3,1,0,0,0,0,126.4268,34.803,0,0,0,0,153,1,0
0,3,0,1,3,2,0,128.0713,35.1772,0,0,0,0,42,1,1
0,4,2,0,0,0,0,126.8444,37.4962,0,0,0,0,79,1,1
0,4,0,1,1,0,0,127.1355,36.8185,0,0,0,0,63,1,1
0,4,0,1,2,1,0,127.483,36.6797,0,0,0,0,83,0,0
1,4,0,1,1,0,0,126.5974,34.5749,0,0,0,0,119,1,1
0,4,1,0,0,0,0,128.3427,36.1191,0,0,0,0,144,1,0
0,5,0,0,0,0,0,126.7538,37.506,0,0,1,0,65,1,1
0,5,1,1,3,0,0,126.7094,35.9697,0,0,1,0,166,1,0
1,5,2,0,0,0,0,128.5161,34.9082,0,0,1,0,15,1,1
0,5,0,0,0,0,0,126.9111,37.4078,0,0,1,0,151,1,1
0,5,0,1,1,0,0,126.3074,36.7555,0,0,1,0,169,1,1
1,6,0,0,0,0,0,128.8895,35.2346,0,0,1,0,13,1,1
1,6,0,2,4,0,0,127.0064,37.4914,0,0,1,0,214,1,1
1,6,0,0,0,2,0,129.0947,35.2837,0,0,1,0,96,1,1
1,0,0,2,4,0,0,127.114,35.8009,0,0,0,0,11,1,1
0,1,0,0,0,1,0,127.3374,36.6093,0,0,0,0,83,1,1
0,1,3,1,3,0,0,127.1088,36.4635,0,0,0,0,19,1,1
1,2,0,0,0,0,0,127.144,35.8257,0,0,1,0,11,1,1
1,2,0,0,0,1,0,126.4169,35.2821,0,0,1,0,127,1,1
0,2,0,1,1,1,0,126.8409,35.5701,0,0,1,0,12,1,1
1,3,1,1,3,1,0,126.8932,37.4518,0,0,0,0,81,1,0
1,3,0,0,0,0,0,126.8515,37.2964,0,0,0,0,2,1,1
1,3,0,1,2,0,0,126.6022,36.3148,0,0,0,0,136,1,1
1,3,0,0,0,0,0,126.6423,35.2238,0,0,0,0,146,1,1
1,4,2,0,0,0,0,126.7652,37.6841,0,0,0,0,40,1,1
0,4,0,0,0,0,0,126.8711,33.4389,0,0,0,0,62,1,1
0,4,0,0,0,0,0,126.6512,35.4149,0,0,0,0,219,1,1
0,5,0,1,1,1,0,126.2754,33.4125,0,0,1,0,90,1,1
0,5,0,0,0,1,0,127.1285,37.4364,0,0,1,0,95,1,1
0,5,0,1,1,0,0,128.1286,35.1891,0,0,1,0,42,1,1
1,5,2,0,0,1,0,127.2495,34.5537,0,0,1,0,191,1,1
1,5,0,0,0,0,0,127.3013,37.8422,0,0,1,0,176,1,1
1,6,0,1,1,0,0,129.3253,35.556,0,0,1,0,205,1,1
0,6,2,0,0,0,0,127.0629,37.5903,0,0,1,0,201,1,1