주야,요일,법규위반,도로형태_대분류,도로형태,당사자종별_1당_대분류,당사자종별_2당_대분류,경도,위도,사고피해정도,도시여부,주말/공휴일,인구수,발생지번호,보행자의위치,무단횡단여부
0,0,0,0,0,0,0,126.927,37.4933,0,0,0,0,188,1,1
1,0,0,1,2,1,0,128.7607,35.8414,0,0,0,0,52,1,1
1,0,0,1,1,0,0,128.5719,35.8703,0,0,0,0,107,1,1
0,0,0,0,0,2,0,129.0869,35.2012,0,0,0,0,216,1,1
0,0,0,0,0,2,0,127.1714,36.9999,0,0,0,0,23,1,1
0,1,0,0,0,0,0,127.8569,37.3339,0,0,0,0,36,1,1
0,1,0,1,2,1,0,127.0978,37.4858,0,0,0,0,89,1,1
1,1,0,1,2,0,0,129.2405,35.5703,0,0,0,0,17,1,1
1,2,0,0,0,0,0,126.9393,37.5904,0,0,0,0,195,1,1
0,6,0,1,3,0,0,126.9717,37.5495,0,0,1,0,134,1,1
0,0,0,1,3,1,0,127.0196,37.6228,0,0,0,0,200,1,1
0,6,0,0,0,0,0,127.0221,37.6124,0,0,1,0,200,1,1
1,0,3,0,0,1,0,127.0832,37.5395,0,0,0,0,183,1,1
0,4,2,0,0,0,0,126.9527,37.5465,0,0,0,0,159,1,1
0,1,0,0,0,0,0,126.908,37.5194,0,0,0,0,150,1,1
1,6,3,1,1,2,0,126.8976,37.5003,0,0,1,0,150,1,1
0,3,2,0,0,0,0,127.0466,37.552,0,0,0,0,84,1,1
1,3,0,2,4,1,0,126.9253,37.5015,0,0,0,0,93,1,1
1,1,0,1,3,0,0,126.9374,37.5047,0,0,0,0,93,1,1
0,5,3,0,0,7,0,127.0871,37.5905,0,0,1,0,196,0,0
1,3,0,1,1,1,0,126.918,37.4756,0,0,0,0,188,1,1
0,1,3,1,1,2,0,126.8693,37.5486,0,0,0,0,43,1,1
1,4,0,0,0,0,0,127.1055,37.5176,0,0,0,0,156,1,1
0,6,0,0,0,0,0,127.1053,37.5263,1,0,1,0,156,1,1
0,1,1,1,3,2,0,126.886,37.4987,0,0,0,0,79,0,0
0,1,0,0,0,2,0,127.0437,37.6694,0,0,0,0,98,1,1
1,0,0,0,0,1,0,126.9323,37.6151,0,0,0,0,139,1,1
0,0,0,0,0,2,0,126.9222,37.6177,0,0,1,0,139,0,0
0,3,0,0,0,2,0,127.0298,37.4936,0,0,0,0,89,1,1
1,0,1,0,0,0,0,127.055,37.4893,0,0,0,0,89,1,0
0,4,2,0,0,0,0,129.0513,35.1311,0,0,0,0,209,1,1
0,2,1,1,3,0,0,129.0956,35.1944,0,0,0,0,216,1,0
0,5,0,0,0,0,0,129.0778,35.2012,0,0,1,0,216,1,1
1,1,1,0,0,0,0,129.0206,35.1488,0,0,0,0,163,0,0
0,3,0,0,0,0,0,129.0721,35.1552,0,0,0,0,163,1,1
0,0,0,0,0,2,0,129.0344,35.1649,0,0,0,0,163,1,1
1,2,1,1,2,0,0,129.0385,35.1675,0,0,0,0,163,1,0
0,5,0,0,0,0,0,129.0649,35.1654,0,0,1,0,163,1,1
1,4,0,0,0,0,0,129.0912,35.258,0,0,0,0,96,1,1
0,3,1,1,3,0,0,128.9603,35.0922,0,0,0,0,25,1,0
1,1,0,0,0,0,0,128.9052,35.1036,0,0,0,0,206,1,1
0,6,2,0,0,0,0,128.8995,35.2252,0,0,1,0,13,1,1
1,2,0,1,1,0,0,127.0166,37.2755,0,0,0,0,99,1,1
1,4,2,0,0,1,0,127.0151,37.2875,0,0,0,0,99,1,1
0,5,0,0,0,0,0,127.0123,37.2915,0,0,1,0,99,1,1
1,4,0,0,0,2,0,126.9951,37.3057,0,0,0,0,99,1,1
1,3,0,1,1,1,0,127.1482,37.4513,0,0,0,0,95,1,1
0,2,0,0,0,0,0,127.0591,37.1077,0,0,0,0,14,1,1
0,1,0,0,0,0,0,126.9382,36.9864,0,0,0,0,14,1,1
0,6,0,0,0,0,0,127.0571,37.024,0,0,1,0,14,1,1
0,3,0,1,1,1,0,126.9564,36.9982,0,0,0,0,14,1,1
1,5,4,0,0,1,0,127.237,37.013,0,0,1,0,23,0,0
0,1,0,0,0,1,0,127.6411,37.2633,0,0,0,0,22,1,1
1,0,0,1,3,1,0,127.2094,37.2333,0,0,0,0,51,1,1
1,4,0,1,1,0,0,127.3103,37.1646,0,0,0,0,51,1,1
0,5,0,0,0,0,0,127.209,37.2362,0,0,1,0,51,1,1
0,6,0,1,1,0,0,126.628,37.6461,0,0,1,0,47,1,1
1,1,0,0,0,0,0,126.8074,37.4781,0,0,0,0,65,1,1
0,1,0,1,3,2,0,127.0637,37.1707,0,0,0,0,143,1,1
1,3,3,1,1,0,0,126.9435,37.3448,0,0,0,0,126,0,0
0,4,0,0,0,0,0,126.9147,37.3165,0,0,0,0,126,1,1
0,5,0,0,0,0,0,126.8467,37.3161,0,0,1,0,2,1,1
0,6,2,0,0,0,0,126.8429,37.282,0,0,1,0,2,1,1
1,1,3,0,0,2,0,126.9163,37.1259,0,0,0,0,50,1,1
0,6,0,0,0,4,0,126.9739,37.2206,0,0,1,0,50,1,1
0,0,0,0,0,0,0,126.803,37.5325,0,0,0,0,65,1,1
1,3,0,0,0,0,0,128.9135,37.7453,0,0,0,0,194,1,1
1,2,0,0,0,1,0,128.8391,37.7275,0,0,0,0,194,1,1
1,1,0,2,4,1,0,127.9414,37.3412,0,0,0,0,36,0,0
0,4,0,1,2,0,0,128.5752,38.198,0,0,0,0,104,1,1
1,5,0,2,4,0,0,128.6257,38.0059,0,0,1,0,164,0,0
0,3,0,2,4,0,0,128.5085,38.3563,0,0,0,0,217,1,1
0,2,0,2,4,0,0,128.4991,38.377,0,0,0,0,217,1,1
0,2,0,2,4,0,0,128.5088,38.2306,0,0,0,0,217,1,1
0,2,0,0,0,1,0,127.4628,36.6791,0,0,0,0,83,1,1
1,4,0,1,1,1,0,127.4835,36.6742,0,0,0,0,83,1,1
0,0,0,0,0,0,0,127.6002,36.773,0,0,0,0,138,1,1
0,4,0,1,2,0,0,127.4923,36.9769,0,0,0,0,110,1,1
1,4,0,1,3,1,0,127.3622,36.6243,0,0,0,0,83,1,1
0,3,0,0,0,1,0,127.483,37.0241,0,0,1,0,110,1,1
1,4,1,1,2,2,0,126.4597,36.791,0,0,0,0,69,1,0
0,4,0,0,0,0,0,126.452,36.7717,0,0,0,0,69,1,1
1,3,0,2,4,0,0,126.6525,36.572,0,0,0,0,38,1,1
1,5,0,0,0,1,0,126.7637,36.215,0,0,1,0,129,1,1
1,2,0,1,1,0,0,126.7742,36.8084,0,0,0,0,46,1,1
0,0,0,0,0,0,0,126.67,36.8758,0,0,0,0,46,1,1
0,4,0,0,0,0,0,126.5172,36.8476,0,0,0,0,46,1,1
0,6,0,2,4,0,0,126.8133,36.4484,0,0,1,0,174,1,1
0,5,4,0,0,0,0,127.1344,36.8138,0,0,1,0,63,1,1
0,3,0,2,4,1,0,126.2391,36.7316,0,0,0,0,169,1,1
0,6,0,0,0,2,0,126.1657,36.6922,0,0,1,0,169,1,1
0,5,2,1,1,0,0,127.1289,35.7946,0,0,1,0,11,1,1
0,4,0,0,0,0,0,127.1496,35.8641,0,0,0,0,11,1,1
0,3,1,1,1,0,0,126.6868,35.9265,0,0,0,0,166,1,0
1,5,0,1,1,1,0,126.8224,35.7249,0,0,1,0,34,1,1
0,0,0,0,0,0,0,127.3235,35.6076,0,0,0,0,152,1,1
1,5,0,1,1,0,0,127.6565,36.0049,0,0,1,0,182,1,1
0,5,1,1,3,0,0,127.1453,35.955,0,0,1,0,28,1,0
0,0,0,0,0,0,0,126.7021,36.8898,0,0,0,0,46,1,1
1,0,0,2,4,1,0,126.2111,35.0597,0,0,0,0,132,1,1
0,6,0,0,0,0,0,126.3826,34.8108,0,0,1,0,153,1,1
0,6,3,1,2,0,0,127.7198,34.7343,0,0,1,0,102,1,1
1,1,0,1,1,0,0,127.746,34.744,0,0,0,0,102,1,1
1,5,0,0,0,0,0,127.5296,34.9507,0,0,1,0,27,1,1
0,0,0,0,0,0,0,127.4848,34.9569,0,0,0,0,27,1,1
1,0,0,0,0,1,0,127.2644,35.0053,0,0,0,0,27,1,1
1,5,0,0,0,1,0,126.8066,35.0451,0,0,1,0,33,1,1
1,0,0,1,1,2,0,126.7219,35.034,0,0,0,0,33,1,1
1,2,0,0,0,0,0,126.5529,34.4571,0,0,0,0,119,1,1
0,6,0,0,0,0,0,127.6979,34.9329,0,0,1,0,130,1,1
0,6,0,0,0,1,0,127.486,35.2081,0,0,1,0,161,1,1
0,1,2,0,0,0,0,129.3173,35.7879,0,0,0,0,100,1,1
0,4,0,1,2,0,0,129.3112,35.771,0,0,0,0,100,1,1
0,2,0,0,0,0,0,129.3138,35.7233,0,0,0,0,100,1,1
0,4,2,1,3,0,0,129.3657,36.0382,0,0,0,0,160,0,0
0,4,0,0,0,4,0,129.378,36.0565,0,0,0,0,160,1,1
0,1,0,0,0,0,0,129.3574,36.0304,0,0,0,0,160,1,1
0,1,0,0,0,0,0,128.1574,36.143,0,0,1,0,76,1,1
0,0,0,1,2,1,0,128.505,36.805,0,0,0,0,113,1,1
1,5,0,1,2,3,0,128.872,35.9317,0,0,1,0,5,1,1
0,0,1,1,3,2,0,128.7275,35.8225,0,0,0,0,52,1,0
0,1,0,0,0,2,0,128.8494,35.897,0,0,0,0,52,1,1
0,5,0,0,0,1,0,128.3057,36.4894,0,0,1,0,55,1,1
1,5,2,0,0,0,0,128.5037,36.6159,0,0,1,0,55,1,1
1,1,5,2,4,0,0,128.8304,35.6886,0,0,0,0,3,0,0
0,3,0,0,0,1,0,128.353,36.2811,0,0,0,0,144,1,1
1,4,2,0,0,0,0,128.3617,36.095,0,0,0,0,144,1,1
0,2,1,1,3,0,0,128.0877,35.1759,0,0,0,0,42,0,0
0,4,1,0,0,0,0,128.099,35.1333,0,0,0,0,42,1,0
0,4,0,0,0,0,0,128.8042,35.1136,0,0,0,0,86,1,1
1,1,0,0,0,5,0,128.6987,35.1526,0,0,0,0,86,1,1
0,2,1,0,0,0,0,128.4221,34.8468,0,0,0,0,212,1,0
0,6,0,1,2,0,0,128.7526,35.4945,0,0,1,0,177,1,1
1,3,4,1,2,0,0,128.8824,35.2284,0,0,1,0,13,1,1
0,2,0,1,2,0,0,128.8744,35.2558,0,0,0,0,13,1,1
0,4,0,0,0,1,0,128.9147,35.2353,0,0,0,0,13,1,1
1,3,0,0,0,1,0,128.3085,34.9972,0,0,0,0,87,1,1
0,1,0,0,0,0,0,128.6479,34.9106,0,0,0,0,15,1,1
0,1,0,1,3,0,0,128.6889,35.2225,0,0,0,0,86,1,1
0,1,0,1,2,0,0,128.5789,35.2341,0,0,0,0,86,1,1
1,2,1,1,3,1,0,128.815,35.2123,0,0,0,0,13,0,0
0,6,0,0,0,0,0,126.5269,33.5003,0,0,1,0,90,1,1
0,2,0,0,0,0,0,126.5256,33.4922,0,0,1,0,90,1,1
1,1,0,1,2,0,0,126.6206,33.262,0,0,0,0,62,1,1
1,5,0,1,1,0,0,126.9121,33.453,0,0,1,0,62,1,1
0,5,1,2,4,0,0,126.2815,33.2493,0,0,1,0,62,1,0
0,2,0,0,0,0,0,126.2812,33.439,0,0,0,0,90,1,1
1,0,0,1,3,0,0,126.4309,33.489,0,0,0,0,90,1,1
1,1,0,1,3,0,0,128.6482,35.9093,0,0,0,0,26,1,1
0,1,0,1,1,2,0,128.6063,35.8839,0,0,0,0,112,1,1
1,6,3,0,0,0,0,128.5542,35.8568,0,0,1,0,107,1,1
0,6,2,0,0,0,0,128.5703,35.8492,0,0,1,0,20,1,1
1,4,0,0,0,1,0,128.5176,35.8552,0,0,0,0,20,1,1
0,1,3,1,3,0,0,126.6356,37.4682,0,0,0,0,72,1,1
0,4,0,0,0,1,0,126.645,37.4657,0,0,0,0,29,1,1
1,2,1,1,3,0,0,126.6726,37.4617,0,0,0,0,29,0,0
0,2,1,1,3,0,0,126.7243,37.4852,0,0,0,0,44,1,0
0,4,0,0,0,0,0,126.7285,37.4552,0,0,0,0,29,1,1
1,2,0,1,1,2,0,126.6711,37.4779,0,0,0,0,97,1,1
1,3,1,1,3,2,0,126.7584,37.5602,0,0,0,0,7,1,0
0,6,0,0,0,2,0,126.7324,37.487,0,0,1,0,44,1,1
0,4,0,0,0,0,0,126.8078,35.103,0,0,0,0,222,1,1
0,0,3,1,3,0,0,126.8349,35.0696,0,0,0,0,190,1,1
1,0,0,1,2,0,0,126.911,35.1294,0,0,0,0,190,1,1
0,0,0,0,0,1,0,126.9303,35.181,0,0,0,0,137,1,1
0,6,0,2,4,0,0,126.8535,35.2176,0,0,1,0,135,1,1
1,6,0,0,0,0,0,127.3877,36.3264,0,0,1,0,4,1,1
0,6,0,0,0,0,0,127.4224,36.3587,0,0,1,0,77,1,1
0,4,1,0,0,1,0,127.4089,36.3649,0,0,0,0,77,0,0
1,4,0,0,0,1,0,127.4429,36.3529,0,0,0,0,77,1,1
1,5,0,0,0,0,0,129.3532,35.5413,0,0,1,0,213,1,1
1,1,0,0,0,0,0,127.0322,37.7576,0,0,0,0,64,1,1
1,3,1,0,0,1,0,127.1681,37.6132,0,0,0,0,70,1,0
1,1,0,0,0,1,0,127.1922,37.7253,0,0,0,0,70,1,1
1,4,5,1,3,1,0,127.1518,37.61,0,0,0,0,70,1,1
0,0,0,1,1,1,0,127.1773,37.6569,0,0,0,0,70,1,1
0,4,2,0,0,0,0,127.0542,37.8458,0,0,0,0,59,1,1
0,4,0,1,1,0,0,127.184,37.8747,0,0,0,0,171,1,1
1,1,0,0,0,2,0,126.9705,37.5693,0,0,0,0,116,1,1
0,3,3,0,0,0,0,127.0141,37.5725,0,0,0,0,116,1,1
1,0,3,1,3,0,0,126.968,37.5296,0,0,0,0,134,1,1
0,6,0,0,0,0,0,127.008,37.5892,0,0,1,0,167,1,1
1,4,1,1,1,3,0,127.023,37.6336,0,0,0,0,200,1,0
1,0,3,0,0,0,0,127.0307,37.6351,0,0,0,0,200,1,1
0,0,0,1,2,1,0,127.0436,37.5857,0,0,0,0,201,1,1
0,5,1,1,1,1,0,126.9078,37.5148,0,0,1,0,150,1,0
1,0,1,1,3,1,0,126.9002,37.4549,0,0,0,0,109,1,0
0,1,1,1,3,1,0,127.0447,37.548,0,0,0,0,84,1,0
0,5,0,1,1,2,0,127.0858,37.5966,0,0,1,0,196,1,1
0,6,0,0,0,0,0,127.0977,37.591,0,0,1,0,196,1,1
0,3,2,1,2,0,0,127.0563,37.5076,0,0,0,0,89,1,1
0,0,0,0,0,0,0,127.0441,37.5178,0,0,0,0,89,0,0
0,6,1,0,0,0,0,127.1325,37.5315,0,0,1,0,91,1,0
1,0,4,1,2,0,0,127.1512,37.4973,0,0,0,0,156,0,0
0,5,0,0,0,2,0,126.8464,37.5015,0,0,1,0,79,1,1
1,0,0,1,3,2,0,126.9015,37.4847,0,0,0,0,79,1,1
0,5,0,0,0,0,0,126.8713,37.4953,0,0,1,0,79,1,1
0,4,0,0,0,0,0,126.8942,37.4945,0,0,0,0,79,1,1
0,3,0,0,0,0,0,127.0219,37.5036,0,0,0,0,214,1,1
1,3,2,1,2,0,0,127.0046,37.4825,0,0,0,0,214,1,1
0,6,0,2,4,0,0,127.0535,37.6812,0,0,1,0,18,1,1
1,4,0,1,2,2,0,127.0271,37.649,0,0,0,0,98,1,1
1,1,0,0,0,2,0,126.9062,37.6123,0,0,0,0,139,1,1
1,5,0,0,0,4,0,129.0251,35.102,0,0,1,0,228,1,1
0,5,1,0,0,0,0,129.0615,35.1395,0,0,1,0,209,1,0
1,2,0,0,0,0,0,129.0181,35.1153,0,0,0,0,226,1,1
1,2,0,0,0,5,0,129.112,35.1197,0,0,0,0,180,1,1
1,6,0,1,1,0,0,129.1174,35.154,0,0,1,0,45,1,1
0,0,0,0,0,0,0,129.1622,35.1654,0,0,0,0,1,1,1
0,0,0,0,0,1,0,129.0316,35.1537,0,0,0,0,163,1,1
0,5,2,0,0,0,0,128.986,35.1821,0,0,1,0,120,1,1
0,1,2,0,0,0,0,129.211,35.2173,0,0,0,0,85,1,1
0,3,2,1,1,0,0,127.0087,37.2925,0,0,0,0,99,1,1
1,1,0,1,3,1,0,127.0218,37.0175,0,0,0,0,14,1,1
0,3,0,1,3,1,0,127.1213,36.9912,0,0,0,0,14,1,1
0,3,0,0,0,0,0,126.9663,37.0506,0,0,0,0,14,1,1
1,0,0,1,3,0,0,126.9567,37.4011,0,0,0,0,151,1,1
0,0,0,1,1,1,0,127.3973,37.218,0,0,0,0,41,1,1
1,5,0,0,0,0,0,127.3791,37.2033,0,0,1,0,41,1,1
0,1,0,0,0,0,0,127.2864,37.471,0,0,0,0,9,1,1
0,4,2,1,2,0,0,127.6378,37.2683,0,0,0,0,22,1,1
0,3,0,1,1,0,0,127.2225,37.308,0,0,0,0,51,1,1
1,4,1,1,3,0,0,126.6649,37.6392,0,0,0,0,47,1,0
0,3,0,1,2,5,0,126.6597,37.6629,0,0,0,0,47,1,1
1,0,0,1,1,4,0,126.7061,37.6287,0,0,0,0,47,1,1
0,6,0,1,2,0,0,126.7815,37.4793,0,0,1,0,65,1,1
1,5,0,1,2,0,0,127.0558,37.1603,0,0,1,0,143,0,0
0,2,0,0,0,2,0,127.0715,37.2271,0,0,0,0,50,1,1
0,5,3,1,3,0,0,126.7671,37.4925,0,0,1,0,65,1,1
1,1,2,0,0,0,0,126.7575,37.497,0,0,0,0,65,1,1
0,5,0,0,0,1,0,126.8748,37.4595,0,0,1,0,81,1,1
0,1,1,1,1,0,0,126.7663,37.3373,0,0,0,0,2,1,0
1,2,2,1,1,0,0,126.8254,37.3566,0,0,0,0,2,1,1
0,1,0,1,3,0,0,127.053,37.2458,0,0,1,0,99,1,1
0,1,2,1,1,0,0,127.0649,37.2592,0,0,0,0,99,1,1
0,6,2,0,0,0,0,127.0144,37.2522,0,0,1,0,99,1,1
0,6,2,0,0,0,0,127.1378,37.4358,0,0,1,0,95,1,1
0,6,0,0,0,0,0,127.1492,37.4288,0,0,1,0,95,1,1
0,6,0,0,0,0,0,127.1116,37.3914,0,0,1,0,95,1,1
0,1,0,0,0,0,0,126.7388,37.3733,0,0,0,0,73,1,1
1,1,0,1,2,5,0,126.8619,37.1082,0,0,0,0,50,1,1
0,5,0,0,0,0,0,126.9158,37.4055,0,0,1,0,151,1,1
1,4,0,1,2,1,0,126.9372,37.3801,0,0,0,0,151,1,1
1,1,3,1,1,2,0,127.084,37.3103,0,0,0,0,51,1,1
0,1,0,0,0,0,0,127.7732,37.8046,0,0,1,0,111,1,1
0,6,1,0,0,0,0,127.8412,37.3142,0,0,1,0,36,1,0
1,3,0,0,0,0,0,128.5961,38.0384,0,0,0,0,164,1,1
1,3,0,0,0,0,0,129.1662,37.4423,0,0,0,0,78,1,1
1,1,0,0,0,2,0,128.4203,37.4642,0,0,0,0,24,1,1
0,4,0,0,0,0,0,128.7149,37.322,0,0,0,0,198,1,1
1,5,0,0,0,1,0,127.2255,38.2065,0,0,1,0,184,1,1
1,2,0,0,0,0,0,127.4838,36.6707,0,0,0,0,83,1,1
1,4,0,0,0,0,0,127.8845,37.1209,0,0,0,0,6,1,1
0,6,0,0,0,0,0,127.4313,36.6318,0,0,1,0,83,1,1
0,6,0,1,2,0,0,127.3878,36.6201,0,0,1,0,83,1,1
0,1,0,0,0,1,0,127.5008,36.5498,0,0,0,0,83,1,1
0,2,2,0,0,0,0,127.4748,36.612,0,0,0,0,83,1,1
1,6,0,0,0,1,0,126.4354,36.9363,0,0,1,0,69,1,1
0,5,0,0,0,1,0,126.437,36.7955,0,0,1,0,69,1,1
0,0,2,1,1,0,0,127.1825,36.8497,0,0,0,0,63,1,1
1,1,0,1,2,1,0,127.1464,36.8767,0,0,0,0,63,1,1
1,4,2,0,0,0,0,127.183,36.8498,0,0,0,0,63,1,1
1,5,0,0,0,0,0,127.1679,36.2952,0,0,1,0,61,1,1
0,2,0,0,0,0,0,127.0342,36.8899,0,0,0,0,53,1,1
1,2,0,1,2,0,0,126.7509,36.6896,0,0,0,0,187,1,1
0,1,0,0,0,1,0,126.8573,36.7366,0,0,0,0,187,1,1
1,0,0,0,0,0,0,126.7292,36.9331,0,0,0,0,46,1,1
1,2,0,1,2,0,0,126.7227,36.8454,0,0,0,0,46,1,1
0,2,0,0,0,0,0,126.7318,36.8923,0,0,0,0,46,1,1
1,2,0,0,0,0,0,126.6812,36.94,0,0,0,0,46,1,1
1,1,1,1,3,1,0,127.1462,36.7825,0,0,0,0,63,1,0
1,0,0,1,1,2,0,127.1586,36.819,0,0,0,0,63,1,1
0,5,2,1,1,0,0,127.1299,35.807,0,0,1,0,11,1,1
0,1,0,0,0,1,0,126.8122,35.9454,0,0,0,0,166,1,1
0,0,0,0,0,0,0,126.781,35.9582,0,0,0,0,166,1,1
0,2,0,1,3,0,0,126.9534,35.9652,0,0,0,0,125,1,1
0,3,1,1,3,0,0,126.9585,35.9521,0,0,0,0,125,1,0
1,0,1,1,2,0,0,126.968,35.9503,0,0,0,0,125,1,0
0,5,1,0,0,0,0,127.3956,35.4198,0,0,1,0,193,1,0
0,3,0,1,1,1,0,126.6971,35.436,0,0,0,0,219,1,1
0,2,2,0,0,0,0,126.6866,35.6932,0,0,0,0,185,1,1
0,1,2,0,0,0,0,127.3141,35.5777,0,0,0,0,152,1,1
1,1,0,2,4,1,0,126.1474,35.0031,0,0,1,0,132,1,1
1,0,0,0,0,1,0,126.1079,34.8265,0,0,0,0,132,1,1
0,2,0,0,0,2,0,126.3991,34.8041,0,0,0,0,153,1,1
0,2,1,1,2,1,0,127.748,34.7454,0,0,0,0,102,1,0
1,1,0,1,2,0,0,127.6596,34.8073,0,0,0,0,102,1,1
1,4,0,0,0,0,0,127.6931,34.7482,0,0,0,0,102,1,1
0,6,0,0,0,0,0,127.5496,35.0026,0,0,1,0,27,1,1
0,0,0,0,0,1,0,126.8835,35.0003,0,0,0,0,33,0,0
0,6,0,1,1,1,0,126.4991,35.2238,0,0,1,0,127,1,1
0,5,0,0,0,0,0,126.9201,35.0526,0,0,1,0,88,1,1
0,1,0,0,0,1,0,126.7734,34.7052,0,0,0,0,121,1,1
0,5,0,1,2,0,0,126.4502,34.8256,0,0,1,0,101,1,1
0,0,0,0,0,0,0,126.4534,34.9632,0,0,0,0,101,1,1
1,6,0,0,0,1,0,126.3384,34.4615,0,0,1,0,71,1,1
1,0,0,1,1,0,0,129.1391,35.7484,0,0,0,0,100,0,0
1,2,0,0,0,0,0,129.3188,35.7371,0,0,0,0,100,1,1
1,2,0,0,0,6,0,129.3601,36.0392,0,0,0,0,160,1,1
0,6,0,0,0,0,0,129.3581,36.0343,1,0,1,0,160,1,1
0,5,0,0,0,0,0,128.747,36.5616,0,0,1,0,66,1,1
1,0,0,1,1,0,0,127.9632,36.34,0,0,0,0,58,0,0
1,5,0,1,1,3,0,128.3963,35.9883,0,0,1,0,21,1,1
1,3,1,1,3,0,0,128.4076,36.0001,0,0,0,0,21,1,0
0,5,0,0,0,2,0,128.9092,36.0955,0,0,1,0,5,1,1
0,6,1,0,0,0,0,128.7488,35.833,0,0,1,0,52,1,0
1,5,2,1,3,0,0,128.7233,35.8166,0,0,1,0,52,1,1
1,2,0,0,0,0,0,128.8159,35.8466,0,0,0,0,52,1,1
0,5,3,1,3,1,0,128.7634,35.8443,0,0,1,0,52,1,1
0,4,0,0,0,0,0,128.7804,35.8906,0,0,0,0,52,0,0
0,6,0,0,0,0,0,128.4666,35.8173,0,0,1,0,220,1,1
0,4,3,1,1,6,0,128.3344,36.1161,0,0,0,0,144,1,1
0,6,0,0,0,0,0,129.3608,36.0095,0,0,1,0,160,1,1
0,4,1,1,3,1,0,128.0637,35.192,0,0,0,0,42,1,0
0,1,0,0,0,0,0,128.0837,35.1928,0,0,1,0,42,1,1
1,5,1,0,0,0,0,128.0775,35.196,0,0,1,0,42,1,0
1,5,0,0,0,0,0,128.698,35.1585,0,0,1,0,86,1,1
0,2,0,0,0,0,0,128.4177,34.94,0,0,0,0,212,1,1
0,5,1,0,0,0,0,128.4222,34.8466,0,0,1,0,212,1,0
1,0,0,0,0,0,0,128.0881,35.0797,0,0,0,0,57,1,1
0,3,0,1,2,0,0,127.9527,35.6505,0,0,0,0,154,1,1
0,1,0,1,1,0,0,127.9142,35.7955,0,0,0,0,154,1,1
0,1,0,1,2,0,0,128.1615,35.5675,0,0,0,0,133,1,1
1,4,0,1,1,0,0,128.407,35.5085,0,0,0,0,211,1,1
0,2,0,1,1,0,0,129.0559,35.3954,0,0,0,0,49,1,1
1,5,0,1,2,1,0,129.1683,35.4156,0,0,1,0,49,1,1
1,4,5,0,0,0,0,128.9357,35.4133,1,0,0,0,49,1,1
1,0,0,0,0,2,0,129.0323,35.3384,0,0,0,0,49,1,1
1,2,0,2,4,1,0,127.7513,35.0667,0,0,0,0,172,0,0
1,5,2,0,0,0,0,128.7034,34.9084,0,0,1,0,15,1,1
0,4,0,0,0,0,0,128.6153,34.8891,0,0,0,0,15,1,1
1,5,0,0,0,1,0,127.8405,35.4811,1,0,1,0,224,1,1
1,0,0,0,0,1,0,127.8575,35.4656,0,0,0,0,224,0,0
0,1,0,0,0,0,0,128.8089,35.2028,0,0,0,0,13,1,1
1,3,0,1,2,0,0,128.7504,35.301,0,0,1,0,13,1,1
0,2,2,0,0,4,0,126.5595,33.509,0,0,0,0,90,1,1
0,5,0,1,2,0,0,126.5744,33.252,0,0,1,0,62,1,1
0,6,1,0,0,0,0,126.4237,33.2518,0,0,1,0,62,1,0
0,5,0,0,0,0,0,126.9072,33.4271,0,0,1,0,62,1,1
0,6,1,1,3,2,0,128.6314,35.8215,0,0,1,0,37,1,0
0,6,0,1,2,1,0,128.5026,35.8051,0,0,1,0,30,1,1
0,4,2,0,0,0,0,128.6016,35.8911,0,0,0,0,112,1,1
1,5,3,1,3,0,0,128.5963,35.9017,0,0,1,0,112,1,1
1,4,4,2,4,2,0,126.4566,37.4426,1,0,0,0,72,1,1
0,0,0,0,0,1,0,126.6063,37.5664,0,0,0,0,97,1,1
1,2,0,0,0,1,0,126.7226,37.5312,0,0,0,0,7,1,1
1,4,0,0,0,2,0,126.7399,37.4475,0,0,0,0,29,1,1
1,4,0,0,0,1,0,126.9014,37.673,0,0,0,0,40,1,1
0,4,0,0,0,0,0,126.9312,35.1571,0,0,0,0,162,1,1
1,2,1,0,0,3,0,126.9027,35.1666,0,0,0,0,137,1,0
0,2,3,0,0,0,0,126.9028,35.1584,0,0,0,0,137,1,1
0,3,0,1,2,0,0,126.7595,35.1206,0,0,0,0,135,1,1
0,6,0,0,0,0,0,127.4536,36.3176,0,0,1,0,80,1,1
1,2,0,0,0,1,0,127.3369,36.3014,0,0,0,0,4,1,1
0,0,0,0,0,0,0,127.3785,36.3238,0,0,0,0,4,1,1
1,1,0,0,0,1,0,127.4224,36.4362,0,0,0,0,77,0,0
1,5,1,1,3,0,0,127.3861,36.4353,0,0,1,0,148,1,0
0,6,0,1,3,1,0,129.3313,35.5382,0,0,1,0,213,1,1
0,6,1,2,4,0,0,129.2902,35.5459,0,0,1,0,213,1,0
0,4,0,0,0,0,0,129.4282,35.4856,0,0,0,0,225,1,1
0,2,0,1,1,0,0,129.2778,35.4168,0,0,0,0,17,1,1
1,2,0,0,0,2,0,126.7248,37.7398,0,0,0,0,175,1,1
1,0,0,0,0,2,0,127.3664,38.0355,0,0,0,0,171,1,1
0,3,0,1,1,0,0,127.0677,38.0496,0,0,0,0,106,1,1
0,6,4,0,0,2,0,126.9514,37.5808,0,0,1,0,195,1,1
0,5,0,1,2,0,0,126.9249,37.5949,0,0,1,0,139,1,1
0,5,0,0,0,0,0,126.9887,37.5339,0,0,1,0,134,1,1
0,5,0,0,0,4,0,127.0081,37.5875,0,0,1,0,167,0,0