주야,요일,법규위반,도로형태_대분류,도로형태,당사자종별_1당_대분류,당사자종별_2당_대분류,경도,위도,사고피해정도,도시여부,주말/공휴일,인구수,발생지번호,보행자의위치,무단횡단여부
0,2,0,0,0,0,0,127.009,37.5896,0,0,0,0,167,1,1
0,0,3,1,1,2,0,127.0254,37.635,0,0,0,0,200,1,1
1,6,1,1,3,0,0,127.056,37.5899,0,0,1,0,201,1,0
1,1,0,0,0,2,0,126.9205,37.5543,0,0,0,0,159,1,1
1,0,3,0,0,0,0,126.9242,37.5258,0,0,0,0,150,1,1
1,3,0,0,0,0,0,127.0364,37.5599,0,0,0,0,84,1,1
1,4,3,0,0,0,0,126.9385,37.5136,0,0,0,0,93,1,1
0,5,0,1,3,4,0,126.9336,37.474,0,0,1,0,188,0,0
0,0,0,1,2,1,0,126.8126,37.5702,0,0,0,0,43,1,1
0,5,0,0,0,0,0,126.8575,37.539,0,0,1,0,43,1,1
1,0,0,1,1,0,0,127.1242,37.4883,0,0,0,0,156,0,0
1,6,0,0,0,0,0,127.0772,37.5027,0,0,1,0,156,1,1
0,2,3,1,3,0,0,126.8393,37.5174,0,0,0,0,140,1,1
1,0,4,0,0,0,0,127.0618,37.6491,0,0,0,0,18,0,0
1,0,0,0,0,0,0,127.0783,37.6563,0,0,0,0,18,1,1
0,2,0,1,2,0,0,127.0445,37.6733,0,0,0,0,98,1,1
1,1,0,1,1,0,0,126.9171,37.6237,0,0,0,0,139,1,1
0,6,0,0,0,0,0,128.9965,35.2063,0,0,1,0,118,1,1
0,2,0,0,0,2,0,129.0797,35.2037,2,0,0,0,216,1,1
1,2,0,0,0,5,0,129.1282,35.2198,0,0,0,0,1,1,1
1,6,0,2,4,1,0,129.1442,35.1633,0,0,1,0,1,1,1
0,4,0,0,0,4,0,129.06,35.1591,0,0,0,0,163,1,1
0,3,0,0,0,0,0,129.0289,35.1477,0,0,0,0,163,1,1
1,4,0,0,0,2,0,129.0883,35.1801,0,0,0,0,221,0,0
0,3,2,0,0,0,0,129.0895,35.1742,0,0,0,0,221,1,1
0,4,0,0,0,0,0,128.9767,35.2114,0,0,0,0,206,1,1
1,4,0,0,0,0,0,128.8843,35.0887,0,0,0,0,206,1,1
0,5,0,0,0,0,0,128.9267,35.1129,0,0,1,0,206,1,1
1,5,2,1,2,0,0,128.9586,35.163,0,0,1,0,206,1,1
0,1,1,1,3,1,0,129.1917,35.3198,0,0,0,0,85,1,0
0,6,0,0,0,0,0,127.0054,37.3039,0,0,1,0,99,1,1
1,4,0,0,0,3,0,126.8343,37.0024,0,0,0,0,14,0,0
0,4,0,0,0,0,0,127.2707,37.4023,0,0,0,0,9,1,1
0,5,0,1,2,2,0,127.2648,37.4063,0,0,1,0,9,1,1
0,4,0,0,0,0,0,127.0366,37.2117,0,0,0,0,50,1,1
1,4,1,1,3,0,0,126.7513,37.4895,0,0,0,0,65,0,0
0,2,0,0,0,0,0,126.8522,37.4749,0,0,0,0,81,1,1
1,4,2,1,2,0,0,127.0353,37.2607,0,0,0,0,99,1,1
0,6,2,0,0,0,0,126.9336,37.3704,0,0,1,0,126,1,1
0,1,1,1,3,2,0,127.1172,37.3918,0,0,0,0,95,0,0
0,6,0,1,2,2,0,126.7511,37.3433,0,0,1,0,73,1,1
0,5,0,0,0,0,0,126.7483,37.3396,0,0,1,0,73,1,1
0,4,0,1,3,2,0,126.8455,37.3161,0,0,0,0,2,1,1
0,3,2,0,0,0,0,126.9147,37.2987,0,0,0,0,2,1,1
0,2,0,0,0,1,0,127.0094,37.2683,0,0,1,0,99,1,1
1,0,0,1,3,1,0,127.2037,37.5391,0,0,0,0,67,1,1
1,6,1,1,3,0,0,126.7979,37.5192,0,0,1,0,65,1,0
0,6,2,0,0,0,0,128.8886,37.7404,0,0,1,0,194,1,1
0,5,0,0,0,0,0,128.8734,37.7856,0,0,1,0,194,1,1
0,3,0,0,0,0,0,128.4142,37.407,0,0,0,0,24,1,1
1,3,5,0,0,1,0,128.555,37.6336,0,0,0,0,24,0,0
0,5,0,0,0,1,0,129.1034,37.5094,0,0,1,0,210,1,1
0,2,0,0,0,0,0,127.4762,36.6579,0,0,0,0,83,1,1
0,2,0,1,2,2,0,127.4526,36.7406,0,0,0,0,83,1,1
1,6,0,2,4,0,0,127.9107,36.9822,0,0,1,0,6,1,1
0,6,2,1,1,0,0,127.826,36.9733,0,0,1,0,6,1,1
0,3,0,0,0,0,0,127.4354,36.9104,0,0,0,0,60,0,0
0,1,0,0,0,1,0,127.7338,37.046,0,0,0,0,6,1,1
0,3,0,1,1,2,0,127.1282,36.916,0,0,1,0,63,1,1
1,6,0,0,0,1,0,127.1404,36.3028,0,0,1,0,61,1,1
0,4,0,0,0,0,0,127.0805,36.1951,0,0,0,0,61,1,1
0,2,0,0,0,2,0,126.7134,36.6212,0,0,0,0,38,1,1
0,6,0,0,0,1,0,126.8654,36.7515,0,0,1,0,53,0,0
1,0,0,0,0,0,0,126.9986,36.7787,0,0,0,0,53,1,1
1,3,1,0,0,0,0,127.0084,36.7796,0,0,0,0,53,1,0
0,6,0,0,0,9,0,126.9211,36.7234,0,0,1,0,53,0,0
0,2,0,0,0,1,0,126.5969,36.4574,0,0,0,0,136,1,1
0,1,0,0,0,0,0,126.6037,36.4684,0,0,0,0,136,1,1
0,3,2,0,0,0,0,127.299,36.5963,0,1,0,0,229,1,1
0,4,0,1,2,1,0,127.1672,36.7306,0,1,0,0,229,1,1
0,2,4,0,0,1,0,126.5648,37.0239,0,0,0,0,46,1,1
1,1,0,1,1,1,0,126.7855,36.9445,0,0,0,0,46,1,1
1,6,3,1,3,0,0,127.1421,36.7985,0,0,1,0,63,0,0
1,4,0,1,2,3,0,127.2641,36.7563,0,0,0,0,63,1,1
0,6,0,1,1,0,0,127.114,35.8123,0,0,1,0,11,1,1
0,5,0,1,3,0,0,127.145,35.8118,0,0,1,0,11,1,1
0,3,5,0,0,0,0,127.1461,35.8293,0,0,0,0,11,1,1
0,5,0,0,0,1,0,126.7478,35.9498,0,0,1,0,166,1,1
0,0,0,1,1,2,0,126.6804,35.9728,0,0,0,0,166,1,1
0,4,0,1,1,2,0,126.7428,35.9757,0,0,0,0,166,1,1
0,6,2,0,0,0,0,126.9552,35.985,0,0,1,0,125,1,1
0,4,0,0,0,0,0,126.8772,35.6538,0,0,0,0,12,1,1
1,4,0,0,0,0,0,126.872,35.8101,0,0,0,0,34,1,1
1,5,0,0,0,0,0,127.4498,35.4585,0,0,1,0,193,1,1
0,5,0,2,4,0,0,126.7383,35.7281,0,0,1,0,185,1,1
0,5,0,2,4,0,0,127.711,34.7586,0,0,1,0,102,1,1
1,3,3,0,0,0,0,127.7074,34.7554,0,0,0,0,102,1,1
1,2,0,1,2,0,0,127.7349,34.7536,0,0,0,0,102,1,1
0,0,0,0,0,1,0,127.489,34.8456,0,0,0,0,27,1,1
0,4,0,2,4,1,0,126.7069,35.0028,0,0,0,0,33,1,1
0,5,0,0,0,0,0,126.7546,35.0235,0,0,1,0,33,1,1
1,6,0,0,0,1,0,126.9469,34.5672,0,0,1,0,56,0,0
1,5,0,0,0,1,0,126.5185,34.3672,0,0,1,0,119,1,1
0,2,0,0,0,0,0,127.0769,34.7915,0,0,0,0,122,0,0
1,4,1,1,3,0,0,126.5032,35.2734,0,0,0,0,127,1,0
1,3,0,1,1,0,0,126.7431,35.2638,0,0,0,0,146,1,1
1,5,0,0,0,0,0,127.5598,34.9653,0,0,1,0,130,1,1
0,6,2,1,2,0,0,129.494,35.7769,0,0,1,0,100,1,1
0,2,0,0,0,0,0,128.5717,36.5799,0,0,0,0,66,1,1
0,6,0,1,1,1,0,128.1334,36.1178,0,0,1,0,76,1,1
0,4,0,0,0,1,0,128.8948,35.8783,0,0,0,0,5,1,1
1,3,0,0,0,1,0,129.381,36.3438,0,0,0,0,54,1,1
1,4,0,0,0,0,0,128.3751,36.6433,0,0,0,0,55,0,0
1,0,0,2,4,1,0,128.768,35.6548,0,0,0,0,3,1,1
0,4,2,0,0,0,0,128.9715,35.6944,0,0,0,0,3,1,1
0,0,0,0,0,0,0,128.3158,35.9487,0,0,0,0,168,1,1
0,6,0,0,0,0,0,129.4315,36.661,0,0,1,0,208,1,1
0,2,0,0,0,0,0,128.2742,35.7416,0,0,0,0,220,1,1
1,2,0,0,0,1,0,129.1184,36.6643,0,0,0,0,128,0,0
0,3,0,0,0,0,0,129.4029,35.959,0,0,0,0,160,1,1
0,0,2,1,3,0,0,129.3729,36.0315,0,0,0,0,160,1,1
0,4,0,1,1,0,0,128.5758,35.1998,0,0,0,0,86,1,1
0,5,0,0,0,1,0,128.2216,35.1981,0,0,1,0,42,1,1
0,5,2,0,0,2,0,128.4206,34.8263,0,0,1,0,212,1,1
0,0,0,2,4,1,0,128.0616,35.0133,0,0,0,0,57,1,1
0,5,0,0,0,1,0,128.0015,35.1107,0,0,1,0,57,1,1
1,0,0,1,1,1,0,128.829,35.3683,0,0,0,0,13,1,1
0,2,0,0,0,0,0,128.8795,35.2259,0,0,0,0,13,1,1
0,1,0,1,2,0,0,128.1533,35.4389,0,0,0,0,133,0,0
0,5,0,0,0,1,0,128.3346,34.9621,0,0,1,0,87,1,1
0,1,1,0,0,0,0,128.0047,34.7217,0,0,0,0,197,1,0
1,3,0,1,2,1,0,128.4094,35.2734,0,0,0,0,117,1,1
0,4,0,1,1,0,0,128.5851,35.2417,0,0,0,0,86,1,1
0,1,3,0,0,4,0,128.5894,35.2456,0,0,0,0,86,1,1
0,6,0,1,1,0,0,128.6401,35.2681,0,0,1,0,86,1,1
1,1,0,0,0,1,0,128.7877,35.3245,0,0,0,0,13,1,1
0,4,0,0,0,5,0,128.5123,35.4595,0,0,0,0,211,1,1
1,1,0,1,1,1,0,126.7177,33.2787,0,0,0,0,62,1,1
0,6,0,1,2,0,0,126.5,33.4934,0,0,1,0,90,1,1
1,3,0,0,0,0,0,126.489,33.4949,0,0,0,0,90,1,1
1,2,0,0,0,1,0,126.3013,33.3641,0,0,0,0,90,1,1
1,2,0,0,0,1,0,128.6369,35.8716,0,0,0,0,37,1,1
1,4,0,1,3,1,0,128.5515,35.8202,0,0,0,0,20,1,1
1,4,0,1,2,0,0,128.5694,35.8646,0,0,0,0,107,1,1
0,5,0,0,0,0,0,128.5714,35.8637,0,0,1,0,107,1,1
0,3,0,0,0,0,0,128.5973,35.8706,0,0,0,0,178,1,1
0,0,1,1,3,2,0,126.6502,37.4651,0,0,0,0,29,1,0
1,3,0,1,1,1,0,126.7194,37.5268,0,0,0,0,7,1,1
1,0,0,0,0,0,0,126.7387,37.4208,0,0,0,0,29,1,1
0,4,0,1,2,2,0,126.8657,35.1579,0,0,0,0,222,1,1
0,0,2,0,0,0,0,126.776,35.1344,0,0,0,0,135,1,1
1,2,0,0,0,1,0,126.8491,35.2066,0,0,0,0,135,1,1
1,4,0,1,1,1,0,126.7979,35.1414,0,0,0,0,135,1,1
1,4,0,1,1,0,0,127.3939,36.3236,0,0,0,0,39,1,1
1,5,0,0,0,1,0,127.3412,36.2547,0,0,1,0,4,1,1
0,4,0,1,3,0,0,127.3884,36.3347,0,0,0,0,4,0,0
0,2,0,1,1,0,0,127.3791,36.3256,0,0,0,0,4,1,1
0,4,0,0,0,4,0,127.395,36.3471,0,0,0,0,4,1,1
0,5,0,0,0,0,0,127.3992,36.349,0,0,1,0,4,1,1
1,4,0,0,0,1,0,129.334,35.5568,0,0,0,0,205,1,1
0,1,3,1,1,0,0,129.34,35.5373,0,0,1,0,213,1,1
1,5,0,1,1,0,0,129.2874,35.4057,0,0,1,0,17,1,1
0,3,0,0,0,0,0,129.2401,35.5168,0,0,0,0,17,1,1
0,2,0,0,0,0,0,127.0282,37.7611,0,0,0,0,64,1,1
1,4,0,0,0,3,0,127.3066,37.653,0,0,0,0,70,1,1
0,6,0,1,2,0,0,127.162,37.6875,0,0,1,0,70,1,1
1,0,0,0,0,1,0,127.3629,37.766,0,0,0,0,176,1,1
0,2,4,1,3,0,0,126.7401,37.6687,0,0,0,0,40,1,1
0,2,0,0,0,0,0,127.0028,37.5711,0,0,0,0,116,1,1
1,2,0,0,0,1,0,126.935,37.6024,0,0,0,0,139,1,1
1,1,0,0,0,0,0,127.0128,37.629,0,0,0,0,200,1,1
0,6,0,2,4,0,0,127.068,37.5664,0,0,1,0,201,1,1
1,3,0,0,0,0,0,127.0922,37.552,1,0,0,0,183,0,0
0,2,0,0,0,0,0,127.0662,37.5463,0,0,0,0,183,1,1
0,5,0,0,0,1,0,126.9009,37.4533,0,0,1,0,109,1,1
0,5,0,0,0,0,0,126.9576,37.4793,0,0,1,0,188,1,1
0,5,0,1,2,0,0,126.9204,37.4737,0,0,1,0,188,1,1
1,0,0,0,0,2,0,127.1299,37.5548,0,0,0,0,91,1,1
0,1,1,1,1,0,0,127.171,37.5593,0,0,0,0,91,0,0
1,4,0,0,0,0,0,127.1214,37.5023,0,0,0,0,156,1,1
1,0,0,1,2,0,0,127.155,37.4964,0,0,0,0,156,1,1
0,5,3,0,0,0,0,127.113,37.4972,0,0,1,0,156,1,1
0,1,0,0,0,1,0,127.0369,37.6061,0,0,0,0,167,1,1
0,5,0,0,0,0,0,127.0357,37.5955,0,0,1,0,167,1,1
0,5,0,0,0,0,0,127.0085,37.4905,0,0,1,0,214,1,1
0,5,0,2,4,0,0,126.9926,37.4875,0,0,1,0,214,1,1
0,4,0,2,4,0,0,127.0003,37.4776,0,0,0,0,214,1,1
0,2,0,0,0,0,0,129.0401,35.1143,0,0,0,0,209,1,1
1,3,0,2,4,1,0,129.0164,35.1004,0,0,0,0,226,1,1
1,1,1,0,0,0,0,129.1205,35.16,0,0,0,0,45,1,0
1,5,0,0,0,4,0,129.1183,35.1255,0,0,1,0,180,1,1
1,3,1,0,0,2,0,129.0784,35.2032,0,0,0,0,216,0,0
0,3,2,0,0,0,0,129.0652,35.166,0,0,0,0,163,1,1
0,5,0,1,1,0,0,129.0918,35.2501,0,0,1,0,96,1,1
0,1,3,1,3,4,0,128.9795,35.0647,0,0,0,0,25,1,1
0,0,2,0,0,0,0,129.0985,35.1879,0,0,0,0,221,1,1
0,0,2,0,0,0,0,128.9812,35.1626,0,0,0,0,120,1,1
1,4,0,1,1,2,0,127.0151,37.2922,0,0,0,0,99,1,1
0,2,0,0,0,1,0,127.1375,37.4425,0,0,0,0,95,1,1
0,2,0,0,0,0,0,127.1286,37.4341,0,0,0,0,95,1,1
0,5,1,1,1,0,0,127.0909,36.9972,0,0,1,0,14,1,0
1,2,0,1,2,3,0,126.9385,36.9904,0,0,0,0,14,1,1
0,3,2,1,1,0,0,127.0849,37.0049,0,0,0,0,14,1,1
0,2,0,2,4,0,0,127.2011,37.4118,0,0,0,0,9,1,1
0,5,0,0,0,0,0,127.6301,37.3907,0,0,1,0,22,1,1
1,2,0,0,0,3,0,127.0711,37.2306,0,0,0,0,51,1,1
0,4,0,1,2,2,0,126.7786,37.4944,0,0,0,0,65,1,1
1,0,2,0,0,0,0,126.792,37.3349,0,0,0,0,2,1,1
0,0,0,0,0,2,0,126.6245,37.2357,0,0,0,0,2,1,1
0,4,0,0,0,0,0,126.835,37.3166,0,0,1,0,2,1,1
1,2,0,0,0,2,0,127.0822,37.2658,0,0,0,0,99,1,1
0,5,0,0,0,1,0,127.0115,37.2514,0,0,1,0,99,1,1
0,6,2,1,1,0,0,126.9262,37.3515,0,0,1,0,126,1,1
0,2,0,0,0,0,0,126.7719,37.4254,0,0,0,0,73,0,0
0,0,0,0,0,1,0,126.86,37.3324,0,0,0,0,2,1,1
0,3,0,0,0,1,0,126.8973,37.3051,0,0,0,0,2,1,1
0,0,0,0,0,0,0,127.0829,37.4173,0,0,0,0,95,1,1
0,4,0,2,4,0,0,126.9113,37.2902,0,0,0,0,50,1,1
0,2,0,1,3,0,0,127.2038,37.5433,0,0,0,0,67,1,1
1,3,0,0,0,3,0,126.8873,37.4054,0,0,0,0,151,1,1
0,4,0,0,0,2,0,127.0893,37.3196,0,0,0,0,51,1,1
1,3,0,0,0,2,0,128.8986,37.7566,0,0,0,0,194,1,1
1,4,0,1,3,0,0,127.9357,37.357,0,0,0,0,36,1,1
1,3,0,0,0,1,0,128.5945,38.2157,0,0,0,0,104,1,1
1,2,0,2,4,1,0,128.6269,38.1186,0,0,0,0,164,1,1
0,0,0,0,0,1,0,128.629,38.092,0,0,0,0,164,0,0
1,1,0,2,4,0,0,128.9601,37.1304,0,0,0,0,215,1,1
0,0,0,0,0,0,0,128.1711,37.4852,0,0,0,0,31,1,1
0,0,0,0,0,2,0,128.1834,38.0744,0,0,0,0,124,1,1
0,0,0,0,0,0,0,127.4596,36.6368,0,0,0,0,83,1,1
0,2,0,0,0,0,0,127.9528,37.0762,0,0,0,0,6,1,1
1,1,3,0,0,0,0,127.9075,36.9716,0,0,0,0,6,1,1
0,2,0,0,0,0,0,127.6121,36.9932,0,0,0,0,110,1,1
0,2,2,0,0,0,0,127.4665,36.6487,0,0,0,0,83,1,1
0,2,2,0,0,0,0,126.5409,36.6951,0,0,1,0,69,1,1
0,5,2,1,1,0,0,126.4613,36.7725,0,0,1,0,69,1,1
1,4,0,1,2,2,0,127.1337,36.8357,0,0,0,0,63,1,1
1,0,0,1,1,1,0,127.0116,36.1525,0,0,0,0,61,1,1
0,3,0,1,1,0,0,127.236,36.2998,0,0,0,0,223,1,1
1,3,0,0,0,0,0,127.109,36.2461,0,0,0,0,61,1,1
0,5,0,0,0,0,0,127.0874,36.8326,0,0,1,0,53,1,1
0,6,0,1,1,0,0,126.694,36.0081,0,0,1,0,10,1,1
0,5,3,1,2,0,0,127.1355,36.4735,0,0,1,0,19,1,1
1,0,0,1,1,0,0,126.942,36.2744,0,0,0,0,129,1,1
0,3,0,0,0,5,0,126.8847,36.271,0,0,0,0,129,0,0
0,1,2,1,1,0,0,126.764,36.8053,0,0,0,0,46,1,1
0,4,0,0,0,0,0,126.6669,36.8143,0,0,0,0,46,0,0
0,3,0,1,1,0,0,126.8007,36.4475,0,0,0,0,174,1,1
0,0,0,0,0,0,0,126.7139,36.4334,0,0,0,0,174,1,1
0,2,0,0,0,1,0,127.2767,36.7169,0,0,0,0,63,1,1
0,0,0,0,0,8,0,126.371,36.4221,0,0,1,0,169,1,1
0,1,0,1,2,0,0,127.101,35.8214,0,0,1,0,11,1,1
0,2,0,0,0,0,0,126.6368,35.9594,0,0,0,0,166,1,1
0,4,0,1,2,0,0,126.9975,35.9607,0,0,0,0,125,1,1
1,4,2,0,0,0,0,126.9723,35.9585,0,0,0,0,125,1,1
1,1,0,0,0,0,0,126.7922,35.686,0,0,1,0,185,0,0
1,3,0,0,0,1,0,127.4208,35.7847,0,0,0,0,192,0,0
1,3,0,0,0,0,0,127.1551,35.8782,0,0,0,0,28,0,0
1,2,0,0,0,0,0,126.3946,34.8036,0,0,0,0,153,1,1
0,6,0,0,0,0,0,126.4041,34.7885,0,0,1,0,153,1,1
0,3,0,1,1,0,0,127.7017,34.7669,0,0,0,0,102,1,1
1,2,3,1,2,3,0,127.6628,34.7849,0,0,0,0,102,1,1
0,4,0,1,1,0,0,127.7108,34.7592,0,0,0,0,102,1,1
1,2,5,1,2,2,0,127.6537,34.7542,1,0,0,0,102,0,0
0,5,0,0,0,0,0,127.528,34.9553,0,0,1,0,27,1,1
0,3,0,0,0,0,0,127.2,34.4854,0,0,0,0,191,0,0
1,1,0,2,4,1,0,127.132,34.7066,0,0,0,0,122,0,0
0,5,0,0,0,0,0,126.6038,35.1106,0,0,1,0,157,1,1
0,5,0,0,0,0,0,126.6897,34.8867,0,0,1,0,16,1,1
0,3,0,0,0,0,0,127.0361,35.2484,0,0,0,0,181,1,1
1,3,0,0,0,5,0,127.1027,36.0375,0,0,0,0,125,1,1
0,4,0,0,0,0,0,129.3191,35.7362,0,0,0,0,100,1,1
1,2,0,0,0,0,0,129.3082,35.7838,0,0,0,0,100,1,1
0,4,0,0,0,8,0,129.2174,35.8433,0,0,0,0,100,1,1
0,0,0,0,0,1,0,129.1998,35.7167,0,0,0,0,100,1,1
0,5,0,0,0,0,0,129.3747,36.0642,0,0,1,0,160,1,1
1,2,0,1,1,0,0,128.7437,36.564,0,0,0,0,66,1,1
1,2,0,1,2,2,0,128.7208,36.5651,0,0,0,0,66,1,1
0,2,0,0,0,0,0,128.2196,36.1979,0,0,0,0,76,1,1
0,0,1,1,3,1,0,128.6359,36.8183,0,0,0,0,113,1,0
0,2,0,1,1,0,0,128.8254,35.8836,0,0,1,0,52,1,1
0,5,2,1,1,0,0,128.8506,35.7547,0,0,1,0,52,1,1
0,5,0,1,1,0,0,128.3292,36.1366,0,0,1,0,144,1,1
0,2,0,1,3,0,0,129.5476,35.9853,0,0,0,0,160,1,1
0,1,0,0,0,1,0,128.6931,35.8353,0,0,0,0,37,1,1
1,0,0,1,2,0,0,128.4858,35.1149,0,0,0,0,86,1,1
0,2,0,0,0,0,0,128.5601,35.184,0,0,0,0,86,1,1
1,5,0,0,0,0,0,128.0649,35.1923,0,0,1,0,42,1,1
1,2,0,0,0,1,0,128.7672,35.1152,0,0,0,0,86,1,1
1,0,0,0,0,2,0,128.6907,35.444,0,0,0,0,177,1,1
1,4,3,1,3,3,0,128.8717,35.239,0,0,0,0,13,1,1
1,2,0,1,2,0,0,128.9149,35.2404,0,0,0,0,13,1,1
0,5,1,0,0,2,0,128.8826,35.2264,0,0,1,0,13,1,0
0,2,2,0,0,0,0,128.1736,35.5856,0,0,0,0,133,0,0
1,2,0,0,0,1,0,128.4878,35.5587,0,0,0,0,211,1,1
0,5,0,1,1,0,0,127.701,35.4952,0,0,1,0,108,1,1
1,3,0,0,0,0,0,129.0733,35.3112,0,0,0,0,49,1,1
1,0,0,0,0,3,0,128.3579,35.3519,0,0,0,0,189,1,1
0,1,3,0,0,0,0,128.6918,35.2202,0,0,0,0,86,1,1
0,6,0,0,0,0,0,128.6664,35.2395,0,0,1,0,86,1,1
0,0,0,1,2,0,0,128.6888,35.279,0,0,1,0,86,1,1
1,1,0,2,4,0,0,128.6227,35.2628,0,0,0,0,86,1,1
0,1,0,1,1,0,0,126.5324,33.4948,0,0,0,0,90,1,1
0,3,2,0,0,0,0,126.5972,33.4889,0,0,0,0,90,1,1
0,3,0,1,1,0,0,126.6481,33.272,0,0,0,0,62,1,1
0,3,0,0,0,0,0,126.9093,33.4643,0,0,0,0,62,1,1
0,2,0,1,3,0,0,128.5981,35.8555,0,0,0,0,145,1,1
1,4,1,0,0,1,0,128.6446,35.8931,0,0,0,0,26,1,0
0,4,0,1,3,0,0,128.6155,35.8681,0,0,0,0,26,1,1
1,4,0,0,0,0,0,128.6306,35.8255,0,0,0,0,37,1,1
0,5,0,0,0,0,0,128.622,35.8594,0,0,1,0,37,1,1
1,5,1,1,3,1,0,128.4299,35.7645,0,0,1,0,30,0,0
0,2,0,0,0,0,0,128.3906,35.8813,0,0,1,0,30,1,1
0,6,0,1,3,0,0,128.6117,35.8819,0,0,1,0,112,1,1
1,5,3,0,0,4,0,128.5477,35.8692,0,0,1,0,107,1,1
0,0,0,0,0,1,0,128.571,35.8673,0,0,0,0,107,1,1
0,6,0,1,2,0,0,128.5988,35.8595,0,0,1,0,178,1,1
1,2,0,1,3,3,0,128.6033,35.8657,0,0,0,0,178,1,1
0,5,0,0,0,0,0,128.5023,35.8354,0,0,1,0,20,1,1
1,4,1,1,3,2,0,128.5969,35.9244,0,0,0,0,112,1,0
0,6,2,0,0,0,0,128.5473,35.906,1,0,1,0,112,1,1
0,0,2,0,0,0,0,128.5506,35.9164,0,0,0,0,112,1,1
1,6,3,0,0,0,0,126.645,37.4754,0,0,1,0,207,1,1
0,0,2,0,0,1,0,126.6833,37.4794,0,0,0,0,97,1,1
1,4,1,1,3,0,0,126.738,37.5708,0,0,0,0,7,1,0
0,1,0,0,0,0,0,126.4813,37.7241,0,0,0,0,92,1,1
0,5,0,0,0,7,0,126.8666,35.1458,0,0,1,0,222,0,0
0,1,0,1,3,0,0,126.9045,35.1491,0,0,0,0,190,1,1
1,0,1,1,1,0,0,127.4109,36.3222,0,0,0,0,39,1,0
0,4,0,1,2,1,0,127.3971,36.3054,0,0,0,0,39,1,1
0,3,0,1,1,1,0,127.433,36.3393,0,0,0,0,80,1,1
0,6,2,1,2,0,0,127.4045,36.4449,0,0,1,0,77,1,1
1,1,0,0,0,0,0,127.4267,36.3786,0,0,0,0,77,1,1
0,3,0,0,0,0,0,129.3596,35.5832,0,0,0,0,158,1,1
0,1,0,0,0,0,0,129.3425,35.551,0,0,0,0,205,1,1
1,0,1,1,1,0,0,126.8394,37.624,0,0,0,0,40,1,0
1,3,0,0,0,1,0,126.8681,37.6069,0,0,0,0,40,1,1
1,6,0,0,0,0,0,126.8939,37.6565,0,0,1,0,40,1,1
0,1,3,1,1,3,0,127.3057,37.6488,0,0,0,0,70,1,1
0,2,0,0,0,0,0,127.2023,37.7466,0,0,0,0,70,1,1
1,3,0,0,0,0,0,127.1854,37.6598,0,0,0,0,70,1,1
1,2,0,1,2,0,0,126.9824,37.8396,0,0,0,0,59,1,1
0,2,4,0,0,0,0,127.0028,37.5645,0,0,0,0,8,0,0
0,1,0,1,2,2,0,126.9834,37.5659,0,0,0,0,8,1,1
0,5,0,1,3,0,0,127.0547,37.5655,0,0,1,0,201,1,1
1,2,0,1,3,1,0,127.0701,37.5787,0,0,0,0,201,1,1
1,3,0,1,3,2,0,127.0949,37.5364,0,0,0,0,183,1,1
1,1,3,0,0,3,0,126.9551,37.5575,0,0,1,0,159,1,1
1,6,0,0,0,2,0,126.9407,37.5563,0,0,1,0,159,1,1
1,3,0,0,0,1,0,126.8919,37.511,0,0,0,0,150,1,1
1,2,3,1,2,1,0,126.9338,37.5187,0,0,0,0,150,1,1
1,0,4,0,0,0,0,126.9053,37.5216,1,0,0,0,150,0,0
0,3,0,1,1,0,0,126.9012,37.4966,0,0,0,0,150,1,1
1,4,0,0,0,2,0,126.8944,37.5168,0,0,0,0,150,1,1
0,0,0,2,4,0,0,127.0316,37.5634,0,0,0,0,84,1,1
1,3,4,0,0,1,0,126.9232,37.4999,0,0,0,0,93,1,1
1,3,0,1,2,0,0,127.0767,37.6136,0,0,0,0,196,1,1
1,3,0,0,0,0,0,127.1251,37.5401,0,0,0,0,91,1,1
1,5,0,1,2,0,0,127.0911,37.5096,0,0,1,0,156,1,1
0,2,0,1,2,0,0,127.097,37.5039,0,0,0,0,156,1,1
1,3,1,1,3,3,0,127.049,37.6137,0,0,0,0,167,1,0
0,4,0,1,1,3,0,127.0375,37.6413,0,0,0,0,98,1,1
0,1,0,0,0,0,0,126.9078,37.6463,0,0,0,0,139,1,1
0,3,0,0,0,1,0,129.1628,35.1603,0,0,0,0,1,1,1
0,5,0,0,0,0,0,129.1765,35.3173,0,0,1,0,96,1,1
0,0,2,0,0,0,0,129.0895,35.1743,0,0,0,0,221,1,1
0,5,0,0,0,0,0,128.9861,35.1827,0,0,1,0,120,1,1
1,4,1,0,0,3,0,128.9822,35.1927,0,0,0,0,120,1,0
1,4,0,0,0,0,0,127.0304,37.2807,0,0,0,0,99,1,1
0,6,0,0,0,0,0,127.0086,37.2964,0,0,1,0,99,1,1
1,6,0,0,0,0,0,127.0012,37.2934,0,0,1,0,99,1,1
0,2,0,0,0,0,0,127.1192,37.4343,0,0,1,0,95,1,1
0,0,0,1,1,0,0,127.1599,37.4521,0,0,0,0,95,1,1
1,2,0,1,1,0,0,127.0355,37.0725,0,0,0,0,14,1,1
0,6,2,0,0,0,0,127.0536,36.9489,0,0,1,0,14,1,1
0,1,0,1,1,0,0,126.8572,36.9633,0,0,0,0,14,1,1
1,2,0,1,2,1,0,127.2949,37.0584,0,0,0,0,23,1,1