주야,요일,법규위반,도로형태_대분류,도로형태,당사자종별_1당_대분류,당사자종별_2당_대분류,경도,위도,사고피해정도,도시여부,주말/공휴일,인구수,발생지번호,보행자의위치,무단횡단여부
0,3,0,0,0,0,0,129.3175,35.7876,0,0,0,0,100,1,1
0,3,0,0,0,0,0,126.7658,37.6677,0,0,0,0,40,1,1
0,4,0,0,0,1,0,127.0255,37.5473,0,0,0,0,84,1,1
1,4,0,1,1,1,0,127.0382,37.6024,0,0,0,0,167,1,1
1,4,5,2,4,2,0,127.323,36.5609,0,1,0,0,229,1,1
1,4,0,0,0,1,0,127.4417,36.874,0,0,0,0,60,1,1
1,4,0,1,2,0,0,128.7224,35.8167,0,0,0,0,52,1,1
0,4,0,1,2,0,0,127.2208,37.9204,0,0,0,0,171,1,1
0,4,0,1,2,1,0,127.0219,37.2564,0,0,0,0,99,1,1
0,5,0,0,0,0,0,127.2255,37.5121,0,0,1,0,67,1,1
0,5,0,1,1,0,0,127.7393,37.9129,0,0,1,0,111,1,1
0,5,0,0,0,0,0,126.6979,37.4572,0,0,1,0,29,1,1
1,5,0,0,0,0,0,127.6455,34.7318,0,0,1,0,102,1,1
0,6,2,0,0,0,0,126.8602,35.1624,0,0,1,0,222,1,1
0,6,0,1,1,0,0,126.7793,37.4912,0,0,1,0,65,1,1
0,6,0,1,3,2,0,127.0267,37.7853,0,0,1,0,59,1,1
0,0,0,1,1,0,0,126.7252,37.5434,0,0,0,0,7,1,1
1,0,0,0,0,0,0,126.8978,35.8551,0,0,0,0,34,1,1
0,1,5,1,2,0,0,129.3611,36.0358,0,0,0,0,160,1,1
0,1,0,0,0,2,0,127.1235,35.844,0,0,0,0,11,1,1
1,1,0,0,0,1,0,126.2395,34.4217,0,0,0,0,71,1,1
1,1,2,0,0,0,0,126.8867,35.1503,2,0,0,0,222,1,1
0,1,0,0,0,0,0,126.9994,37.2686,0,0,0,0,99,1,1
0,2,0,1,2,1,0,127.1919,37.7251,0,0,0,0,70,1,1
0,2,1,1,1,0,0,127.387,36.3332,0,0,0,0,4,1,0
1,2,0,0,0,2,0,129.0952,35.1971,0,0,0,0,216,1,1
1,2,0,0,0,2,0,126.7144,36.0996,1,0,0,0,10,0,0
0,2,0,0,0,0,0,128.4791,34.8629,0,0,0,0,15,1,1
0,2,0,0,0,0,0,127.0426,35.3433,0,0,0,0,181,1,1
0,3,2,0,0,0,0,127.6752,34.7647,0,0,0,0,102,1,1
1,3,0,2,4,1,0,127.4417,36.9892,0,0,0,0,60,1,1
0,3,2,0,0,0,0,127.5769,36.5782,0,0,0,0,83,1,1
1,4,3,1,1,2,0,126.9316,37.5133,0,0,0,0,93,1,1
1,4,2,1,2,0,0,127.0863,36.1939,0,0,0,0,61,1,1
1,4,0,1,2,5,0,126.9818,37.4772,0,0,0,0,214,1,1
1,4,0,0,0,0,0,126.3891,36.7394,0,0,0,0,69,1,1
0,4,3,1,2,2,0,126.7763,37.316,0,0,0,0,2,1,1
0,4,0,0,0,0,0,128.3951,37.3712,0,0,0,0,24,1,1
0,5,0,0,0,0,0,128.5767,35.8387,0,0,1,0,145,1,1
1,5,2,0,0,1,0,126.8852,37.2937,0,0,1,0,2,1,1
1,5,0,0,0,3,0,126.2966,35.1128,0,0,1,0,101,1,1
1,5,0,0,0,0,0,127.0731,37.1555,0,0,1,0,143,1,1
1,5,0,0,0,0,0,128.3356,36.1351,0,0,1,0,144,1,1
0,5,0,0,0,0,0,126.5488,36.6023,0,0,1,0,38,1,1
0,5,2,0,0,0,0,126.8575,35.174,1,0,1,0,137,1,1
0,6,0,1,1,1,0,126.2672,34.4807,0,0,1,0,71,1,1
1,6,2,1,3,1,0,129.2578,35.5404,0,0,1,0,213,1,1
1,6,1,0,0,0,0,127.0815,35.865,0,0,1,0,11,1,0
1,6,3,0,0,0,0,129.2488,35.8164,0,0,1,0,100,1,1
1,6,3,0,0,0,0,126.8629,37.5466,0,0,1,0,140,1,1
1,6,0,0,0,0,0,127.7305,34.7403,0,0,1,0,102,1,1
0,6,0,0,0,0,0,126.7557,36.402,0,0,1,0,174,1,1
0,6,0,0,0,5,0,128.261,36.1862,0,0,1,0,76,1,1
0,0,0,1,1,0,0,128.6893,35.279,0,0,0,0,86,1,1
0,0,0,0,0,0,0,127.1438,37.6022,0,0,0,0,165,1,1
1,0,0,0,0,0,0,126.8487,37.5446,0,0,0,0,43,1,1
1,0,2,1,1,2,0,127.4925,35.5583,0,0,0,0,155,1,1
1,0,0,0,0,0,0,127.4369,36.851,0,0,0,0,60,1,1
1,0,1,0,0,1,0,127.4223,36.3472,0,0,0,0,80,1,0
1,0,0,0,0,1,0,127.7047,34.8944,0,0,0,0,102,1,1
1,0,5,1,2,0,0,126.7969,35.135,0,0,0,0,135,1,1
0,0,0,0,0,0,0,129.2377,36.0597,0,0,0,0,160,1,1
0,0,0,0,0,0,0,126.9319,37.4877,0,0,0,0,188,1,1
0,1,0,0,0,0,0,127.7279,37.8672,0,0,0,0,111,1,1
1,1,0,0,0,1,0,126.8741,37.4593,0,0,0,0,81,1,1
1,1,0,0,0,2,0,126.9126,37.4733,0,0,0,0,188,1,1
1,1,0,1,2,2,0,126.8966,37.6537,0,0,0,0,40,1,1
0,1,0,0,0,0,0,127.2351,37.3034,0,0,0,0,51,1,1
0,2,1,0,0,0,0,127.1089,35.8191,0,0,0,0,11,0,0
1,2,0,0,0,2,0,127.131,37.4293,0,0,0,0,95,1,1
1,2,2,0,0,0,0,126.4234,34.8052,0,0,0,0,153,1,1
1,2,0,0,0,0,0,126.4475,35.3569,0,0,0,0,127,1,1
1,2,0,0,0,0,0,126.9291,37.5722,0,0,0,0,195,1,1
0,2,1,1,3,1,0,126.9696,35.946,0,0,0,0,125,1,0
0,2,1,1,3,0,0,128.6168,35.8717,0,0,0,0,26,1,0
0,2,0,0,0,0,0,126.7356,37.4483,0,0,0,0,29,1,1
1,3,0,0,0,1,0,126.4278,34.8546,0,0,0,0,101,1,1
1,3,3,1,1,3,0,127.8769,34.8923,0,0,0,0,197,1,1
1,3,0,1,3,2,0,126.6588,35.2614,0,0,0,0,146,1,1
1,3,0,0,0,0,0,126.8174,37.4806,0,0,0,0,65,1,1
1,3,0,0,0,2,0,126.9118,37.5487,0,0,0,0,159,1,1
0,3,0,0,0,0,0,126.5822,37.6456,0,0,0,0,47,0,0
1,4,1,1,1,0,0,126.8983,37.5054,0,0,0,0,150,1,0
1,4,0,0,0,0,0,128.5926,35.8925,0,0,0,0,112,1,1
0,4,0,0,0,0,0,127.2686,37.4043,0,0,0,0,9,1,1
0,4,0,0,0,0,0,126.7284,37.4983,0,0,0,0,44,1,1
0,4,0,0,0,0,0,127.7251,34.7389,0,0,0,0,102,1,1
0,4,0,0,0,2,0,126.9432,37.3717,0,0,0,0,126,1,1
0,5,0,0,0,0,0,126.9012,37.3014,0,0,1,0,2,1,1
0,5,1,1,3,3,0,129.1073,35.1881,0,0,1,0,221,1,0
1,5,0,1,2,0,0,128.574,35.8626,0,0,1,0,107,1,1
0,5,1,1,3,2,0,127.1084,37.3852,0,0,1,0,95,1,0
0,6,0,0,0,0,0,127.0042,37.5711,0,0,1,0,116,1,1
1,6,0,0,0,2,0,126.9071,37.1374,0,0,1,0,50,1,1
0,6,0,0,0,0,0,126.9053,37.7207,0,0,1,0,40,1,1
0,6,1,1,3,0,0,126.4777,33.4875,0,0,1,0,90,0,0
0,6,4,0,0,2,0,127.4322,36.6258,0,0,1,0,83,1,1
0,6,0,0,0,0,0,128.7368,34.883,0,0,1,0,15,1,1
1,0,2,1,2,0,0,128.9679,35.1259,0,0,0,0,120,1,1
1,0,0,1,1,1,0,127.3122,35.2868,0,0,0,0,147,1,1
1,0,1,0,0,1,0,128.0869,35.1938,0,0,0,0,42,1,0
1,0,0,0,0,0,0,126.6765,37.51,0,0,0,0,97,1,1
1,0,0,0,0,0,0,128.9942,35.1474,0,0,0,0,120,1,1
1,0,1,1,3,0,0,126.9843,35.0621,0,0,0,0,88,1,0
0,0,0,1,2,0,0,127.0313,36.9034,0,0,0,0,53,1,1
1,1,0,0,0,0,0,127.0631,36.9266,0,0,0,0,53,1,1
1,1,0,0,0,0,0,127.7276,37.8697,0,0,0,0,111,1,1
0,1,1,1,2,0,0,126.8338,33.5338,0,0,0,0,90,1,0
0,2,1,1,3,0,0,126.6715,37.4935,0,0,0,0,97,1,0
0,2,0,0,0,0,0,127.1264,35.8375,0,0,0,0,11,1,1
1,2,4,0,0,2,0,126.5165,35.0639,0,0,0,0,157,1,1
1,2,0,0,0,0,0,128.7294,35.3456,0,0,0,0,86,0,0
0,2,0,0,0,1,0,127.6816,35.8546,0,0,0,0,182,1,1
0,2,0,0,0,0,0,127.0278,37.5196,0,0,0,0,89,1,1
0,3,0,1,3,0,0,127.0646,37.0601,0,0,0,0,14,1,1
0,3,0,1,1,0,0,127.0337,37.5783,0,0,0,0,201,1,1
0,3,0,1,1,0,0,127.0136,37.2941,0,0,0,0,99,1,1
1,3,1,1,2,0,0,128.6476,35.873,0,0,0,0,37,1,0
1,3,1,1,2,0,0,127.1399,35.8317,0,0,0,0,11,1,0
1,3,1,0,0,3,0,129.0608,35.1578,0,0,0,0,163,1,0
0,3,0,1,1,2,0,126.7086,37.6271,0,0,0,0,47,1,1
0,3,0,0,0,0,0,128.1266,36.6852,0,0,0,0,74,1,1
0,4,5,0,0,0,0,126.9616,36.7853,0,0,1,0,53,1,1
0,4,1,0,0,0,0,126.3875,34.7958,0,0,1,0,153,1,0
1,4,0,0,0,0,0,127.4822,36.5854,0,0,1,0,83,1,1
1,4,0,0,0,0,0,127.436,37.0856,0,0,1,0,23,1,1
0,4,0,1,2,0,0,127.7966,36.8097,0,0,1,0,179,1,1
0,4,0,0,0,0,0,127.0073,37.5731,0,0,1,0,116,1,1
0,4,0,0,0,0,0,127.9692,37.3169,0,0,1,0,36,1,1
0,6,0,0,0,1,0,126.8203,37.3416,0,0,1,0,2,1,1
1,0,0,1,2,0,0,129.0031,35.2049,0,0,0,0,118,1,1
0,0,0,0,0,2,0,127.0211,37.4832,0,0,0,0,214,1,1
0,0,1,1,3,2,0,126.8543,35.5658,0,0,0,0,12,1,0
0,0,0,1,1,0,0,127.0426,37.8252,0,0,0,0,59,1,1
1,1,3,0,0,0,0,126.8805,35.1527,0,0,0,0,222,1,1
1,1,3,0,0,1,0,127.3824,36.3144,0,0,0,0,4,1,1
1,1,0,1,1,1,0,126.8047,34.3965,0,0,0,0,141,1,1
1,2,0,0,0,0,0,126.9133,37.0793,0,0,0,0,50,0,0
0,2,0,0,0,1,0,127.045,37.6775,0,0,0,0,98,1,1
0,3,0,0,0,1,0,127.44,36.6753,0,0,0,0,83,1,1
1,3,0,0,0,0,0,129.1648,35.1618,0,0,0,0,1,1,1
1,3,0,0,0,3,0,128.5248,35.3472,0,0,0,0,117,0,0
0,3,0,0,0,0,0,127.0644,37.9048,0,0,0,0,94,1,1
0,3,0,1,1,0,0,126.9058,37.4256,0,0,0,0,151,1,1
0,3,0,1,2,1,0,127.1626,37.6923,0,0,0,0,70,1,1
0,4,0,0,0,0,0,127.069,37.5903,0,0,0,0,201,1,1
1,4,4,0,0,1,0,127.1591,37.5972,0,0,0,0,70,1,1
1,4,0,0,0,1,0,126.4488,37.7082,0,0,0,0,92,1,1
0,4,0,0,0,1,0,129.1804,35.4584,0,0,0,0,17,1,1
0,4,0,0,0,0,0,127.7037,36.4654,0,0,0,0,32,1,1
1,5,3,1,3,1,0,128.9804,35.1905,0,0,1,0,120,1,1
0,5,0,1,2,0,0,126.527,33.2574,0,0,1,0,62,1,1
0,5,1,1,3,2,0,127.2092,37.2335,0,0,1,0,51,1,0
0,5,1,0,0,0,0,128.0814,36.9144,0,0,1,0,103,1,0
0,6,0,0,0,0,0,127.128,36.9579,0,0,1,0,63,1,1
1,6,0,1,3,0,0,127.0528,36.7776,0,0,1,0,53,1,1
1,6,1,1,1,0,0,127.9265,36.9729,0,0,1,0,6,1,0
0,6,0,0,0,0,0,126.7947,35.1615,0,0,1,0,135,1,1
0,0,0,2,4,0,0,127.0706,37.0289,0,0,0,0,14,1,1
0,0,0,1,3,0,0,127.4393,36.6328,0,0,0,0,83,1,1
1,0,0,1,2,1,0,126.661,37.4991,0,0,0,0,97,1,1
1,0,0,0,0,2,0,127.8386,36.9662,0,0,0,0,6,0,0
0,0,5,0,0,0,0,126.5904,33.4888,0,0,0,0,90,1,1
1,1,3,0,0,0,0,126.5259,33.5131,0,0,0,0,90,1,1
1,1,0,1,1,1,0,128.8013,35.4065,0,0,0,0,177,1,1
0,1,0,1,3,2,0,128.6708,35.1527,0,0,0,0,86,1,1
0,1,0,1,2,0,0,127.0868,36.9923,0,0,0,0,14,1,1
0,1,0,0,0,1,0,126.8281,35.5704,0,0,0,0,12,1,1
1,2,4,0,0,1,0,129.0524,35.1612,0,0,0,0,163,1,1
1,3,0,0,0,0,0,126.813,37.3066,0,0,0,0,2,1,1
1,3,0,1,3,2,0,128.694,36.3553,0,0,0,0,105,1,1
0,3,0,1,1,2,0,126.9411,37.3762,0,0,0,0,126,1,1
0,4,0,0,0,0,0,128.6901,34.8706,0,0,0,0,15,1,1
1,4,0,1,1,1,0,127.6731,34.7614,0,0,0,0,102,1,1
1,4,0,0,0,2,0,127.0619,37.9002,0,0,0,0,94,1,1
1,4,0,0,0,1,0,128.4623,35.6376,0,0,0,0,211,1,1
0,4,0,0,0,0,0,126.7057,35.976,0,0,0,0,166,1,1
0,4,0,1,3,0,0,129.3512,35.9901,0,0,0,0,160,1,1
0,5,0,0,0,0,0,127.31,37.651,0,0,1,0,70,1,1
0,5,3,1,1,0,0,126.9772,37.5705,0,0,1,0,116,1,1
0,5,0,1,3,0,0,129.0447,35.124,0,0,1,0,209,1,1
0,5,0,1,3,0,0,126.7412,37.3522,0,0,1,0,73,1,1
1,5,0,1,1,0,0,127.0451,37.523,0,0,1,0,89,1,1
0,6,1,1,3,0,0,127.0548,37.0706,0,0,1,0,14,1,0
0,6,2,1,1,0,0,127.0873,37.5622,0,0,1,0,183,1,1
1,6,2,0,0,0,0,127.0192,37.516,0,0,1,0,214,1,1
1,6,0,0,0,1,0,128.8913,37.8179,0,0,1,0,194,1,1
0,6,2,0,0,0,0,127.5705,37.2574,0,0,1,0,22,1,1
0,6,0,1,2,0,0,129.3395,35.6622,0,0,1,0,158,1,1
0,6,0,1,1,0,0,126.7994,37.482,0,0,1,0,65,1,1
0,6,0,0,0,0,0,127.2991,36.5955,0,1,1,0,229,0,0
0,0,0,0,0,0,0,126.9099,37.4813,0,0,0,0,188,1,1
0,1,0,0,0,0,0,129.0684,35.1695,0,0,0,0,163,1,1
1,1,0,0,0,1,0,129.211,35.8708,0,0,0,0,100,1,1
0,1,0,0,0,0,0,126.7593,36.9561,0,0,0,0,46,1,1
0,1,0,0,0,0,0,128.4369,36.0302,0,0,0,0,21,0,0
0,1,0,0,0,0,0,129.2705,35.5903,0,0,0,0,17,1,1
0,1,0,0,0,0,0,126.8483,35.1527,0,0,0,0,222,1,1
0,1,0,0,0,1,0,126.8498,35.2176,0,0,0,0,135,1,1
1,2,0,0,0,1,0,126.8935,36.8757,0,0,0,0,53,1,1
1,2,5,0,0,0,0,126.9447,35.9332,0,0,0,0,125,1,1
0,2,0,1,1,0,0,129.3286,36.0461,0,0,0,0,160,1,1
0,2,0,1,1,0,0,128.5481,35.8795,0,0,0,0,107,1,1
0,2,0,0,0,0,0,126.6821,37.4973,0,0,0,0,97,1,1
0,3,0,0,0,1,0,127.3669,36.358,0,0,0,0,4,1,1
0,3,0,0,0,0,0,128.7652,35.1821,0,0,0,0,13,1,1
0,3,0,0,0,1,0,128.6676,36.4986,0,0,0,0,66,1,1
1,3,0,0,0,1,0,127.1039,37.2576,0,0,0,0,51,1,1
1,3,1,1,1,2,0,127.3864,36.3199,0,0,0,0,39,1,0
1,3,0,1,1,0,0,126.7505,37.7227,0,0,0,0,175,1,1
1,3,0,0,0,1,0,128.8636,35.2649,0,0,0,0,13,1,1
0,3,0,1,2,0,0,127.4837,34.9686,0,0,0,0,27,1,1
0,3,3,1,3,0,0,127.033,36.4507,1,0,0,0,19,1,1
0,3,0,0,0,0,0,126.7905,35.7059,0,0,0,0,185,1,1
0,4,0,0,0,0,0,128.8439,35.4204,0,0,0,0,177,1,1
0,5,0,1,3,0,0,128.7058,35.1526,0,0,1,0,86,1,1
1,5,0,0,0,0,0,129.074,36.3664,0,0,1,0,203,0,0
1,5,0,0,0,3,0,126.9489,37.5031,0,0,1,0,93,1,1
1,5,0,0,0,5,0,128.9935,35.931,0,0,1,0,5,1,1
1,5,2,1,2,0,0,128.5564,35.1991,0,0,1,0,86,1,1
0,6,0,0,0,0,0,126.5392,33.5064,0,0,1,0,90,1,1
0,6,0,0,0,0,0,128.5847,35.2415,0,0,1,0,86,1,1
1,0,0,0,0,0,0,127.794,36.6799,0,0,0,0,179,0,0
1,0,0,1,2,0,0,127.2861,37.2331,0,0,0,0,51,1,1
0,0,0,1,1,1,0,127.0332,37.6403,0,0,0,0,200,1,1
0,0,2,1,1,0,0,126.6783,35.9753,0,0,0,0,166,1,1
0,0,0,0,0,2,0,126.6619,37.4662,0,0,0,0,29,1,1
1,1,0,0,0,0,0,127.3423,37.3502,0,0,0,0,9,1,1
0,1,0,1,1,0,0,128.8247,35.9124,0,0,0,0,52,1,1
0,1,0,0,0,0,0,128.3943,35.2727,0,0,0,0,117,1,1
1,2,0,1,1,0,0,126.6899,35.9579,0,0,0,0,166,1,1
1,2,0,0,0,0,0,127.581,36.9596,0,0,0,0,110,1,1
0,2,0,1,3,2,0,127.4412,36.8695,0,0,0,0,60,1,1
0,3,2,0,0,0,0,128.2362,37.1646,0,0,0,0,103,1,1
0,3,3,1,1,0,0,127.1456,37.4956,0,0,0,0,156,1,1
1,3,1,1,3,0,0,126.8955,35.8041,0,0,0,0,34,1,0
1,3,1,1,3,2,0,126.9188,37.6346,0,0,0,0,139,1,0
1,4,1,1,3,2,0,126.9327,37.0439,0,0,0,0,14,1,0
1,4,0,1,1,0,0,126.9379,37.4959,0,0,0,0,93,1,1
0,4,3,1,3,0,0,127.8317,36.9706,0,0,0,0,6,1,1
0,5,0,1,2,1,0,129.076,35.1245,0,0,1,0,180,1,1
1,5,0,0,0,0,0,128.0801,34.9367,0,0,1,0,57,1,1
0,5,2,1,1,0,0,127.0661,35.7907,0,0,1,0,11,1,1
0,6,0,0,0,0,0,126.7876,36.9412,0,0,1,0,46,1,1
0,6,0,0,0,0,0,126.902,35.2033,0,0,1,0,137,1,1
1,0,0,0,0,0,0,126.8242,36.0983,0,0,0,0,10,1,1
0,0,0,2,4,1,0,127.0477,37.6518,0,0,0,0,98,1,1
0,0,0,1,1,1,0,127.5867,36.7881,0,0,0,0,138,1,1
0,0,0,0,0,2,0,126.8507,37.5528,0,0,0,0,43,1,1
0,1,2,1,1,0,0,126.8734,35.1977,0,0,0,0,137,1,1
1,1,0,0,0,0,0,126.9715,37.3059,0,0,0,0,99,1,1
0,1,0,1,2,0,0,127.1508,35.8793,0,0,0,0,11,1,1
0,1,2,0,0,0,0,126.9784,37.3413,0,0,0,0,199,1,1
0,2,2,0,0,0,0,127.0341,37.5001,1,0,1,0,89,1,1
0,2,2,1,3,0,0,127.1291,37.5371,0,0,1,0,91,0,0
1,2,0,1,2,2,0,128.352,36.1236,0,0,1,0,144,1,1
0,2,0,1,1,0,0,128.9729,35.0769,0,0,1,0,25,1,1
0,2,0,0,0,0,0,128.7044,34.8292,0,0,1,0,15,1,1
1,3,0,0,0,1,0,127.0094,37.2867,0,0,0,0,99,1,1
1,3,1,0,0,7,0,127.1332,37.5359,0,0,0,0,91,1,0
0,3,0,0,0,0,0,129.4724,36.6966,0,0,0,0,208,1,1
0,3,0,1,2,0,0,126.7848,37.5165,0,0,0,0,65,1,1
1,4,0,1,1,1,0,126.9753,34.5888,0,0,0,0,56,1,1
1,4,1,1,1,1,0,126.846,35.2135,0,0,0,0,135,1,0
1,4,0,0,0,0,0,128.8052,35.1999,0,0,0,0,13,1,1
1,4,0,1,2,3,0,128.6166,35.8133,0,0,0,0,37,1,1
1,4,0,1,1,0,0,128.1159,35.193,0,0,0,0,42,0,0
0,4,3,1,1,0,0,128.3258,35.1481,0,0,0,0,42,1,1
0,4,0,0,0,4,0,127.4719,36.6535,0,0,0,0,83,1,1
1,6,4,0,0,0,0,129.2257,35.8725,0,0,1,0,100,0,0
0,6,0,0,0,0,0,128.6715,36.5782,0,0,1,0,66,1,1
0,6,0,1,2,0,0,127.2176,36.2381,0,0,1,0,61,1,1
1,0,0,0,0,2,0,127.2428,37.6513,0,0,0,0,70,1,1
1,0,0,0,0,1,0,127.0965,37.0451,0,0,0,0,14,1,1
0,0,1,1,3,3,0,127.0611,37.1705,0,0,0,0,143,1,0
0,1,0,0,0,0,0,127.1669,37.4611,0,0,0,0,95,1,1
0,1,0,1,2,0,0,126.9761,37.474,0,0,0,0,188,1,1
0,1,0,0,0,2,0,127.9507,37.3374,0,0,0,0,36,1,1
0,1,0,0,0,0,0,129.3094,35.4813,0,0,0,0,17,1,1
0,2,0,0,0,0,0,128.6921,37.6785,0,0,0,0,24,1,1
0,2,2,0,0,0,0,127.0421,37.7073,0,0,0,0,64,1,1
0,2,0,0,0,0,0,128.4547,37.4888,0,0,0,0,24,1,1
0,3,0,1,2,1,0,127.4396,36.3333,0,0,0,0,80,1,1
1,3,0,0,0,0,0,127.7273,37.8891,0,0,0,0,111,1,1
0,3,0,0,0,0,0,126.8721,35.5557,0,0,0,0,12,1,1
0,4,0,0,0,1,0,126.7966,37.2028,0,0,0,0,50,1,1
1,4,2,0,0,0,0,127.5144,36.3371,0,0,0,0,142,1,1
1,4,0,1,3,5,0,126.9138,37.549,0,0,0,0,159,1,1
0,4,0,0,0,0,0,128.7858,36.5514,0,0,0,0,66,0,0
0,4,0,0,0,2,0,127.1445,35.8244,0,0,0,0,11,1,1
0,4,0,0,0,1,0,129.3038,35.7718,0,0,0,0,100,1,1
0,5,0,2,4,0,0,127.0259,37.2646,0,0,1,0,99,1,1
0,5,0,0,0,1,0,126.6432,35.408,0,0,1,0,219,1,1
0,5,2,1,3,0,0,127.6629,34.7661,0,0,1,0,102,1,1
0,5,2,1,1,0,0,127.0641,38.0339,0,0,1,0,106,1,1
0,5,1,0,0,0,0,126.4895,37.7463,0,0,1,0,92,1,0
0,6,2,0,0,2,0,126.7812,37.3587,0,0,1,0,73,1,1
1,0,0,1,2,0,0,126.3824,34.7842,0,0,0,0,153,1,1
0,0,0,0,0,0,0,127.2137,36.9496,0,0,0,0,23,1,1
0,1,0,1,2,0,0,126.813,35.0407,0,0,0,0,33,1,1
1,1,0,1,2,0,0,127.0133,36.162,0,0,0,0,61,1,1
1,1,0,1,2,2,0,128.9806,35.1627,0,0,0,0,120,1,1
0,1,0,1,1,1,0,128.7324,36.5632,0,0,0,0,66,1,1
0,1,0,0,0,0,0,126.893,35.1423,0,0,0,0,190,1,1
0,2,1,1,3,0,0,127.4991,34.9459,0,0,0,0,27,1,0
0,2,2,0,0,0,0,126.8186,37.3503,0,0,0,0,2,1,1
0,2,0,0,0,1,0,126.4849,36.7865,0,0,0,0,69,1,1
1,3,4,0,0,1,0,126.7288,37.4022,0,0,0,0,29,1,1
1,3,0,1,2,1,0,126.802,35.1412,0,0,0,0,135,1,1
1,3,0,1,3,1,0,128.9601,35.096,0,0,0,0,25,1,1
0,3,0,0,0,0,0,126.6417,33.2663,0,0,0,0,62,1,1
0,3,0,0,0,0,0,127.3897,36.353,0,0,0,0,4,1,1
0,4,0,1,1,0,0,128.6218,35.8925,0,0,0,0,112,1,1
0,5,1,1,3,0,0,127.0563,37.8865,0,0,1,0,94,1,0
0,5,0,0,0,0,0,129.5703,36.0045,0,0,1,0,160,1,1
0,5,0,0,0,0,0,126.5729,36.6947,0,0,1,0,69,1,1
1,5,3,1,3,0,0,127.5035,36.6066,0,0,1,0,83,1,1
1,5,0,0,0,0,0,126.927,37.4878,0,0,1,0,188,1,1
0,5,0,0,0,0,0,126.9136,37.5701,0,0,1,0,195,1,1
0,6,0,0,0,0,0,127.0923,37.012,0,0,1,0,14,1,1
0,6,0,1,1,0,0,126.656,37.4139,0,0,1,0,35,1,1
0,6,0,1,2,0,0,127.426,36.3589,0,0,1,0,77,1,1
0,6,0,0,0,2,0,127.4005,36.5934,0,0,1,0,83,1,1
0,0,0,0,0,0,0,128.9635,35.0927,0,0,0,0,25,1,1
0,0,0,0,0,1,0,127.0453,35.623,0,0,0,0,12,1,1
0,1,2,0,0,0,0,126.8972,35.177,0,0,0,0,137,1,1
0,1,0,0,0,1,0,126.8081,35.1722,0,0,0,0,135,1,1
0,1,0,1,2,0,0,129.0694,37.4886,0,0,0,0,210,1,1
0,1,0,0,0,0,0,126.8745,37.2396,0,0,0,0,50,1,1
1,2,0,1,2,0,0,126.9743,37.3795,0,0,0,0,199,1,1
1,2,0,1,1,0,0,127.4059,35.8433,0,0,0,0,192,1,1
0,2,0,0,0,0,0,129.3132,35.5587,0,0,0,0,205,1,1
0,2,0,0,0,0,0,128.4573,36.6504,0,0,0,0,55,1,1
0,3,0,0,0,0,0,128.5875,35.2236,0,0,0,0,86,1,1
1,3,0,1,2,1,0,126.7924,35.1286,0,0,0,0,135,1,1
1,3,5,1,2,1,0,126.8078,37.4703,0,0,0,0,65,1,1
0,3,0,1,1,0,0,127.2365,35.0828,0,0,0,0,27,1,1
0,4,0,0,0,0,0,127.0402,37.2531,0,0,0,0,99,1,1
0,4,0,1,2,0,0,126.803,35.14,0,0,0,0,135,1,1
0,4,0,0,0,0,0,129.3376,36.0253,0,0,0,0,160,1,1
0,5,0,0,0,0,0,126.353,33.326,0,0,1,0,62,1,1
0,5,1,0,0,1,0,128.8782,35.2417,0,0,1,0,13,1,0
0,6,0,0,0,0,0,127.7029,34.7519,0,0,1,0,102,1,1
0,6,2,1,2,0,0,127.1369,36.8937,0,0,1,0,63,1,1
0,6,5,0,0,2,0,127.1129,35.8504,0,0,1,0,11,1,1
1,0,0,0,0,1,0,127.3484,34.6587,0,0,0,0,191,1,1
1,0,0,0,0,3,0,127.7503,36.4941,0,0,0,0,32,1,1
0,0,0,0,0,0,0,126.616,36.359,0,0,0,0,136,1,1
1,1,0,1,2,0,0,128.5651,36.5114,0,0,0,0,66,1,1
0,1,0,0,0,0,0,126.9433,35.6517,0,0,0,0,12,1,1
0,1,0,1,2,0,0,127.4122,37.296,0,0,0,0,41,1,1
1,2,0,0,0,2,0,126.9193,37.5539,0,0,0,0,159,1,1
1,2,0,0,0,0,0,126.3828,34.7908,0,0,0,0,153,0,0
0,3,0,0,0,0,0,128.9907,37.1607,0,0,0,0,215,1,1
0,3,0,0,0,0,0,126.8544,34.836,0,0,0,0,56,0,0
1,3,0,0,0,0,0,127.927,36.9729,0,0,0,0,6,1,1
0,4,0,0,0,2,0,126.7591,37.8176,0,0,0,0,175,1,1
0,5,0,1,2,0,0,128.6269,35.863,0,0,1,0,37,1,1
1,5,0,0,0,2,0,126.8977,35.1276,0,0,1,0,190,1,1
0,6,0,0,0,0,0,126.8019,36.6865,0,0,1,0,187,1,1
0,6,3,1,2,0,0,127.0399,37.4686,0,0,1,0,214,1,1
1,6,0,0,0,0,0,127.4858,36.9712,0,0,1,0,110,1,1
0,0,0,0,0,0,0,126.9978,37.3155,0,0,0,0,99,1,1
1,1,2,0,0,1,0,126.7542,37.3429,0,0,0,0,73,1,1
1,1,0,0,0,1,0,126.7089,37.6639,0,0,0,0,40,1,1
0,2,2,1,3,0,0,127.4687,36.6322,0,0,0,0,83,1,1
1,2,1,1,3,1,0,129.1247,35.5629,0,0,0,0,17,1,0