주야,요일,법규위반,도로형태_대분류,도로형태,당사자종별_1당_대분류,당사자종별_2당_대분류,경도,위도,사고피해정도,도시여부,주말/공휴일,인구수,발생지번호,보행자의위치,무단횡단여부
0,2,0,1,1,0,0,126.8776,35.1376,0,0,0,0,222,1,1
0,2,0,0,0,0,0,127.0886,35.7976,0,0,0,0,11,1,1
1,3,0,1,1,0,0,128.5678,35.2316,0,0,0,0,86,1,1
1,3,0,0,0,0,0,129.0041,35.2134,0,0,0,0,118,1,1
0,3,1,0,0,0,0,128.7028,35.862,0,0,0,0,26,1,0
0,4,3,0,0,0,0,126.8379,35.2178,0,0,0,0,135,1,1
0,4,0,1,2,0,0,126.7943,34.5627,0,0,0,0,121,1,1
0,4,0,0,0,0,0,128.0706,37.4533,0,0,0,0,31,1,1
0,4,0,0,0,0,0,127.1547,37.4426,0,0,0,0,95,1,1
0,4,2,0,0,0,0,126.948,37.541,0,0,0,0,159,1,1
0,6,2,2,4,0,0,127.1373,37.5342,0,0,1,0,91,1,1
0,6,2,0,0,0,0,127.7268,34.75,0,0,1,0,102,1,1
1,0,0,0,0,0,0,127.4113,35.4232,0,0,0,0,193,1,1
1,0,0,1,1,1,0,129.1226,35.1861,0,0,0,0,1,1,1
1,0,0,1,2,0,0,127.4881,34.9443,0,0,0,0,27,1,1
1,0,0,1,2,3,0,127.0418,37.7514,0,0,0,0,64,1,1
1,0,0,0,0,1,0,127.3956,35.4188,0,0,0,0,193,1,1
0,0,0,0,0,6,0,127.9222,36.9797,0,0,0,0,6,1,1
1,1,3,1,3,1,0,129.2602,35.8065,0,0,0,0,100,1,1
1,2,0,0,0,1,0,128.2472,34.9865,0,0,0,0,87,1,1
1,2,4,0,0,1,0,126.8955,35.1679,0,0,0,0,137,1,1
0,2,0,0,0,0,0,126.9034,35.1657,0,0,0,0,137,1,1
0,2,0,0,0,0,0,126.9522,35.0262,0,0,0,0,88,1,1
0,2,0,1,2,0,0,126.7156,35.9775,0,0,0,0,166,1,1
0,2,0,1,2,1,0,126.7258,37.6167,0,0,0,0,47,1,1
0,2,0,0,0,0,0,129.0478,35.1277,0,0,0,0,209,1,1
0,3,1,1,2,0,0,127.7396,37.8627,0,0,0,0,111,1,0
0,3,0,0,0,3,0,127.1841,37.3489,0,0,0,0,9,1,1
1,3,0,0,0,0,0,127.0837,37.5357,0,0,0,0,183,1,1
1,4,0,0,0,1,0,129.0367,35.3405,0,0,0,0,49,1,1
0,4,0,0,0,0,0,126.7893,35.1803,0,0,0,0,135,1,1
0,5,0,0,0,1,0,126.9039,35.1697,0,0,1,0,137,1,1
1,5,0,0,0,1,0,126.748,34.9209,0,0,1,0,33,0,0
1,5,3,1,1,1,0,127.9057,35.6834,0,0,1,0,154,1,1
0,6,0,0,0,1,0,126.7332,37.2115,1,0,1,0,50,0,0
1,6,1,1,3,0,0,126.7161,35.9842,0,0,1,0,166,1,0
0,6,1,1,1,4,0,128.5007,35.801,0,0,1,0,30,1,0
0,6,0,1,3,0,0,126.5763,36.6897,0,0,1,0,69,1,1
0,6,0,1,2,0,0,127.1353,36.9146,0,0,1,0,63,1,1
1,0,0,0,0,0,0,128.6719,35.2176,0,0,0,0,86,1,1
1,1,3,2,4,0,0,127.0606,37.9465,0,0,0,0,94,1,1
1,1,0,0,0,1,0,127.0173,37.5897,0,0,0,0,167,1,1
0,2,0,0,0,0,0,128.3164,35.369,0,0,0,0,189,1,1
1,2,0,0,0,0,0,127.6558,34.7605,0,0,0,0,102,0,0
0,3,2,1,2,0,0,126.9825,35.815,0,0,0,0,34,1,1
0,3,0,0,0,1,0,127.1068,37.5055,0,0,0,0,156,1,1
0,3,0,0,0,0,0,127.2154,37.2333,0,0,0,0,51,1,1
1,4,0,0,0,4,0,126.9155,37.5118,0,0,0,0,150,1,1
1,4,0,1,1,3,0,127.3109,36.6382,0,0,0,0,83,1,1
1,4,0,0,0,2,0,126.9292,37.5177,0,0,0,0,150,1,1
0,4,0,1,2,0,0,126.9056,36.0547,0,0,0,0,125,1,1
0,5,0,0,0,0,0,127.1463,34.9837,0,0,1,0,88,1,1
0,5,2,0,0,0,0,129.0782,35.1816,0,0,1,0,221,1,1
0,5,0,0,0,0,0,129.3291,35.5264,0,0,1,0,213,1,1
0,5,0,0,0,0,0,126.994,37.3093,0,0,1,0,99,1,1
0,5,0,0,0,0,0,128.4175,36.1378,0,0,1,0,144,1,1
0,6,0,1,1,2,0,127.0574,37.9168,0,0,1,0,94,1,1
0,0,3,1,1,0,0,127.0418,37.2753,0,0,0,0,99,1,1
1,0,0,1,2,3,0,128.9154,37.709,0,0,0,0,194,1,1
0,0,0,0,0,1,0,126.4055,34.7896,0,0,0,0,153,1,1
0,1,0,0,0,2,0,128.7281,36.5627,0,0,0,0,66,1,1
0,1,0,0,0,0,0,126.8079,37.0681,0,0,0,0,50,1,1
0,2,0,0,0,0,0,126.9999,37.5708,0,0,0,0,116,1,1
1,2,0,0,0,0,0,126.6972,37.6333,0,0,0,0,47,1,1
0,2,0,0,0,0,0,127.956,35.6297,0,0,0,0,154,0,0
0,3,0,0,0,1,0,129.3136,37.0824,0,0,0,0,208,1,1
1,3,0,1,1,1,0,126.5193,35.0614,0,0,0,0,157,1,1
0,3,0,1,2,0,0,127.1267,37.4597,0,0,0,0,95,1,1
0,4,0,0,0,2,0,126.8882,37.5308,0,0,0,0,150,1,1
0,4,3,1,3,1,0,127.1628,37.6923,0,0,0,0,70,1,1
0,4,0,1,2,0,0,128.3787,35.3303,0,0,0,0,117,1,1
1,5,0,1,1,1,0,128.1513,36.4242,0,0,1,0,58,1,1
0,5,0,0,0,1,0,129.2058,35.8535,0,0,1,0,100,1,1
0,5,0,1,3,0,0,126.4044,34.8061,0,0,1,0,153,1,1
0,5,0,0,0,3,0,127.7221,37.913,0,0,1,0,111,1,1
0,5,0,2,4,1,0,127.7406,35.0699,0,0,1,0,172,1,1
0,5,0,0,0,1,0,128.595,35.9976,0,0,1,0,21,1,1
0,6,0,1,2,0,0,126.5598,33.2515,0,0,1,0,62,1,1
1,6,0,0,0,0,0,126.8708,35.2062,0,0,1,0,137,0,0
1,6,1,0,0,0,0,129.2302,35.8258,0,0,1,0,100,1,0
1,6,0,1,3,2,0,126.8029,37.4727,0,0,1,0,65,1,1
0,6,4,0,0,0,0,126.5327,36.6684,0,0,1,0,69,1,1
0,6,1,1,2,0,0,127.5148,37.8143,0,0,1,0,176,1,0
0,6,2,0,0,0,0,126.6152,36.122,0,0,1,0,10,1,1
0,0,2,0,0,4,0,126.8954,37.4784,0,0,0,0,79,1,1
0,0,0,1,1,0,0,127.1956,37.8885,0,0,0,0,171,1,1
0,0,3,1,1,1,0,128.6476,35.873,0,0,0,0,37,1,1
1,0,0,0,0,1,0,126.751,36.8125,0,0,0,0,46,1,1
1,0,0,1,1,1,0,127.0513,37.7457,0,0,0,0,64,1,1
0,0,0,0,0,0,0,128.7841,35.8112,0,0,0,0,52,1,1
0,0,0,2,4,0,0,126.8759,35.1847,0,0,0,0,137,1,1
1,1,0,0,0,0,0,127.4977,36.3515,0,0,0,0,80,1,1
0,2,0,0,0,0,0,126.4884,37.4615,0,0,1,0,72,1,1
1,2,0,0,0,0,0,129.0555,35.6886,0,0,1,0,100,0,0
0,3,0,0,0,0,0,127.4096,36.3217,0,0,0,0,39,1,1
0,3,3,1,2,1,0,126.9196,35.1649,0,0,0,0,137,1,1
1,3,1,1,2,1,0,126.8018,35.1626,0,0,0,0,135,1,0
1,3,0,0,0,1,0,126.8447,37.5182,0,0,0,0,140,1,1
0,3,0,1,1,0,0,127.0179,37.6312,0,0,0,0,200,1,1
0,4,0,0,0,1,0,127.6947,34.7484,0,0,1,0,102,1,1
0,4,1,1,3,1,0,127.118,35.8681,0,0,1,0,11,1,0
0,4,0,0,0,0,0,126.7771,36.6861,0,0,1,0,187,1,1
0,5,0,0,0,0,0,128.5908,35.8486,0,0,1,0,145,1,1
0,5,2,1,1,0,0,126.9126,35.1758,0,0,1,0,137,1,1
1,5,1,1,3,3,0,126.7033,37.5087,0,0,1,0,44,1,0
0,5,0,1,2,1,0,127.7819,36.9525,0,0,1,0,6,1,1
0,5,2,2,4,0,0,126.834,35.8046,0,0,1,0,34,1,1
0,5,0,1,3,1,0,127.039,37.5581,0,0,1,0,84,1,1
0,6,0,0,0,0,0,128.8864,35.2393,0,0,1,0,13,1,1
0,6,0,0,0,0,0,129.3086,35.537,0,0,1,0,213,1,1
1,6,0,1,1,0,0,127.024,37.5658,0,0,1,0,84,1,1
0,6,0,1,2,2,0,126.8792,35.1766,0,0,1,0,137,1,1
1,0,0,1,2,1,0,127.9406,36.9571,0,0,0,0,6,1,1
0,1,2,1,2,0,0,129.3219,35.5493,0,0,1,0,213,1,1
0,1,3,0,0,1,0,127.0353,37.7432,0,0,1,0,64,1,1
0,1,0,1,1,4,0,126.6448,37.6091,0,0,1,0,97,1,1
1,1,3,1,2,2,0,128.5912,38.2036,0,0,1,0,104,1,1
1,1,0,0,0,1,0,126.8654,37.3428,0,0,1,0,2,1,1
1,1,0,1,1,0,0,126.8573,35.5833,0,0,1,0,12,1,1
1,1,0,1,1,0,0,127.639,37.119,0,0,1,0,110,1,1
1,1,0,0,0,0,0,126.8514,37.3082,0,0,1,0,2,1,1
0,1,2,0,0,0,0,128.9929,37.1647,0,0,1,0,215,1,1
0,1,2,1,3,2,0,127.149,35.8045,0,0,1,0,11,0,0
0,1,0,0,0,0,0,128.6157,35.8354,0,0,1,0,37,1,1
1,2,0,0,0,0,0,127.4053,36.3214,0,0,0,0,39,1,1
1,2,3,1,3,3,0,126.9544,37.3924,0,0,0,0,151,1,1
0,2,0,0,0,0,0,127.1107,35.3775,0,0,0,0,131,1,1
1,3,3,1,2,1,0,126.901,35.1329,0,0,0,0,190,1,1
1,3,0,1,2,0,0,126.4332,36.8635,0,0,0,0,69,1,1
0,3,0,0,0,1,0,129.3334,35.5516,0,0,0,0,205,1,1
0,4,0,0,0,1,0,128.7054,35.135,0,0,0,0,86,1,1
1,4,0,1,1,0,0,127.478,37.0925,0,0,0,0,23,1,1
0,5,1,0,0,0,0,126.5719,33.5199,0,0,1,0,90,1,0
0,5,0,0,0,0,0,128.7414,35.3854,0,0,1,0,177,1,1
0,5,0,0,0,1,0,128.9932,35.0686,0,0,1,0,25,1,1
0,5,0,0,0,1,0,129.3424,36.1,0,0,1,0,160,1,1
0,6,1,1,3,0,0,127.4768,36.6287,0,0,1,0,83,1,0
0,6,0,0,0,2,0,127.4698,36.2733,0,0,1,0,80,1,1
1,0,0,1,3,0,0,126.9316,37.5479,0,0,0,0,159,1,1
1,0,0,0,0,1,0,129.2139,36.2429,0,0,0,0,160,0,0
1,0,0,0,0,1,0,127.2583,37.9664,0,0,0,0,171,1,1
1,0,0,1,3,0,0,127.0535,37.6532,0,0,0,0,98,1,1
0,0,0,1,2,0,0,127.342,36.376,0,0,0,0,148,1,1
0,0,0,0,0,0,0,127.1076,36.2103,0,0,0,0,61,1,1
0,1,0,1,3,0,0,127.1396,37.4955,0,0,0,0,156,1,1
1,1,0,2,4,0,0,127.7893,35.0743,0,0,0,0,172,1,1
0,1,0,0,0,1,0,126.5886,36.3528,0,0,0,0,136,1,1
0,1,0,0,0,0,0,128.1277,35.646,0,0,0,0,133,1,1
0,1,0,1,1,0,0,127.1284,36.4715,0,0,0,0,19,1,1
0,2,0,1,1,0,0,127.1312,37.3841,0,0,0,0,95,1,1
1,2,0,1,3,2,0,127.1087,37.3398,0,0,0,0,95,1,1
0,2,0,0,0,2,0,129.3001,35.5521,0,0,0,0,205,1,1
0,3,0,1,3,0,0,127.0401,37.7382,0,0,0,0,64,1,1
0,3,0,0,0,0,0,126.8373,37.8183,0,0,0,0,175,1,1
0,3,0,1,1,0,0,129.024,35.0935,0,0,0,0,226,1,1
1,3,0,0,0,0,0,126.9499,37.5008,0,0,0,0,93,1,1
1,3,0,0,0,1,0,128.7496,35.8693,0,0,0,0,26,0,0
1,3,0,1,1,0,0,126.9103,34.6771,0,0,0,0,56,1,1
0,4,0,0,0,1,0,126.5444,35.2627,0,0,0,0,127,0,0
1,4,0,1,1,1,0,129.3715,36.4105,0,0,0,0,54,1,1
0,4,1,1,3,2,0,128.5445,35.8973,0,0,0,0,112,1,0
0,4,0,0,0,1,0,126.9826,35.9554,0,0,0,0,125,1,1
0,5,0,0,0,2,0,127.4318,36.3332,0,0,1,0,80,1,1
1,6,0,0,0,1,0,129.4034,35.8126,0,0,1,0,100,0,0
0,6,0,0,0,1,0,128.7032,36.5621,0,0,1,0,66,1,1
0,0,0,0,0,0,0,127.035,37.257,0,0,0,0,99,1,1
1,0,0,1,1,1,0,127.3395,35.1611,0,0,0,0,147,1,1
1,0,4,1,1,1,0,126.4924,37.7426,1,0,0,0,92,0,0
1,0,0,1,2,3,0,128.578,35.8592,0,0,0,0,178,1,1
0,1,0,0,0,0,0,127.6679,34.7658,0,0,0,0,102,1,1
0,1,0,0,0,1,0,128.3937,34.9618,0,0,0,0,212,1,1
1,1,0,0,0,1,0,127.0905,37.5447,0,0,0,0,183,1,1
0,1,0,0,0,0,0,129.3948,36.9958,0,0,0,0,208,1,1
0,2,0,0,0,0,0,126.8974,34.93,0,0,0,0,88,1,1
0,2,2,0,0,0,0,127.4614,36.6316,0,0,0,0,83,1,1
0,2,2,1,2,0,0,127.1574,37.8734,0,0,0,0,171,1,1
1,2,1,0,0,0,0,126.695,37.6499,0,0,0,0,47,1,0
0,3,2,1,3,0,0,126.7773,37.4888,0,0,0,0,65,1,1
0,3,0,0,0,0,0,129.0315,35.1029,0,0,0,0,228,1,1
1,4,1,1,3,2,0,127.7782,36.175,0,0,0,0,75,1,0
0,4,0,0,0,0,0,128.2191,35.1919,0,0,0,0,42,1,1
0,4,0,0,0,0,0,126.4232,34.8389,0,0,0,0,153,1,1
0,4,0,0,0,0,0,126.8639,37.5311,0,0,0,0,140,1,1
0,5,0,0,0,5,0,127.3918,37.0719,0,0,1,0,23,1,1
0,5,0,2,4,1,0,127.4275,37.2329,0,0,1,0,41,1,1
0,5,0,1,2,0,0,126.6538,37.4682,0,0,1,0,29,1,1
0,5,1,1,1,0,0,128.4352,36.1578,0,0,1,0,144,1,0
0,5,0,0,0,0,0,126.9142,36.9932,0,0,1,0,14,1,1
0,6,3,1,1,0,0,126.905,35.1571,0,0,1,0,137,1,1
1,6,0,0,0,0,0,126.6817,36.2924,0,0,1,0,136,1,1
1,0,0,0,0,1,0,126.9143,35.1715,0,0,0,0,137,1,1
1,0,0,0,0,1,0,127.0235,37.6086,0,0,0,0,167,1,1
1,0,0,0,0,1,0,129.2566,35.3061,0,0,0,0,85,1,1
1,0,0,0,0,1,0,128.3462,35.3347,0,0,0,0,117,1,1
1,0,0,2,4,0,0,127.1228,36.4602,0,0,0,0,19,1,1
1,0,0,1,1,1,0,128.1766,36.4996,0,0,0,0,58,1,1
0,0,0,1,1,0,0,127.1588,36.8032,0,0,0,0,63,1,1
0,1,1,1,3,0,0,127.6377,37.2772,0,0,0,0,22,1,0
0,1,0,0,0,1,0,127.7306,37.9511,0,0,0,0,111,1,1
0,2,0,0,0,1,0,126.541,35.0262,0,0,0,0,157,1,1
0,2,0,1,1,0,0,126.6781,37.4641,0,0,0,0,29,1,1
1,2,0,1,1,2,0,126.8555,37.5137,0,0,0,0,140,1,1
1,2,0,1,1,1,0,126.7459,37.3381,0,0,0,0,73,1,1
1,2,0,0,0,9,0,127.3162,34.8598,0,0,0,0,122,1,1
0,2,4,0,0,0,0,126.8088,35.1678,1,0,0,0,135,1,1
0,2,0,1,2,1,0,126.8393,34.557,0,0,0,0,121,1,1
1,3,0,0,0,0,0,127.1432,35.8314,0,0,0,0,11,1,1
0,3,0,0,0,0,0,127.344,34.8337,0,0,0,0,122,1,1
0,3,0,0,0,2,0,126.9044,37.4865,0,0,0,0,93,1,1
0,4,2,0,0,0,0,126.9617,37.5215,0,0,0,0,134,1,1
1,4,0,1,1,1,0,128.1509,36.4197,0,0,0,0,58,1,1
1,4,0,0,0,0,0,127.7247,37.8703,0,0,0,0,111,1,1
0,5,0,1,2,1,0,129.3078,35.4343,0,0,1,0,17,1,1
1,5,0,0,0,0,0,127.1409,36.7983,0,0,1,0,63,1,1
1,5,0,0,0,1,0,129.2861,36.0122,0,0,1,0,100,1,1
0,5,0,0,0,0,0,126.6336,37.6933,0,0,1,0,47,1,1
0,5,5,0,0,1,0,128.4311,35.35,0,0,1,0,117,1,1
0,5,0,2,4,4,0,126.8115,37.5646,0,0,1,0,43,1,1
0,6,0,1,1,0,0,126.6911,35.9619,0,0,1,0,166,1,1
0,6,1,1,3,0,0,127.0088,37.2925,0,0,1,0,99,0,0
0,6,0,0,0,0,0,128.3872,34.8059,0,0,1,0,212,1,1
1,6,0,0,0,3,0,128.2371,36.4745,0,0,1,0,58,1,1
1,6,0,0,0,0,0,127.052,37.4843,0,0,1,0,89,1,1
1,6,0,0,0,0,0,128.5917,36.2316,0,0,1,0,170,1,1
0,0,0,0,0,0,0,127.3852,35.413,0,0,0,0,193,1,1
1,0,0,2,4,3,0,126.8567,37.7065,0,0,0,0,40,1,1
1,0,4,0,0,0,0,126.8314,37.9312,0,0,0,0,175,1,1
1,0,0,0,0,1,0,127.1649,37.5577,0,0,0,0,91,0,0
0,0,0,0,0,2,0,126.7973,37.1035,0,0,0,0,50,1,1
0,1,2,0,0,2,0,127.4362,36.3211,0,0,1,0,39,1,1
0,1,0,1,1,1,0,126.7302,37.6951,0,0,1,0,40,1,1
0,1,3,0,0,0,0,126.9378,37.1878,0,0,1,0,50,1,1
1,2,0,1,2,0,0,127.4197,36.3183,0,0,0,0,39,1,1
0,2,0,0,0,1,0,126.7017,34.7954,0,0,0,0,16,1,1
0,2,0,1,1,0,0,127.07,34.7547,0,0,0,0,122,1,1
1,3,0,0,0,1,0,126.5693,36.2812,0,0,0,0,136,1,1
1,3,2,1,1,0,0,126.8565,37.2885,0,0,0,0,2,1,1
1,4,0,0,0,1,0,126.8758,36.6208,0,0,0,0,187,1,1
1,4,5,0,0,5,0,126.7336,37.3483,0,0,0,0,73,0,0
0,4,0,1,2,0,0,127.5717,36.9822,0,0,0,0,110,1,1
0,5,0,0,0,0,0,127.5759,37.164,0,0,1,0,41,1,1
1,5,0,0,0,0,0,127.4192,36.4597,0,0,1,0,83,1,1
1,5,2,0,0,0,0,127.0962,36.219,0,0,1,0,61,1,1
0,5,0,0,0,0,0,126.5582,37.7095,0,0,1,0,47,1,1
0,5,0,0,0,0,0,127.0839,37.3113,0,0,1,0,51,1,1
0,5,0,0,0,0,0,129.0178,35.8951,0,0,1,0,5,1,1
0,0,2,0,0,0,0,126.3207,33.2825,0,0,0,0,62,1,1
1,0,1,1,3,0,0,127.0565,37.7307,0,0,0,0,64,1,0
0,0,0,0,0,1,0,127.2438,37.5464,0,0,0,0,70,1,1
0,0,0,0,0,0,0,129.3077,35.4895,0,0,0,0,17,1,1
0,1,2,0,0,0,0,127.4912,36.6132,0,0,0,0,83,1,1
0,1,5,0,0,1,0,128.6298,36.1851,0,0,0,0,170,1,1
0,1,0,0,0,0,0,128.1037,35.0738,0,0,0,0,57,1,1
0,1,0,0,0,0,0,126.9998,36.7697,0,0,0,0,53,1,1
1,2,0,0,0,0,0,126.7837,37.6752,0,0,0,0,40,1,1
1,2,0,0,0,0,0,127.3772,36.3446,0,0,0,0,4,0,0
1,2,0,1,1,2,0,126.7449,37.4839,0,0,0,0,44,1,1
0,3,0,0,0,0,0,127.1337,36.7982,0,0,0,0,63,1,1
0,3,0,1,1,0,0,127.4893,36.6478,0,0,0,0,83,1,1
1,3,1,0,0,0,0,126.9116,35.1849,0,0,0,0,137,1,0
1,3,3,1,1,1,0,127.5065,37.8406,0,0,0,0,176,1,1
1,3,0,1,2,2,0,127.3763,36.6642,0,0,0,0,83,1,1
1,3,4,0,0,2,0,126.9023,37.4395,0,0,0,0,109,0,0
1,3,0,1,1,2,0,127.1496,36.8003,0,0,0,0,63,1,1
0,3,0,1,1,0,0,128.1644,37.1299,0,0,0,0,103,1,1
0,3,0,0,0,1,0,128.618,35.6417,0,0,0,0,3,1,1
0,3,0,0,0,0,0,126.7281,36.6869,0,0,0,0,187,1,1
0,4,0,0,0,0,0,126.8588,37.5062,0,0,0,0,79,1,1
0,4,0,0,0,0,0,128.9838,35.164,0,0,0,0,120,1,1
0,4,2,0,0,0,0,126.8084,37.495,0,0,0,0,65,1,1
1,4,2,0,0,0,0,129.38,36.0356,0,0,0,0,160,1,1
1,4,1,0,0,0,0,126.9007,37.7176,0,0,0,0,40,1,0
1,4,0,0,0,0,0,127.0068,37.53,0,0,0,0,134,1,1
1,4,1,1,1,2,0,126.7696,37.5106,0,0,0,0,65,1,0
1,4,0,1,2,1,0,126.8535,35.1657,0,0,0,0,222,1,1
0,4,0,0,0,1,0,126.588,36.9199,0,0,0,0,46,1,1
1,5,1,1,3,0,0,127.1123,35.8355,0,0,1,0,11,0,0
0,6,0,0,0,0,0,126.891,37.5602,0,0,1,0,159,1,1
1,6,0,0,0,1,0,129.0009,35.8369,0,0,1,0,3,0,0
0,6,1,1,1,0,0,128.7323,35.6501,0,0,1,0,3,1,0
0,0,0,1,2,0,0,127.1234,35.8055,0,0,0,0,11,1,1
0,0,0,0,0,0,0,129.3816,36.3455,0,0,0,0,54,1,1
0,1,4,1,1,0,0,128.556,35.8746,0,0,0,0,107,1,1
1,1,0,1,1,1,0,128.9014,37.7477,0,0,0,0,194,1,1
1,1,0,0,0,0,0,126.9674,37.5249,0,0,0,0,134,1,1
0,1,0,0,0,0,0,128.8235,35.9105,0,0,0,0,52,1,1
0,1,0,0,0,0,0,127.3813,36.6313,0,0,0,0,83,1,1
0,2,0,0,0,0,0,127.0731,37.5451,0,0,0,0,183,1,1
0,2,0,0,0,0,0,127.0232,37.504,0,0,0,0,214,1,1
0,2,0,0,0,0,0,128.8255,35.9145,0,0,0,0,52,0,0
1,3,0,1,2,3,0,127.1021,37.0488,0,0,0,0,14,1,1
0,3,0,0,0,1,0,126.8886,37.4525,0,0,0,0,81,1,1
0,3,1,1,1,2,0,129.059,35.1522,0,0,0,0,163,1,0
0,3,0,0,0,0,0,126.9546,37.5244,0,0,0,0,134,1,1
1,4,0,0,0,1,0,126.7519,36.6165,0,0,0,0,38,1,1
0,4,3,1,1,1,0,127.1351,37.5518,0,0,0,0,91,1,1
1,5,5,1,2,3,0,128.2021,38.2154,0,0,1,0,124,1,1
0,5,0,0,0,0,0,126.7335,37.5291,0,0,1,0,7,1,1
1,6,0,0,0,1,0,126.756,37.35,0,0,1,0,73,1,1
0,6,0,1,3,0,0,127.4082,36.3575,0,0,1,0,77,1,1
0,6,2,1,2,4,0,126.8723,35.1465,0,0,1,0,222,1,1
0,0,0,0,0,1,0,129.0159,35.2097,0,0,0,0,118,1,1
0,0,0,1,1,2,0,128.0868,35.1915,0,0,0,0,42,1,1
0,1,1,0,0,0,0,126.3753,34.7805,0,0,0,0,153,1,0
1,1,2,0,0,1,0,126.6355,37.5592,0,0,0,0,97,1,1
1,1,3,1,1,1,0,126.8806,36.8813,0,0,0,0,53,1,1
0,1,0,2,4,0,0,127.4904,36.1073,0,0,0,0,68,1,1
0,1,0,0,0,0,0,127.0354,37.4759,0,0,0,0,214,1,1
0,2,0,1,2,2,0,129.2418,35.3216,0,0,0,0,85,1,1
0,3,0,0,0,0,0,126.8191,37.6055,0,0,0,0,40,1,1
0,3,0,0,0,1,0,127.4071,37.3014,0,0,0,0,41,1,1
0,3,0,0,0,0,0,126.8378,37.541,0,0,0,0,43,1,1
1,3,0,0,0,0,0,128.2762,35.138,1,0,0,0,87,0,0
1,3,0,1,3,2,0,126.8682,37.3028,1,0,0,0,2,1,1
1,3,0,0,0,1,0,126.9295,35.1595,0,0,0,0,162,1,1
0,3,0,0,0,0,0,127.94,37.3719,0,0,0,0,36,1,1
0,4,0,0,0,0,0,129.0313,35.1074,0,0,0,0,228,1,1
1,4,3,0,0,1,0,127.0988,37.322,0,0,0,0,51,1,1
0,4,0,0,0,0,0,126.3799,36.7841,0,0,0,0,69,1,1
0,4,0,0,0,0,0,127.1341,37.4357,0,0,0,0,95,1,1
0,5,0,0,0,0,0,126.9093,35.1451,0,0,1,0,190,1,1
0,5,0,0,0,0,0,127.131,36.8928,0,0,1,0,63,1,1
0,5,0,1,1,0,0,128.5755,36.2901,0,0,1,0,105,1,1
0,6,0,0,0,0,0,126.8897,35.1846,0,0,1,0,137,1,1
1,6,0,0,0,0,0,127.0401,37.4788,0,0,1,0,214,1,1
0,0,0,1,2,2,0,127.127,37.4755,0,0,0,0,156,1,1
1,0,4,2,4,0,0,126.2521,33.2229,0,0,0,0,62,1,1
1,0,0,0,0,0,0,126.9691,37.2807,0,0,0,0,99,1,1
1,0,0,0,0,1,0,126.9718,37.5782,0,0,0,0,116,1,1
0,0,0,0,0,1,0,128.5772,35.6261,0,0,0,0,3,0,0
1,1,0,1,1,0,0,127.0266,37.2951,0,0,0,0,99,1,1
0,1,1,0,0,0,0,128.5487,35.9108,0,0,0,0,112,1,0
0,2,0,0,0,0,0,127.0551,37.6544,0,0,0,0,18,1,1
1,2,1,1,1,2,0,127.2004,37.9005,0,0,0,0,171,1,0
1,2,4,1,1,2,0,127.4603,36.635,2,0,0,0,83,1,1
0,2,3,1,2,0,0,129.2497,35.5331,0,0,0,0,17,1,1
0,2,0,0,0,2,0,127.0305,37.1346,0,0,0,0,14,1,1
0,2,0,0,0,1,0,126.8469,37.4975,0,0,0,0,79,1,1
0,2,0,1,3,0,0,127.1928,37.7273,0,0,0,0,70,1,1
0,2,0,0,0,0,0,127.0208,36.7724,0,0,0,0,53,1,1
1,3,1,1,3,2,0,126.9419,37.3665,0,0,0,0,126,1,0
0,3,2,0,0,0,0,126.8547,37.2413,0,0,0,0,50,1,1
0,3,0,2,4,0,0,128.4849,38.2082,0,0,0,0,217,1,1
0,4,0,1,1,4,0,127.1458,37.8279,0,0,0,0,171,1,1
0,4,0,1,1,1,0,127.4882,34.9186,0,0,0,0,27,1,1
0,4,0,1,1,2,0,127.1138,37.0149,0,0,0,0,14,1,1
1,5,0,1,1,0,0,128.0797,34.9401,0,0,1,0,57,1,1
1,5,1,1,3,2,0,127.2307,37.2494,0,0,1,0,51,1,0
0,5,0,0,0,0,0,128.7221,37.4724,0,0,1,0,198,1,1
0,5,2,0,0,0,0,127.4324,36.3527,0,0,1,0,80,1,1
0,5,0,1,1,0,0,127.0272,37.2685,0,0,1,0,99,1,1
1,6,0,0,0,2,0,126.6242,34.2024,0,0,1,0,141,1,1
0,0,0,1,1,1,0,128.4539,35.8628,0,0,0,0,30,1,1
1,0,0,1,1,0,0,126.4386,35.2415,0,0,0,0,127,1,1
1,1,0,1,2,0,0,127.1263,35.7942,0,0,0,0,11,1,1
0,1,0,1,1,1,0,128.5387,38.3038,0,0,0,0,217,1,1
0,1,0,1,1,1,0,128.2516,35.706,0,0,0,0,220,1,1
0,1,2,0,0,4,0,126.8967,37.5213,0,0,0,0,150,1,1
0,2,0,0,0,0,0,126.9142,37.1734,0,0,0,0,50,1,1
0,2,0,0,0,1,0,126.9772,37.7401,0,0,0,0,59,1,1
1,2,0,0,0,0,0,127.1217,37.5464,0,0,0,0,91,1,1
1,2,0,1,2,2,0,126.731,35.7265,0,0,0,0,185,1,1
1,2,0,1,3,1,0,128.4243,34.8453,0,0,0,0,212,1,1
1,2,0,1,1,1,0,127.4884,36.093,0,0,0,0,68,1,1
1,2,1,1,3,0,0,127.4308,36.6226,0,0,0,0,83,1,0
0,2,0,0,0,1,0,126.7286,37.8375,0,0,0,0,175,1,1
0,2,0,1,3,1,0,126.9322,35.1842,0,0,0,0,137,1,1