주야,요일,법규위반,도로형태_대분류,도로형태,당사자종별_1당_대분류,당사자종별_2당_대분류,경도,위도,사고피해정도,도시여부,주말/공휴일,인구수,발생지번호,보행자의위치,무단횡단여부
0,2,0,0,0,0,0,127.0609,37.6738,0,0,0,0,18,1,1
0,2,0,0,0,0,0,127.1261,37.456,0,0,0,0,95,1,1
0,2,0,0,0,1,0,127.54,37.4161,0,0,0,0,48,1,1
0,3,0,0,0,1,0,126.8752,37.2433,0,0,0,0,50,1,1
0,3,0,0,0,0,0,126.8745,37.582,0,0,0,0,40,1,1
1,3,0,0,0,0,0,126.9118,33.4522,0,0,0,0,62,1,1
1,3,0,2,4,0,0,127.307,37.6523,1,0,0,0,70,1,1
0,3,0,0,0,2,0,126.726,37.4509,0,0,0,0,29,1,1
0,4,2,0,0,0,0,126.772,37.5036,0,0,0,0,65,1,1
1,4,1,0,0,3,0,128.6235,35.8376,0,0,0,0,37,1,0
1,4,0,1,3,3,0,126.988,35.9478,0,0,0,0,125,1,1
0,4,0,1,3,1,0,126.9933,35.9602,0,0,0,0,125,1,1
0,4,0,0,0,0,0,127.1203,37.5437,0,0,0,0,91,1,1
1,5,0,1,1,1,0,126.864,37.5437,0,0,1,0,140,1,1
1,5,0,1,2,0,0,128.487,36.6454,0,0,1,0,55,1,1
0,5,0,0,0,0,0,128.5983,35.8548,0,0,1,0,145,1,1
0,5,0,1,2,2,0,126.959,35.9532,0,0,1,0,125,1,1
0,6,2,1,3,0,0,126.94,37.3705,0,0,1,0,126,1,1
0,6,0,0,0,0,0,126.7377,35.9692,0,0,1,0,166,1,1
1,0,0,2,4,0,0,127.1821,37.708,0,0,0,0,70,1,1
1,0,0,1,3,1,0,126.4593,36.7818,0,0,0,0,69,1,1
1,0,0,0,0,2,0,126.9004,35.1337,0,0,0,0,190,1,1
0,1,0,1,1,0,0,128.6284,38.0961,0,0,0,0,164,1,1
1,1,1,0,0,0,0,126.9948,37.5015,0,0,0,0,214,1,0
1,1,0,0,0,7,0,126.953,37.3867,0,0,0,0,151,0,0
0,1,0,1,3,1,0,126.9368,37.3345,0,0,0,0,126,1,1
0,2,0,0,0,1,0,127.7613,37.8443,0,0,0,0,111,1,1
1,2,1,1,3,1,0,126.2805,34.4255,0,0,0,0,71,1,0
0,3,2,1,3,0,0,127.1137,36.9947,0,0,0,0,14,1,1
0,3,1,1,2,1,0,127.7416,37.8901,0,0,0,0,111,1,0
0,3,0,0,0,1,0,126.5303,35.5054,0,0,0,0,219,0,0
1,3,0,1,1,0,0,127.1129,37.1158,0,0,0,0,51,1,1
0,3,0,1,3,0,0,126.8858,35.1411,0,0,0,0,222,1,1
1,4,0,0,0,3,0,127.1294,34.4732,0,0,0,0,191,1,1
1,4,2,0,0,1,0,126.9033,35.6847,0,0,0,0,12,1,1
1,4,1,1,3,2,0,126.7495,37.7234,0,0,0,0,175,1,0
0,4,0,0,0,7,0,128.6169,35.9228,0,0,0,0,112,1,1
0,5,0,0,0,0,0,126.9865,37.5375,0,0,1,0,134,1,1
0,5,0,0,0,0,0,127.023,37.5041,0,0,1,0,214,1,1
1,5,0,1,2,3,0,128.3934,34.9034,0,0,1,0,212,1,1
0,5,0,0,0,0,0,128.377,37.2153,0,0,1,0,114,1,1
0,5,0,0,0,0,0,127.006,37.4952,0,0,1,0,214,1,1
0,6,0,1,1,0,0,126.901,33.4741,0,0,1,0,62,1,1
0,6,0,1,1,1,0,126.6064,35.4626,0,0,1,0,219,1,1
0,6,0,0,0,0,0,126.5536,36.4874,0,0,1,0,136,0,0
0,0,0,1,2,0,0,127.1268,37.4485,0,0,0,0,95,1,1
1,0,0,1,1,1,0,127.0678,38.0248,0,0,0,0,106,1,1
1,0,0,1,1,0,0,127.6731,34.7615,0,0,0,0,102,1,1
1,0,1,1,3,1,0,129.3205,35.555,0,0,0,0,205,1,0
1,0,0,1,2,1,0,128.9805,35.1906,0,0,0,0,120,1,1
0,0,0,1,3,1,0,128.4918,35.8558,0,0,0,0,20,1,1
0,1,2,1,2,0,0,126.9458,37.2739,0,0,0,0,99,1,1
1,1,0,0,0,1,0,129.2016,35.8678,0,0,0,0,100,1,1
1,1,0,0,0,0,0,126.8533,37.5134,0,0,0,0,140,1,1
0,1,0,0,0,7,0,126.8702,37.5584,0,0,0,0,43,1,1
0,2,0,0,0,1,0,126.9011,37.5352,0,0,0,0,150,0,0
0,2,0,0,0,0,0,127.0221,37.6009,0,0,0,0,167,1,1
0,2,0,1,1,0,0,126.896,36.0139,0,0,0,0,125,1,1
0,2,0,1,2,0,0,128.8441,37.837,0,0,0,0,194,1,1
0,3,0,0,0,0,0,128.2673,36.1567,0,0,0,0,76,1,1
0,3,3,1,1,2,0,126.8302,37.6307,0,0,0,0,40,1,1
1,4,0,0,0,0,0,127.133,37.6065,0,0,0,0,165,1,1
1,4,0,0,0,2,0,128.2525,37.5765,0,0,0,0,31,0,0
0,5,0,0,0,0,0,126.8492,37.6683,0,0,1,0,40,1,1
0,5,2,1,2,0,0,128.904,35.2425,0,0,1,0,13,1,1
0,5,2,0,0,0,0,127.3969,36.3576,0,0,1,0,4,1,1
0,5,0,0,0,0,0,127.0107,37.571,0,0,1,0,116,1,1
1,5,0,1,2,0,0,128.0835,35.1959,0,0,1,0,42,1,1
1,5,0,0,0,0,0,127.9406,37.3531,0,0,1,0,36,1,1
0,6,0,1,3,0,0,128.9118,37.7496,0,0,1,0,194,1,1
1,6,0,0,0,1,0,126.2166,33.3751,0,0,1,0,90,1,1
1,6,0,0,0,0,0,128.4669,36.8436,0,0,1,0,55,1,1
1,6,0,0,0,1,0,127.3957,35.6877,0,0,1,0,192,1,1
0,6,0,0,0,0,0,129.1964,35.4435,0,0,1,0,17,1,1
1,0,0,1,1,0,0,129.1054,37.5518,0,0,0,0,210,1,1
1,0,3,1,1,1,0,127.1146,37.3286,0,0,0,0,51,1,1
0,0,0,0,0,0,0,129.3399,35.5607,0,0,0,0,205,1,1
0,0,0,1,1,0,0,128.6068,35.855,0,0,0,0,145,1,1
0,1,0,1,3,0,0,126.6698,37.5412,0,0,0,0,97,1,1
0,1,3,1,3,0,0,126.7033,37.4678,0,0,0,0,29,1,1
1,1,0,0,0,0,0,126.9883,37.3503,0,0,0,0,9,0,0
1,1,0,1,2,2,0,126.7753,37.7657,0,0,0,0,175,1,1
1,1,0,1,2,2,0,126.8519,37.4981,0,0,0,0,79,1,1
0,1,0,0,0,1,0,127.0322,37.0157,0,0,0,0,14,1,1
0,2,0,0,0,0,0,127.7921,36.6333,0,0,0,0,179,1,1
0,2,0,0,0,0,0,128.6045,35.8598,0,0,0,0,178,1,1
0,3,0,0,0,1,0,126.8819,37.5247,0,0,0,0,150,1,1
1,3,2,0,0,0,0,126.8582,36.6845,0,0,0,0,187,1,1
1,3,0,1,3,0,0,126.8727,37.4775,0,0,0,0,81,1,1
0,3,2,1,3,0,0,128.8921,37.7479,0,0,0,0,194,1,1
1,4,0,1,1,1,0,127.2829,34.6091,0,0,0,0,191,1,1
1,4,0,1,1,0,0,126.8327,37.3193,0,0,0,0,2,1,1
0,5,2,0,0,0,0,127.0475,37.8202,0,0,1,0,59,1,1
0,5,0,0,0,0,0,127.4447,36.3467,0,0,1,0,80,1,1
0,5,0,0,0,0,0,129.2536,36.0944,0,0,1,0,160,0,0
0,5,0,0,0,0,0,128.4072,37.3972,0,0,1,0,24,1,1
0,5,0,1,1,0,0,128.4879,37.1855,0,0,1,0,114,1,1
0,5,0,1,1,0,0,128.4816,35.3916,0,0,1,0,211,1,1
0,0,0,0,0,1,0,128.6179,35.9221,0,0,0,0,112,1,1
1,0,0,0,0,1,0,126.8202,37.1124,0,0,0,0,50,1,1
1,0,0,0,0,2,0,128.5659,35.231,0,0,0,0,86,1,1
0,0,0,1,2,6,0,127.9768,36.9052,0,0,0,0,6,1,1
0,0,0,0,0,0,0,126.8181,37.2148,0,0,0,0,50,1,1
0,1,0,0,0,0,0,129.0855,35.2194,0,0,0,0,216,1,1
0,1,0,1,3,0,0,127.9545,37.3474,0,0,0,0,36,1,1
1,1,3,0,0,1,0,128.7382,35.5048,0,0,0,0,177,1,1
1,1,0,0,0,0,0,129.3818,36.235,0,0,0,0,160,1,1
1,1,0,1,1,5,0,128.5669,35.1951,0,0,0,0,86,1,1
0,3,0,0,0,0,0,126.8313,37.9305,0,0,0,0,175,1,1
1,3,0,0,0,0,0,126.9252,37.3358,0,0,0,0,126,1,1
1,3,5,0,0,2,0,128.0769,34.932,0,0,0,0,57,1,1
0,3,0,0,0,2,0,126.9784,37.5666,0,0,0,0,201,1,1
0,4,0,1,2,0,0,127.3795,36.3559,0,0,0,0,4,1,1
0,4,0,1,2,0,0,128.2148,37.1489,0,0,0,0,103,1,1
0,4,2,0,0,0,0,126.7168,37.4561,0,0,0,0,29,1,1
1,4,0,0,0,0,0,128.4116,34.9151,0,0,0,0,212,1,1
1,4,0,1,1,1,0,126.3937,36.4426,0,0,0,0,169,1,1
0,4,0,0,0,1,0,128.2878,35.8839,0,0,0,0,168,1,1
0,4,0,0,0,0,0,127.419,38.2495,0,0,0,0,184,1,1
0,4,0,0,0,0,0,126.6487,37.4391,0,0,0,0,29,1,1
0,5,0,0,0,3,0,127.1277,37.4332,0,0,1,0,95,1,1
0,5,0,0,0,0,0,126.536,33.4924,0,0,1,0,90,1,1
0,0,0,0,0,1,0,127.0805,37.8944,0,0,0,0,94,0,0
0,0,0,1,2,0,0,126.8734,35.1742,0,0,0,0,137,1,1
0,0,0,0,0,0,0,127.5805,34.9829,0,0,0,0,130,1,1
1,1,0,1,1,0,0,128.4483,35.5162,0,0,1,0,211,1,1
1,1,3,1,1,0,0,126.903,37.4484,0,0,1,0,109,1,1
0,1,0,0,0,2,0,126.7726,35.0922,0,0,1,0,135,0,0
0,1,1,0,0,1,0,127.2265,37.7851,0,0,1,0,171,1,0
0,3,2,0,0,0,0,127.0735,37.1378,0,0,0,0,143,1,1
0,3,0,0,0,0,0,127.1444,35.8119,0,0,0,0,11,1,1
0,3,0,0,0,1,0,127.2863,36.7426,0,0,0,0,63,1,1
1,4,0,0,0,1,0,127.211,36.8731,0,0,0,0,63,0,0
0,4,0,0,0,0,0,127.2924,37.3867,0,0,0,0,9,1,1
0,5,0,1,2,1,0,127.7411,34.7436,0,0,1,0,102,1,1
1,5,0,1,3,7,0,129.0699,35.2007,0,0,1,0,216,1,1
1,5,0,1,1,1,0,127.915,36.9745,0,0,1,0,6,1,1
1,5,0,1,2,0,0,129.0828,35.1887,0,0,1,0,221,1,1
1,5,3,1,3,1,0,128.9032,35.0892,0,0,1,0,206,1,1
0,5,0,0,0,0,0,127.4724,35.0095,0,0,1,0,27,1,1
0,5,0,0,0,1,0,127.7648,36.0113,0,0,1,0,182,1,1
0,5,0,0,0,0,0,126.9273,37.1556,0,0,1,0,50,1,1
0,0,0,0,0,0,0,129.3046,35.5543,0,0,0,0,205,1,1
0,0,0,0,0,0,0,129.0632,35.163,0,0,0,0,163,1,1
0,0,0,1,3,1,0,127.0535,37.5836,0,0,0,0,201,0,0
1,0,0,1,1,1,0,126.464,36.7802,0,0,0,0,69,1,1
1,0,1,0,0,0,0,127.0375,37.6127,0,0,0,0,167,1,0
1,0,0,0,0,2,0,129.1124,35.1622,0,0,0,0,45,1,1
1,0,0,0,0,2,0,126.5003,34.8585,0,0,0,0,101,1,1
0,0,1,0,0,0,0,126.4328,33.2563,0,0,0,0,62,1,0
0,0,0,1,2,4,0,127.1158,35.8331,0,0,0,0,11,1,1
0,0,0,0,0,0,0,128.6129,35.2615,0,0,0,0,86,1,1
0,1,0,1,2,0,0,126.8644,37.6878,0,0,0,0,40,1,1
1,1,0,0,0,0,0,127.3281,36.619,0,0,0,0,83,1,1
1,1,0,0,0,2,0,129.0392,35.1699,0,0,0,0,163,1,1
1,1,0,0,0,0,0,127.3953,36.3477,0,0,0,0,4,1,1
0,1,1,1,3,0,0,126.7019,35.9663,0,0,0,0,166,1,0
0,1,0,0,0,0,0,129.0457,35.1175,0,0,0,0,209,1,1
0,1,0,0,0,0,0,126.9899,35.3348,0,0,0,0,181,1,1
0,2,0,0,0,0,0,126.9083,36.9914,0,0,0,0,14,1,1
1,2,2,1,1,0,0,126.3083,33.4523,0,0,0,0,90,0,0
0,2,0,0,0,1,0,126.9858,37.4114,0,0,0,0,227,1,1
0,3,0,0,0,0,0,127.0749,37.1571,0,0,0,0,143,1,1
0,3,0,0,0,1,0,127.0699,37.5914,0,0,0,0,201,1,1
0,3,3,1,2,1,0,128.2138,37.1274,0,0,0,0,103,1,1
1,3,0,1,3,3,0,128.5518,35.8937,0,0,0,0,112,1,1
1,3,0,0,0,1,0,126.4998,35.272,0,0,0,0,127,1,1
1,4,0,0,0,1,0,128.2821,37.9619,0,0,0,0,124,1,1
0,4,0,1,3,0,0,127.3797,35.3979,0,0,0,0,193,1,1
0,4,0,0,0,0,0,127.0776,37.6381,0,0,0,0,18,1,1
0,5,2,1,2,0,0,128.6921,35.8705,0,0,1,0,26,1,1
1,5,0,0,0,0,0,127.1832,36.3284,0,0,1,0,61,1,1
1,5,0,1,2,1,0,127.1,36.9955,0,0,1,0,14,1,1
0,5,0,2,4,0,0,126.2813,33.4379,0,0,1,0,90,1,1
0,5,0,0,0,0,0,127.4932,34.9459,0,0,1,0,27,1,1
0,5,0,1,2,1,0,126.6457,37.4868,0,0,1,0,207,1,1
1,6,4,1,3,7,0,127.1559,37.5521,0,0,1,0,91,1,1
0,6,0,0,0,0,0,127.2021,36.4932,0,1,1,0,229,1,1
0,6,0,0,0,0,0,127.0056,37.447,0,0,1,0,227,1,1
0,0,0,1,1,0,0,127.1089,35.8313,0,0,0,0,11,1,1
0,0,0,0,0,0,0,127.4958,34.9462,0,0,0,0,27,1,1
1,0,0,1,2,2,0,127.0688,37.579,0,0,0,0,201,1,1
1,1,0,1,1,1,0,127.2868,37.6001,0,0,0,0,70,1,1
0,1,1,0,0,0,0,129.0252,35.3154,0,0,0,0,49,1,0
0,2,0,0,0,1,0,126.8636,37.526,0,0,0,0,140,1,1
1,2,0,1,1,1,0,127.3397,34.5721,0,0,0,0,191,0,0
1,2,0,0,0,3,0,128.8505,37.4947,0,0,0,0,198,1,1
1,2,1,0,0,3,0,127.0448,37.5775,0,0,0,0,201,1,0
0,3,0,2,4,2,0,126.6808,37.4513,0,0,0,0,29,1,1
1,3,0,1,2,1,0,127.0442,36.9602,0,0,0,0,14,1,1
0,3,0,0,0,1,0,128.124,36.1161,0,0,0,0,76,1,1
0,3,3,1,1,0,0,129.3617,36.0228,0,0,0,0,160,1,1
0,3,0,2,4,7,0,126.8561,35.5612,0,0,0,0,12,1,1
1,4,0,0,0,0,0,126.5284,33.4958,0,0,0,0,90,1,1
0,4,0,0,0,1,0,127.941,36.9689,0,0,0,0,6,1,1
0,4,1,0,0,0,0,128.7833,35.8111,0,0,0,0,52,1,0
0,5,0,1,3,0,0,126.9235,37.3617,0,0,1,0,126,1,1
0,5,0,1,1,0,0,128.5619,35.8524,0,0,1,0,20,1,1
0,5,0,0,0,0,0,126.7311,37.5045,0,0,1,0,44,1,1
1,5,0,0,0,0,0,127.8629,35.6806,0,0,1,0,154,1,1
0,5,0,0,0,4,0,126.5128,33.5017,0,0,1,0,90,1,1
0,5,2,1,2,0,0,126.7704,37.5155,0,0,1,0,65,1,1
0,5,0,1,2,0,0,128.6409,35.886,0,0,1,0,26,1,1
0,6,0,1,2,0,0,126.708,37.4704,0,0,1,0,29,1,1
0,6,3,0,0,0,0,129.027,35.103,0,0,1,0,228,1,1
1,6,0,0,0,0,0,127.0221,37.5863,0,0,1,0,167,1,1
1,6,0,0,0,4,0,128.8134,36.5328,0,0,1,0,66,1,1
0,6,0,0,0,0,0,126.8015,36.8795,0,0,1,0,46,1,1
0,6,0,0,0,0,0,127.2336,37.795,0,0,1,0,171,0,0
1,0,0,2,4,0,0,127.9881,37.7995,1,0,0,0,82,1,1
0,0,0,0,0,6,0,126.7506,34.6211,1,0,0,0,121,1,1
0,0,0,0,0,0,0,126.675,37.4843,0,0,0,0,97,1,1
0,1,0,0,0,0,0,129.0245,35.0875,0,0,0,0,226,1,1
0,1,0,1,2,0,0,129.1817,35.3183,0,0,0,0,85,1,1
1,1,0,0,0,1,0,127.1058,37.6006,0,0,0,0,196,1,1
1,1,0,0,0,0,0,126.6593,36.3897,0,0,0,0,136,1,1
0,1,0,1,1,2,0,127.1491,35.8045,0,0,0,0,11,1,1
1,2,0,1,3,5,0,127.4264,36.4389,0,0,0,0,77,1,1
1,2,0,1,3,1,0,127.7526,37.9075,0,0,0,0,111,1,1
0,2,0,0,0,0,0,126.8016,37.4821,0,0,0,0,65,1,1
0,3,0,0,0,2,0,127.1631,37.5563,0,0,0,0,91,1,1
1,4,0,1,1,1,0,128.2558,36.6871,0,0,0,0,74,1,1
0,4,3,1,1,4,0,127.1375,36.4774,0,0,0,0,19,1,1
0,4,0,1,1,0,0,128.3299,36.2093,0,0,0,0,144,1,1
0,4,0,1,2,0,0,127.3993,36.3369,0,0,0,0,4,1,1
0,4,0,1,3,0,0,128.9768,35.1697,0,0,0,0,120,1,1
0,5,0,0,0,0,0,129.0369,35.1161,0,0,1,0,209,1,1
0,5,4,1,2,0,0,126.7159,35.043,0,0,1,0,33,0,0
0,5,0,0,0,0,0,127.053,37.6087,0,0,1,0,167,1,1
1,5,0,1,1,1,0,126.9384,34.6193,0,0,1,0,56,1,1
0,5,0,2,4,0,0,126.7722,37.6006,0,0,1,0,47,1,1
0,6,2,0,0,0,0,129.0135,35.2328,0,0,1,0,118,1,1
0,6,0,0,0,0,0,126.3882,34.7971,0,0,1,0,153,1,1
1,6,0,0,0,1,0,127.3844,36.5298,0,1,1,0,229,1,1
1,6,0,1,1,0,0,128.6597,35.2453,0,0,1,0,86,1,1
0,0,2,0,0,1,0,127.4989,36.6058,0,0,0,0,83,1,1
1,0,0,0,0,0,0,127.1455,35.8269,0,0,0,0,11,1,1
1,0,0,0,0,0,0,127.1208,37.5388,0,0,0,0,156,1,1
0,0,0,0,0,1,0,127.4403,37.0234,0,0,0,0,23,1,1
0,0,0,0,0,0,0,128.4479,35.1066,0,0,0,0,86,0,0
0,0,0,0,0,0,0,127.252,37.0238,0,0,0,0,23,1,1
0,0,0,0,0,0,0,126.9017,37.3014,0,0,0,0,2,1,1
0,1,0,0,0,0,0,127.4178,37.3753,0,0,0,0,9,1,1
0,1,0,0,0,1,0,127.1478,37.4067,0,0,0,0,95,1,1
1,1,3,1,2,2,0,126.7955,37.7257,0,0,0,0,40,1,1
1,1,0,1,1,1,0,128.4393,35.5926,0,0,0,0,211,1,1
1,1,0,0,0,0,0,128.1435,34.9189,0,0,0,0,87,1,1
1,1,0,1,1,0,0,128.9664,35.05,0,0,0,0,25,1,1
0,1,0,0,0,0,0,127.5063,37.854,0,0,0,0,176,1,1
0,1,0,0,0,0,0,126.8754,37.3026,0,0,0,0,2,1,1
0,1,2,0,0,0,0,126.8178,37.3286,0,0,0,0,2,1,1
1,2,0,0,0,1,0,128.7573,35.8762,0,0,0,0,26,1,1
0,2,0,0,0,0,0,126.8835,37.4998,0,0,0,0,79,1,1
0,2,0,0,0,0,0,127.6283,35.1977,0,0,0,0,172,0,0
0,3,1,1,1,2,0,129.4183,35.4892,0,0,0,0,225,1,0
1,3,0,0,0,4,0,126.76,35.121,0,0,0,0,135,1,1
1,3,0,0,0,0,0,126.8643,37.3564,0,0,0,0,2,1,1
1,3,0,1,2,1,0,127.4253,36.4432,0,0,0,0,77,1,1
0,3,0,0,0,0,0,127.9284,36.9904,0,0,0,0,6,1,1
0,3,0,1,1,0,0,128.0797,35.0727,0,0,0,0,57,1,1
0,5,0,0,0,0,0,127.122,35.8449,0,0,1,0,11,1,1
1,5,0,0,0,0,0,127.6641,34.7891,0,0,1,0,102,1,1
1,5,5,1,2,0,0,129.0196,35.15,0,0,1,0,163,1,1
0,5,0,0,0,0,0,126.5042,36.9,0,0,1,0,46,1,1
0,6,0,0,0,0,0,126.7643,37.4886,0,0,1,0,65,1,1
0,6,0,0,0,0,0,127.0281,36.7756,0,0,1,0,53,1,1
1,0,0,0,0,3,0,129.0929,35.2366,0,0,0,0,96,1,1
1,0,0,0,0,0,0,126.581,34.7239,0,0,0,0,16,1,1
0,0,1,1,3,0,0,126.9814,35.9515,0,0,0,0,125,1,0
0,0,0,0,0,0,0,126.9332,36.79,0,0,0,0,53,1,1
0,0,0,0,0,0,0,128.6858,36.5742,0,0,0,0,66,1,1
0,0,5,0,0,0,0,129.119,35.8353,0,0,0,0,100,1,1
0,1,0,0,0,0,0,128.2945,35.916,0,0,0,0,168,1,1
1,1,0,1,1,1,0,126.8964,35.2322,0,0,0,0,137,1,1
1,1,5,0,0,2,0,128.9108,35.211,0,0,0,0,206,1,1
0,1,0,0,0,0,0,127.5151,37.8127,0,0,0,0,176,1,1
0,1,0,0,0,0,0,126.848,37.5028,0,0,0,0,79,1,1
0,2,1,0,0,4,0,128.4171,34.831,0,0,0,0,212,1,0
0,2,0,0,0,0,0,128.5689,35.8613,0,0,0,0,107,1,1
0,2,1,1,3,1,0,129.001,35.2062,0,0,0,0,118,1,0
0,2,0,0,0,0,0,128.5637,35.1767,0,0,0,0,86,1,1
0,2,0,1,1,2,0,127.4623,36.6349,0,0,0,0,83,0,0
0,2,0,0,0,0,0,127.075,34.7651,0,0,0,0,122,1,1
0,2,0,0,0,0,0,127.105,37.6814,0,0,0,0,70,1,1
0,2,1,1,3,2,0,127.1156,37.0017,0,0,0,0,14,0,0
0,2,0,0,0,4,0,129.025,35.0982,0,0,0,0,228,1,1
0,2,0,1,2,2,0,127.0165,37.2755,0,0,0,0,99,1,1
0,3,0,2,4,0,0,126.8061,35.1619,0,0,0,0,135,1,1
0,3,0,0,0,0,0,128.5722,35.8794,0,0,0,0,107,1,1
1,3,0,1,1,1,0,126.8212,37.3385,0,0,0,0,2,1,1
1,3,1,1,1,0,0,126.7398,37.2142,0,0,0,0,50,1,0
1,3,0,1,1,0,0,127.2343,37.4009,0,0,0,0,9,0,0
0,3,0,0,0,0,0,128.3451,36.0635,0,0,0,0,21,1,1
0,4,0,0,0,0,0,127.1297,36.8134,0,0,0,0,63,1,1
1,4,3,1,2,2,0,126.8165,35.1717,0,0,0,0,135,1,1
1,4,0,2,4,7,0,128.5551,35.8806,0,0,0,0,107,1,1
1,4,0,0,0,3,0,126.9175,37.7763,0,0,0,0,175,0,0
0,4,2,0,0,2,0,126.89,35.1098,0,0,0,0,190,1,1
0,4,0,2,4,0,0,126.9261,37.4637,0,0,0,0,188,1,1
0,4,0,0,0,0,0,128.745,36.5892,0,0,0,0,66,0,0
0,5,3,1,3,0,0,126.9978,35.9606,0,0,1,0,125,1,1
0,5,0,1,2,1,0,127.0648,37.2327,0,0,1,0,50,1,1
1,5,3,0,0,1,0,126.5784,37.2899,0,0,1,0,2,1,1
1,5,0,0,0,3,0,128.5714,35.8498,0,0,1,0,145,1,1
1,5,0,1,1,0,0,126.9004,37.4656,1,0,1,0,109,1,1
1,5,0,0,0,7,0,128.567,35.9021,0,0,1,0,112,1,1
1,5,3,1,3,4,0,127.1841,37.5533,0,0,1,0,67,1,1
0,5,0,0,0,0,0,128.5824,35.8489,0,0,1,0,145,1,1
0,5,3,0,0,0,0,127.4529,36.3052,0,0,1,0,80,1,1
0,5,0,2,4,0,0,127.877,35.0595,0,0,1,0,172,1,1
0,5,0,0,0,0,0,127.3475,34.5523,0,0,1,0,191,1,1
0,6,0,0,0,0,0,127.1135,37.5267,1,0,1,0,156,1,1
1,6,0,1,1,0,0,127.0904,37.6239,0,0,1,0,18,1,1
1,6,0,0,0,1,0,127.4171,36.663,0,0,1,0,83,1,1
1,6,0,1,2,0,0,126.5713,34.1772,0,0,1,0,141,1,1
0,6,0,0,0,2,0,126.4089,34.7977,0,0,1,0,153,1,1
0,0,0,0,0,0,0,127.0993,37.5212,0,0,0,0,156,1,1
0,0,2,0,0,2,0,127.7412,37.8792,0,0,0,0,111,1,1
0,0,1,1,3,0,0,126.9645,35.9349,0,0,0,0,125,1,0
1,0,0,0,0,0,0,127.1342,36.9287,0,0,0,0,63,1,1
1,0,0,0,0,0,0,127.4906,36.627,0,0,0,0,83,1,1
1,0,3,1,2,3,0,126.9903,37.5774,0,0,0,0,116,1,1
1,0,0,2,4,1,0,127.1185,37.4109,0,0,0,0,95,1,1
0,0,0,0,0,0,0,127.787,36.6352,0,0,0,0,179,1,1
0,0,0,0,0,1,0,126.2549,35.0564,0,0,0,0,132,1,1
0,1,0,0,0,0,0,127.1288,37.4117,0,0,0,0,95,1,1
0,1,0,0,0,1,0,126.9106,37.5097,0,0,0,0,150,1,1
1,1,0,0,0,0,0,129.0527,35.0942,0,0,0,0,173,1,1
1,1,3,0,0,0,0,128.9207,35.0913,0,0,0,0,206,0,0
0,1,0,0,0,4,0,127.1119,37.7553,0,0,0,0,64,1,1
0,1,0,0,0,0,0,126.8948,36.8657,0,0,0,0,53,0,0
0,1,4,0,0,0,0,126.9659,37.5069,0,0,0,0,93,0,0
0,1,0,1,2,0,0,129.1316,35.5767,0,0,0,0,17,1,1
0,1,0,0,0,3,0,126.9188,37.5299,0,0,0,0,150,1,1
0,2,1,1,3,0,0,126.8018,37.3351,0,0,0,0,2,1,0
1,2,1,0,0,1,0,127.9442,37.3501,0,0,0,0,36,1,0
1,2,3,1,1,1,0,126.6792,37.6438,0,0,0,0,47,1,1
0,2,0,1,1,0,0,127.1611,35.9385,0,0,0,0,28,1,1
0,2,0,0,0,1,0,128.613,36.8097,0,0,0,0,113,1,1
0,2,0,0,0,0,0,126.9954,37.5616,0,0,0,0,8,0,0
0,3,0,0,0,1,0,126.8374,37.0258,0,0,0,0,50,1,1
0,3,1,1,3,1,0,127.0933,37.2552,0,0,0,0,51,0,0
0,3,0,0,0,1,0,129.3367,35.6697,0,0,0,0,100,0,0
0,4,0,0,0,0,0,127.0249,37.5037,0,0,0,0,89,1,1
0,4,3,1,2,0,0,127.0351,37.5155,0,0,0,0,89,0,0
1,4,0,1,3,0,0,128.9996,35.0894,0,0,0,0,25,1,1
1,4,1,0,0,0,0,126.7232,35.9765,0,0,0,0,166,1,0
0,4,0,0,0,4,0,128.7341,35.83,0,0,0,0,52,0,0
0,5,2,1,3,0,0,126.8549,35.1517,0,0,1,0,222,1,1
1,5,0,0,0,1,0,127.4006,37.1324,0,0,1,0,51,1,1
1,5,1,0,0,0,0,128.9735,35.1327,0,0,1,0,120,1,0
0,5,0,1,2,0,0,127.9529,36.4439,0,0,1,0,58,1,1
0,5,0,2,4,1,0,128.3565,35.9075,0,0,1,0,168,0,0
0,5,0,1,1,4,0,127.5689,36.3029,0,0,1,0,142,1,1
0,6,0,0,0,0,0,129.0593,35.138,0,0,1,0,209,1,1
0,6,2,0,0,0,0,128.2752,35.2428,0,0,1,0,42,1,1
0,6,1,1,1,0,0,126.8364,37.6247,0,0,1,0,40,1,0
0,6,0,0,0,0,0,126.9193,35.1866,0,0,1,0,137,1,1
0,0,0,0,0,1,0,127.1074,36.1306,0,0,1,0,61,1,1
0,0,1,0,0,2,0,126.9376,37.589,0,0,1,0,195,1,0
1,0,0,0,0,0,0,126.9253,35.1345,0,0,1,0,162,1,1
1,0,0,1,1,1,0,126.7751,35.3405,0,0,1,0,146,1,1
1,0,1,1,3,1,0,127.0987,36.1046,0,0,1,0,61,1,0
1,0,0,1,1,0,0,126.8967,35.204,0,0,1,0,137,1,1
0,1,0,1,2,0,0,128.7624,35.8156,0,0,1,0,52,1,1
1,3,0,0,0,0,0,128.6206,35.2617,0,0,1,0,86,1,1
1,3,2,0,0,0,0,126.7941,34.5365,0,0,1,0,121,1,1