주야,요일,법규위반,도로형태_대분류,도로형태,당사자종별_1당_대분류,당사자종별_2당_대분류,경도,위도,사고피해정도,도시여부,주말/공휴일,인구수,발생지번호,보행자의위치,무단횡단여부
0,3,0,0,0,0,0,126.8805,35.1526,0,0,1,0,222,1,1
0,4,0,0,0,0,0,128.9837,35.1639,0,0,0,0,120,1,1
0,4,2,0,0,0,0,126.569,33.5191,0,0,0,0,90,1,1
0,4,0,0,0,0,0,127.6746,37.324,0,0,0,0,22,1,1
0,4,0,0,0,0,0,126.985,37.5198,0,0,0,0,134,1,1
0,5,0,1,1,1,0,127.3461,34.8234,0,0,1,0,191,0,0
0,5,0,0,0,0,0,126.7079,37.4703,0,0,1,0,44,1,1
1,6,0,0,0,0,0,127.1044,37.3936,0,0,1,0,95,1,1
1,6,0,2,4,1,0,129.0851,36.5352,0,0,1,0,203,1,1
1,6,0,1,1,1,0,127.448,36.3521,0,0,1,0,80,1,1
0,6,1,0,0,0,0,127.8674,37.6913,0,0,1,0,82,1,0
0,6,3,0,0,0,0,129.0061,35.1489,0,0,1,0,120,1,1
1,0,0,1,1,0,0,128.6882,34.8926,0,0,1,0,15,1,1
1,0,1,0,0,1,0,128.5645,35.9031,0,0,1,0,112,1,0
1,0,0,0,0,1,0,127.4505,37.2751,0,0,1,0,41,1,1
0,0,2,0,0,0,0,128.7302,37.8484,0,0,1,0,194,1,1
0,0,0,1,2,0,0,126.7518,35.6167,0,0,1,0,12,1,1
0,0,0,1,1,0,0,128.9885,35.1787,0,0,1,0,120,1,1
0,1,0,1,1,0,0,126.259,34.479,0,0,0,0,71,1,1
1,1,0,2,4,1,0,126.8703,37.1716,0,0,0,0,50,1,1
0,2,0,0,0,0,0,128.5487,35.9347,0,0,0,0,112,1,1
0,2,0,1,2,0,0,126.6926,37.6192,0,0,0,0,97,1,1
0,2,0,1,3,0,0,127.0446,37.7505,0,0,0,0,64,1,1
0,2,5,0,0,3,0,128.0678,35.0438,0,0,0,0,57,1,1
1,2,0,1,2,1,0,128.609,36.806,0,0,0,0,113,1,1
0,2,0,0,0,0,0,128.6902,35.4123,0,0,0,0,177,0,0
0,2,0,1,3,0,0,128.5955,35.8776,0,0,0,0,112,1,1
1,3,0,1,1,3,0,126.9571,37.4036,0,0,0,0,151,1,1
0,3,2,0,0,0,0,126.8319,35.0444,0,0,0,0,33,1,1
0,3,0,0,0,0,0,128.9627,35.1263,0,0,0,0,120,0,0
1,4,1,0,0,0,0,127.326,36.3785,0,0,0,0,148,1,0
1,4,3,2,4,1,0,127.0653,37.5911,0,0,0,0,201,1,1
1,4,0,0,0,3,0,126.3797,37.7012,0,0,0,0,92,1,1
1,4,1,0,0,0,0,126.8712,37.5153,0,0,0,0,140,1,0
0,4,0,0,0,0,0,128.0854,35.1777,0,0,0,0,42,1,1
0,4,0,1,1,0,0,126.8386,37.6617,0,0,0,0,40,1,1
0,4,0,0,0,0,0,128.7515,35.818,0,0,0,0,52,1,1
0,4,1,1,3,4,0,128.4523,36.6546,0,0,0,0,55,1,0
0,4,4,0,0,2,0,127.0208,37.6209,0,0,0,0,200,1,1
0,4,0,0,0,0,0,126.9095,35.6339,1,0,0,0,12,1,1
0,5,2,1,2,0,0,128.9643,35.1043,0,0,1,0,25,1,1
1,5,0,0,0,1,0,128.0862,35.1891,0,0,1,0,42,1,1
1,5,2,1,2,1,0,128.8658,37.7577,0,0,1,0,194,1,1
1,5,0,0,0,1,0,126.8351,37.1061,0,0,1,0,50,1,1
1,5,0,0,0,2,0,126.9017,35.1139,0,0,1,0,190,1,1
1,5,1,0,0,1,0,128.3319,36.1274,0,0,1,0,144,1,0
0,5,0,0,0,0,0,128.1608,36.4049,0,0,1,0,58,1,1
0,5,0,0,0,0,0,127.2559,35.1368,0,0,1,0,147,1,1
0,5,1,0,0,0,0,126.5026,33.5144,0,0,1,0,90,1,0
0,5,0,0,0,0,0,127.2852,38.1407,0,0,1,0,184,1,1
0,5,3,1,1,0,0,127.4536,37.2733,0,0,1,0,41,1,1
1,6,0,0,0,0,0,126.8554,35.1507,0,0,1,0,222,1,1
1,6,0,0,0,0,0,126.8554,35.1507,0,0,1,0,222,1,1
1,6,0,0,0,0,0,126.8999,37.5271,0,0,1,0,150,1,1
1,6,0,0,0,0,0,127.0453,37.5797,0,0,1,0,201,1,1
0,6,0,0,0,2,0,127.1031,35.926,0,0,1,0,28,1,1
0,6,2,1,1,0,0,126.3898,34.7327,0,0,1,0,16,1,1
0,6,0,0,0,0,0,127.0535,37.4599,0,0,1,0,214,1,1
0,6,0,0,0,0,0,127.4855,36.6132,0,0,1,0,83,1,1
0,0,1,1,3,2,0,127.2571,37.4262,0,0,0,0,9,1,0
0,0,1,1,3,0,0,127.3818,36.3319,0,0,0,0,4,1,0
0,0,0,1,2,2,0,126.6745,37.4825,0,0,0,0,97,1,1
0,0,2,0,0,1,0,127.327,38.177,0,0,0,0,184,1,1
0,0,0,1,1,0,0,129.3356,35.6727,0,0,0,0,100,1,1
0,1,2,0,0,0,0,126.9079,37.5643,0,0,0,0,159,1,1
0,1,0,0,0,2,0,127.4178,36.3748,0,0,0,0,77,1,1
1,1,3,0,0,1,0,129.1138,35.1571,0,0,0,0,45,1,1
1,1,0,0,0,1,0,127.5775,34.9772,0,0,0,0,130,0,0
1,1,0,0,0,0,0,128.3595,37.1804,0,0,0,0,114,1,1
0,2,0,0,0,0,0,127.1253,36.9619,0,0,0,0,63,1,1
0,2,0,0,0,0,0,127.1532,36.9978,0,0,0,0,23,1,1
0,2,2,0,0,0,0,126.9741,37.281,0,0,0,0,99,1,1
1,2,0,0,0,2,0,129.1264,37.4947,0,0,0,0,210,1,1
1,2,0,1,1,2,0,126.9369,35.1478,0,0,0,0,162,1,1
1,2,3,0,0,0,0,127.8367,35.8508,0,0,0,0,154,1,1
1,2,1,1,3,2,0,127.0858,37.0014,0,0,0,0,14,0,0
0,2,1,0,0,0,0,127.5097,34.8911,0,0,0,0,27,1,0
0,2,3,0,0,2,0,128.3037,37.0329,0,0,0,0,204,1,1
1,3,0,1,3,0,0,127.7436,34.7467,0,0,0,0,102,1,1
1,3,1,1,2,2,0,126.9511,37.3908,0,0,0,0,151,1,0
1,3,0,2,4,0,0,128.4429,35.7896,0,0,0,0,30,1,1
0,3,0,1,2,0,0,127.1898,36.0526,0,0,0,0,28,1,1
1,4,0,1,3,0,0,127.0514,37.6155,0,0,0,0,167,1,1
1,4,0,0,0,0,0,127.1387,37.6006,0,0,0,0,165,1,1
1,4,5,0,0,0,0,127.0431,37.5785,0,0,0,0,201,1,1
0,4,0,0,0,1,0,128.587,35.2194,0,0,0,0,86,1,1
0,4,0,1,2,0,0,127.2788,35.6841,0,0,0,0,152,1,1
0,4,0,0,0,0,0,127.8301,35.2716,0,0,0,0,224,0,0
0,4,0,0,0,0,0,128.165,37.4203,0,0,0,0,31,1,1
0,4,3,1,1,0,0,128.5571,35.8374,0,0,0,0,20,1,1
0,4,0,0,0,0,0,126.4719,33.2528,0,0,0,0,62,1,1
1,5,1,1,1,0,0,127.1233,35.8354,0,0,1,0,11,1,0
1,5,0,0,0,1,0,127.139,35.2686,0,0,1,0,147,1,1
0,5,0,0,0,1,0,129.0592,35.1525,0,0,1,0,163,1,1
0,6,2,0,0,0,0,126.7367,37.3622,0,0,1,0,73,1,1
1,6,0,0,0,0,0,126.9548,35.9547,0,0,1,0,125,1,1
0,6,0,0,0,0,0,128.8901,37.7162,0,0,1,0,194,1,1
0,0,0,0,0,0,0,126.9274,37.5103,0,0,0,0,93,1,1
1,0,0,0,0,0,0,128.9821,35.211,0,0,0,0,206,1,1
1,0,1,2,4,1,0,127.7704,35.0514,0,0,0,0,172,1,0
0,0,0,0,0,1,0,126.6538,36.3431,0,0,0,0,136,0,0
0,0,1,1,3,0,0,128.6737,35.7251,0,0,0,0,30,1,0
0,0,0,0,0,0,0,127.1744,37.3409,0,0,0,0,51,1,1
0,0,0,0,0,2,0,129.0439,35.1753,0,0,0,0,163,1,1
0,0,0,0,0,4,0,128.5657,35.1809,0,0,0,0,86,1,1
0,0,0,0,0,0,0,129.0128,35.247,0,0,0,0,118,1,1
0,1,2,0,0,0,0,127.046,37.4956,0,0,0,0,89,1,1
0,1,2,0,0,0,0,128.5886,35.8444,0,0,0,0,145,1,1
1,1,0,0,0,1,0,126.9579,35.9447,0,0,0,0,125,1,1
1,1,0,0,0,2,0,127.0598,35.8778,0,0,0,0,11,1,1
1,1,0,0,0,3,0,126.9468,37.5924,0,0,0,0,195,1,1
1,1,0,0,0,0,0,126.9667,35.9338,0,0,0,0,125,1,1
1,1,0,1,1,1,0,126.6825,37.4366,0,0,0,0,29,1,1
1,1,0,0,0,1,0,127.5693,36.578,0,0,0,0,83,0,0
0,1,0,0,0,2,0,127.7587,37.8228,0,0,0,0,111,1,1
0,1,1,1,3,0,0,127.3205,37.961,0,0,0,0,171,1,0
0,1,0,1,3,0,0,129.0246,35.0853,0,0,0,0,226,1,1
0,2,0,1,1,1,0,126.9673,37.5617,1,0,0,0,195,1,1
0,2,0,0,0,0,0,127.1798,36.8459,0,0,0,0,63,1,1
0,2,0,0,0,0,0,127.957,36.9053,0,0,0,0,6,1,1
1,2,0,0,0,1,0,128.0565,35.5226,0,0,0,0,133,1,1
1,2,0,0,0,0,0,127.1553,35.9491,0,0,0,0,28,1,1
0,2,0,1,2,2,0,127.0328,36.9421,0,0,0,0,14,1,1
0,2,0,0,0,0,0,126.7281,36.6869,0,0,0,0,187,1,1
1,3,0,1,3,1,0,126.7393,37.5412,0,0,0,0,7,1,1
1,3,0,0,0,0,0,127.3397,37.3428,0,0,0,0,9,1,1
0,3,0,1,2,0,0,126.9375,35.9427,0,0,0,0,125,1,1
1,4,0,0,0,0,0,129.3803,36.3574,0,0,0,0,54,1,1
1,4,4,0,0,0,0,126.7729,36.8846,0,0,0,0,46,1,1
0,4,0,0,0,1,0,127.3292,34.8377,0,0,0,0,122,1,1
0,4,0,0,0,0,0,126.8074,37.8299,0,0,0,0,175,1,1
0,5,0,1,1,2,0,126.6641,36.6133,0,0,1,0,38,1,1
1,5,0,0,0,1,0,128.8091,35.2943,0,0,1,0,13,1,1
0,5,3,0,0,0,0,128.575,36.2908,0,0,1,0,105,1,1
0,5,0,1,2,2,0,128.6977,35.283,0,0,1,0,86,1,1
0,5,0,0,0,0,0,129.3004,35.4161,0,0,1,0,17,1,1
0,6,0,0,0,0,0,126.6773,34.7933,0,0,1,0,16,1,1
0,6,0,0,0,1,0,128.5956,37.4003,0,0,1,0,198,1,1
0,0,0,0,0,1,0,128.6557,35.875,0,0,0,0,37,1,1
0,0,0,1,1,1,0,127.0882,37.5564,0,0,0,0,183,1,1
1,0,0,0,0,0,0,128.6046,38.1734,0,0,0,0,104,1,1
1,0,0,1,2,0,0,126.431,36.9901,0,0,0,0,69,1,1
1,0,0,1,2,3,0,127.0393,37.6286,0,0,0,0,200,1,1
1,0,1,1,1,0,0,126.9351,37.6376,0,0,0,0,139,1,0
0,0,0,0,0,0,0,127.1939,36.2164,0,0,0,0,61,1,1
0,0,0,0,0,0,0,126.6981,35.989,0,0,0,0,166,1,1
0,1,0,0,0,0,0,126.8754,37.361,0,0,0,0,2,1,1
0,1,1,1,2,1,0,126.9427,37.4954,0,0,0,0,93,1,0
0,1,2,0,0,0,0,126.7109,37.4793,0,0,0,0,29,1,1
0,1,2,0,0,0,0,127.425,36.3733,0,0,0,0,77,1,1
1,1,0,0,0,2,0,126.7171,35.98,0,0,0,0,166,1,1
1,1,1,1,3,1,0,126.9984,36.7828,0,0,0,0,53,1,0
1,1,0,0,0,1,0,127.2705,35.0669,0,0,0,0,27,1,1
1,1,0,1,1,1,0,126.906,33.445,0,0,0,0,62,1,1
1,1,0,0,0,3,0,126.8865,36.2508,0,0,0,0,129,1,1
0,1,0,0,0,0,0,127.2393,37.9525,0,0,0,0,171,1,1
0,1,0,0,0,2,0,129.4441,35.9882,0,0,0,0,160,1,1
0,1,0,0,0,1,0,128.6123,38.0761,0,0,0,0,164,1,1
1,2,0,0,0,4,0,128.9316,35.9559,0,0,0,0,5,1,1
0,2,0,1,1,2,0,128.1192,36.5613,0,0,0,0,58,1,1
0,2,0,0,0,0,0,126.3384,34.4964,0,0,0,0,71,1,1
0,2,0,0,0,0,0,128.6249,34.892,0,0,0,0,15,1,1
0,3,3,0,0,2,0,129.0108,35.2114,0,0,0,0,118,1,1
1,3,0,0,0,0,0,128.911,35.2433,0,0,0,0,13,1,1
1,3,0,0,0,2,0,127.1902,34.9112,0,0,0,0,122,1,1
1,3,0,0,0,0,0,127.9381,37.3824,0,0,0,0,36,1,1
1,3,0,0,0,0,0,127.0881,37.6034,0,0,0,0,196,1,1
0,3,0,0,0,1,0,127.7342,36.713,0,0,0,0,179,1,1
0,3,0,1,2,0,0,127.5596,36.6456,0,0,0,0,83,1,1
0,4,0,0,0,0,0,126.9679,34.5573,0,0,0,0,56,1,1
0,5,0,0,0,0,0,126.6247,37.5894,0,0,1,0,97,0,0
1,5,0,0,0,0,0,127.0446,37.5776,0,0,1,0,201,1,1
1,5,0,0,0,0,0,127.0515,37.7129,0,0,1,0,64,1,1
0,5,0,0,0,0,0,126.9069,37.5196,0,0,1,0,150,1,1
0,6,0,0,0,0,0,127.1708,36.951,0,0,1,0,63,1,1
1,6,0,0,0,0,0,128.7073,36.2022,0,0,1,0,105,0,0
0,6,0,1,1,0,0,126.8457,37.6231,0,0,1,0,40,1,1
0,6,0,1,2,1,0,126.9511,35.9066,0,0,1,0,34,1,1
0,6,0,0,0,0,0,128.9605,35.2129,0,0,1,0,206,1,1
0,6,0,1,2,0,0,126.9163,37.518,0,0,1,0,150,1,1
1,0,0,1,1,0,0,128.5304,35.459,0,0,0,0,211,1,1
1,0,0,0,0,2,0,126.9012,37.5146,0,0,0,0,150,1,1
1,0,0,0,0,0,0,126.4757,34.9887,0,0,0,0,101,1,1
1,0,1,0,0,0,0,126.9018,35.8084,0,0,0,0,34,1,0
0,0,1,1,1,7,0,127.136,35.809,0,0,0,0,11,1,0
0,0,1,1,1,1,0,128.8224,35.9668,0,0,0,0,5,1,0
1,1,0,0,0,0,0,129.0368,35.1609,0,0,0,0,163,1,1
1,1,2,0,0,0,0,129.0507,35.0948,0,0,0,0,173,1,1
1,1,3,0,0,2,0,126.6303,37.6417,0,0,0,0,47,1,1
1,1,0,0,0,2,0,128.7262,36.5654,0,0,0,0,66,0,0
1,1,2,1,1,0,0,127.3697,35.4069,0,0,0,0,193,1,1
1,1,2,1,2,0,0,128.5337,35.8314,0,0,0,0,20,1,1
1,1,0,0,0,2,0,126.8849,37.4879,0,0,0,0,79,1,1
0,1,0,0,0,0,0,128.1724,37.0713,0,0,0,0,103,1,1
0,1,0,1,2,2,0,127.165,37.4507,0,0,0,0,95,1,1
0,1,0,1,1,0,0,127.6726,36.9293,0,0,0,0,110,1,1
1,2,1,1,2,0,0,126.6786,35.9783,0,0,0,0,166,1,0
1,2,0,0,0,3,0,127.1265,37.4797,0,0,0,0,156,1,1
1,2,0,1,1,0,0,127.4745,36.6291,0,0,0,0,83,1,1
0,2,0,0,0,0,0,127.4941,34.9914,0,0,0,0,27,1,1
0,3,2,1,2,0,0,126.8831,35.1443,0,0,0,0,222,1,1
1,3,0,0,0,3,0,126.9819,37.4827,0,0,0,0,93,1,1
0,3,0,0,0,2,0,127.1056,37.507,0,0,0,0,156,1,1
0,3,0,1,3,0,0,127.1069,37.5058,0,0,0,0,156,1,1
0,3,0,0,0,1,0,128.8986,36.2698,0,0,0,0,203,1,1
0,4,0,1,2,1,0,127.3255,37.3562,0,0,0,0,9,1,1
0,4,0,0,0,0,0,126.3856,34.7901,0,0,0,0,153,1,1
1,4,1,1,3,3,0,129.1848,35.3169,0,0,0,0,85,1,0
0,4,0,0,0,0,0,127.3116,37.4703,0,0,0,0,9,1,1
1,5,1,0,0,0,0,129.3721,36.0278,0,0,1,0,160,1,0
1,5,0,1,2,0,0,126.6395,37.453,0,0,1,0,29,1,1
0,5,0,1,1,0,0,126.4625,35.284,0,0,1,0,127,1,1
0,5,0,0,0,0,0,129.3534,36.0177,0,0,1,0,160,1,1
1,6,0,1,2,0,0,126.6942,37.4089,0,0,1,0,29,1,1
1,6,0,1,1,2,0,126.549,34.4457,0,0,1,0,119,1,1
0,6,0,0,0,1,0,129.0729,35.8191,0,0,1,0,100,1,1
0,6,0,0,0,0,0,127.5418,36.7285,0,0,1,0,83,1,1
0,6,0,1,1,4,0,127.1435,37.442,0,0,1,0,95,1,1
1,0,0,1,1,0,0,126.6917,34.8415,0,0,0,0,16,1,1
1,0,0,2,4,1,0,128.0764,35.2612,0,0,0,0,42,1,1
1,0,0,0,0,1,0,127.1723,37.4581,0,0,0,0,95,1,1
0,0,0,0,0,0,0,128.5918,35.8756,0,0,0,0,178,1,1
0,1,0,1,1,0,0,129.1105,35.1705,0,0,0,0,45,1,1
0,1,0,1,2,0,0,126.8978,35.1261,0,0,0,0,190,1,1
1,1,1,0,0,0,0,128.908,37.7489,0,0,0,0,194,1,0
1,1,0,0,0,1,0,126.9747,34.9449,0,0,0,0,88,1,1
0,1,0,0,0,1,0,129.1189,35.8353,0,0,0,0,100,0,0
0,1,2,0,0,0,0,127.1228,35.8159,0,0,0,0,11,1,1
0,2,0,1,2,0,0,129.1646,35.4064,0,0,0,0,49,1,1
1,2,1,1,1,1,0,126.7752,37.5199,0,0,0,0,65,1,0
0,2,0,0,0,0,0,128.1484,37.4081,0,0,0,0,31,1,1
0,2,1,1,3,1,0,128.5268,35.4556,0,0,0,0,211,1,0
0,2,0,1,1,2,0,128.5421,35.8145,0,0,0,0,20,1,1
0,2,0,0,0,0,0,126.5571,33.2641,0,0,0,0,62,1,1
0,2,0,1,2,0,0,127.4417,36.9338,0,0,0,0,60,1,1
1,3,0,0,0,2,0,126.8844,37.5895,0,0,0,0,139,1,1
1,3,0,1,2,1,0,126.9045,35.1052,0,0,0,0,190,1,1
1,3,0,1,3,1,0,126.5957,36.971,0,0,0,0,46,1,1
0,3,0,1,2,0,0,126.3808,35.0496,0,0,0,0,101,1,1
1,4,0,1,1,0,0,127.6923,34.7535,0,0,0,0,102,1,1
1,4,0,1,1,1,0,129.0333,35.2125,0,0,0,0,118,1,1
1,4,0,0,0,1,0,126.485,35.4335,0,0,0,0,219,1,1
0,4,2,1,2,1,0,127.4815,36.6184,0,0,0,0,83,1,1
0,5,0,0,0,0,0,129.0042,35.1507,0,0,1,0,120,1,1
0,5,0,1,1,1,0,127.5683,36.2922,0,0,1,0,142,1,1
1,6,0,0,0,1,0,128.6089,35.8529,0,0,1,0,37,1,1
1,6,0,0,0,0,0,129.0975,35.2182,0,0,1,0,96,1,1
1,0,2,0,0,0,0,126.8614,37.2738,0,0,0,0,2,0,0
1,0,0,0,0,0,0,127.0699,36.9966,0,0,0,0,14,1,1
1,0,4,0,0,0,0,129.1133,36.6623,0,0,0,0,128,0,0
1,0,0,0,0,1,0,126.5621,34.539,0,0,0,0,119,1,1
1,0,1,0,0,0,0,126.8889,35.1091,0,0,0,0,190,1,0
0,0,0,0,0,0,0,126.6015,36.3292,0,0,0,0,136,1,1
0,1,0,0,0,0,0,126.9706,37.532,0,0,0,0,134,1,1
0,1,0,1,1,0,0,127.0108,37.6067,0,0,0,0,167,1,1
1,1,0,1,2,0,0,126.6947,37.4634,0,0,0,0,29,1,1
1,1,0,1,1,2,0,127.1358,35.271,0,0,0,0,147,1,1
0,1,5,0,0,1,0,127.2003,37.5225,0,0,0,0,67,1,1
0,1,0,0,0,0,0,127.2795,36.7261,0,0,0,0,63,1,1
0,1,0,1,2,0,0,127.0582,37.0768,0,0,0,0,14,1,1
0,1,0,0,0,0,0,129.3731,36.0522,0,0,0,0,160,1,1
1,2,0,0,0,0,0,129.0354,35.1651,0,0,0,0,163,1,1
1,2,3,1,1,2,0,127.0663,37.327,0,0,0,0,51,1,1
1,2,0,0,0,1,0,127.4378,36.3162,0,0,0,0,39,0,0
1,2,0,0,0,0,0,126.4437,37.7049,0,0,0,0,92,1,1
1,2,0,1,3,2,0,128.4663,35.1139,0,0,0,0,86,1,1
0,2,0,0,0,1,0,126.7764,35.5604,0,0,0,0,12,1,1
0,2,3,1,3,0,0,127.019,36.7787,1,0,0,0,53,1,1
1,3,0,0,0,0,0,126.9357,37.382,0,0,0,0,151,1,1
1,3,0,0,0,1,0,128.417,34.7947,0,0,0,0,212,1,1
1,3,0,1,1,1,0,127.4653,36.3274,0,0,0,0,80,0,0
1,3,1,0,0,0,0,128.5334,35.3164,0,0,0,0,117,1,0
1,3,0,0,0,0,0,127.0172,37.2056,0,0,0,0,50,1,1
1,3,0,0,0,0,0,126.2793,34.4322,0,0,0,0,71,0,0
0,3,1,1,3,0,0,128.4658,37.1818,0,0,0,0,114,1,0
0,3,0,0,0,0,0,126.9058,37.4803,0,0,0,0,188,1,1
0,3,0,0,0,0,0,128.4781,35.3916,0,0,0,0,211,1,1
0,3,0,0,0,1,0,128.7345,35.8348,0,0,0,0,52,1,1
0,4,0,1,2,2,0,127.0292,37.2917,0,0,0,0,99,1,1
1,4,3,1,1,1,0,126.8396,37.4875,0,0,0,0,79,1,1
1,4,0,0,0,2,0,129.4405,35.7937,0,0,0,0,100,1,1
1,4,0,0,0,2,0,126.962,37.1506,0,0,0,0,50,1,1
1,4,1,1,2,2,0,128.3557,36.0896,0,0,0,0,144,1,0
1,4,0,0,0,1,0,126.8834,35.8058,0,0,0,0,34,1,1
1,4,5,0,0,2,0,127.733,37.9983,0,0,0,0,111,1,1
0,4,0,1,2,0,0,127.432,37.0784,0,0,0,0,23,1,1
0,4,0,0,0,3,0,128.6208,36.8186,0,0,0,0,113,1,1
0,5,0,0,0,0,0,129.0561,35.1576,0,0,1,0,163,1,1
1,5,3,0,0,1,0,126.7047,37.4431,0,0,1,0,29,1,1
1,5,0,1,2,0,0,128.6236,34.8786,0,0,1,0,15,1,1
1,5,0,0,0,1,0,126.8496,35.5638,0,0,1,0,12,0,0
1,5,0,0,0,0,0,127.077,35.8826,0,0,1,0,11,1,1
0,5,0,0,0,1,0,126.7562,36.8671,0,0,1,0,46,0,0
0,5,0,0,0,0,0,126.186,33.3484,0,0,1,0,90,1,1
1,6,0,0,0,0,0,127.4689,36.2392,0,0,1,0,80,1,1
1,6,0,1,1,1,0,127.0491,37.8221,0,0,1,0,59,1,1
1,6,0,0,0,0,0,129.1504,35.819,0,0,1,0,100,1,1
1,6,0,0,0,0,0,128.6129,35.6453,0,0,1,0,3,0,0
0,6,0,1,1,0,0,126.9022,35.1511,0,0,1,0,222,1,1
0,6,0,0,0,1,0,126.7785,37.4833,0,0,1,0,65,1,1
0,0,0,0,0,0,0,126.5712,33.255,0,0,0,0,62,1,1
0,0,0,0,0,1,0,127.3155,38.1652,0,0,0,0,184,1,1
1,1,0,1,1,0,0,128.5813,35.878,0,0,0,0,178,1,1
1,1,0,1,3,2,0,127.1559,35.881,0,0,0,0,28,1,1
0,1,0,0,0,1,0,128.7106,36.5667,0,0,0,0,66,1,1
0,1,0,0,0,0,0,126.8016,37.5322,0,0,0,0,65,1,1
0,1,0,0,0,0,0,129.2576,35.4302,0,0,0,0,17,1,1
0,2,0,0,0,0,0,128.9906,35.1997,0,0,0,0,118,1,1
1,2,0,0,0,0,0,129.0676,35.1717,0,0,0,0,163,1,1
1,2,0,0,0,1,0,127.4983,35.1896,0,0,0,0,161,1,1
1,2,2,0,0,0,0,127.1291,36.9114,0,0,0,0,63,1,1
0,2,0,1,3,0,0,126.4336,34.8218,0,0,0,0,153,1,1
0,2,0,0,0,0,0,127.1401,35.8541,0,0,0,0,11,1,1
0,3,0,1,1,1,0,126.9608,37.5071,0,0,0,0,93,1,1
1,3,0,1,1,1,0,126.97,37.3031,0,0,0,0,99,1,1
0,3,1,0,0,1,0,128.2181,36.3195,0,0,0,0,58,1,0
0,3,0,1,1,2,0,127.0791,37.6186,0,0,0,0,18,0,0
0,3,0,1,1,0,0,128.6339,38.1075,0,0,0,0,164,1,1
0,3,0,0,0,2,0,126.9307,37.6096,0,0,0,0,139,1,1
0,4,0,0,0,2,0,127.0343,37.2514,0,0,0,0,99,1,1
0,4,1,1,3,1,0,126.834,37.5401,0,0,0,0,43,1,0
0,4,0,0,0,0,0,126.7048,35.9929,0,0,0,0,166,1,1
1,4,0,1,2,0,0,127.7313,34.7403,0,0,0,0,102,1,1
1,4,0,2,4,0,0,129.007,35.091,0,0,0,0,25,0,0
1,4,0,0,0,0,0,128.752,36.6054,0,0,0,0,66,1,1
0,4,1,0,0,1,0,129.3022,35.552,0,0,0,0,205,1,0
0,5,3,1,3,0,0,126.3872,34.7952,0,0,1,0,153,1,1
1,5,0,0,0,1,0,126.2046,33.3678,0,0,1,0,90,1,1
1,5,2,0,0,2,0,128.8848,37.748,0,0,1,0,194,1,1
0,5,0,1,2,1,0,127.0363,37.5927,0,0,1,0,167,1,1
0,5,0,0,0,0,0,127.2787,36.5461,0,1,1,0,229,1,1
0,5,0,1,2,0,0,129.3112,35.5422,0,0,1,0,213,1,1
0,6,2,0,0,0,0,126.9896,37.5196,0,0,1,0,134,1,1
1,6,0,0,0,2,0,128.8607,37.7969,0,0,1,0,194,1,1
1,6,0,1,2,0,0,126.1758,33.3003,0,0,1,0,90,1,1
0,6,0,0,0,0,0,128.1591,36.5399,0,0,1,0,58,1,1
0,0,0,1,3,0,0,127.4588,36.3214,0,0,0,0,80,1,1
0,0,0,0,0,0,0,127.017,37.5733,0,0,0,0,116,1,1
1,0,0,0,0,1,0,127.0629,37.6023,0,0,0,0,201,1,1
1,0,0,0,0,2,0,126.9155,37.6054,0,0,0,0,139,1,1
1,0,0,0,0,1,0,127.1552,37.5552,0,0,0,0,91,1,1
0,0,0,0,0,0,0,128.6831,35.2771,0,0,0,0,86,0,0
0,0,0,0,0,0,0,129.1471,35.6121,0,0,0,0,17,1,1
0,0,0,0,0,0,0,128.0783,35.059,0,0,0,0,57,1,1
1,1,0,2,4,1,0,130.8743,37.5415,0,0,0,0,230,1,1
0,1,0,0,0,2,0,127.0638,37.1995,0,0,0,0,50,1,1
0,2,0,0,0,0,0,128.5515,35.8372,0,0,0,0,20,1,1
1,2,2,1,1,0,0,127.5536,36.9798,0,0,0,0,110,1,1
1,2,1,1,3,1,0,128.5968,35.9275,0,0,0,0,112,1,0
0,2,0,0,0,1,0,126.8087,37.483,0,0,0,0,65,1,1
0,2,4,1,1,0,0,126.9805,35.8151,0,0,0,0,34,1,1
0,2,3,1,3,2,0,127.139,37.4147,0,0,0,0,95,1,1
0,3,0,1,1,2,0,126.8342,35.5726,0,0,0,0,12,1,1
0,3,4,1,3,0,0,126.3013,36.7491,0,0,0,0,169,1,1
1,3,0,0,0,1,0,127.3976,36.3182,0,0,0,0,39,1,1
1,3,3,1,3,3,0,127.1123,37.5176,0,0,0,0,156,1,1
1,3,0,0,0,0,0,127.1413,37.558,0,0,0,0,91,1,1
0,3,0,0,0,2,0,126.9344,37.3324,0,0,0,0,126,1,1
1,4,2,0,0,0,0,128.9713,35.0853,0,0,0,0,25,1,1
1,4,0,1,1,1,0,127.3234,34.5087,0,0,0,0,191,1,1
1,4,0,1,1,1,0,126.7752,37.4915,0,0,0,0,65,1,1
1,4,0,0,0,2,0,127.0096,37.2867,0,0,0,0,99,1,1
1,4,0,0,0,0,0,127.4607,36.2953,0,0,0,0,80,1,1
0,4,3,1,3,0,0,127.4382,36.6154,0,0,0,0,83,1,1
0,5,0,2,4,0,0,126.8316,35.6832,0,0,1,0,12,1,1
0,5,0,0,0,0,0,128.5445,35.845,0,0,1,0,20,1,1
0,5,1,1,3,0,0,126.9753,37.3946,0,0,1,0,151,1,0