주야,요일,법규위반,도로형태_대분류,도로형태,당사자종별_1당_대분류,당사자종별_2당_대분류,경도,위도,사고피해정도,도시여부,주말/공휴일,인구수,발생지번호,보행자의위치,무단횡단여부
0,5,0,0,0,0,0,126.9507,37.5128,0,0,1,0,93,1,1
1,5,0,0,0,0,0,126.9792,37.5665,0,0,1,0,131,1,1
1,5,1,0,0,0,0,128.0877,35.1951,0,0,1,0,42,1,0
1,5,0,0,0,1,0,127.0982,36.1273,0,0,1,0,61,1,1
0,5,1,1,3,0,0,127.0755,35.9996,0,0,1,0,125,1,0
0,6,0,0,0,1,0,126.6351,36.8936,0,0,1,0,46,1,1
0,6,0,1,1,0,0,126.8468,37.5016,0,0,1,0,79,1,1
1,6,0,0,0,0,0,128.5307,35.848,0,0,1,0,20,1,1
0,6,2,1,2,0,0,129.046,36.0008,0,0,1,0,5,1,1
1,0,0,1,1,0,0,128.5726,34.8887,0,0,0,0,15,1,1
0,0,0,0,0,0,0,127.9553,37.3423,0,0,0,0,36,1,1
0,0,0,0,0,0,0,127.7583,34.7194,0,0,0,0,102,1,1
1,1,0,0,0,1,0,128.6805,35.2424,0,0,0,0,86,1,1
1,1,0,0,0,3,0,129.2864,35.6258,0,0,0,0,17,1,1
0,1,0,0,0,0,0,127.7289,37.82,0,0,0,0,111,0,0
0,2,0,0,0,0,0,127.0821,37.5917,0,0,0,0,196,1,1
1,2,0,1,2,5,0,126.8067,36.685,0,0,0,0,187,1,1
1,2,1,1,3,2,0,126.9534,35.9385,0,0,0,0,125,1,0
1,3,0,0,0,0,0,129.2195,35.8417,0,0,0,0,100,1,1
0,3,0,0,0,0,0,126.7699,33.3545,0,0,0,0,62,1,1
0,3,0,1,1,0,0,126.9353,37.4861,0,0,0,0,188,1,1
0,4,2,0,0,0,0,127.1385,37.033,0,0,0,0,14,1,1
0,4,0,1,2,1,0,127.1732,36.8332,0,0,0,0,63,1,1
0,4,2,1,1,5,0,129.3856,35.9669,0,0,0,0,160,1,1
0,4,0,2,4,0,0,126.6619,37.4663,0,0,0,0,29,1,1
1,4,1,1,3,1,0,126.7843,37.4829,0,0,0,0,65,1,0
1,4,0,0,0,1,0,126.8647,35.9382,0,0,0,0,166,1,1
1,4,0,1,2,0,0,128.9381,36.9133,0,0,0,0,149,0,0
0,4,0,0,0,1,0,127.3004,37.9089,0,0,0,0,171,1,1
0,4,0,0,0,0,0,127.1876,37.8814,0,0,0,0,171,1,1
0,5,2,0,0,0,0,126.6896,37.4526,0,0,1,0,29,1,1
0,5,1,0,0,0,0,127.7377,37.8694,0,0,1,0,111,1,0
1,5,0,1,2,0,0,126.5083,33.5054,0,0,1,0,90,1,1
0,5,0,0,0,0,0,129.3009,35.7151,0,0,1,0,100,1,1
0,6,2,0,0,0,0,127.0407,37.4627,0,0,1,0,214,1,1
0,6,0,0,0,0,0,128.7646,35.2886,0,0,1,0,13,1,1
0,6,0,0,0,0,0,128.5751,35.8867,0,0,1,0,107,1,1
0,0,0,0,0,0,0,127.0177,37.6316,0,0,0,0,200,1,1
1,0,3,1,3,0,0,128.9347,35.9629,0,0,0,0,5,1,1
1,0,0,0,0,0,0,126.9521,37.4878,0,0,0,0,188,1,1
1,0,0,0,0,0,0,127.4136,36.6468,0,0,0,0,83,1,1
0,0,0,0,0,0,0,129.0698,35.1817,0,0,0,0,221,1,1
0,0,2,0,0,0,0,127.0581,37.9049,0,0,0,0,94,1,1
1,1,0,0,0,1,0,126.6529,37.4617,0,0,0,0,29,1,1
0,1,3,1,1,0,0,127.2192,37.0103,0,0,0,0,23,1,1
0,1,0,0,0,0,0,129.0836,35.5564,0,0,0,0,17,1,1
1,2,1,1,2,1,0,129.0892,35.2254,0,0,0,0,96,0,0
1,2,0,0,0,0,0,126.264,34.483,0,0,0,0,71,1,1
1,2,0,0,0,1,0,127.0742,35.9116,0,0,0,0,28,1,1
0,2,0,0,0,0,0,127.486,36.6635,0,0,0,0,83,1,1
0,2,0,1,3,0,0,126.797,37.4468,0,0,0,0,73,1,1
0,3,2,1,2,1,0,127.1217,35.8656,0,0,0,0,11,1,1
1,3,1,0,0,0,0,128.7068,35.8384,0,0,0,0,37,0,0
0,4,0,1,1,0,0,126.7031,37.4455,0,0,0,0,29,1,1
0,4,0,0,0,0,0,126.8944,35.1514,0,0,0,0,222,1,1
0,4,1,0,0,1,0,126.7424,37.3509,0,0,0,0,73,1,0
1,4,3,1,3,0,0,129.0564,35.4124,0,0,0,0,49,1,1
1,4,0,1,1,0,0,127.1382,35.8328,0,0,0,0,11,1,1
1,4,1,1,3,1,0,126.9295,35.1298,0,0,0,0,162,1,0
1,4,0,1,1,1,0,126.9996,37.2788,0,0,0,0,99,1,1
1,4,3,1,3,0,0,128.8341,35.9396,0,0,0,0,52,1,1
0,4,0,0,0,1,0,128.7239,35.3687,0,0,0,0,177,1,1
0,5,0,0,0,0,0,128.5025,35.2908,0,0,1,0,117,1,1
0,5,0,1,2,1,0,129.3353,35.5442,0,0,1,0,213,1,1
0,5,0,0,0,0,0,129.324,35.541,0,0,1,0,213,1,1
1,5,0,0,0,0,0,126.4364,34.802,0,0,1,0,153,1,1
1,5,0,0,0,3,0,126.3921,34.7884,0,0,1,0,153,1,1
1,5,0,0,0,2,0,127.0753,37.7562,0,0,1,0,64,1,1
1,5,0,1,1,0,0,126.684,36.0825,0,0,1,0,10,1,1
0,5,0,0,0,0,0,126.7867,36.6756,0,0,1,0,187,1,1
0,5,0,1,1,1,0,127.5024,37.4907,0,0,1,0,48,1,1
0,6,0,1,2,0,0,126.395,34.8045,0,0,1,0,153,1,1
1,6,1,1,2,2,0,127.0867,34.6758,0,0,1,0,122,1,0
0,6,0,0,0,0,0,129.4008,36.5654,0,0,1,0,54,1,1
1,0,1,1,3,0,0,126.7806,37.8643,0,0,1,0,175,0,0
1,0,1,1,3,4,0,128.568,35.1924,0,0,1,0,86,1,0
0,0,1,1,2,0,0,126.5369,36.7028,0,0,1,0,69,1,0
1,1,1,1,3,0,0,127.0014,36.7848,0,0,0,0,53,0,0
1,1,0,0,0,0,0,128.6852,34.8994,0,0,0,0,15,1,1
1,1,0,0,0,1,0,127.4513,36.9088,0,0,0,0,60,1,1
0,1,0,0,0,0,0,127.4176,36.3377,0,0,0,0,39,1,1
0,1,0,0,0,0,0,126.7132,35.0228,0,0,0,0,33,1,1
0,1,0,0,0,0,0,127.5927,36.9929,0,0,0,0,110,1,1
0,2,0,0,0,0,0,126.9357,35.1617,0,0,0,0,137,1,1
1,2,0,0,0,1,0,127.1822,37.1749,0,0,0,0,51,1,1
1,2,0,0,0,2,0,127.1331,35.808,0,0,0,0,11,1,1
1,2,1,0,0,0,0,127.4524,36.3275,0,0,0,0,80,1,0
0,2,3,0,0,1,0,126.9159,37.591,0,0,0,0,139,1,1
0,2,0,1,2,0,0,128.5495,35.8726,0,0,0,0,107,1,1
0,2,2,0,0,0,0,127.0741,37.5113,0,0,0,0,156,1,1
0,2,0,1,1,0,0,127.0817,36.9939,0,0,0,0,14,1,1
1,3,0,2,4,1,0,127.145,35.3757,0,0,0,0,131,1,1
0,3,0,0,0,1,0,127.0241,37.9099,0,0,0,0,94,1,1
0,3,1,1,3,0,0,129.0854,35.2222,1,0,0,0,216,1,0
0,3,0,0,0,1,0,127.0234,37.5749,0,0,0,0,201,1,1
0,4,2,0,0,0,0,126.3735,34.7488,0,0,0,0,16,1,1
0,4,0,1,1,1,0,127.1098,37.2079,0,0,0,0,50,1,1
0,4,0,0,0,1,0,127.0291,37.2782,0,0,0,0,99,1,1
0,4,0,1,1,0,0,126.7404,34.8181,1,0,0,0,16,1,1
0,5,0,2,4,0,0,127.6455,34.7754,0,0,1,0,102,1,1
1,5,0,0,0,1,0,127.1688,35.9421,0,0,1,0,28,1,1
0,5,2,0,0,0,0,129.3751,36.2701,0,0,1,0,54,1,1
0,5,1,1,1,1,0,128.878,35.9326,0,0,1,0,5,1,0
0,6,2,0,0,0,0,127.0845,37.3123,0,0,1,0,51,1,1
1,6,0,0,0,0,0,126.3489,33.4662,0,0,1,0,90,1,1
1,6,3,1,1,4,0,127.3703,36.3223,0,0,1,0,4,1,1
0,6,0,0,0,4,0,127.4477,36.3274,0,0,1,0,80,1,1
0,4,0,1,1,0,0,127.2936,37.3877,0,0,0,0,9,1,1
1,6,0,0,0,0,0,126.8891,37.4788,0,0,1,0,109,1,1
0,6,0,0,0,1,0,127.4316,36.9159,0,0,1,0,60,1,1
1,0,0,0,0,2,0,129.2822,35.7424,0,0,0,0,100,1,1
0,2,1,0,0,0,0,128.118,35.1735,0,0,0,0,42,1,0
1,5,0,0,0,3,0,128.62,34.8857,0,0,1,0,15,1,1
0,2,0,0,0,0,0,127.1447,37.8257,0,0,0,0,171,1,1
0,3,1,0,0,0,0,126.6781,37.5006,0,0,0,0,97,1,0
0,1,0,0,0,0,0,127.4576,34.8816,0,0,0,0,27,1,1
0,6,0,0,0,4,0,126.9801,37.5205,0,0,1,0,134,1,1
0,6,0,0,0,0,0,127.345,34.8306,0,0,1,0,122,1,1
0,6,0,0,0,0,0,128.3994,35.9909,0,0,1,0,21,1,1
1,5,0,0,3,0,0,127.0875,37.589,0,0,1,0,196,1,1
1,6,0,0,0,1,0,129.0649,35.1428,0,0,1,0,180,1,1
0,2,0,0,0,1,0,127.931,35.6471,0,0,0,0,154,0,0
0,3,1,0,3,2,0,127.3903,36.4266,0,0,0,0,148,1,0
1,6,0,1,2,1,0,127.9423,37.3356,0,0,1,0,36,1,1
1,5,0,0,0,0,0,126.7599,37.5108,0,0,1,0,65,1,1
1,5,4,1,2,0,0,128.3962,35.9957,0,0,1,0,21,0,0
1,1,1,1,2,1,0,128.6447,34.8886,0,0,0,0,15,1,0
0,4,2,0,0,0,0,127.073,37.2471,0,0,0,0,99,1,1
1,3,0,0,0,0,0,126.8472,37.3028,0,0,0,0,2,1,1
0,5,0,0,0,0,0,126.5048,33.2499,0,0,1,0,62,1,1
0,5,1,0,0,0,0,126.6572,37.4267,0,0,1,0,35,0,0
1,4,1,1,1,0,0,126.8051,37.4811,0,0,0,0,65,1,0
1,4,0,0,0,0,0,128.4379,36.7236,0,0,0,0,55,1,1
1,4,5,0,0,0,0,127.1375,37.557,0,0,0,0,91,1,1
0,4,3,0,3,0,0,127.5107,36.6878,0,0,0,0,83,1,1
1,0,2,0,0,1,0,127.2769,36.4682,0,1,0,0,229,1,1
0,0,0,0,3,0,0,128.6258,35.8841,0,0,0,0,26,1,1
1,0,1,1,1,5,0,127.0342,37.5543,0,0,0,0,84,1,0
0,4,0,0,0,0,0,128.534,36.8524,0,0,0,0,113,1,1
0,2,0,2,4,0,0,126.7328,35.7198,0,0,0,0,185,1,1
0,3,2,0,3,0,0,127.4593,36.6432,0,0,0,0,83,1,1
0,6,0,0,0,0,0,127.0487,37.0154,0,0,1,0,14,1,1
1,3,0,1,2,1,0,127.0174,37.2422,0,0,0,0,99,1,1
1,1,0,0,0,2,0,126.9485,37.545,0,0,0,0,159,1,1
0,6,0,0,0,0,0,127.5487,34.9644,0,0,1,0,27,1,1
0,0,0,0,0,2,0,127.0577,37.0831,0,0,0,0,14,1,1
1,6,0,0,0,0,0,127.4599,36.8584,0,0,1,0,60,1,1
0,6,2,0,0,0,0,128.6498,35.7524,0,0,1,0,30,1,1
0,6,0,2,0,0,0,127.1249,37.4675,0,0,1,0,156,1,1
0,5,0,0,0,0,0,126.952,37.5571,0,0,1,0,159,1,1
0,5,0,0,0,0,0,127.1454,36.832,0,0,1,0,63,1,1
0,0,0,0,0,2,0,127.1678,35.8396,0,0,0,0,11,1,1
1,0,0,0,0,0,0,128.07,34.9614,0,0,0,0,57,1,1
1,1,0,1,1,3,0,127.048,37.5406,0,0,0,0,84,1,1
0,5,0,0,0,0,0,129.3693,36.0133,0,0,1,0,160,1,1
0,1,0,0,0,0,0,128.4226,34.8297,0,0,1,0,212,1,1
1,1,1,0,3,1,0,126.7372,35.7293,0,0,0,0,185,1,0
1,4,0,0,0,4,0,128.27,35.7296,0,0,0,0,220,1,1
1,4,0,1,2,1,0,129.1482,35.3907,0,0,0,0,49,1,1
0,6,2,0,0,0,0,127.4207,36.3445,0,0,1,0,77,1,1
1,5,1,0,3,1,0,129.0415,35.1561,0,0,1,0,231,1,0
1,5,4,0,0,0,0,128.591,35.8866,1,0,1,0,112,0,0
0,5,0,0,0,0,0,127.4517,36.9868,0,0,1,0,110,1,1
0,6,0,0,0,0,0,127.3499,36.3602,0,0,1,0,148,1,1
1,2,0,0,0,0,0,126.8994,35.1347,0,0,0,0,190,1,1
0,3,0,0,0,0,0,128.7192,36.5725,0,0,0,0,66,1,1
0,4,0,0,0,0,0,127.0263,37.5011,0,0,0,0,89,1,1
0,2,0,0,0,0,0,127.0188,37.2705,0,0,0,0,99,1,1
1,2,1,1,1,1,0,128.7311,35.3031,0,0,0,0,13,1,0
0,2,0,0,0,1,0,128.4523,35.6597,0,0,0,0,30,1,1
1,3,0,0,3,0,0,129.0894,35.2265,0,0,0,0,96,1,1
0,5,0,1,2,0,0,127.4273,36.3398,0,0,1,0,80,1,1
1,0,0,1,2,1,0,127.601,37.2608,0,0,0,0,22,1,1
0,3,3,1,2,0,0,127.0089,37.4836,0,0,0,0,214,0,0
1,4,0,1,1,1,0,127.2009,37.7456,0,0,0,0,70,1,1
0,2,0,0,0,0,0,126.8956,35.9301,0,0,0,0,125,0,0
1,5,0,0,0,1,0,127.3371,34.8041,0,0,1,0,191,1,1
1,6,0,2,4,0,0,128.4943,36.1263,0,0,1,0,144,1,1
0,4,5,0,0,0,0,126.1286,34.7459,0,0,0,0,132,1,1
0,1,0,0,3,0,0,127.0432,37.7391,0,0,0,0,64,1,1
1,2,0,0,0,0,0,127.4563,36.6379,0,0,0,0,83,1,1
1,3,0,1,1,0,0,126.4871,34.9523,0,0,0,0,101,0,0
1,3,0,0,0,0,0,128.5738,35.888,0,0,0,0,112,1,1
0,1,0,0,0,2,0,126.7209,36.1026,0,0,0,0,10,1,1
1,2,0,1,1,1,0,126.9122,35.1666,0,0,0,0,137,1,1
1,0,0,1,1,0,0,127.0171,36.1578,0,0,0,0,61,1,1
0,5,0,1,2,0,0,128.2116,37.1412,0,0,1,0,103,1,1
0,0,0,0,0,0,0,129.3719,36.0671,0,0,0,0,160,1,1
0,6,2,1,2,0,0,128.5753,35.8876,0,0,1,0,112,1,1
0,3,0,0,0,2,0,126.9722,37.5442,0,0,0,0,134,1,1
0,6,1,0,3,0,0,127.7207,34.7355,0,0,1,0,102,1,0
0,4,0,0,3,0,0,127.0326,37.6102,0,0,0,0,200,1,1
1,4,4,0,0,0,0,127.1592,35.9317,0,0,0,0,28,1,1
0,5,0,0,0,1,0,127.274,37.0225,0,0,1,0,23,1,1
0,3,2,0,0,0,0,129.2286,35.8796,0,0,0,0,100,1,1
0,2,0,1,2,0,0,127.7441,37.8605,0,0,0,0,111,1,1
0,4,0,0,0,4,0,129.1716,35.1752,0,0,0,0,1,1,1
0,3,0,0,0,0,0,128.5504,35.6287,0,0,0,0,3,1,1
1,0,0,0,3,0,0,128.5961,35.8992,0,0,0,0,112,1,1
0,1,0,1,1,0,0,127.2282,36.2338,0,0,0,0,61,1,1
1,0,0,0,0,1,0,128.624,35.8419,0,0,0,0,37,1,1
0,6,0,0,0,0,0,126.523,33.4998,0,0,1,0,90,1,1
1,0,3,1,2,2,0,126.9119,37.3942,0,0,0,0,151,1,1
1,3,1,1,2,1,0,127.784,36.8151,0,0,0,0,179,1,0
0,1,0,0,0,4,0,127.0378,37.6615,0,0,0,0,98,1,1
1,1,3,0,0,2,0,126.6699,37.4487,0,0,0,0,29,1,1
0,2,2,0,0,0,0,129.3252,35.6801,0,0,0,0,100,1,1
0,2,0,0,0,0,0,126.8295,37.7725,0,0,0,0,175,1,1
0,2,3,1,1,0,0,126.9687,35.9367,0,0,0,0,125,1,1
0,3,0,0,0,0,0,126.9807,37.2957,0,0,0,0,99,1,1
0,1,0,0,0,0,0,127.168,37.8424,0,0,0,0,171,1,1
1,2,1,1,1,2,0,127.364,36.3584,0,0,0,0,4,1,0
1,5,0,1,2,1,0,128.3534,36.1623,0,0,1,0,144,1,1
0,1,0,0,0,6,0,127.1312,35.8384,0,0,0,0,11,1,1
0,5,1,1,1,0,0,126.7104,35.9855,0,0,1,0,166,1,0
1,2,0,0,0,0,0,127.2615,37.0163,0,0,0,0,23,1,1
0,2,0,0,0,1,0,128.654,35.855,0,0,0,0,37,1,1
0,0,0,0,0,2,0,128.8953,35.2365,0,0,0,0,13,1,1
1,0,1,0,3,1,0,126.9105,36.2815,0,0,0,0,129,1,0
0,5,0,0,3,1,0,127.4651,35.0131,0,0,1,0,27,1,1
1,2,4,0,0,0,0,126.4653,35.0917,0,0,0,0,157,0,0
1,3,0,1,1,0,0,126.9358,37.3981,0,0,0,0,151,1,1
0,4,0,0,0,2,0,126.7345,37.5365,0,0,0,0,7,1,1
0,6,0,0,0,0,0,126.8769,33.3822,0,0,1,0,62,1,1
0,4,0,1,1,1,0,127.0146,36.1646,0,0,0,0,61,1,1
0,6,0,0,0,0,0,128.1179,36.1265,0,0,1,0,76,1,1
0,4,0,0,0,0,0,126.5521,34.4649,0,0,0,0,119,1,1
1,1,0,0,0,4,0,127.0171,37.6383,0,0,0,0,200,1,1
0,5,3,1,1,0,0,126.9947,35.0604,0,0,1,0,88,1,1
0,3,0,0,0,1,0,127.1004,37.6016,0,0,0,0,196,1,1
0,5,0,0,0,0,0,126.9225,37.5052,0,0,1,0,93,1,1
1,0,0,1,1,0,0,127.1616,37.608,0,0,0,0,70,1,1
0,5,0,0,0,0,0,127.0569,37.5341,0,0,1,0,84,1,1
0,1,0,0,0,0,0,128.5736,35.8792,0,0,0,0,107,1,1
0,2,2,1,2,0,0,126.8222,37.3158,0,0,0,0,2,1,1
0,4,0,0,0,0,0,129.1113,35.117,0,0,0,0,180,1,1
0,4,0,0,0,0,0,127.1303,36.7948,0,0,0,0,63,1,1
0,2,0,1,2,0,0,127.7342,37.8736,0,0,0,0,111,1,1
0,4,2,0,3,0,0,126.9654,37.8067,0,0,0,0,59,1,1
0,3,0,1,1,0,0,126.9404,35.9492,0,0,0,0,125,1,1
0,5,0,0,3,0,0,126.6972,37.4573,0,0,1,0,29,1,1
0,1,3,0,3,0,0,127.4026,34.8413,0,0,0,0,122,1,1
1,4,0,0,0,0,0,127.2153,37.2333,0,0,0,0,51,1,1
0,5,0,0,3,0,0,129.0781,35.225,0,0,1,0,216,1,1
0,0,0,1,1,6,0,128.9121,35.2361,0,0,0,0,13,1,1
0,2,0,0,0,2,0,126.9052,37.4994,0,0,0,0,150,1,1
1,4,1,0,3,1,0,126.2904,36.7573,0,0,0,0,169,1,0
1,3,0,0,0,3,0,129.3948,35.9411,0,0,0,0,160,1,1
0,4,0,0,0,0,0,127.1707,35.8383,0,0,0,0,11,0,0
1,3,1,1,1,1,0,128.3501,36.0715,0,0,0,0,144,1,0
1,5,0,0,0,0,0,126.5953,34.5654,0,0,1,0,119,1,1
0,0,0,2,4,0,0,128.6702,35.2174,0,0,0,0,86,0,0
0,1,1,1,1,0,0,127.9412,37.3533,0,0,0,0,36,1,0
1,2,0,1,1,0,0,126.9117,35.1251,0,0,0,0,190,1,1
0,0,0,0,0,1,0,126.9063,37.2704,0,0,0,0,50,1,1
1,4,2,0,0,0,0,126.8339,37.315,0,0,0,0,2,1,1
0,5,0,0,0,0,0,126.7445,37.386,0,0,1,0,73,1,1
1,1,3,1,2,1,0,127.1947,37.6985,0,0,0,0,70,1,1
0,1,0,0,0,1,0,128.4221,35.2471,0,0,0,0,117,1,1
0,3,0,0,0,0,0,126.7184,37.7017,0,0,0,0,175,1,1
0,2,0,0,0,0,0,129.2036,35.1809,0,0,0,0,1,0,0
0,2,1,1,2,0,0,127.199,37.3426,0,0,0,0,9,1,0
1,6,0,2,4,1,0,126.2842,36.8379,0,0,1,0,169,1,1
0,3,0,0,0,0,0,127.5603,37.8277,0,0,0,0,111,0,0
0,0,0,0,0,0,0,128.7723,35.8624,0,0,1,0,52,1,1
1,1,3,1,1,5,0,126.9393,37.3946,0,0,0,0,151,1,1
0,4,0,0,0,0,0,127.3974,36.3525,0,0,0,0,4,1,1
1,1,0,1,1,5,0,126.7362,35.7326,0,0,0,0,185,1,1
0,6,0,0,0,0,0,127.93,36.9824,0,0,1,0,6,1,1
0,3,2,1,1,0,0,127.3638,36.3585,0,0,0,0,4,1,1
1,3,0,0,0,1,0,127.2665,37.1565,0,0,0,0,51,1,1
1,1,0,0,0,1,0,129.3208,35.7289,0,0,0,0,100,1,1
1,5,0,0,0,0,0,128.4176,34.8859,0,0,1,0,212,1,1
1,4,0,0,0,1,0,128.6038,37.3556,0,0,0,0,198,1,1
0,3,0,0,0,0,0,127.5214,37.2336,0,0,0,0,41,1,1
0,1,0,0,0,0,0,126.2659,33.4146,0,0,0,0,90,1,1
0,0,0,0,0,1,0,128.2288,35.682,0,0,0,0,220,0,0
1,3,1,1,2,0,0,129.0318,35.3691,0,0,0,0,49,1,0
1,6,0,0,0,1,0,129.1269,35.5641,1,0,1,0,17,1,1
0,5,0,1,2,1,0,126.6406,33.2657,0,0,1,0,62,1,1
0,6,0,0,0,1,0,128.7339,36.3274,0,0,1,0,105,0,0
0,6,0,0,0,0,0,128.5546,35.8337,0,0,1,0,20,1,1
0,2,0,0,0,0,0,126.7582,36.4808,0,0,0,0,174,1,1
1,3,3,1,1,0,0,127.0402,35.877,0,0,0,0,11,1,1
0,2,0,1,1,2,0,127.0352,37.5781,0,0,0,0,201,1,1
0,2,0,0,0,0,0,127.5648,37.2815,0,0,0,0,22,1,1
0,1,1,1,2,1,0,128.2228,36.6117,0,0,0,0,74,0,0
1,2,0,1,1,1,0,127.0797,37.6244,0,0,0,0,18,1,1
1,0,0,0,0,0,0,128.6193,36.8084,0,0,0,0,113,1,1
0,3,0,0,3,0,0,126.7243,37.4009,0,0,0,0,29,1,1
0,6,0,0,0,4,0,126.9804,37.4849,0,0,1,0,93,1,1
0,3,0,0,0,0,0,126.7377,35.9686,0,0,0,0,166,1,1
0,4,0,0,0,0,0,129.0783,35.1819,0,0,0,0,221,1,1
0,0,0,1,2,1,0,127.0202,35.818,0,0,0,0,28,0,0
1,2,0,1,1,0,0,129.1071,35.1879,0,0,0,0,221,1,1
1,1,0,1,2,0,0,127.0572,37.5785,0,0,0,0,201,1,1
1,1,0,1,1,1,0,128.0294,38.1051,0,0,0,0,115,1,1
0,4,1,0,3,0,0,128.5898,35.8941,0,0,0,0,112,1,0
0,5,3,0,3,0,0,126.8773,35.1658,0,0,1,0,222,1,1
1,4,1,1,1,0,0,127.2544,37.4079,0,0,0,0,9,1,0
0,1,0,0,0,0,0,127.0209,35.9327,0,0,0,0,125,1,1
0,1,0,1,1,0,0,127.0581,37.748,0,0,0,0,64,1,1
1,5,0,0,0,1,0,129.0619,35.2025,0,0,1,0,216,0,0
1,2,0,0,0,0,0,129.0669,35.1448,0,0,0,0,180,1,1
0,6,0,0,0,0,0,128.9902,35.8005,0,0,1,0,3,1,1
0,1,0,0,0,0,0,126.5026,33.4993,0,0,0,0,90,1,1
1,4,0,1,1,1,0,126.698,37.3897,0,0,0,0,29,1,1
0,3,3,0,0,0,0,126.9176,37.5216,0,0,0,0,150,1,1
1,3,0,0,0,1,0,128.5929,35.8957,0,0,0,0,112,0,0
0,2,0,1,1,0,0,127.3816,36.3285,0,0,0,0,4,1,1
1,2,0,1,1,0,0,127.6759,37.2745,0,0,0,0,22,1,1
1,0,0,0,0,2,0,127.7123,34.7247,0,0,1,0,102,0,0
0,3,0,0,0,2,0,126.9704,37.3539,0,0,0,0,199,1,1
1,5,0,0,0,0,0,127.3517,37.6337,0,0,1,0,70,1,1
0,4,0,0,0,1,0,128.9972,35.1018,0,0,0,0,25,1,1
0,1,0,1,1,0,0,129.1757,35.8446,0,0,0,0,100,1,1
0,4,0,0,0,0,0,127.3925,37.0739,0,0,0,0,23,1,1
0,5,2,0,0,0,0,126.7578,35.5493,1,0,1,0,219,1,1
1,4,0,0,0,0,0,127.4382,36.3145,0,0,0,0,39,1,1
0,4,0,0,0,0,0,128.1918,37.6883,0,0,0,0,82,1,1
0,2,0,1,2,0,0,127.2544,36.3896,0,0,0,0,19,1,1
1,3,1,0,0,1,0,126.4882,33.2506,0,0,0,0,62,1,0
0,4,0,0,0,0,0,126.9127,37.5827,0,0,0,0,195,1,1
0,1,0,0,0,0,0,127.5805,34.9574,0,0,0,0,130,1,1
0,0,0,1,1,0,0,127.5092,34.9516,0,0,1,0,27,1,1
1,4,0,1,1,0,0,127.2685,37.0047,0,0,0,0,23,1,1
0,0,0,0,0,0,0,127.59,37.4931,0,0,0,0,48,1,1
0,5,0,0,3,0,0,128.6237,35.8318,0,0,1,0,37,1,1
0,0,3,0,3,7,0,129.0915,35.2499,0,0,0,0,96,1,1
0,0,0,1,1,2,0,126.7342,37.6957,0,0,0,0,40,1,1
1,1,3,0,3,6,0,128.7538,36.5576,0,0,0,0,66,1,1
1,1,0,0,0,0,0,127.4217,35.4407,0,0,0,0,193,1,1
0,5,3,0,0,0,0,129.1272,35.2274,0,0,1,0,1,1,1
1,4,1,0,0,1,0,129.0519,35.1578,0,0,0,0,231,0,0
0,3,0,0,0,1,0,126.9629,37.5238,0,0,0,0,134,1,1
1,0,0,1,2,1,0,126.7376,37.543,0,0,0,0,7,1,1
1,0,0,0,0,1,0,126.6094,35.9643,0,0,0,0,166,1,1
1,2,0,0,0,1,0,126.8928,36.2658,0,0,0,0,129,1,1
0,3,0,1,1,0,0,127.0027,37.5537,0,0,0,0,8,1,1
0,6,1,0,3,1,0,127.2365,37.4304,0,0,1,0,9,1,0
0,6,0,0,0,0,0,128.6313,35.8253,0,0,1,0,37,1,1
0,2,0,1,2,0,0,129.0689,35.1357,0,0,0,0,180,1,1
0,0,0,1,1,0,0,127.2126,37.2591,0,0,0,0,51,1,1
0,5,0,0,0,0,0,127.5076,36.5891,0,0,1,0,83,1,1
0,6,0,0,0,2,0,127.2093,37.2324,0,0,1,0,51,1,1
1,4,1,0,0,0,0,127.71,34.7251,0,0,0,0,102,1,0
0,1,0,1,2,0,0,126.6608,37.4555,0,0,0,0,29,1,1
0,6,0,1,2,0,0,126.8123,37.4845,0,0,1,0,65,1,1
1,4,0,1,1,0,0,127.7924,36.8099,0,0,0,0,179,1,1
0,0,2,1,1,2,0,127.144,36.823,0,0,0,0,63,0,0
1,0,0,1,1,1,0,127.0366,37.566,0,0,0,0,84,1,1
0,5,0,0,0,0,0,127.1243,35.4823,0,0,1,0,131,1,1
0,2,0,0,0,0,0,127.1796,37.8075,0,0,0,0,171,1,1
1,1,1,1,1,0,0,128.5345,35.8239,0,0,0,0,20,1,0
0,5,0,0,0,0,0,127.9373,37.0189,0,0,1,0,6,1,1
1,2,0,0,0,1,0,126.8444,37.4958,0,0,0,0,79,1,1
0,3,0,0,3,0,0,126.9068,37.5749,0,0,0,0,195,1,1
0,3,0,0,0,0,0,129.1266,35.1825,0,0,0,0,1,1,1
0,2,0,2,4,0,0,127.1044,37.3751,0,0,0,0,95,1,1
0,2,0,0,0,0,0,127.6245,36.2797,0,0,0,0,142,1,1
1,3,0,1,1,1,0,128.0866,35.0842,0,0,0,0,57,1,1
0,4,0,2,4,0,0,128.2851,37.1854,0,0,0,0,103,1,1
0,0,0,1,1,0,0,127.244,37.6471,0,0,0,0,70,1,1
0,1,0,0,3,1,0,128.6629,35.1615,0,0,0,0,86,1,1
0,4,0,0,0,1,0,126.9294,37.3738,0,0,0,0,126,1,1
1,2,0,0,0,0,0,126.8489,37.5275,0,0,0,0,140,1,1
1,2,0,1,2,3,0,126.9179,37.5939,0,0,0,0,139,1,1
1,2,0,0,0,1,0,127.3295,34.584,0,0,0,0,191,1,1