주야,요일,법규위반,도로형태_대분류,도로형태,당사자종별_1당_대분류,당사자종별_2당_대분류,경도,위도,사고피해정도,도시여부,주말/공휴일,인구수,발생지번호,보행자의위치,무단횡단여부
1,1,0,0,0,2,0,129.408,36.9864,0,0,0,0,208,1,1
0,2,0,0,0,1,0,127.4317,36.3436,0,0,0,0,80,1,1
0,2,0,0,0,0,0,129.261,35.4059,0,0,0,0,17,1,1
0,3,1,0,0,1,0,127.9627,37.418,0,0,0,0,36,1,0
1,4,0,1,1,0,0,126.9616,36.0514,0,0,0,0,125,1,1
0,3,0,0,0,1,0,126.8622,37.3127,0,0,0,0,2,1,1
0,4,0,0,0,0,0,128.9469,35.1078,0,0,0,0,25,0,0
0,2,0,0,0,0,0,127.0806,37.517,0,0,0,0,156,1,1
0,2,0,1,1,0,0,127.2242,34.5701,0,0,0,0,191,1,1
0,0,0,1,2,0,0,127.6246,36.2615,0,0,0,0,142,1,1
0,3,0,0,0,0,0,128.9004,35.1721,0,0,0,0,206,1,1
1,5,0,2,4,2,0,128.1814,35.1488,0,0,1,0,42,1,1
1,5,0,0,0,1,0,127.2194,37.3527,0,0,1,0,51,1,1
0,1,0,0,0,1,0,129.2735,35.4168,0,0,0,0,17,0,0
0,1,0,0,3,0,0,129.3432,36.0257,0,0,0,0,160,1,1
1,0,0,1,1,3,0,127.0822,37.6713,0,0,0,0,18,1,1
1,0,0,2,4,0,0,128.47,37.1808,0,0,0,0,114,1,1
1,0,3,1,1,2,0,127.0784,37.5862,0,0,0,0,196,1,1
0,5,0,1,2,0,0,128.9886,35.2147,0,0,1,0,206,1,1
0,4,0,0,0,0,0,127.4354,36.5608,0,0,0,0,83,1,1
0,5,0,0,3,2,0,126.9412,37.5015,0,0,1,0,93,1,1
0,0,0,0,0,1,0,126.7399,36.8863,0,0,0,0,46,0,0
0,4,0,0,0,0,0,129.3507,35.636,0,0,0,0,158,0,0
1,5,0,0,0,0,0,127.1356,34.528,0,0,1,0,191,1,1
1,5,0,0,0,5,0,128.0752,35.5491,0,0,1,0,133,1,1
1,4,0,1,1,2,0,126.5629,33.2535,0,0,0,0,62,1,1
0,0,1,0,0,0,0,127.122,35.9641,0,0,0,0,28,1,0
1,1,1,1,2,2,0,129.3432,35.5682,0,0,0,0,205,1,0
0,3,0,0,0,0,0,126.924,37.3957,0,0,0,0,151,1,1
1,4,0,1,2,5,0,127.0054,37.5892,1,0,0,0,167,1,1
0,3,1,0,3,2,0,127.1515,37.3606,0,0,0,0,9,1,0
0,0,0,0,0,0,0,126.3502,36.5328,0,0,0,0,169,1,1
0,5,0,0,0,0,0,127.1002,37.5991,0,0,1,0,196,1,1
0,4,2,0,0,4,0,126.9061,37.5176,0,0,0,0,150,1,1
1,2,0,0,0,0,0,126.8856,37.463,0,0,0,0,109,1,1
0,2,0,0,0,1,0,126.7442,37.6927,0,0,0,0,40,1,1
0,6,0,0,0,0,0,129.2425,35.5199,0,0,1,0,17,1,1
0,5,1,0,3,0,0,126.5684,33.5017,0,0,1,0,90,1,0
0,3,0,0,0,0,0,129.2033,35.1887,0,0,0,0,1,1,1
1,5,1,0,0,1,0,129.2849,35.5526,0,0,1,0,205,1,0
1,1,0,1,2,1,0,127.0106,36.7851,0,0,0,0,53,1,1
0,6,0,0,0,0,0,127.8817,35.6911,0,0,1,0,154,1,1
1,2,0,0,0,0,0,126.9305,35.7864,0,0,0,0,34,1,1
1,1,0,1,1,0,0,128.6137,35.2812,0,0,0,0,86,1,1
1,1,0,1,2,1,0,126.3977,34.8172,0,0,0,0,153,1,1
0,3,2,1,2,0,0,127.6977,37.7753,0,0,0,0,111,1,1
1,3,0,0,0,0,0,127.4477,37.2786,0,0,0,0,41,0,0
0,5,0,0,0,0,0,128.6385,34.8929,0,0,1,0,15,1,1
0,5,3,1,2,0,0,129.3659,36.0331,0,0,1,0,160,1,1
1,1,3,1,1,1,0,126.7949,35.1847,0,0,0,0,135,1,1
0,2,0,2,4,0,0,126.957,37.3748,0,0,0,0,151,1,1
0,4,1,0,3,0,0,129.3348,35.5573,0,0,0,0,205,1,0
1,4,0,1,1,3,0,127.7258,37.865,0,0,0,0,111,1,1
1,1,0,1,1,0,0,128.746,35.6414,0,0,0,0,3,1,1
1,2,0,0,0,1,0,129.3505,36.0998,0,0,0,0,160,1,1
0,5,0,0,0,1,0,126.8789,37.8483,0,0,1,0,175,1,1
1,5,2,0,0,0,0,128.587,36.1533,0,0,1,0,170,1,1
1,1,0,1,1,2,0,127.0416,37.8505,0,0,0,0,59,1,1
1,3,0,1,2,0,0,126.9268,37.608,0,0,0,0,139,1,1
0,3,0,0,0,0,0,129.4166,37.0566,0,0,0,0,208,1,1
1,2,0,0,0,1,0,126.789,37.5212,0,0,0,0,65,1,1
1,6,2,0,3,0,0,126.8753,35.1256,0,0,1,0,222,1,1
0,4,2,1,2,0,0,128.5865,35.2111,0,0,0,0,86,1,1
0,3,0,0,3,0,0,128.12,36.1211,0,0,0,0,76,1,1
0,4,0,0,0,1,0,129.1044,37.4646,0,0,0,0,210,1,1
0,2,0,0,0,2,0,127.6174,37.1243,0,0,0,0,41,1,1
0,1,0,0,0,2,0,126.3093,36.6607,0,0,0,0,169,1,1
1,0,0,0,0,0,0,127.1194,37.2751,0,0,0,0,51,1,1
0,3,0,0,3,0,0,129.2854,35.5466,0,0,0,0,213,1,1
1,3,0,0,0,7,0,127.4308,36.37,0,0,0,0,77,1,1
1,6,0,0,0,0,0,127.1193,37.322,0,0,1,0,51,0,0
0,3,0,0,0,2,0,126.441,35.2419,0,0,0,0,127,1,1
0,3,0,0,0,0,0,126.8296,37.5338,0,0,0,0,140,1,1
1,2,0,1,1,1,0,127.0589,37.8925,1,0,0,0,94,1,1
0,3,0,0,0,0,0,129.0184,35.1096,0,0,0,0,226,1,1
0,5,2,1,2,0,0,127.1644,36.7991,0,0,1,0,63,1,1
0,3,1,0,3,1,0,126.9394,36.4918,0,0,0,0,19,1,0
0,1,0,1,2,1,0,128.9885,35.1699,0,0,0,0,120,1,1
1,1,1,0,3,1,0,129.0599,35.1508,0,0,0,0,231,1,0
0,2,0,0,0,0,0,128.8631,35.2653,0,0,1,0,13,1,1
0,3,1,1,2,1,0,126.7377,35.9723,0,0,0,0,166,1,0
1,3,1,1,2,3,0,129.3593,36.0164,0,0,0,0,160,1,0
0,6,0,0,3,0,0,129.0135,35.2324,0,0,1,0,118,1,1
0,0,1,0,0,0,0,127.0516,37.7398,0,0,0,0,64,1,0
0,6,2,0,0,0,0,127.0694,37.268,1,0,1,0,51,0,0
1,3,0,0,0,0,0,128.5972,35.8774,0,0,0,0,112,1,1
1,3,5,1,2,0,0,128.7107,35.2103,0,0,0,0,86,1,1
0,4,0,1,2,0,0,126.966,37.4766,0,0,0,0,188,1,1
0,1,0,0,0,0,0,127.0137,37.2469,0,0,0,0,99,1,1
1,0,3,1,2,1,0,126.65,37.443,0,0,0,0,29,1,1
0,0,0,0,3,0,0,126.9274,37.4951,0,0,0,0,93,1,1
1,4,0,0,0,0,0,128.6944,35.2078,0,0,0,0,86,1,1
1,3,0,0,0,2,0,127.0571,37.6677,0,0,0,0,18,1,1
0,0,0,1,2,0,0,126.7042,37.45,0,0,0,0,29,1,1
1,1,0,0,0,0,0,126.8091,37.3251,0,0,0,0,2,1,1
1,1,2,0,0,0,0,126.6774,35.4344,0,0,0,0,219,1,1
0,1,0,0,0,1,0,127.6314,37.1208,0,0,0,0,41,1,1
1,4,0,0,0,1,0,127.0756,38.1041,0,0,0,0,106,1,1
1,0,3,1,1,0,0,129.3476,35.5397,0,0,0,0,213,1,1
1,5,0,0,0,0,0,127.1842,37.4789,0,0,1,0,9,1,1
0,4,0,0,0,0,0,126.9039,35.1563,0,0,0,0,137,1,1
0,1,0,0,0,0,0,128.5651,35.9005,0,0,0,0,112,1,1
0,2,0,1,1,0,0,128.8884,35.2797,0,0,0,0,13,1,1
0,2,0,0,0,0,0,126.8767,37.4781,0,0,0,0,109,1,1
0,2,0,1,1,2,0,128.0902,35.0821,0,0,0,0,57,1,1
1,2,1,1,1,1,0,127.4993,34.9393,0,0,0,0,27,1,0
1,4,0,1,1,0,0,126.8185,35.1081,0,0,0,0,222,1,1
0,2,0,0,0,0,0,127.2272,37.4356,0,0,0,0,9,1,1
1,6,1,1,1,0,0,128.6462,35.8586,0,0,1,0,37,1,0
0,0,1,0,0,1,0,127.3761,35.4003,0,0,0,0,193,1,0
0,1,0,0,0,0,0,128.0436,35.2082,0,0,0,0,42,1,1
0,4,0,0,0,1,0,128.7453,37.8495,0,0,0,0,194,1,1
1,4,0,1,2,2,0,126.9278,35.3146,0,0,0,0,181,1,1
0,6,2,0,0,0,0,127.3929,36.3172,0,0,1,0,39,1,1
1,0,3,1,2,1,0,126.5255,35.0664,0,0,0,0,157,1,1
0,0,0,0,0,0,0,129.3094,35.5132,0,0,0,0,213,1,1
0,6,2,1,2,0,0,128.5303,35.8494,0,0,1,0,20,1,1
0,2,0,0,0,1,0,125.935,34.7686,0,0,0,0,132,1,1
1,2,1,1,1,1,0,126.836,35.2132,0,0,0,0,135,0,0
1,0,0,0,0,0,0,127.0128,35.5047,0,0,0,0,131,1,1
0,3,2,1,1,0,0,127.2039,37.6329,0,0,0,0,70,1,1
1,1,0,0,3,1,0,129.0215,35.0798,0,0,0,0,226,1,1
1,3,1,0,0,0,0,128.6379,35.8965,0,0,0,0,26,1,0
1,1,1,2,4,0,0,128.2076,37.1282,0,0,0,0,103,1,0
0,4,0,0,0,0,0,127.1494,37.6042,0,0,0,0,70,1,1
1,4,0,1,1,0,0,129.1102,37.5393,0,0,0,0,210,1,1
0,4,0,0,0,0,0,129.2391,35.8958,0,0,0,0,100,1,1
0,3,0,0,0,0,0,127.4915,34.9398,0,0,0,0,27,1,1
0,2,0,0,0,1,0,126.9596,37.5706,0,0,1,0,195,1,1
1,1,0,0,0,1,0,128.0957,35.179,0,0,0,0,42,1,1
0,4,0,0,0,0,0,126.7372,35.5393,0,0,0,0,219,1,1
0,1,1,0,0,0,0,128.088,36.1375,0,0,0,0,76,1,0
0,2,0,0,0,0,0,127.0156,37.2948,0,0,0,0,99,1,1
0,6,0,0,0,0,0,126.7638,37.6868,0,0,1,0,40,1,1
0,2,1,0,0,0,0,129.036,35.0887,0,0,0,0,173,1,0
0,0,0,0,0,1,0,127.9071,37.6946,0,0,0,0,82,1,1
1,5,0,1,1,0,0,129.2914,35.55,0,0,1,0,205,1,1
1,3,0,0,0,1,0,126.8784,37.4365,0,0,0,0,81,0,0
1,6,2,0,0,0,0,129.0608,35.0975,0,0,1,0,173,1,1
0,0,0,0,0,1,0,127.1526,37.5389,0,0,0,0,91,1,1
1,0,0,1,1,0,0,127.047,37.7257,0,0,0,0,64,1,1
0,6,0,1,1,0,0,128.5823,35.8637,0,0,1,0,178,1,1
0,5,0,1,1,1,0,128.6756,35.2149,0,0,1,0,86,1,1
0,6,2,1,2,0,0,126.5349,33.25,0,0,1,0,62,1,1
0,6,0,0,0,0,0,128.8189,35.8681,0,0,1,0,52,1,1
0,5,0,0,0,0,0,128.5596,35.8791,0,0,1,0,107,1,1
0,4,3,1,2,0,0,126.4258,34.7748,0,0,0,0,16,1,1
0,5,2,0,0,0,0,129.1067,35.1388,0,0,1,0,45,1,1
1,3,0,1,1,0,0,126.7209,37.451,0,0,0,0,29,0,0
1,2,0,0,0,5,0,126.9725,37.107,0,0,0,0,50,1,1
1,0,0,2,4,0,0,127.1498,36.8187,0,0,0,0,63,1,1
0,5,0,0,0,2,0,126.7748,37.5093,0,0,1,0,65,0,0
0,4,0,1,2,0,0,127.4223,36.6414,0,0,0,0,83,1,1
0,2,0,0,3,1,0,127.719,34.7333,0,0,0,0,102,1,1
0,3,0,0,0,4,0,127.0235,37.5071,0,0,1,0,89,1,1
0,1,0,0,0,1,0,126.9091,37.5321,0,0,0,0,150,1,1
0,5,0,0,0,0,0,127.158,36.8247,0,0,1,0,63,1,1
0,4,0,0,0,0,0,127.0829,37.562,0,0,0,0,183,1,1
0,1,0,0,0,0,0,127.0762,37.3094,0,0,0,0,51,1,1
1,4,0,0,0,0,0,128.9837,36.0421,0,0,0,0,5,0,0
0,0,0,1,1,0,0,127.1452,35.8273,0,0,1,0,11,1,1
0,2,0,0,0,0,0,127.0887,37.5051,0,0,0,0,156,1,1
0,2,0,0,0,0,0,128.4324,34.8526,0,0,0,0,212,1,1
0,6,0,0,0,3,0,129.4096,36.4831,0,0,1,0,54,1,1
0,0,0,0,0,0,0,127.7398,34.7411,0,0,0,0,102,1,1
0,6,0,0,0,0,0,128.5437,36.3532,0,0,1,0,105,1,1
0,5,0,0,0,0,0,127.0632,37.1133,0,0,1,0,14,1,1
1,3,0,1,1,1,0,126.9597,37.7961,0,0,0,0,59,1,1
0,4,0,0,0,1,0,129.2721,35.9864,0,0,0,0,100,1,1
0,4,0,1,2,0,0,127.4871,36.662,0,0,0,0,83,1,1
1,2,0,0,0,2,0,126.885,37.2396,0,0,0,0,50,1,1
0,0,0,1,1,0,0,127.1717,37.8615,0,0,1,0,171,1,1
0,3,0,0,0,0,0,126.7157,37.4632,0,0,0,0,29,1,1
0,5,0,0,0,0,0,127.0834,37.3187,0,0,1,0,51,1,1
0,4,1,0,3,0,0,127.0425,37.5136,0,0,0,0,89,1,0
0,4,0,0,0,1,0,129.0411,35.369,0,0,0,0,49,1,1
1,6,1,1,2,3,0,126.8039,37.5728,0,0,1,0,43,1,0
1,0,0,0,0,2,0,128.5156,37.2408,0,0,0,0,114,1,1
1,3,0,0,0,0,0,129.2205,35.8418,0,0,0,0,100,1,1
1,3,0,0,0,0,0,127.0207,36.4405,0,0,0,0,19,1,1
0,0,0,0,0,0,0,127.0206,37.5656,0,0,0,0,8,1,1
0,5,0,0,0,0,0,128.5714,35.8365,0,0,1,0,145,1,1
0,0,0,1,2,2,0,127.5264,36.7067,0,0,0,0,83,1,1
0,1,0,0,0,7,0,127.3316,35.4868,0,0,0,0,193,1,1
1,2,2,0,0,1,0,128.1837,37.5697,0,0,0,0,31,1,1
0,6,0,0,0,0,0,127.8591,34.7818,0,0,1,0,197,1,1
0,1,0,0,0,0,0,128.8121,35.8765,0,0,0,0,52,1,1
0,6,0,0,0,0,0,127.1555,37.5553,0,0,1,0,91,1,1
0,6,0,0,0,0,0,126.8511,35.5689,0,0,1,0,12,1,1
1,1,0,0,0,1,0,128.1114,35.1518,0,0,0,0,42,1,1
0,5,0,0,0,0,0,126.6488,37.4592,0,0,1,0,29,1,1
1,2,0,1,1,0,0,127.4073,35.4299,0,0,0,0,193,1,1
0,6,0,0,0,0,0,127.4202,36.3447,0,0,1,0,77,1,1
0,3,3,1,1,0,0,126.9536,37.4818,0,0,0,0,188,1,1
1,2,3,1,1,1,0,129.0404,35.3597,0,0,0,0,49,1,1
1,3,0,0,0,0,0,127.9725,36.4461,0,0,0,0,58,1,1
1,2,0,0,0,1,0,126.6865,36.0796,0,0,0,0,10,1,1
1,3,4,0,0,0,0,128.3585,36.09,0,0,0,0,144,1,1
1,1,0,0,0,2,0,127.0954,37.5987,0,0,0,0,196,1,1
1,2,1,0,3,0,0,127.2555,37.4139,0,0,0,0,9,1,0
0,0,0,0,0,0,0,127.1276,36.8041,1,0,0,0,63,1,1
0,0,0,0,0,0,0,126.957,37.3746,0,0,0,0,151,1,1
0,2,0,0,0,0,0,126.9507,37.4824,0,0,0,0,188,1,1
0,2,0,0,0,0,0,128.6628,35.8772,0,0,0,0,26,1,1
0,2,2,0,3,0,0,127.0994,35.8369,0,0,0,0,11,1,1
1,1,1,0,3,0,0,126.6355,36.897,0,0,0,0,46,0,0
1,5,0,1,1,1,0,126.9023,37.4688,0,0,1,0,109,1,1
1,4,0,2,4,1,0,128.0347,37.5636,0,0,1,0,31,1,1
0,5,1,1,1,0,0,127.1273,36.8035,0,0,1,0,63,1,0
0,0,2,0,3,1,0,126.2979,33.2505,0,0,0,0,62,1,1
1,4,0,0,0,0,0,126.9212,35.6057,0,0,0,0,12,1,1
0,1,1,0,3,0,0,127.5039,34.9446,0,0,0,0,27,1,0
0,5,2,0,0,0,0,127.9463,37.3794,0,0,1,0,36,1,1
0,2,0,1,2,0,0,127.1055,37.3091,0,0,0,0,51,1,1
1,6,0,1,1,3,0,127.033,36.1448,0,0,1,0,61,1,1
0,3,0,0,0,0,0,127.4743,36.949,0,0,0,0,110,0,0
0,6,0,0,0,0,0,129.3792,36.0289,0,0,1,0,160,1,1
1,4,0,1,1,0,0,126.924,37.609,0,0,0,0,139,1,1
1,2,0,0,0,1,0,126.9421,37.3306,0,0,0,0,126,1,1
1,1,1,1,1,3,0,126.9142,37.5928,0,0,0,0,139,1,0
1,4,0,0,0,0,0,126.9114,35.7858,0,0,1,0,34,1,1
0,0,0,0,0,2,0,126.6713,37.4625,0,0,0,0,29,1,1
1,6,0,1,1,0,0,129.3264,35.5267,0,0,1,0,213,1,1
0,5,0,1,2,0,0,126.7453,37.4476,0,0,1,0,29,1,1
1,5,0,0,0,0,0,127.4009,36.5298,0,1,1,0,229,1,1
0,2,1,0,3,0,0,126.7819,37.8548,0,0,0,0,175,1,0
1,0,4,0,0,1,0,128.5255,35.265,0,0,0,0,86,1,1
1,5,3,0,3,3,0,128.5912,35.2238,0,0,1,0,86,1,1
1,4,2,0,0,1,0,127.1158,35.8306,0,0,0,0,11,1,1
0,4,0,0,0,0,0,126.9912,37.4745,0,0,0,0,214,1,1
1,4,0,0,0,1,0,128.6024,35.8478,0,0,0,0,145,1,1
1,2,0,1,1,2,0,126.8597,35.1307,0,0,0,0,222,1,1
0,5,0,0,0,1,0,127.141,35.3858,0,0,1,0,131,1,1
1,3,0,1,2,1,0,126.787,37.4497,0,0,0,0,73,1,1
0,2,0,0,0,0,0,127.0582,37.2378,0,0,0,0,99,1,1
1,4,0,1,2,2,0,127.6203,36.2461,0,0,0,0,142,1,1
1,1,0,0,0,0,0,127.045,37.7385,0,0,0,0,64,1,1
1,3,1,1,2,1,0,128.7882,36.0414,0,0,0,0,5,1,0
0,5,0,0,0,0,0,127.45,36.6375,0,0,1,0,83,1,1
0,5,0,1,2,1,0,127.4897,34.9313,0,0,1,0,27,0,0
1,4,0,2,4,1,0,126.8213,35.1826,0,0,0,0,135,1,1
0,2,0,1,2,0,0,126.9121,33.4502,0,0,0,0,62,1,1
1,3,0,1,2,1,0,126.89,35.1428,0,0,0,0,190,1,1
1,5,0,2,0,3,0,126.7762,37.4842,0,0,1,0,65,0,0
0,0,0,1,2,0,0,127.0154,37.5769,0,0,1,0,116,1,1
1,1,0,1,1,0,0,126.7032,35.4335,0,0,0,0,219,1,1
1,2,0,0,0,0,0,126.8836,37.492,0,0,0,0,79,1,1
1,1,4,1,1,1,0,127.1415,35.3802,0,0,0,0,131,0,0
0,1,0,0,0,0,0,126.875,36.9448,0,0,0,0,14,1,1
1,6,3,1,2,1,0,127.0652,37.2919,0,0,1,0,51,1,1
0,2,0,0,3,2,0,129.1794,35.2459,0,0,0,0,85,1,1
1,3,0,0,0,2,0,126.9996,37.5223,0,0,0,0,134,1,1
0,1,0,0,0,0,0,127.4205,36.3755,0,0,0,0,77,1,1
0,6,0,0,0,0,0,126.8074,35.1498,0,0,1,0,135,1,1
0,6,0,0,0,0,0,127.0024,35.2429,0,0,1,0,181,1,1
0,4,0,0,3,1,0,127.1491,37.4293,0,0,0,0,95,1,1
0,4,0,0,3,0,0,127.069,37.208,0,0,0,0,50,1,1
1,2,0,0,0,1,0,128.0398,36.1737,0,0,0,0,76,1,1
1,0,0,2,4,0,0,127.1547,37.8245,0,0,0,0,171,1,1
0,0,0,1,1,0,0,126.2884,36.7314,0,0,1,0,169,1,1
0,2,0,0,0,3,0,127.3715,36.7332,0,0,0,0,83,1,1
0,6,0,0,0,0,0,128.5592,35.8583,0,0,1,0,107,1,1
0,4,5,1,1,4,0,127.033,37.5913,0,0,0,0,167,1,1
0,1,0,0,3,1,0,127.0518,35.8366,0,0,0,0,28,1,1
1,3,1,1,2,0,0,127.112,37.3257,0,0,0,0,51,1,0
1,2,1,1,1,1,0,129.2085,35.8446,0,0,1,0,100,1,0
1,1,0,1,2,1,0,126.6426,37.4617,0,0,0,0,29,1,1
0,3,0,0,0,0,0,128.7944,35.3317,0,0,0,0,13,0,0
0,4,3,1,1,0,0,126.817,37.334,0,0,0,0,2,1,1
0,2,0,0,0,2,0,128.7328,34.8779,0,0,0,0,15,1,1
0,3,0,1,2,0,0,127.7274,34.7403,0,0,0,0,102,1,1
0,4,0,0,0,0,0,128.9004,37.7549,0,0,1,0,194,1,1
0,2,0,0,0,2,0,128.1215,36.1193,0,0,1,0,76,1,1
0,2,0,0,0,0,0,126.8327,37.3294,0,0,0,0,2,1,1
0,2,0,0,0,0,0,129.0519,35.1505,0,0,0,0,231,1,1
1,0,0,0,0,0,0,129.3374,35.4671,0,0,0,0,17,1,1
1,5,4,0,0,3,0,127.4737,36.1906,0,0,1,0,68,0,0
0,5,0,0,0,7,0,127.0502,37.6787,0,0,1,0,98,1,1
0,5,0,1,2,0,0,129.2272,36.0289,0,0,1,0,100,0,0
0,5,0,0,0,0,0,127.3972,36.3489,0,0,1,0,4,1,1
1,3,0,1,1,0,0,128.5203,35.8571,0,0,0,0,20,1,1
0,5,0,0,0,0,0,126.4144,33.4727,0,0,1,0,90,1,1
0,0,0,0,0,0,0,127.1195,37.4019,0,0,0,0,95,1,1
1,0,1,0,0,6,0,127.4391,36.3321,0,0,0,0,80,1,0
1,4,0,0,0,0,0,127.7988,35.0988,0,0,1,0,172,1,1
0,0,0,0,0,0,0,126.3931,34.7931,0,0,0,0,153,1,1
0,1,1,1,2,0,0,126.6984,37.423,0,0,0,0,35,1,0
1,5,1,1,2,0,0,127.9401,36.9781,0,0,1,0,6,1,0
0,1,3,0,3,0,0,129.1084,35.1275,0,0,0,0,180,1,1
1,3,0,0,0,0,0,127.5619,34.7681,0,0,0,0,102,1,1
0,3,0,0,0,0,0,128.3265,35.471,0,0,0,0,189,1,1
1,3,0,1,2,0,0,127.7327,37.8765,0,0,0,0,111,1,1
0,2,0,1,2,1,0,128.2116,34.995,0,0,0,0,87,1,1
0,2,0,1,2,0,0,126.8492,37.5583,0,0,0,0,43,1,1
1,2,0,1,1,1,0,127.365,34.5053,0,0,0,0,191,1,1
0,1,0,2,4,0,0,127.0035,37.2904,0,0,0,0,99,1,1
0,2,0,1,1,0,0,126.3848,33.2643,0,0,0,0,62,1,1
0,5,0,1,1,0,0,126.4239,33.492,0,0,1,0,90,1,1
0,4,0,0,0,0,0,128.5523,35.1862,0,0,0,0,86,1,1
0,0,0,0,0,1,0,127.1035,35.6415,0,0,0,0,28,0,0
1,4,0,0,0,1,0,126.9849,37.5643,1,0,0,0,8,1,1
0,1,0,0,0,0,0,129.3363,35.6756,0,0,0,0,100,1,1
0,0,0,0,0,0,0,127.0642,37.1494,0,0,0,0,143,1,1
1,4,0,0,0,0,0,127.6093,38.1743,0,0,0,0,218,1,1
1,5,0,1,2,0,0,128.0833,34.9385,0,0,1,0,57,1,1
0,1,0,0,0,0,0,128.6554,36.0585,0,0,0,0,170,0,0
1,1,0,0,0,1,0,128.8795,37.2933,0,0,0,0,78,0,0
0,5,0,0,0,1,0,129.3698,36.3915,0,0,1,0,54,1,1
1,0,3,0,3,3,0,129.0394,35.1152,0,0,0,0,209,1,1
0,5,0,1,1,0,0,126.9716,37.2273,0,0,1,0,50,1,1
0,6,0,0,0,0,0,127.1419,35.8433,0,0,1,0,11,1,1
1,6,1,0,3,0,0,128.6405,35.8556,0,0,1,0,37,1,0
1,1,3,1,1,1,0,129.0803,35.1186,0,0,0,0,180,1,1
0,2,0,0,3,0,0,128.5877,35.8568,0,0,0,0,145,1,1
0,6,0,0,0,0,0,129.4494,35.6639,0,0,1,0,100,0,0
1,5,0,0,0,0,0,128.7251,35.113,0,0,1,0,86,1,1
1,1,0,1,1,2,0,127.1096,35.8331,0,0,0,0,11,1,1
0,5,0,0,0,0,0,126.6568,37.6017,0,0,1,0,97,1,1
0,6,0,0,0,0,0,127.0922,37.0593,0,0,1,0,14,1,1
1,2,0,2,4,1,0,127.91,36.9863,0,0,0,0,6,1,1
1,2,0,0,0,0,0,126.9351,37.5799,0,0,0,0,195,1,1
1,0,3,1,1,3,0,127.4488,36.8498,0,0,0,0,60,1,1
0,5,2,1,2,6,0,126.7696,37.509,0,0,1,0,65,1,1
0,6,1,1,1,1,0,127.1344,36.4506,0,0,1,0,19,1,0
0,6,0,1,1,0,0,127.0405,37.7229,0,0,1,0,64,1,1
0,4,0,1,2,1,0,127.0337,37.6008,0,0,0,0,167,1,1
1,0,0,0,0,3,0,129.0869,35.24,0,0,0,0,96,1,1
0,0,3,1,2,0,0,127.3512,37.3443,0,0,0,0,9,1,1
1,0,5,0,0,0,0,129.0726,35.1902,0,0,0,0,221,1,1
0,3,1,0,0,0,0,127.0138,37.2755,0,0,0,0,99,1,0
1,2,0,0,0,2,0,126.8494,37.4678,0,0,0,0,81,1,1
1,2,0,0,0,2,0,128.9838,35.0989,0,0,0,0,25,1,1
1,6,4,1,2,2,0,126.9205,37.474,0,0,1,0,188,1,1
1,0,0,1,1,1,0,128.8353,35.7935,0,0,0,0,52,1,1
1,0,2,2,4,1,0,127.1986,37.6727,0,0,0,0,70,1,1
1,0,0,1,2,1,0,126.8085,37.4938,0,0,0,0,65,1,1
1,1,1,0,3,0,0,128.905,37.7614,0,0,0,0,194,1,0
1,4,0,2,4,2,0,127.9989,36.212,0,0,0,0,75,1,1
0,3,4,0,0,0,0,129.0858,35.2744,1,0,0,0,96,1,1
1,4,2,0,0,0,0,126.8487,35.2134,0,0,0,0,135,1,1
0,1,2,0,0,0,0,127.5308,36.7213,0,0,0,0,83,1,1
0,0,2,0,0,0,0,128.7665,35.8637,0,0,0,0,52,1,1
0,1,0,0,3,0,0,127.1257,36.8513,0,0,0,0,63,1,1
0,6,0,1,2,0,0,127.0794,37.0075,0,0,1,0,14,1,1
1,3,0,1,1,1,0,128.7355,35.7388,0,0,1,0,52,1,1
0,0,0,0,0,0,0,127.899,34.8411,0,0,0,0,197,1,1
1,2,0,2,4,1,0,127.4916,36.6986,0,0,0,0,83,1,1
0,4,0,1,1,1,0,128.3289,36.124,0,0,0,0,144,1,1
0,2,0,0,0,0,0,128.7352,36.5658,0,0,0,0,66,1,1
1,6,0,1,2,0,0,128.8233,37.8863,0,0,1,0,194,1,1
1,6,0,0,0,1,0,127.2494,34.5565,0,0,1,0,191,1,1
0,6,0,0,3,0,0,126.6946,37.4575,0,0,1,0,29,1,1
0,4,1,0,0,0,0,127.4497,37.2765,0,0,0,0,41,1,0
1,1,3,0,0,0,0,126.6774,37.5599,0,0,0,0,97,1,1
1,0,0,0,0,0,0,127.0685,36.1787,0,0,0,0,61,1,1
1,0,1,1,1,1,0,126.7766,37.7591,0,0,0,0,175,1,0
1,5,1,1,1,1,0,128.6224,36.8237,0,0,1,0,113,1,0
0,3,0,0,0,0,0,129.2471,35.9251,0,0,0,0,100,0,0
0,0,0,0,3,1,0,129.0914,35.2548,0,0,0,0,96,1,1
0,2,0,0,0,0,0,127.7523,37.8675,0,0,0,0,111,0,0
0,6,0,0,0,0,0,126.7443,37.5608,0,0,1,0,7,1,1
0,6,0,0,0,0,0,128.5642,35.1935,0,0,1,0,86,1,1
0,3,2,0,0,1,0,127.2069,38.1014,0,0,0,0,171,1,1
0,0,0,0,0,0,0,128.5455,38.1655,0,0,0,0,104,1,1
0,4,0,1,1,0,0,127.1353,37.5526,0,0,0,0,91,1,1
0,4,0,0,0,0,0,127.2903,36.6242,0,1,0,0,229,1,1
1,5,0,1,1,0,0,127.0876,37.3206,0,0,1,0,51,1,1