주야,요일,법규위반,도로형태_대분류,도로형태,당사자종별_1당_대분류,당사자종별_2당_대분류,경도,위도,사고피해정도,도시여부,주말/공휴일,인구수,발생지번호,보행자의위치,무단횡단여부
0,0,0,1,1,2,0,126.8707,37.8498,0,0,1,0,175,1,1
0,1,2,0,0,0,0,127.9963,36.8386,0,0,0,0,6,1,1
0,2,0,0,0,0,0,126.9339,37.3596,0,0,1,0,126,1,1
0,5,2,0,3,4,0,127.012,37.2993,0,0,1,0,99,1,1
1,2,0,0,0,0,0,126.8368,37.5225,0,0,0,0,140,1,1
0,3,0,0,0,1,0,128.989,35.1439,0,0,0,0,120,1,1
0,0,0,0,0,0,0,126.898,34.7178,0,0,0,0,56,1,1
1,4,0,0,0,1,0,126.837,36.6162,0,0,0,0,187,1,1
0,3,0,1,1,1,0,127.2185,36.2105,0,0,0,0,61,1,1
0,5,0,0,0,0,0,126.6701,33.5256,0,0,1,0,90,1,1
0,4,0,0,3,0,0,126.9953,37.5615,0,0,0,0,8,1,1
1,1,0,0,0,0,0,126.7892,37.6812,0,0,0,0,40,1,1
1,0,1,0,3,0,0,129.0009,35.2062,0,0,0,0,118,1,0
1,4,5,0,0,1,0,127.4816,36.194,0,0,0,0,68,0,0
1,2,0,0,0,1,0,128.44,35.6946,0,0,0,0,30,1,1
1,5,0,1,2,1,0,128.4233,34.8277,0,0,1,0,212,1,1
1,0,1,1,2,0,0,128.0621,35.1924,0,0,0,0,42,1,0
0,0,0,0,0,2,0,126.9528,37.5571,0,0,0,0,159,1,1
1,3,0,0,0,6,0,127.0468,37.6272,0,0,0,0,200,1,1
0,3,0,0,0,2,0,126.7274,34.5394,0,0,0,0,121,1,1
0,4,0,0,0,0,0,127.0477,37.7034,0,0,0,0,64,1,1
0,4,0,1,1,0,0,127.0446,37.5499,0,0,0,0,84,0,0
0,3,0,1,1,0,0,129.3159,35.5303,0,0,0,0,213,1,1
0,1,0,0,0,0,0,129.3595,36.0332,0,0,0,0,160,1,1
0,6,0,0,0,0,0,128.5373,35.8558,0,0,1,0,20,1,1
1,5,0,0,0,0,0,127.1856,37.0434,0,0,1,0,23,1,1
0,2,0,1,2,0,0,128.5731,36.2679,0,0,0,0,170,0,0
1,1,0,0,3,0,0,126.9148,36.9445,0,0,0,0,14,1,1
0,4,0,0,0,0,0,127.8558,37.3299,0,0,0,0,36,1,1
1,3,0,0,0,2,0,126.7109,37.5313,0,0,0,0,7,1,1
0,3,0,0,0,0,0,129.3622,35.9702,0,0,0,0,160,1,1
0,0,3,0,3,0,0,127.364,36.3847,0,0,0,0,148,1,1
0,4,0,0,0,1,0,126.6165,34.8757,0,0,0,0,16,1,1
0,2,2,1,1,0,0,126.449,36.778,0,0,0,0,69,1,1
1,2,0,1,1,4,0,126.6307,37.6541,0,0,0,0,47,1,1
0,1,0,0,0,0,0,129.4096,35.9631,0,0,0,0,160,1,1
0,3,0,1,2,1,0,129.3532,36.0093,0,0,0,0,160,1,1
0,5,0,0,0,0,0,126.9467,35.9389,0,0,1,0,125,1,1
0,3,0,1,1,0,0,126.9601,35.959,0,0,0,0,125,1,1
0,2,0,0,0,0,0,126.4826,36.7875,0,0,0,0,69,1,1
0,0,0,0,0,0,0,127.0321,37.4843,0,0,0,0,214,1,1
0,2,0,0,0,0,0,129.3107,35.5442,0,0,0,0,213,1,1
0,0,0,1,2,2,0,126.5264,33.5103,0,0,0,0,90,1,1
0,6,0,2,4,0,0,129.1099,35.2144,0,0,1,0,96,1,1
0,6,5,0,0,0,0,129.0347,35.1252,0,0,1,0,209,1,1
0,5,0,1,2,0,0,129.4631,35.6711,0,0,1,0,100,1,1
0,4,1,0,3,0,0,128.5549,35.8429,0,0,0,0,20,1,0
1,2,1,0,3,0,0,128.6145,35.9065,0,0,0,0,112,1,0
1,6,0,0,0,1,0,129.0486,35.1571,0,0,1,0,231,1,1
0,4,2,0,3,0,0,127.0313,37.651,0,0,0,0,98,1,1
0,5,0,0,0,0,0,126.6799,37.4543,0,0,1,0,29,1,1
1,3,4,0,0,2,0,127.1336,37.3318,1,0,0,0,51,1,1
0,0,0,0,0,0,0,126.4281,34.813,0,0,0,0,153,1,1
0,6,0,0,0,0,0,128.7272,36.5633,0,0,1,0,66,1,1
0,4,0,0,3,0,0,128.1129,35.1849,0,0,0,0,42,1,1
0,5,0,0,0,0,0,127.4998,37.2894,0,0,1,0,41,1,1
0,5,0,0,0,0,0,129.3084,35.5371,0,0,1,0,213,1,1
0,2,0,0,0,0,0,129.0327,35.1515,0,0,0,0,231,1,1
0,1,0,1,1,0,0,127.4399,35.1118,0,0,0,0,27,1,1
1,2,0,0,0,0,0,126.4898,34.8469,0,0,0,0,101,0,0
1,4,0,0,0,1,0,126.9242,37.7184,0,0,0,0,40,1,1
0,6,0,0,0,0,0,126.7909,36.3594,0,0,1,0,174,1,1
0,6,0,0,0,0,0,127.042,37.6173,0,0,1,0,200,1,1
0,0,0,1,2,1,0,128.083,35.0803,0,0,0,0,57,1,1
1,5,0,0,0,0,0,126.9393,37.4775,0,0,1,0,188,1,1
0,2,0,0,0,0,0,126.6543,36.3879,0,0,0,0,136,1,1
1,6,4,0,0,0,0,126.4295,34.84,0,0,1,0,101,1,1
0,5,0,1,1,1,0,126.4718,36.5413,0,0,1,0,38,1,1
1,6,0,0,0,1,0,128.8932,36.0008,0,0,1,0,5,1,1
1,1,0,0,0,0,0,128.503,35.8052,0,0,0,0,30,1,1
1,0,0,2,4,1,0,126.7346,37.5281,0,0,0,0,7,1,1
1,2,0,0,0,1,0,126.5082,37.7064,0,0,0,0,92,1,1
0,0,0,0,0,0,0,126.8836,35.1629,0,0,1,0,222,1,1
0,6,0,1,2,0,0,126.977,37.5756,0,0,1,0,116,1,1
0,3,0,0,0,0,0,127.1278,35.8919,0,0,0,0,11,1,1
0,1,0,0,0,0,0,126.8887,35.1697,0,0,0,0,137,1,1
1,4,1,1,1,0,0,127.4905,36.1086,0,0,0,0,68,1,0
0,4,2,1,2,0,0,127.2084,37.2378,1,0,0,0,51,1,1
0,2,0,1,2,0,0,129.3315,36.0367,0,0,0,0,160,1,1
0,6,0,1,2,0,0,129.3424,35.5399,0,0,1,0,213,1,1
0,4,1,0,3,0,0,128.3103,34.9949,0,0,0,0,87,1,0
0,4,0,0,0,7,0,126.6635,37.5774,0,0,0,0,97,0,0
0,1,0,0,0,0,0,129.2174,35.8404,0,0,0,0,100,1,1
0,3,0,0,0,0,0,127.432,36.3326,0,0,0,0,80,1,1
0,3,0,0,0,0,0,126.7085,36.0431,0,0,0,0,10,1,1
0,6,1,1,1,2,0,126.9854,36.6582,0,0,1,0,53,1,0
1,0,1,0,0,0,0,127.7348,34.7401,0,0,0,0,102,1,0
0,2,1,1,2,7,0,126.7016,37.6259,0,0,0,0,47,1,0
0,3,0,0,0,0,0,126.6571,37.4273,0,0,0,0,35,1,1
0,1,0,0,0,1,0,127.51,34.9861,0,0,0,0,27,1,1
0,0,0,1,2,0,0,128.0029,37.8215,0,0,0,0,82,1,1
0,5,0,0,0,0,0,128.9903,37.1602,0,0,1,0,215,1,1
1,4,0,1,1,1,0,127.7798,36.1765,0,0,0,0,75,1,1
0,5,2,1,2,0,0,126.9821,37.2512,0,0,1,0,99,1,1
0,6,0,0,0,0,0,127.2181,35.6686,0,0,1,0,152,1,1
1,0,0,0,3,0,0,127.1654,36.7833,0,0,0,0,63,1,1
1,5,0,0,0,0,0,126.9418,37.5463,0,0,1,0,159,1,1
0,3,4,0,0,0,0,129.0811,35.1878,0,0,0,0,221,1,1
1,4,1,1,1,0,0,127.0234,37.5806,0,0,0,0,167,1,0
0,4,3,1,1,0,0,127.6893,36.9276,0,0,0,0,110,1,1
1,2,0,0,0,0,0,126.949,35.2526,0,0,0,0,181,1,1
0,0,1,0,0,0,0,129.0181,35.1168,0,0,0,0,226,1,0
1,1,5,0,0,0,0,126.5531,36.4492,0,0,0,0,136,1,1
1,6,1,0,3,0,0,127.2018,36.8743,0,0,1,0,63,1,0
1,0,0,0,0,1,0,128.4043,37.3713,0,0,0,0,24,1,1
1,0,0,1,1,1,0,128.7119,36.1722,0,0,0,0,170,1,1
1,4,0,0,0,0,0,129.0036,35.9925,0,0,0,0,5,1,1
0,3,0,0,0,0,0,126.8076,36.6849,0,0,0,0,187,1,1
0,4,0,0,0,1,0,128.2013,37.1388,0,0,0,0,103,1,1
0,0,2,0,0,0,0,126.6729,35.6656,0,0,0,0,185,1,1
1,2,0,1,1,2,0,126.3499,36.5156,0,0,0,0,169,1,1
0,1,1,1,2,2,0,126.8402,37.8292,0,0,0,0,175,1,0
0,4,1,1,1,0,0,127.1711,36.9997,0,0,0,0,23,1,0
1,6,1,1,1,2,0,127.1329,35.7954,0,0,1,0,11,1,0
0,6,1,0,3,0,0,128.7376,35.8302,0,0,1,0,52,1,0
0,6,1,0,3,0,0,128.6941,35.9881,0,0,1,0,26,1,0
1,0,0,1,1,2,0,129.0973,35.1943,0,0,0,0,216,1,1
0,2,0,0,0,0,0,129.3565,35.5761,0,0,0,0,158,1,1
0,6,0,0,0,0,0,127.5571,34.8107,0,0,1,0,102,1,1
1,1,0,1,1,2,0,126.6787,37.4932,0,0,0,0,97,1,1
0,6,3,0,0,0,0,127.1116,37.5005,0,0,1,0,156,1,1
0,4,0,1,2,0,0,126.8293,37.3194,0,0,0,0,2,1,1
0,3,0,0,0,0,0,127.0433,37.932,0,0,0,0,94,1,1
0,4,0,1,1,0,0,126.9408,37.5418,0,0,0,0,159,1,1
1,3,1,1,1,0,0,127.0342,37.613,0,0,0,0,200,1,0
0,4,0,0,0,0,0,127.2118,36.4335,0,0,0,0,19,1,1
0,6,1,0,3,0,0,127.4432,36.2233,0,0,1,0,80,1,0
0,6,0,1,1,0,0,127.256,37.4039,0,0,1,0,9,1,1
0,5,3,0,0,0,0,127.1731,37.5623,0,0,1,0,91,1,1
1,1,1,1,1,3,0,127.167,37.5456,0,0,0,0,91,1,0
1,1,0,0,0,1,0,127.2199,35.7496,0,0,0,0,28,1,1
0,6,0,0,0,0,0,127.0079,37.2972,0,0,1,0,99,1,1
0,6,0,0,0,0,0,128.4378,36.0933,0,0,1,0,144,1,1
0,0,1,0,3,2,0,127.8951,34.8587,0,0,0,0,197,1,0
1,4,1,1,1,1,0,126.3451,36.5206,0,0,0,0,169,1,0
0,5,0,0,0,1,0,127.0505,36.4656,0,0,1,0,19,1,1
1,5,0,0,0,1,0,126.2063,35.0606,0,0,1,0,132,1,1
0,5,0,2,4,0,0,127.0165,37.2819,0,0,1,0,99,1,1
0,0,0,0,0,0,0,129.0113,35.2116,0,0,0,0,118,1,1
1,5,0,0,0,0,0,126.8672,37.6736,1,0,1,0,40,1,1
1,4,0,1,1,1,0,127.5179,34.9581,0,0,0,0,27,1,1
0,1,0,0,0,1,0,128.0884,35.7318,0,0,0,0,133,1,1
0,6,0,1,2,0,0,126.6727,34.9347,0,0,1,0,16,1,1
0,1,2,1,1,0,0,126.8955,35.8041,0,0,0,0,34,1,1
0,0,0,1,2,2,0,127.2556,37.6553,0,0,1,0,70,1,1
0,6,0,1,2,0,0,129.1167,35.1531,0,0,1,0,45,1,1
0,6,0,0,0,1,0,127.9838,34.8149,0,0,1,0,197,1,1
1,5,1,1,2,3,0,127.2398,36.5345,0,1,1,0,229,1,0
1,2,0,0,0,1,0,126.9368,37.5473,0,0,0,0,159,1,1
0,5,0,0,0,0,0,127.0018,37.3061,0,0,1,0,99,1,1
0,5,0,0,0,0,0,126.5276,33.5157,0,0,1,0,90,1,1
1,1,1,1,1,1,0,126.7409,37.5256,0,0,0,0,7,1,0
1,2,0,1,1,0,0,128.8774,35.2427,0,0,0,0,13,1,1
0,1,0,0,0,1,0,127.0346,37.6484,0,0,0,0,98,1,1
1,6,0,0,0,2,0,127.1802,37.7157,0,0,1,0,70,1,1
0,2,0,1,1,0,0,126.7845,37.483,0,0,0,0,65,1,1
1,2,0,0,0,0,0,126.8624,37.5279,0,0,0,0,140,1,1
0,2,0,2,4,2,0,126.784,35.1272,0,0,0,0,135,1,1
1,1,0,0,0,0,0,126.9136,35.7847,0,0,0,0,34,1,1
0,5,0,0,0,0,0,126.753,37.5058,0,0,1,0,65,1,1
0,2,0,0,0,0,0,127.7092,37.9239,0,0,0,0,111,1,1
1,2,1,0,3,0,0,126.9172,37.3274,0,0,0,0,126,1,0
1,2,2,0,0,5,0,129.2995,37.2842,0,0,0,0,78,1,1
0,0,0,0,0,0,0,129.2334,35.5997,0,0,0,0,17,1,1
0,3,0,1,1,0,0,127.0344,37.5544,0,0,0,0,84,1,1
1,5,0,0,0,1,0,128.5998,35.2514,0,0,1,0,86,1,1
1,4,0,0,0,0,0,126.9482,35.9557,0,0,0,0,125,1,1
0,3,2,0,0,0,0,127.3554,36.3595,0,0,0,0,148,1,1
0,2,0,1,1,0,0,127.0712,37.6443,0,0,0,0,18,1,1
0,5,0,0,0,0,0,126.6977,37.4233,0,0,1,0,35,1,1
0,1,0,0,0,0,0,128.4778,35.3915,0,0,0,0,211,1,1
0,5,0,0,0,0,0,128.9759,35.1073,0,0,1,0,25,1,1
0,0,0,0,0,0,0,126.7988,36.379,0,0,0,0,174,1,1
0,0,2,0,0,2,0,126.5894,35.1937,0,0,0,0,157,1,1
1,2,0,0,0,1,0,128.609,34.8896,0,0,0,0,15,1,1
0,2,0,0,0,0,0,126.9418,37.4055,0,0,0,0,151,1,1
0,5,0,0,0,2,0,127.4977,36.5824,0,0,1,0,83,0,0
0,5,2,0,3,0,0,126.9563,37.5525,0,0,1,0,159,1,1
0,3,0,0,0,0,0,128.6769,35.8776,0,0,0,0,26,1,1
0,6,0,0,3,0,0,127.1485,37.5365,0,0,1,0,91,1,1
0,2,0,0,0,1,0,128.0232,38.092,0,0,0,0,115,1,1
0,3,0,1,1,0,0,127.3997,36.3271,0,0,0,0,39,1,1
0,6,0,1,1,0,0,129.235,36.4511,0,0,1,0,54,1,1
0,5,0,0,0,0,0,128.7382,35.8197,0,0,1,0,52,1,1
1,2,0,1,1,3,0,126.8166,37.5518,0,0,0,0,43,1,1
0,3,0,1,2,0,0,126.8727,35.1979,0,0,0,0,137,1,1
0,2,2,1,2,0,0,126.6162,37.684,0,0,0,0,47,1,1
1,2,0,0,0,1,0,129.3981,36.5715,0,0,0,0,54,1,1
0,0,0,0,0,0,0,127.0318,36.7747,0,0,0,0,53,1,1
1,4,0,0,0,0,0,126.8275,37.5357,0,0,0,0,140,1,1
0,4,0,0,0,1,0,127.0664,37.9741,0,0,0,0,94,1,1
0,3,3,0,3,3,0,126.6335,37.4766,0,0,0,0,207,1,1
0,2,0,0,0,0,0,129.3335,36.0544,0,0,0,0,160,1,1
1,4,1,1,2,3,0,129.2255,37.3815,0,0,0,0,78,1,0
0,4,0,1,1,1,0,126.8367,37.3166,0,0,0,0,2,1,1
0,4,2,0,0,0,0,126.8237,37.3172,0,0,0,0,2,1,1
1,0,0,1,1,1,0,127.3888,36.6543,0,0,0,0,83,1,1
0,6,1,0,3,0,0,126.3969,34.8121,0,0,1,0,153,1,0
0,5,2,0,3,1,0,126.6058,36.35,0,0,1,0,136,1,1
0,4,0,1,1,1,0,126.7056,36.7434,0,0,0,0,187,1,1
0,5,0,0,0,0,0,127.0023,37.5443,0,0,1,0,134,1,1
1,3,0,0,0,1,0,127.1359,36.9036,0,0,0,0,63,1,1
0,2,0,0,3,0,0,128.5866,35.2435,0,0,0,0,86,1,1
0,3,0,0,0,0,0,127.0656,37.123,0,0,0,0,14,1,1
1,2,5,0,0,0,0,127.0182,37.6264,0,0,0,0,200,1,1
0,0,0,0,3,0,0,126.8391,37.4906,0,0,0,0,79,1,1
0,6,0,0,0,1,0,128.5552,35.1683,0,0,1,0,86,1,1
1,5,1,1,2,3,0,127.1389,37.4432,0,0,1,0,95,1,0
0,5,0,0,0,0,0,126.6719,37.5065,0,0,1,0,97,1,1
0,5,0,0,0,0,0,126.7156,37.544,0,0,1,0,7,1,1
0,1,0,1,1,0,0,127.3462,34.8233,0,0,1,0,191,1,1
1,1,0,0,0,1,0,126.6618,37.6031,0,0,0,0,97,1,1
0,5,0,0,0,0,0,127.9148,36.2257,0,0,1,0,75,1,1
0,4,0,0,0,0,0,127.1645,37.336,0,0,0,0,51,1,1
0,1,0,0,0,0,0,127.678,34.9378,0,0,0,0,130,1,1
0,1,0,0,0,0,0,127.1962,37.8496,0,0,0,0,171,1,1
0,0,0,0,0,2,0,127.0598,37.2706,0,0,0,0,99,1,1
0,5,0,0,0,0,0,128.4394,36.5403,0,0,1,0,55,1,1
1,5,0,0,0,1,0,128.5957,36.1523,0,0,1,0,170,1,1
0,5,0,0,3,1,0,128.5549,35.8724,0,0,1,0,107,1,1
0,3,0,0,0,0,0,127.0456,37.6893,0,0,0,0,98,1,1
1,3,0,1,2,2,0,126.9572,37.4804,0,0,0,0,188,0,0
0,2,0,0,0,0,0,126.9836,35.7434,0,0,0,0,34,1,1
0,5,0,1,1,0,0,127.4307,36.3645,0,0,1,0,77,1,1
0,1,0,0,0,0,0,126.3743,34.8055,0,0,0,0,153,1,1
1,2,1,0,0,1,0,127.4455,36.357,0,0,0,0,77,1,0
1,3,0,0,0,3,0,128.6497,35.2453,0,0,0,0,86,1,1
1,2,0,0,0,0,0,127.5109,36.6129,0,0,0,0,83,1,1
1,5,0,0,0,1,0,126.6223,35.9487,0,0,1,0,166,1,1
0,4,0,0,0,0,0,126.8902,37.477,0,0,0,0,109,1,1
0,4,0,0,0,6,0,129.1192,35.1638,0,0,0,0,45,1,1
0,1,3,1,2,2,0,126.7311,37.3501,0,0,1,0,73,1,1
0,1,0,0,3,1,0,127.4203,36.3589,0,0,0,0,77,1,1
0,0,0,1,1,0,0,129.1155,35.3226,0,0,1,0,49,1,1
1,0,1,0,3,3,0,126.6752,37.6503,0,0,0,0,47,1,0
0,1,0,1,2,0,0,127.6698,35.9376,0,0,0,0,182,1,1
0,3,0,0,0,0,0,126.8307,36.7357,0,0,0,0,187,1,1
0,3,1,0,3,1,0,126.5411,33.5056,0,0,0,0,90,1,0
0,2,0,0,0,0,0,127.1247,35.843,0,0,0,0,11,1,1
1,5,0,0,0,0,0,129.1472,35.1583,0,0,1,0,1,1,1
0,5,0,1,2,0,0,127.5252,34.9284,0,0,1,0,27,1,1
1,2,0,1,1,5,0,126.6343,37.7197,0,0,0,0,47,1,1
1,1,0,0,3,0,0,127.0457,37.5807,0,0,1,0,201,1,1
0,1,0,1,2,1,0,127.1745,35.8322,0,0,1,0,11,1,1
1,2,3,1,1,0,0,126.6114,34.7138,0,0,0,0,16,1,1
1,2,0,0,0,1,0,127.9645,36.9052,0,0,0,0,6,1,1
0,6,0,0,0,1,0,127.4455,36.3687,0,0,1,0,77,1,1
0,5,0,0,0,1,0,129.3751,36.0532,0,0,1,0,160,1,1
0,4,2,0,0,0,0,126.9031,37.5741,0,0,0,0,159,1,1
1,2,2,0,0,1,0,127.0392,37.5974,0,0,0,0,167,1,1
1,2,0,0,0,1,0,128.7346,35.3033,0,0,0,0,13,1,1
0,1,0,0,0,0,0,126.9085,35.0494,0,0,1,0,88,1,1
0,2,0,1,1,0,0,126.833,37.4539,0,0,0,0,73,1,1
0,1,0,0,0,2,0,126.6852,35.5181,0,0,0,0,219,1,1
1,0,2,0,0,0,0,126.9573,36.408,0,0,0,0,174,1,1
0,1,0,0,3,2,0,126.9199,37.6246,0,0,0,0,139,1,1
0,5,3,1,1,2,0,127.1712,37.5573,0,0,1,0,91,1,1
0,4,0,1,2,2,0,129.207,35.8487,0,0,0,0,100,1,1
0,2,0,0,0,0,0,126.8902,35.931,0,0,0,0,125,1,1
0,2,0,0,0,1,0,126.6409,36.8285,0,0,0,0,46,1,1
0,1,0,1,1,0,0,127.9584,37.3452,0,0,0,0,36,1,1
1,6,0,0,0,3,0,127.0568,34.6671,0,0,1,0,122,1,1
0,5,0,1,1,0,0,127.1298,37.4412,0,0,1,0,95,1,1
0,5,1,1,1,1,0,126.7889,37.4489,0,0,1,0,73,1,0
0,5,0,0,3,0,0,129.1595,35.644,0,0,1,0,17,1,1
1,5,0,1,1,2,0,127.3803,36.3132,0,0,1,0,4,1,1
0,5,0,0,0,0,0,126.9325,35.1234,0,0,1,0,162,1,1
1,0,0,0,0,1,0,127.2291,37.7694,0,0,0,0,171,1,1
0,5,0,0,0,0,0,128.5096,35.8515,0,0,1,0,20,1,1
0,5,3,0,3,0,0,128.0931,35.1789,0,0,1,0,42,1,1
1,2,1,1,1,1,0,127.4265,36.4389,0,0,0,0,77,1,0
0,1,0,0,0,0,0,129.1147,35.146,0,0,0,0,45,1,1
0,0,0,0,0,0,0,129.0717,35.8166,0,0,0,0,100,1,1
0,5,2,1,1,0,0,126.8597,35.1325,0,0,1,0,222,1,1
1,4,0,0,3,0,0,126.7702,37.5202,0,0,0,0,65,1,1
0,3,0,1,2,0,0,128.7522,36.5588,0,0,0,0,66,1,1
0,1,0,1,1,0,0,126.9236,37.3617,0,0,0,0,126,1,1
0,3,0,0,0,0,0,129.4348,36.6679,0,0,0,0,208,1,1
1,6,0,0,0,2,0,126.8977,37.4236,1,0,1,0,151,1,1
0,0,0,0,0,5,0,129.2252,35.8707,0,0,0,0,100,1,1
1,3,0,1,2,1,0,126.8474,37.3296,0,0,0,0,2,1,1
0,6,0,1,1,0,0,128.5903,38.1896,0,0,1,0,104,1,1
0,0,0,1,1,0,0,128.5577,35.8378,0,0,0,0,145,1,1
0,0,0,2,4,2,0,127.4325,36.6217,0,0,0,0,83,1,1
1,4,0,0,0,0,0,126.7831,37.745,0,0,0,0,175,1,1
0,5,0,0,0,2,0,127.1401,37.4372,0,0,1,0,95,1,1
0,4,2,0,0,0,0,126.8694,37.6374,0,0,0,0,40,1,1
0,4,0,0,0,1,0,126.6204,36.3627,0,0,0,0,136,1,1
0,5,0,0,0,0,0,127.2872,37.3875,0,0,1,0,9,1,1
1,4,0,0,3,1,0,128.4809,35.3865,0,0,0,0,211,1,1
0,5,0,0,0,0,0,127.0033,37.302,0,0,1,0,99,1,1
0,3,0,0,0,0,0,126.4903,37.7404,0,0,0,0,92,1,1
0,5,0,0,0,1,0,126.7344,35.7232,0,0,1,0,185,1,1
1,0,3,1,1,1,0,127.0841,37.6202,0,0,0,0,18,1,1
0,6,0,0,0,2,0,126.9652,37.4763,0,0,1,0,188,0,0
0,5,0,0,0,0,0,128.1327,36.1242,0,0,1,0,76,1,1
1,4,0,1,1,1,0,126.9923,37.1324,0,0,0,0,50,1,1
0,2,2,0,0,0,0,126.3839,36.784,0,0,0,0,69,1,1
1,2,0,0,0,1,0,126.4907,33.4768,0,0,0,0,90,1,1
0,1,0,0,0,0,0,128.0881,37.2249,0,0,0,0,36,1,1
0,5,0,0,0,0,0,129.0575,35.1595,0,0,1,0,231,1,1
0,6,0,0,0,0,0,127.2972,36.6038,0,1,1,0,229,0,0
1,1,0,0,0,1,0,127.4256,36.4439,0,0,0,0,77,1,1
1,3,0,0,0,0,0,126.4184,34.8125,0,0,0,0,153,1,1
1,0,1,0,0,2,0,126.4957,34.5641,0,0,0,0,119,1,0
1,1,1,1,1,1,0,126.6704,37.5447,0,0,0,0,97,1,0
0,5,3,0,0,0,0,127.2186,37.7562,0,0,1,0,70,1,1
1,1,0,0,0,1,0,127.5209,34.9232,0,0,0,0,27,1,1
0,3,0,0,0,1,0,127.3584,37.8149,0,0,0,0,176,1,1
0,6,0,0,0,2,0,127.2879,38.1884,0,0,1,0,184,1,1
0,3,0,0,0,0,0,127.1393,37.4366,0,0,0,0,95,1,1
0,5,0,0,0,0,0,127.1726,35.9315,0,0,1,0,28,1,1
0,4,0,0,0,0,0,128.3584,36.1199,0,0,0,0,144,1,1
0,4,0,0,0,1,0,126.8036,35.1587,0,0,0,0,135,1,1
0,4,0,0,0,1,0,126.5183,36.8237,0,0,0,0,69,1,1
1,4,0,1,2,1,0,126.9163,37.4756,0,0,0,0,188,1,1
0,4,1,1,1,2,0,126.9102,37.6144,0,0,0,0,139,1,0
1,6,1,0,3,0,0,128.118,36.1256,0,0,1,0,76,1,0
0,2,0,0,0,1,0,128.7573,35.2571,0,0,0,0,13,1,1
0,2,0,0,0,0,0,126.9723,37.5549,0,0,0,0,8,1,1
1,1,0,0,0,0,0,126.2963,37.7915,0,0,0,0,92,0,0
1,4,0,1,1,1,0,126.893,37.4758,0,0,0,0,109,1,1
1,2,1,0,3,0,0,127.1259,35.7972,0,0,0,0,11,1,0
0,1,0,0,3,0,0,126.7981,37.6288,0,0,0,0,40,1,1
0,2,0,0,0,0,0,126.8059,35.1616,0,0,0,0,135,1,1
1,5,0,1,2,0,0,126.9312,37.6087,0,0,1,0,139,1,1
0,4,0,0,0,0,0,128.8172,36.0032,0,0,1,0,5,1,1
0,6,0,0,0,0,0,129.3479,35.9919,0,0,1,0,160,0,0
1,5,0,1,1,1,0,127.1353,36.8973,0,0,1,0,63,1,1
1,3,3,1,1,1,0,126.7246,37.452,0,0,0,0,29,1,1
0,3,0,0,0,0,0,128.6169,35.8514,0,0,0,0,37,1,1
0,5,0,0,0,0,0,126.6841,37.4072,0,0,1,0,35,1,1
1,5,0,1,2,0,0,126.6472,37.4682,0,0,1,0,29,1,1
1,1,0,0,0,3,0,127.1895,37.8476,0,0,0,0,171,1,1
1,1,1,0,3,2,0,127.0878,36.9905,0,0,0,0,14,1,0
1,0,0,0,0,1,0,128.5034,35.2335,0,0,0,0,86,1,1
0,2,0,0,0,0,0,127.0388,37.5767,0,0,0,0,201,0,0
0,6,0,0,3,0,0,128.5504,35.8552,0,0,1,0,107,1,1
0,6,2,0,0,0,0,128.485,35.7961,0,0,1,0,30,1,1
0,5,0,0,0,0,0,127.1518,37.3599,0,0,1,0,9,1,1
0,2,2,1,1,0,0,127.152,36.8309,0,0,0,0,63,0,0
1,0,0,0,0,1,0,127.8081,37.1115,0,0,0,0,6,1,1
1,6,0,0,0,2,0,129.1098,35.9584,0,0,1,0,5,1,1
0,5,0,0,0,1,0,127.1329,36.9469,0,0,1,0,63,1,1
0,6,1,0,3,0,0,128.7237,35.8719,0,0,1,0,26,1,0
0,4,0,1,1,0,0,127.0516,36.9454,1,0,0,0,14,1,1
0,1,0,0,0,1,0,128.7402,36.9441,0,0,0,0,149,1,1
1,0,0,0,3,0,0,126.7264,37.516,0,0,0,0,44,1,1
1,4,0,0,0,1,0,129.2575,36.3311,0,0,0,0,54,0,0
0,3,0,0,0,0,0,128.5296,36.0441,0,0,0,0,21,1,1
0,3,1,0,3,1,0,127.2331,37.8712,0,0,0,0,171,1,0
0,1,0,1,1,0,0,127.2557,37.3529,0,0,0,0,9,1,1
0,4,0,1,1,0,0,128.5257,35.4594,0,0,0,0,211,1,1
1,5,0,1,2,1,0,126.8763,37.5491,0,0,1,0,43,1,1
0,1,0,0,0,0,0,129.3753,36.4255,0,0,0,0,54,1,1
1,1,0,1,2,3,0,128.4407,36.1731,0,0,0,0,144,1,1
1,1,0,1,1,0,0,127.1223,36.4528,0,0,0,0,19,1,1
0,4,0,0,3,0,0,127.1169,37.4944,0,0,0,0,156,1,1
0,0,0,0,0,0,0,126.9626,36.0565,0,0,0,0,125,0,0
1,5,0,1,2,2,0,127.2122,37.5855,0,0,1,0,70,1,1
0,5,0,0,3,0,0,126.518,37.2541,0,0,1,0,186,1,1
1,0,1,0,3,0,0,128.3428,36.1193,0,0,0,0,144,1,0
1,1,0,0,0,0,0,129.3295,35.5667,0,0,0,0,205,1,1
0,3,0,0,0,4,0,128.7342,35.8225,0,0,0,0,52,1,1
0,3,0,0,0,0,0,127.4688,37.3175,0,0,0,0,41,1,1
0,5,0,0,0,0,0,126.8836,36.8336,0,0,1,0,53,1,1
0,2,0,1,1,0,0,127.1423,35.8951,0,0,0,0,11,1,1