주야,요일,법규위반,도로형태_대분류,도로형태,당사자종별_1당_대분류,당사자종별_2당_대분류,경도,위도,사고피해정도,도시여부,주말/공휴일,인구수,발생지번호,보행자의위치,무단횡단여부
1,3,0,0,3,0,0,126.9152,36.9317,0,0,0,0,14,1,1
0,1,0,0,0,1,0,129.2286,35.8257,0,0,0,0,100,0,0
0,6,0,0,0,0,0,126.327,34.4988,0,0,1,0,71,1,1
0,6,0,0,3,2,0,127.057,37.5886,0,0,1,0,201,1,1
0,5,0,0,0,1,0,126.7631,36.4065,0,0,1,0,174,1,1
1,3,0,0,0,1,0,127.1046,37.3936,0,0,0,0,95,1,1
1,4,0,0,0,2,0,129.2785,35.7282,0,0,0,0,100,1,1
0,4,0,0,0,0,0,128.8851,35.1134,0,0,0,0,206,1,1
1,4,0,0,0,1,0,127.0585,37.7484,0,0,0,0,64,1,1
0,3,0,0,0,0,0,117.9926,19.6945,0,0,0,0,100,1,1
0,4,0,1,1,0,0,127.1186,37.4924,0,0,0,0,156,1,1
0,6,0,0,0,0,0,126.4676,36.7787,0,0,1,0,69,1,1
1,5,0,0,0,0,0,128.5662,35.8635,0,0,1,0,107,1,1
0,3,0,0,0,0,0,126.3875,33.4529,0,0,0,0,90,1,1
0,6,0,0,0,0,0,127.0691,38.0997,0,0,1,0,106,1,1
0,5,0,0,0,0,0,126.7823,37.3369,0,0,1,0,2,1,1
0,1,0,0,0,0,0,127.3578,36.3532,0,0,0,0,4,1,1
1,3,1,0,0,4,0,128.934,35.9685,0,0,0,0,5,1,0
0,4,0,0,0,0,0,126.7209,36.8968,0,0,0,0,46,1,1
0,5,0,0,0,0,0,128.5065,34.8979,0,0,1,0,15,1,1
0,4,0,1,1,0,0,126.9402,37.5136,0,0,0,0,93,1,1
0,4,0,0,0,0,0,126.6729,35.6657,0,0,0,0,185,0,0
0,2,2,1,2,0,0,126.7807,37.6484,1,0,0,0,40,1,1
1,2,0,1,1,1,0,126.4347,34.5761,0,0,0,0,119,1,1
0,5,0,1,1,0,0,126.9592,37.3849,0,0,1,0,151,1,1
1,3,2,1,2,2,0,127.1423,37.4484,0,0,0,0,95,1,1
0,0,0,1,2,0,0,126.9013,35.1367,0,0,0,0,190,1,1
0,1,2,1,2,0,0,127.4866,35.4932,0,0,0,0,193,1,1
0,4,0,0,0,0,0,128.5813,35.8706,0,0,0,0,178,1,1
1,3,0,0,0,0,0,127.1788,37.4395,0,0,0,0,95,1,1
0,1,0,2,4,0,0,129.0777,35.4581,0,0,0,0,49,1,1
0,1,0,0,0,0,0,126.2928,36.749,0,0,0,0,169,1,1
0,6,3,0,3,2,0,127.1282,37.4365,0,0,1,0,95,1,1
0,4,0,1,1,0,0,127.0629,37.5677,0,0,0,0,201,1,1
0,2,0,1,2,0,0,126.6404,34.6053,0,0,0,0,119,1,1
0,2,0,0,0,0,0,126.9584,35.2806,0,0,0,0,181,1,1
0,2,1,0,3,0,0,126.7641,37.6688,0,0,0,0,40,1,0
0,4,5,0,3,0,0,127.0658,37.5487,0,0,0,0,84,0,0
0,2,2,0,0,2,0,126.7009,36.9144,0,0,0,0,46,1,1
1,2,0,0,0,0,0,128.4166,34.8689,0,0,0,0,212,1,1
1,6,5,0,0,0,0,126.8772,35.5855,0,0,1,0,12,0,0
0,5,0,0,0,1,0,128.5563,36.6197,0,0,1,0,66,1,1
1,2,0,0,0,0,0,128.9017,37.7705,0,0,0,0,194,1,1
1,5,1,1,1,0,0,127.4875,36.6205,0,0,1,0,83,1,0
0,6,1,1,2,0,0,126.6633,36.6962,0,0,1,0,187,1,0
1,5,5,0,3,0,0,127.4907,34.9507,0,0,1,0,27,1,1
0,2,0,1,1,0,0,127.7837,36.469,0,0,0,0,32,1,1
0,3,0,0,0,0,0,126.9658,37.5588,0,0,0,0,195,0,0
1,5,0,0,0,2,0,127.0429,37.6661,0,0,1,0,98,1,1
1,5,0,0,3,0,0,126.8642,35.1875,0,0,1,0,137,1,1
1,4,0,0,3,0,0,127.5537,37.2983,0,0,0,0,22,1,1
0,2,3,0,0,2,0,128.5097,35.2406,0,0,0,0,86,1,1
1,3,0,1,2,0,0,126.9057,36.2697,0,0,0,0,129,1,1
0,6,0,0,0,2,0,127.0278,37.6221,0,0,1,0,200,1,1
0,1,0,1,1,0,0,128.6022,35.8379,0,0,0,0,145,1,1
1,1,0,0,0,1,0,126.8889,35.2772,0,0,0,0,181,1,1
0,6,0,0,0,0,0,127.0318,37.5853,0,0,1,0,167,1,1
0,4,0,0,0,0,0,128.335,34.9692,0,0,0,0,87,1,1
0,4,1,1,2,0,0,127.4111,36.3362,0,0,0,0,39,1,0
1,1,4,0,0,2,0,126.7773,37.4886,0,0,0,0,65,1,1
1,0,1,1,2,5,0,126.9476,37.3889,0,0,0,0,151,1,0
0,5,0,0,3,0,0,127.0218,37.2561,0,0,1,0,99,1,1
0,1,0,0,0,0,0,127.0015,37.1335,0,0,0,0,50,1,1
0,1,1,1,2,0,0,127.4166,36.4493,0,0,0,0,77,1,0
1,4,0,2,4,0,0,126.9581,37.397,0,0,0,0,151,1,1
0,4,3,0,0,0,0,127.195,37.7328,0,0,0,0,70,1,1
1,3,0,0,0,0,0,126.9699,37.2967,0,0,0,0,99,1,1
0,1,0,0,0,0,0,126.8069,36.9109,0,0,0,0,46,1,1
1,5,0,0,0,0,0,128.0634,34.9691,0,0,1,0,57,1,1
1,5,0,0,0,0,0,128.8285,37.8571,0,0,1,0,194,1,1
0,5,0,1,1,0,0,127.3466,37.3487,0,0,1,0,9,1,1
0,5,0,1,2,0,0,128.7097,35.8392,0,0,1,0,37,1,1
1,4,0,0,0,1,0,126.8859,36.8682,0,0,0,0,53,1,1
0,4,0,0,0,0,0,127.5285,37.8967,0,0,0,0,176,1,1
0,4,0,0,3,6,0,129.0029,35.2095,0,0,0,0,118,1,1
1,3,3,0,3,1,0,129.146,35.3658,0,0,0,0,49,1,1
0,3,0,1,1,0,0,127.029,37.2918,0,0,0,0,99,1,1
0,5,0,0,0,0,0,126.8389,35.0534,0,0,1,0,33,1,1
1,2,5,0,3,0,0,129.3629,36.0344,0,0,0,0,160,1,1
0,2,0,1,2,1,0,127.4041,36.6817,0,0,0,0,83,1,1
1,2,0,0,0,0,0,128.9133,35.2428,0,0,0,0,13,1,1
0,3,0,1,1,0,0,129.0775,36.0019,0,0,0,0,5,1,1
0,6,0,1,2,0,0,127.1456,36.1553,0,0,1,0,61,1,1
0,2,2,0,0,0,0,126.5302,35.926,0,0,0,0,166,1,1
1,3,3,1,1,0,0,127.0225,37.7422,0,0,0,0,64,1,1
0,5,1,1,1,0,0,128.1988,37.1045,0,0,1,0,103,1,0
1,1,0,0,0,0,0,128.6795,35.223,0,0,0,0,86,1,1
0,3,0,1,2,0,0,126.7086,33.282,0,0,0,0,62,1,1
0,5,0,1,1,0,0,128.9534,35.2137,0,0,1,0,206,1,1
1,1,1,0,0,0,0,128.603,35.8949,0,0,0,0,112,1,0
0,5,0,0,0,2,0,128.5936,35.8693,0,0,1,0,178,1,1
0,1,1,0,3,0,0,126.778,37.6525,0,0,0,0,40,1,0
1,2,1,0,3,1,0,126.9327,37.3592,0,0,0,0,126,1,0
0,1,0,0,0,0,0,129.2221,35.2145,0,0,0,0,85,1,1
1,0,2,1,2,0,0,128.436,38.4808,0,0,0,0,217,1,1
0,1,0,0,0,0,0,128.6209,35.2614,0,0,0,0,86,1,1
1,5,0,0,0,0,0,126.5148,35.5256,0,0,1,0,219,0,0
0,3,1,1,1,0,0,126.9605,36.7848,0,0,0,0,53,1,0
0,6,0,2,4,0,0,127.8888,34.9706,0,0,1,0,172,1,1
0,0,2,0,0,0,0,127.7048,34.749,0,0,0,0,102,1,1
1,1,2,1,2,0,0,128.5183,35.8039,0,0,0,0,20,1,1
0,3,0,1,1,0,0,128.6419,35.8746,0,0,0,0,37,1,1
1,5,0,0,0,0,0,126.9987,35.7312,0,0,1,0,34,1,1
0,6,0,0,3,0,0,127.1226,35.8121,0,0,1,0,11,1,1
0,6,0,0,0,0,0,128.5633,35.8596,0,0,1,0,107,1,1
0,0,0,1,1,1,0,126.7951,36.4421,0,0,0,0,174,1,1
0,6,0,0,0,0,0,127.0091,37.5595,0,0,1,0,8,1,1
1,1,0,1,1,0,0,129.1594,37.4424,0,0,0,0,78,1,1
1,5,0,0,3,0,0,127.3406,36.3027,0,0,1,0,4,1,1
1,6,0,0,0,0,0,128.6118,35.8357,0,0,1,0,37,1,1
1,4,2,1,1,0,0,126.7862,37.6469,0,0,0,0,40,1,1
0,5,0,0,0,0,0,126.5302,37.6348,0,0,1,0,92,0,0
0,4,0,0,3,0,0,129.005,35.1525,0,0,0,0,120,1,1
0,6,0,0,0,0,0,127.0023,37.2639,0,0,1,0,99,1,1
0,2,0,2,4,2,0,127.1395,36.7112,0,1,0,0,229,1,1
0,2,0,1,2,0,0,128.471,35.2676,0,0,0,0,117,1,1
0,5,3,1,2,0,0,127.3476,36.3485,0,0,1,0,148,1,1
0,2,0,1,2,1,0,126.9836,35.0624,0,0,0,0,88,1,1
1,2,0,0,0,0,0,127.7008,34.7712,0,0,0,0,102,1,1
1,2,0,0,0,1,0,126.7951,36.4751,0,0,0,0,174,1,1
0,5,0,0,0,0,0,127.1075,37.2715,0,0,1,0,51,1,1
0,2,0,0,0,1,0,128.735,35.6719,0,0,0,0,3,1,1
1,3,0,1,1,1,0,126.8026,36.8794,0,0,0,0,46,0,0
1,0,0,0,0,1,0,128.9215,36.1516,0,0,0,0,5,1,1
0,4,0,1,2,0,0,129.0248,35.3363,0,0,0,0,49,1,1
1,3,0,0,0,1,0,128.6027,35.9209,0,0,0,0,112,0,0
1,3,0,1,2,1,0,126.7201,37.4863,0,0,0,0,44,1,1
1,1,3,0,3,2,0,128.416,34.8867,0,0,0,0,212,1,1
0,6,0,0,0,0,0,127.5327,34.9592,0,0,1,0,27,1,1
0,3,0,0,0,1,0,126.9562,36.5088,0,0,1,0,19,1,1
1,0,0,1,1,0,0,127.0156,37.5742,0,0,0,0,116,1,1
0,6,2,0,0,0,0,128.9929,35.1584,0,0,1,0,120,1,1
0,6,0,0,0,6,0,127.9251,36.9824,0,0,1,0,6,1,1
0,3,2,0,0,1,0,126.8165,35.8521,0,0,0,0,34,1,1
1,0,0,0,0,0,0,126.7277,37.4874,0,0,0,0,44,1,1
0,4,0,0,0,0,0,127.6885,34.7806,0,0,0,0,102,1,1
0,0,0,1,1,0,0,128.7465,36.562,0,0,0,0,66,1,1
0,0,0,0,0,1,0,127.8705,35.4141,0,0,0,0,224,1,1
1,5,0,0,0,0,0,127.393,36.3412,0,0,1,0,4,1,1
1,1,0,0,0,0,0,127.2596,37.4082,0,0,0,0,9,1,1
0,5,0,1,1,0,0,128.8103,35.9567,0,0,1,0,52,1,1
0,4,0,1,1,0,0,128.5863,35.232,0,0,0,0,86,1,1
1,4,0,0,0,2,0,127.2155,36.1978,0,0,0,0,61,1,1
0,6,0,1,1,0,0,127.9491,37.0171,0,0,1,0,6,1,1
0,5,0,0,0,0,0,126.8741,35.1437,0,0,1,0,222,1,1
1,0,0,0,3,2,0,127.0808,37.7962,0,0,0,0,59,1,1
0,6,0,0,0,0,0,128.5502,35.9142,0,0,1,0,112,1,1
0,4,0,0,0,3,0,126.9749,37.5757,0,0,0,0,116,1,1
1,5,1,1,1,1,0,127.728,34.7388,0,0,1,0,102,1,0
1,2,1,0,3,0,0,128.6379,35.8437,0,0,0,0,37,1,0
0,0,3,0,3,0,0,128.4542,35.8608,0,0,0,0,30,1,1
0,1,0,0,3,0,0,128.6426,35.8933,0,0,0,0,26,1,1
0,2,2,1,2,0,0,126.699,35.4831,0,0,0,0,219,1,1
0,6,0,0,0,0,0,126.8956,35.1874,0,0,1,0,137,1,1
0,0,0,1,1,0,0,129.1243,36.6955,0,0,0,0,128,1,1
1,3,1,0,0,1,0,128.7149,36.5829,0,0,0,0,66,1,0
1,4,1,1,1,0,0,126.816,37.365,0,0,0,0,73,1,0
0,1,0,0,0,0,0,129.138,35.3545,0,0,0,0,85,1,1
0,0,0,1,1,2,0,128.5983,35.8559,0,0,0,0,145,1,1
0,3,0,0,0,6,0,128.0869,35.197,0,0,0,0,42,1,1
0,2,2,0,3,0,0,127.3881,35.4075,0,0,0,0,193,1,1
1,5,3,0,3,2,0,126.8452,37.3185,1,0,1,0,2,1,1
0,0,0,0,0,0,0,127.8547,37.3416,0,0,0,0,36,0,0
1,4,0,0,0,0,0,126.4788,35.3138,0,0,0,0,127,1,1
0,4,0,1,2,1,0,128.7485,35.3698,0,0,0,0,177,0,0
1,5,0,0,0,0,0,128.4927,36.1543,0,0,1,0,144,1,1
1,1,0,0,0,0,0,127.5219,37.2322,0,0,0,0,41,1,1
1,0,0,0,0,1,0,128.1198,36.6932,0,0,0,0,74,1,1
1,0,0,1,1,1,0,126.3757,34.8101,0,0,0,0,153,0,0
0,4,0,0,0,1,0,128.4416,36.7424,0,0,0,0,55,1,1
0,3,0,0,0,0,0,126.8996,33.4453,0,0,0,0,62,1,1
0,6,0,1,1,0,0,129.3969,35.5281,0,0,1,0,158,1,1
1,2,0,1,1,0,0,128.3217,34.9726,0,0,0,0,87,1,1
1,0,0,0,0,1,0,129.102,35.8508,0,0,0,0,100,1,1
0,6,0,1,2,1,0,127.2916,36.592,0,1,1,0,229,1,1
0,6,2,0,0,0,0,126.5919,33.492,0,0,1,0,90,1,1
0,1,0,0,0,0,0,126.898,35.809,0,0,0,0,34,1,1
0,1,0,0,0,1,0,127.3417,34.8661,0,0,0,0,122,1,1
0,2,0,1,1,0,0,126.8407,37.6543,0,0,0,0,40,1,1
0,6,1,0,3,1,0,127.1008,35.3669,0,0,1,0,131,1,0
0,3,0,0,0,1,0,128.7681,36.6207,0,0,0,0,66,0,0
0,1,0,0,0,0,0,127.0415,36.2328,0,0,0,0,61,1,1
0,1,0,1,2,2,0,128.6035,34.8887,0,0,0,0,15,1,1
0,1,0,0,0,0,0,128.4951,35.5377,0,0,0,0,211,1,1
1,6,0,0,0,0,0,127.7122,37.8787,0,0,1,0,111,1,1
0,1,0,2,4,0,0,128.2452,37.1715,0,0,0,0,103,1,1
1,1,0,0,0,1,0,126.4343,37.6343,0,0,0,0,92,1,1
0,0,1,0,3,0,0,128.7261,36.5668,0,0,0,0,66,1,0
0,1,0,0,0,0,0,127.5363,37.433,0,0,0,0,48,1,1
0,4,0,0,0,0,0,127.0015,37.4298,0,0,1,0,227,1,1
0,2,0,0,0,0,0,127.4615,36.643,0,0,0,0,83,1,1
0,3,0,0,0,0,0,129.0855,36.6215,0,0,0,0,128,1,1
0,4,0,0,0,0,0,128.5925,35.8655,0,0,0,0,178,1,1
1,2,0,0,3,0,0,126.9984,37.2969,0,0,0,0,99,1,1
0,0,0,1,1,0,0,126.6676,37.4783,0,0,0,0,207,1,1
0,3,2,0,0,0,0,126.6259,33.5312,0,0,0,0,90,1,1
0,4,0,0,0,0,0,126.9106,35.1462,0,0,0,0,190,1,1
0,5,0,0,0,2,0,127.0864,37.5311,0,0,1,0,183,1,1
1,3,1,0,0,0,0,127.4829,36.6585,0,0,0,0,83,1,0
0,2,0,0,0,0,0,127.1006,37.6069,0,0,0,0,196,1,1
0,4,0,0,3,0,0,126.9454,37.5879,0,0,0,0,195,1,1
0,1,0,1,1,0,0,128.6533,35.54,0,0,0,0,177,1,1
0,0,2,1,2,0,0,127.4153,36.3534,0,0,0,0,77,0,0
0,4,0,0,0,0,0,126.5935,33.5215,0,0,0,0,90,1,1
1,4,1,0,3,1,0,129.0839,35.1352,0,0,0,0,180,1,0
0,4,0,0,0,0,0,128.5543,38.1658,0,0,0,0,104,1,1
1,2,4,0,0,0,0,126.9301,37.3882,1,0,0,0,151,1,1
1,6,3,0,0,0,0,126.8428,35.2147,0,0,1,0,135,1,1
0,2,1,0,3,0,0,128.3374,36.1276,0,0,0,0,144,1,0
0,2,0,0,0,6,0,126.8859,35.8074,0,0,0,0,34,1,1
0,2,2,0,0,0,0,127.4848,36.6111,0,0,0,0,83,1,1
1,5,1,0,3,4,0,127.881,37.6885,0,0,1,0,82,1,0
0,6,0,0,3,0,0,128.6071,35.2568,0,0,1,0,86,1,1
0,3,0,1,1,1,0,127.2128,37.4053,0,0,0,0,9,1,1
0,4,0,0,3,0,0,127.463,36.29,0,0,0,0,80,1,1
1,4,1,1,2,2,0,127.1056,37.2714,0,0,0,0,51,1,0
0,1,0,0,0,0,0,127.9042,37.693,0,0,0,0,82,1,1
0,3,0,0,0,1,0,128.8326,35.9184,0,0,0,0,52,1,1
0,2,0,1,2,0,0,127.0319,36.8651,0,0,0,0,53,1,1
1,6,0,1,2,0,0,127.3655,37.7967,0,0,1,0,176,1,1
0,3,0,0,0,0,0,127.8021,36.4498,0,0,0,0,32,1,1
1,3,3,0,3,0,0,126.7217,34.9937,0,0,0,0,33,1,1
0,2,0,1,1,1,0,126.9768,37.4022,0,0,0,0,151,1,1
1,1,0,1,1,0,0,126.779,37.4805,0,0,0,0,65,1,1
1,6,0,0,3,0,0,129.0552,35.1629,0,0,1,0,231,1,1
0,5,0,0,0,2,0,127.0186,37.5657,0,0,1,0,8,1,1
1,5,0,0,0,2,0,127.6492,36.29,0,0,1,0,142,1,1
1,2,0,1,1,5,0,128.6366,35.8203,0,0,0,0,37,1,1
0,1,0,0,0,0,0,127.7327,34.7403,0,0,0,0,102,1,1
1,2,2,2,4,2,0,128.2071,37.1315,0,0,0,0,103,1,1
0,5,0,0,0,0,0,128.8005,35.8751,0,0,1,0,52,1,1
1,5,0,0,0,3,0,127.081,37.5057,0,0,1,0,156,1,1
0,5,0,0,0,0,0,126.9949,37.5614,0,0,1,0,8,1,1
1,4,5,0,0,0,0,128.3253,37.1042,0,0,0,0,204,1,1
0,6,0,0,0,0,0,127.069,37.1323,0,0,1,0,143,0,0
0,4,0,1,1,0,0,127.0706,37.0605,0,0,0,0,14,1,1
0,6,0,0,0,0,0,127.0389,37.4769,0,0,1,0,214,1,1
0,0,0,0,0,2,0,126.929,37.1595,0,0,0,0,50,1,1
1,6,0,0,0,3,0,126.9622,36.8189,0,0,1,0,53,1,1
1,0,0,0,0,0,0,126.5146,33.5063,0,0,0,0,90,1,1
1,1,0,0,0,1,0,126.9739,37.5631,0,0,0,0,8,1,1
0,0,0,0,0,0,0,127.4801,36.6361,0,0,0,0,83,1,1
1,1,3,1,2,1,0,127.9166,36.9824,0,0,0,0,6,1,1
1,4,0,1,2,0,0,128.5115,35.249,0,0,0,0,86,1,1
1,0,1,0,3,0,0,127.4945,37.49,0,0,0,0,48,1,0
0,3,1,0,0,0,0,128.7612,35.9534,0,0,0,0,52,1,0
0,1,0,0,0,2,0,126.7494,37.6754,0,0,0,0,40,1,1
0,5,0,0,0,0,0,127.3037,36.5966,0,1,1,0,229,1,1
0,6,0,0,0,2,0,127.5367,34.9692,0,0,1,0,27,1,1
0,4,0,1,2,0,0,127.1029,37.3362,0,0,0,0,51,1,1
1,4,0,0,0,0,0,126.9109,37.1331,0,0,0,0,50,1,1
0,2,0,0,0,0,0,128.6652,36.0876,0,0,0,0,170,1,1
1,3,0,1,2,1,0,126.9657,37.474,0,0,0,0,188,0,0
0,0,0,0,0,1,0,126.837,37.3931,0,0,0,0,73,1,1
0,3,0,0,0,0,0,127.0504,37.2997,0,0,0,0,99,1,1
1,2,0,0,0,1,0,126.8876,37.2611,0,0,0,0,50,1,1
1,2,0,2,4,1,0,126.654,35.2444,0,0,0,0,146,1,1
0,6,0,0,0,0,0,127.0596,37.4573,0,0,1,0,214,1,1
1,5,0,1,2,0,0,128.7207,36.5651,0,0,1,0,66,1,1
0,0,3,0,0,6,0,126.9351,37.5589,0,0,0,0,195,1,1
0,5,0,0,3,0,0,126.9015,37.5264,0,0,1,0,150,1,1
1,2,0,1,1,1,0,126.9556,37.3672,0,0,0,0,151,1,1
0,2,0,0,0,1,0,128.3751,34.9676,0,0,0,0,87,1,1
0,3,0,0,0,0,0,126.4362,37.7723,0,0,0,0,92,1,1
1,3,0,0,0,1,0,127.0241,37.2931,0,0,0,0,99,1,1
1,4,0,1,2,0,0,127.1529,36.8124,0,0,0,0,63,1,1
0,1,2,0,0,1,0,126.8715,37.3685,1,0,0,0,73,1,1
1,4,0,2,4,0,0,127.8902,36.2168,0,0,0,0,75,1,1
1,5,0,2,4,1,0,127.1056,37.236,0,0,1,0,51,1,1
0,0,0,0,0,0,0,126.6751,37.4852,0,0,0,0,97,0,0
1,3,0,0,0,0,0,128.8337,35.2804,0,0,0,0,13,0,0
0,1,3,1,2,0,0,127.1472,37.4408,0,0,0,0,95,1,1
0,1,0,2,4,0,0,126.8861,37.5062,0,0,0,0,79,1,1
1,2,0,0,0,1,0,126.6263,37.4092,0,0,0,0,35,1,1
0,4,0,0,0,1,0,127.1816,37.544,0,0,0,0,91,1,1
0,0,0,0,0,0,0,127.3819,36.621,0,0,0,0,83,1,1
0,5,1,1,2,2,0,127.0044,37.4825,0,0,1,0,214,1,0
0,4,0,0,0,0,0,126.9688,37.007,0,0,0,0,14,1,1
0,5,0,0,0,0,0,126.9849,35.9591,0,0,1,0,125,1,1
1,3,3,0,3,0,0,128.5619,35.214,0,0,0,0,86,1,1
1,4,0,1,2,0,0,127.4688,36.6351,0,0,0,0,83,1,1
0,3,0,0,0,0,0,128.942,35.2166,0,0,0,0,206,1,1
0,3,0,0,0,1,0,127.42,36.407,0,0,0,0,77,1,1
0,4,2,0,0,0,0,126.739,37.4347,0,0,0,0,29,1,1
0,2,0,0,0,0,0,126.7277,37.5239,0,0,1,0,44,1,1
0,3,0,1,2,0,0,129.2561,35.5388,0,0,1,0,213,1,1
0,3,0,0,3,0,0,126.9314,35.157,0,0,1,0,162,1,1
1,4,0,0,0,0,0,129.0657,35.0926,0,0,0,0,173,1,1
1,4,0,1,1,0,0,129.3534,35.4685,0,0,0,0,213,1,1
1,4,2,1,1,2,0,126.9915,37.2985,0,0,0,0,99,1,1
0,4,0,0,0,0,0,126.8504,37.6484,0,0,0,0,40,1,1
0,4,0,0,0,0,0,127.2839,37.233,0,0,0,0,51,1,1
0,4,0,0,0,2,0,127.5284,36.5642,0,0,0,0,83,1,1
0,5,2,0,0,0,0,126.9631,37.5599,1,0,1,0,195,1,1
0,5,0,0,0,0,0,127.563,36.7863,0,0,1,0,138,1,1
1,5,2,0,3,0,0,126.6945,37.471,0,0,1,0,44,1,1
1,5,0,0,0,1,0,128.1544,35.1789,0,0,1,0,42,1,1
1,5,0,0,0,0,0,126.4223,34.8734,0,0,1,0,101,1,1
0,5,0,0,0,1,0,127.26,36.3727,0,0,1,0,19,1,1
0,5,0,0,0,1,0,126.8137,35.6519,0,0,1,0,12,0,0
0,6,0,0,0,2,0,126.9524,37.4801,0,0,1,0,188,1,1
0,6,0,0,0,3,0,126.7221,37.5434,0,0,1,0,7,1,1
1,6,0,1,2,2,0,127.1656,37.4391,0,0,1,0,95,1,1
0,6,0,0,0,0,0,126.6759,37.5248,0,0,1,0,97,1,1
0,6,0,1,1,1,0,126.7226,37.5326,0,0,1,0,7,1,1
0,6,0,1,2,6,0,126.4,34.8143,0,0,1,0,153,1,1
0,6,0,1,2,0,0,127.1106,37.3769,0,0,1,0,95,1,1
0,6,0,0,0,0,0,127.0636,37.0782,0,0,1,0,14,1,1
1,0,1,0,0,0,0,127.1392,35.8323,0,0,0,0,11,0,0
1,0,0,0,0,0,0,128.3617,35.1332,1,0,0,0,86,1,1
1,0,0,0,0,1,0,128.8939,37.2045,0,0,0,0,198,0,0
1,0,1,1,2,0,0,129.2165,35.6387,0,0,0,0,17,1,0
0,0,1,1,2,3,0,128.4932,35.8056,0,0,0,0,30,1,0
0,0,0,0,3,2,0,126.8398,37.6207,0,0,0,0,40,1,1
0,0,5,0,0,0,0,126.8451,37.4965,0,0,0,0,79,1,1
0,1,0,0,0,0,0,126.4927,33.4818,0,0,0,0,90,1,1
0,1,0,1,1,0,0,126.9778,37.5482,0,0,0,0,134,1,1
1,1,0,0,0,0,0,127.2526,37.4108,0,0,0,0,9,1,1
0,1,0,0,0,0,0,126.7604,37.3027,0,0,0,0,2,1,1
0,1,0,0,3,0,0,126.9086,37.4993,0,0,0,0,150,1,1
1,2,1,0,0,1,0,127.1231,36.8205,0,0,0,0,63,1,0
1,2,0,1,1,0,0,127.6061,34.9651,0,0,0,0,130,1,1
1,2,0,0,0,0,0,128.3989,35.7598,0,0,0,0,30,1,1
1,2,0,0,3,0,0,127.4299,36.3459,0,0,0,0,80,1,1
1,2,0,0,0,1,0,126.3737,34.808,0,0,0,0,153,1,1
1,2,0,0,0,1,0,126.9284,35.9161,0,0,0,0,125,0,0
1,2,0,0,0,2,0,127.1446,35.8245,0,0,0,0,11,1,1
0,2,1,1,2,2,0,126.9825,37.4857,0,0,0,0,214,1,0
1,3,0,1,2,2,0,127.166,37.4383,0,0,0,0,95,1,1
1,3,0,1,1,0,0,126.9246,37.3937,0,0,0,0,151,1,1
0,3,0,0,0,0,0,128.7014,37.6731,0,0,0,0,24,1,1
1,4,0,0,0,1,0,127.4628,36.6433,0,0,0,0,83,1,1
0,4,0,1,1,0,0,126.9958,37.5642,0,0,0,0,8,1,1
0,4,0,0,0,0,0,126.7198,37.5437,0,0,0,0,7,1,1
0,5,0,0,0,0,0,127.4675,36.6623,0,0,1,0,83,1,1
0,5,0,1,1,0,0,127.1002,37.5134,0,0,1,0,156,1,1
0,5,2,1,2,0,0,126.8777,37.5047,0,0,1,0,79,1,1
1,5,0,1,1,1,0,128.6414,36.3223,0,0,1,0,105,1,1
0,5,0,0,0,0,0,126.9017,35.1547,0,0,1,0,222,1,1
0,5,0,0,0,0,0,127.0346,37.5408,0,0,1,0,84,1,1
0,6,0,0,0,0,0,127.3844,37.3027,0,0,1,0,41,0,0
1,6,0,1,1,2,0,128.4635,35.0498,0,0,1,0,87,1,1
0,6,0,0,0,0,0,129.1774,35.4519,0,0,1,0,17,1,1
0,6,0,0,0,2,0,126.9473,37.3885,0,0,1,0,151,1,1
0,0,0,0,0,2,0,129.269,35.5536,0,0,0,0,213,1,1
1,0,3,1,2,0,0,126.7075,37.4498,1,0,0,0,29,1,1
0,0,2,1,2,0,0,127.4683,34.8861,0,0,0,0,27,1,1
0,0,0,0,0,1,0,127.4452,36.9918,0,0,0,0,60,1,1
0,0,0,0,0,0,0,126.8927,33.4441,0,0,0,0,62,1,1
0,0,0,0,0,0,0,126.914,37.4167,0,0,0,0,151,1,1
0,1,0,1,2,2,0,126.9145,36.9519,0,0,0,0,14,1,1
1,1,0,0,0,2,0,126.9409,37.3764,0,0,0,0,126,1,1
0,1,0,1,1,1,0,127.4596,35.0189,0,0,0,0,27,1,1
0,2,0,0,0,0,0,127.6631,34.7854,0,0,0,0,102,1,1
1,2,0,1,1,0,0,128.9768,35.1697,0,0,0,0,120,1,1
1,2,0,0,0,0,0,127.1988,37.2332,0,0,0,0,51,1,1
1,2,0,0,0,0,0,127.3306,36.3547,0,0,0,0,148,1,1
0,2,1,0,3,0,0,127.6891,34.9338,0,0,0,0,130,1,0
0,2,0,0,0,1,0,128.5484,37.6245,0,0,0,0,24,1,1
0,2,0,0,0,0,0,127.6749,34.7552,0,0,0,0,102,1,1
0,3,0,0,0,0,0,127.0399,37.7654,0,0,0,0,64,1,1
0,3,0,0,3,2,0,126.9254,37.5664,0,0,0,0,195,1,1
0,3,3,0,3,6,0,128.6168,35.8425,0,0,0,0,37,1,1
0,3,0,0,0,0,0,126.8962,37.1654,0,0,0,0,50,1,1
0,3,2,0,0,0,0,126.8815,35.1752,0,0,0,0,137,1,1
0,3,2,0,0,0,0,129.2753,35.491,0,0,0,0,17,1,1
1,4,0,1,2,0,0,126.9189,37.5266,0,0,0,0,150,1,1