주야,요일,법규위반,도로형태_대분류,도로형태,당사자종별_1당_대분류,당사자종별_2당_대분류,경도,위도,사고피해정도,도시여부,주말/공휴일,인구수,발생지번호,보행자의위치,무단횡단여부
0,1,0,0,0,2,0,127.0903,37.5975,0,0,0,0,196,1,1
1,2,1,1,1,1,0,127.0999,37.613,0,0,0,0,196,0,0
1,2,0,2,4,0,0,127.0561,37.7256,0,0,0,0,64,1,1
1,2,0,0,0,0,0,128.0426,34.9437,0,0,0,0,57,0,0
0,2,2,0,0,2,0,129.0478,37.2417,0,0,0,0,78,1,1
0,2,0,0,0,0,0,127.4879,36.6217,0,0,0,0,83,1,1
0,3,0,1,2,1,0,127.159,36.8013,0,0,0,0,63,1,1
0,3,0,0,0,1,0,127.5352,34.943,0,0,0,0,27,1,1
0,3,0,0,0,0,0,127.5203,36.9375,0,0,0,0,110,1,1
0,3,0,2,4,0,0,127.931,37.3621,0,0,0,0,36,1,1
0,4,0,0,0,1,0,127.4603,37.5049,0,0,0,0,48,1,1
0,4,0,0,3,1,0,127.4101,36.3245,0,0,0,0,39,1,1
1,4,0,1,2,0,0,127.6562,34.7669,0,0,0,0,102,1,1
1,4,0,0,0,0,0,128.3991,35.9929,0,0,0,0,21,1,1
0,4,0,2,4,0,0,126.6647,33.5384,0,0,0,0,90,1,1
0,5,0,1,2,0,0,126.9603,35.9632,0,0,1,0,125,1,1
1,5,0,1,2,0,0,126.8822,35.8072,0,0,1,0,34,1,1
0,5,1,0,0,0,0,128.3265,34.9789,0,0,1,0,87,1,0
0,5,2,0,0,1,0,127.0805,36.2084,0,0,1,0,61,1,1
0,5,0,0,0,0,0,128.0253,36.1506,0,0,1,0,76,1,1
0,5,0,0,0,0,0,128.0995,35.1987,0,0,1,0,42,1,1
0,6,2,0,0,0,0,129.3789,36.0601,0,0,1,0,160,1,1
0,6,0,1,1,0,0,126.846,35.2178,0,0,1,0,135,1,1
1,6,5,0,0,0,0,127.7086,36.6765,0,0,1,0,83,0,0
0,6,0,0,0,0,0,126.3832,34.7868,0,0,1,0,153,1,1
0,6,0,0,0,0,0,127.2264,37.7803,0,0,1,0,171,1,1
0,6,0,0,0,0,0,126.9693,37.5517,0,0,1,0,134,1,1
0,6,0,0,0,2,0,128.3458,36.126,0,0,1,0,144,1,1
0,6,0,0,3,2,0,127.7295,34.7404,0,0,1,0,102,1,1
1,0,3,2,4,0,0,126.8008,37.7085,0,0,0,0,40,1,1
1,0,0,1,2,2,0,126.7361,37.4477,0,0,0,0,29,1,1
0,0,1,0,3,0,0,126.2828,33.2498,0,0,0,0,62,1,0
0,0,0,2,4,0,0,127.0222,35.5708,0,0,0,0,12,0,0
0,0,3,0,0,0,0,126.8779,37.5203,0,0,0,0,140,1,1
0,1,0,1,1,0,0,129.1652,35.1621,0,0,0,0,1,1,1
1,1,0,0,0,0,0,127.4821,36.6542,0,0,0,0,83,1,1
1,1,0,0,0,1,0,129.3694,36.3883,0,0,0,0,54,1,1
1,1,0,0,0,4,0,128.5676,35.8557,0,0,0,0,20,1,1
0,1,0,0,0,0,0,126.3064,36.7495,0,0,0,0,169,1,1
0,2,0,0,0,0,0,128.607,35.3115,0,0,0,0,86,1,1
0,2,1,1,1,1,0,127.1112,35.8299,0,0,0,0,11,0,0
0,2,3,0,0,2,0,129.1795,35.3223,0,0,0,0,85,1,1
0,2,0,0,0,0,0,127.9671,35.118,0,0,0,0,57,1,1
0,2,0,0,0,0,0,128.8859,37.7448,0,0,0,0,194,1,1
0,2,0,0,0,0,0,126.6456,36.3811,0,0,0,0,136,0,0
0,2,0,0,3,0,0,129.0376,35.1104,0,0,0,0,228,1,1
1,3,3,1,1,1,0,127.9334,37.344,0,0,0,0,36,1,1
0,3,0,0,0,0,0,128.6035,35.908,0,0,0,0,112,1,1
0,3,0,0,0,0,0,127.5114,34.9374,0,0,0,0,27,1,1
0,3,0,1,2,0,0,128.4317,34.85,0,0,0,0,212,1,1
1,4,0,2,4,0,0,126.7159,37.6607,0,0,1,0,40,0,0
1,4,0,0,0,0,0,127.8644,34.7457,0,0,1,0,197,1,1
0,4,3,1,2,0,0,127.726,34.9318,0,0,1,0,130,1,1
0,5,2,0,0,0,0,127.0257,37.4844,0,0,1,0,214,1,1
1,5,0,0,0,0,0,128.641,35.9109,0,0,1,0,26,1,1
1,5,0,0,0,0,0,128.7446,35.8316,0,0,1,0,52,0,0
0,5,0,1,2,1,0,126.8742,37.5989,0,0,1,0,40,1,1
1,6,0,0,0,0,0,126.9051,37.7087,0,0,1,0,40,1,1
1,6,1,0,3,0,0,126.6059,35.0302,0,0,1,0,33,1,0
1,6,0,0,0,2,0,126.9418,37.5918,0,0,1,0,195,0,0
0,6,2,1,2,2,0,127.7928,36.806,0,0,1,0,179,1,1
0,6,0,0,0,0,0,127.1409,37.8232,0,0,1,0,171,1,1
0,0,0,1,1,0,0,128.3496,36.0719,0,0,0,0,144,0,0
0,0,0,0,3,0,0,127.0456,37.4968,0,0,0,0,89,1,1
1,0,3,0,3,0,0,126.9463,37.6584,0,0,0,0,139,1,1
1,0,0,1,2,2,0,126.8527,35.5704,0,0,0,0,12,1,1
1,0,0,1,2,1,0,126.9497,37.2205,0,0,0,0,50,1,1
1,0,1,0,3,0,0,126.852,35.1481,0,0,0,0,222,1,0
1,1,3,1,2,0,0,126.9169,37.4891,0,0,0,0,188,1,1
0,1,0,0,0,1,0,126.933,34.678,0,0,0,0,56,1,1
0,1,0,0,0,0,0,128.1332,34.9764,0,0,0,0,57,1,1
0,2,0,1,2,0,0,127.6344,37.2892,0,0,0,0,22,1,1
0,2,0,1,1,1,0,127.0242,37.2652,0,0,0,0,99,1,1
1,2,0,1,2,0,0,128.6234,35.8538,0,0,0,0,37,1,1
1,2,1,0,3,1,0,127.2096,37.893,0,0,0,0,171,1,0
1,2,0,0,0,1,0,126.662,37.4282,0,0,0,0,35,1,1
0,2,0,1,1,1,0,126.9979,37.7986,0,0,0,0,59,1,1
0,2,1,1,1,1,0,128.8867,36.546,1,0,0,0,66,1,0
0,2,0,1,1,0,0,128.6006,35.8863,0,0,0,0,112,1,1
1,3,0,0,0,0,0,126.7802,34.3731,0,0,0,0,141,0,0
1,3,1,0,0,1,0,127.1854,36.9107,0,0,0,0,63,1,0
1,4,0,0,0,5,0,126.6211,37.6187,0,0,0,0,47,1,1
1,4,1,0,3,0,0,128.7049,35.8727,0,0,0,0,26,1,0
1,4,0,1,1,3,0,126.9395,36.0486,0,0,0,0,125,1,1
0,4,1,1,1,2,0,128.9359,35.9696,1,0,0,0,5,1,0
0,4,0,0,0,0,0,128.5595,35.8831,0,0,0,0,107,1,1
0,4,1,0,3,0,0,127.7299,37.8781,0,0,0,0,111,1,0
0,5,0,1,2,2,0,127.0669,37.6293,0,0,1,0,18,1,1
0,5,0,0,0,1,0,127.5657,36.7746,0,0,1,0,83,1,1
1,5,0,0,0,1,0,126.6765,36.067,0,0,1,0,10,0,0
1,5,0,0,0,0,0,126.9766,37.2244,0,0,1,0,50,1,1
0,5,0,0,0,0,0,127.7278,34.7412,0,0,1,0,102,1,1
0,6,0,0,0,0,0,126.9024,35.1554,0,0,1,0,137,1,1
0,6,0,0,0,1,0,126.9563,35.9036,0,0,1,0,34,1,1
1,6,0,0,0,1,0,129.4624,35.7058,0,0,1,0,100,1,1
1,6,0,1,1,3,0,128.5615,36.5832,0,0,1,0,66,1,1
0,6,0,0,0,0,0,127.1098,36.2109,0,0,1,0,61,1,1
0,6,2,0,0,5,0,126.7883,35.1496,0,0,1,0,135,1,1
0,6,0,2,4,2,0,128.7155,35.278,0,0,1,0,13,1,1
0,6,0,1,1,1,0,127.401,37.5115,0,0,1,0,48,0,0
1,0,3,1,1,2,0,127.2072,37.2355,0,0,0,0,51,1,1
1,0,4,1,2,0,0,127.4083,36.3357,0,0,0,0,39,1,1
1,0,0,0,0,3,0,126.7197,34.5627,0,0,0,0,121,1,1
0,0,0,1,1,0,0,127.4986,37.0215,0,0,0,0,110,1,1
0,0,0,0,0,0,0,127.1092,36.1265,0,0,0,0,61,1,1
0,0,0,0,0,0,0,129.0002,36.0519,0,0,0,0,5,0,0
0,0,0,0,0,0,0,126.8659,37.2861,0,0,0,0,2,1,1
0,0,0,0,0,0,0,127.1416,37.4379,0,0,0,0,95,1,1
0,1,0,0,0,1,0,127.4701,36.6172,0,0,0,0,83,1,1
1,1,0,1,1,1,0,128.3597,36.1194,0,0,0,0,144,1,1
0,1,0,0,0,1,0,128.1792,36.2646,0,0,0,0,144,1,1
0,1,0,0,0,1,0,128.5886,35.2365,0,0,0,0,86,1,1
0,1,0,0,0,2,0,129.3492,35.9907,0,0,0,0,160,1,1
0,2,0,0,0,0,0,126.4684,34.9947,0,0,0,0,101,1,1
0,2,0,0,0,0,0,128.5269,36.8668,0,0,0,0,113,0,0
1,2,1,1,1,0,0,127.4899,36.6153,0,0,0,0,83,1,0
1,2,0,1,2,0,0,127.8171,34.9562,0,0,0,0,172,1,1
1,2,5,0,0,0,0,128.1146,34.9452,1,0,0,0,57,1,1
1,2,0,0,0,0,0,126.8179,37.6072,0,0,0,0,40,1,1
0,2,2,0,0,1,0,128.0977,36.5647,0,0,0,0,58,1,1
0,3,0,0,0,0,0,128.4713,35.1155,0,0,0,0,86,1,1
1,3,0,0,0,0,0,126.9085,37.4962,0,0,0,0,150,1,1
0,3,0,1,2,1,0,126.187,33.3544,0,0,0,0,90,1,1
0,3,0,0,0,0,0,128.2605,37.2615,0,0,0,0,114,0,0
0,3,3,1,1,0,0,127.447,36.6173,0,0,0,0,83,1,1
0,3,0,0,0,0,0,127.4804,37.0987,0,0,0,0,23,1,1
0,4,0,1,1,1,0,127.1969,37.5188,0,0,0,0,67,0,0
0,4,0,1,1,4,0,129.4171,35.5,0,0,0,0,225,1,1
1,4,0,2,4,2,0,126.978,37.5603,0,0,0,0,8,1,1
1,4,0,0,0,0,0,127.4987,36.6173,0,0,0,0,83,1,1
1,4,1,0,3,1,0,126.9129,37.549,0,0,0,0,159,1,0
1,4,2,1,1,0,0,128.3967,35.0154,0,0,0,0,87,1,1
0,4,0,0,0,1,0,126.6793,34.803,0,0,0,0,16,1,1
0,4,1,0,3,0,0,126.9567,37.4906,0,0,0,0,188,1,0
0,4,0,0,3,2,0,126.9688,37.568,0,0,0,0,8,1,1
0,4,0,1,2,1,0,126.7279,37.5306,0,0,0,0,7,1,1
0,5,2,0,0,0,0,126.9887,37.4577,0,0,1,0,227,1,1
0,5,0,0,0,0,0,127.5847,34.874,0,0,1,0,102,0,0
0,5,0,0,0,0,0,129.4144,37.0533,0,0,1,0,208,1,1
1,5,0,0,0,0,0,127.3024,37.6711,0,0,1,0,70,1,1
1,5,0,1,2,2,0,127.7281,37.8801,0,0,1,0,111,1,1
1,5,1,0,3,0,0,127.4723,36.6415,0,0,1,0,83,1,0
0,5,0,0,0,2,0,126.813,37.4792,0,0,1,0,65,1,1
0,5,0,0,0,0,0,127.0484,36.1711,0,0,1,0,61,1,1
0,6,0,0,0,0,0,128.5552,35.9816,0,0,1,0,21,1,1
0,6,0,0,0,1,0,126.8101,35.1613,0,0,1,0,135,1,1
0,6,0,0,0,0,0,127.1728,37.457,0,0,1,0,95,1,1
0,6,0,1,2,2,0,128.083,35.2856,0,0,1,0,42,0,0
1,6,0,0,0,1,0,128.0506,37.4396,1,0,1,0,36,0,0
0,6,0,1,1,0,0,126.913,37.138,0,0,1,0,50,1,1
0,6,0,0,0,0,0,126.8505,36.6074,0,0,1,0,187,1,1
0,6,0,0,0,0,0,127.0394,37.6322,0,0,1,0,200,1,1
0,6,0,0,0,0,0,127.6569,37.5165,0,0,1,0,48,1,1
1,0,0,0,0,1,0,128.6886,36.6133,0,0,0,0,66,1,1
1,0,0,1,1,3,0,126.7768,35.4411,0,0,0,0,146,1,1
0,0,0,1,1,1,0,127.1856,34.9049,0,0,0,0,122,1,1
0,0,0,0,0,1,0,127.1429,37.6157,0,0,0,0,165,1,1
0,1,0,0,0,1,0,127.1364,36.8219,0,0,0,0,63,1,1
0,1,0,1,1,0,0,126.9029,37.4845,0,0,0,0,79,1,1
0,1,0,1,2,0,0,126.9565,37.4907,0,0,0,0,188,1,1
0,1,0,0,0,1,0,126.8135,37.428,0,0,0,0,73,1,1
0,1,0,0,0,0,0,127.4409,36.2783,0,0,0,0,80,1,1
1,1,0,1,1,1,0,127.23,34.574,0,0,0,0,191,0,0
1,1,0,0,0,2,0,126.4883,37.74,0,0,0,0,92,1,1
1,1,0,0,0,0,0,126.6004,36.3539,0,0,0,0,136,1,1
0,1,0,1,2,0,0,128.627,35.796,0,0,0,0,30,1,1
0,1,0,0,0,0,0,127.6769,34.7641,0,0,0,0,102,1,1
0,1,0,0,0,0,0,129.3612,36.0175,0,0,0,0,160,1,1
0,2,5,0,0,0,0,126.7183,37.4299,0,0,0,0,29,1,1
1,2,0,0,0,1,0,128.8135,35.2004,0,0,0,0,13,1,1
1,2,0,1,2,1,0,126.8123,35.6611,0,0,0,0,12,1,1
0,2,0,2,4,4,0,126.9299,35.13,0,0,0,0,162,1,1
0,2,0,0,0,1,0,127.1668,37.4601,0,0,0,0,95,1,1
1,3,0,0,0,0,0,126.7281,35.9731,0,0,0,0,166,1,1
1,3,1,1,2,2,0,126.8174,37.4892,0,0,0,0,65,1,0
1,3,0,1,1,1,0,126.7082,37.4634,0,0,0,0,29,1,1
1,3,0,0,0,2,0,127.0554,37.6817,0,0,0,0,18,1,1
0,3,2,0,0,0,0,128.2943,37.0047,0,0,0,0,204,0,0
0,3,0,1,2,0,0,127.1314,37.5383,0,0,0,0,91,1,1
0,3,0,0,0,0,0,127.0887,36.9305,0,0,0,0,63,1,1
0,3,0,0,0,0,0,129.2069,35.8521,0,0,0,0,100,1,1
0,4,0,0,0,2,0,126.8084,37.8516,0,0,0,0,175,0,0
1,4,0,0,0,1,0,126.2498,34.5857,0,0,0,0,71,1,1
1,4,1,0,3,0,0,129.0439,35.0876,0,0,0,0,173,1,0
1,4,3,0,0,0,0,128.9808,35.2137,0,0,0,0,206,1,1
1,4,0,1,1,0,0,126.9199,37.5897,0,0,0,0,139,0,0
0,4,0,1,1,0,0,128.4107,35.7443,0,0,0,0,30,1,1
0,4,0,0,0,0,0,127.9464,37.3798,0,0,0,0,36,1,1
1,5,0,0,0,0,0,128.3636,36.9211,0,0,1,0,204,1,1
1,5,0,0,0,2,0,126.9443,36.0031,0,0,1,0,125,1,1
0,5,3,1,1,0,0,127.5116,36.8692,0,0,1,0,60,1,1
0,5,0,0,0,0,0,126.9478,37.3446,0,0,1,0,126,1,1
0,6,1,0,3,0,0,126.8923,37.4991,0,0,1,0,79,1,0
1,6,2,1,2,0,0,126.5794,36.6854,0,0,1,0,69,1,1
1,6,1,1,2,4,0,127.9506,37.3825,0,0,1,0,36,1,0
1,6,0,1,1,1,0,126.9866,35.3057,0,0,1,0,181,1,1
0,6,0,0,0,0,0,128.4182,36.6199,0,0,1,0,55,1,1
0,6,0,0,0,0,0,129.1471,35.3678,0,0,1,0,49,1,1
0,0,0,1,1,2,0,127.2351,37.4325,0,0,0,0,9,1,1
0,0,1,0,3,1,0,127.0807,37.8944,0,0,0,0,94,0,0
1,1,0,2,4,1,0,128.0903,35.4554,0,0,0,0,133,1,1
1,1,3,1,1,2,0,127.1542,37.5491,0,0,0,0,91,1,1
1,1,0,0,0,1,0,126.869,35.1619,0,0,0,0,222,1,1
1,1,0,0,3,1,0,128.8863,35.1145,0,0,0,0,206,1,1
0,1,0,0,0,0,0,126.5344,36.7995,0,0,0,0,69,0,0
1,2,0,0,0,3,0,127.0669,37.6563,0,0,0,0,18,0,0
0,2,0,1,2,2,0,126.825,37.0058,0,0,0,0,14,1,1
0,2,0,0,0,1,0,129.0695,36.3984,0,0,0,0,203,1,1
0,2,0,0,0,0,0,126.9791,37.719,0,0,0,0,59,1,1
0,3,0,0,3,0,0,127.2344,37.6467,0,0,0,0,70,1,1
0,3,0,0,0,0,0,126.9203,37.3962,0,0,0,0,151,1,1
1,3,0,0,0,0,0,126.8989,37.5376,0,0,0,0,150,1,1
1,3,0,0,0,0,0,127.718,36.2389,0,0,0,0,75,0,0
1,3,0,0,0,0,0,126.8229,37.5351,0,0,0,0,140,1,1
0,3,0,0,0,0,0,126.8025,35.9494,0,0,0,0,166,0,0
1,4,2,1,2,0,0,128.5636,35.8894,0,0,0,0,112,1,1
1,4,0,1,2,0,0,126.6787,37.4427,0,0,0,0,29,1,1
1,4,3,1,2,0,0,127.1703,37.562,0,0,0,0,91,1,1
1,4,0,0,0,0,0,126.98,37.4763,0,0,0,0,188,0,0
0,4,0,1,2,0,0,127.3766,36.8827,0,0,0,0,60,1,1
0,4,0,0,0,0,0,126.2722,33.4076,0,0,0,0,90,1,1
0,4,0,1,1,2,0,127.4223,37.7405,0,0,0,0,176,1,1
0,4,2,0,0,2,0,127.1138,35.806,0,0,0,0,11,1,1
0,5,0,0,0,0,0,128.37,35.2925,0,0,1,0,117,1,1
0,5,0,0,0,0,0,127.1347,36.8149,0,0,1,0,63,1,1
0,5,0,1,2,1,0,128.6268,35.885,0,0,1,0,26,1,1
0,5,0,0,0,0,0,127.0934,37.5481,0,0,1,0,183,1,1
0,5,0,1,1,0,0,126.8465,37.5014,0,0,1,0,79,1,1
0,5,0,0,3,0,0,128.6021,35.8446,0,0,1,0,145,1,1
1,5,1,1,1,1,0,126.4422,33.4933,0,0,1,0,90,1,0
1,5,0,0,3,0,0,126.8172,37.4184,0,0,1,0,73,1,1
1,5,0,1,1,6,0,126.8309,37.5394,0,0,1,0,140,1,1
0,5,0,0,0,0,0,127.0533,37.5911,0,0,1,0,201,1,1
0,5,0,0,0,0,0,126.9169,36.2756,0,0,1,0,129,1,1
0,5,0,0,0,1,0,128.8016,36.4145,0,0,1,0,105,1,1
0,5,0,0,0,1,0,127.4736,36.327,0,0,1,0,80,1,1
0,5,0,0,0,0,0,127.4293,36.4484,0,0,1,0,77,1,1
0,5,0,0,0,0,0,127.7817,37.9298,0,0,1,0,111,1,1
0,6,0,1,1,0,0,127.1097,37.2961,0,0,1,0,51,1,1
0,6,0,0,0,0,0,128.7474,36.5615,0,0,1,0,66,1,1
0,6,0,0,0,0,0,126.9061,37.5605,0,0,1,0,159,1,1
0,6,2,1,2,0,0,126.9247,37.6158,0,0,1,0,139,1,1
0,6,2,0,0,0,0,127.0783,37.7956,0,0,1,0,59,1,1
0,6,0,0,0,0,0,128.6165,35.8461,0,0,1,0,37,1,1
0,6,0,0,0,0,0,127.1369,37.4354,0,0,1,0,95,1,1
1,6,0,0,0,1,0,126.7673,37.5244,0,0,1,0,65,1,1
1,6,1,0,0,0,0,126.9067,35.1726,0,0,1,0,137,1,0
1,6,0,0,0,0,0,129.0485,35.0902,0,0,1,0,173,0,0
1,6,1,0,0,1,0,126.6687,36.6011,0,0,1,0,38,1,0
0,6,0,0,0,0,0,126.85,35.5817,0,0,1,0,12,1,1
0,6,0,0,0,2,0,128.9083,35.9541,0,0,1,0,5,1,1
0,6,0,0,0,2,0,128.0257,36.1453,0,0,1,0,76,1,1
0,6,0,1,2,0,0,127.3312,36.3485,0,0,1,0,148,1,1
0,6,0,0,0,0,0,128.5739,35.8855,0,0,1,0,107,1,1
0,6,0,1,1,0,0,127.3359,37.1807,0,0,1,0,51,1,1
1,0,0,1,2,4,0,126.9145,37.396,0,0,0,0,151,1,1
1,0,1,1,1,0,0,126.7625,35.0777,0,0,0,0,135,1,0
1,0,0,0,0,3,0,126.9191,37.4033,0,0,0,0,151,1,1
1,0,0,1,1,1,0,128.5791,38.1921,0,0,0,0,104,1,1
0,0,0,0,0,1,0,126.591,36.8402,0,0,0,0,46,1,1
0,0,0,0,0,1,0,126.5292,36.1609,0,0,0,0,10,1,1
0,0,0,0,0,1,0,129.1574,35.8264,0,0,0,0,100,1,1
0,1,0,1,2,1,0,126.6347,36.6852,0,0,0,0,187,1,1
0,1,0,0,0,1,0,129.3208,35.7292,0,0,0,0,100,1,1
0,1,0,1,1,0,0,127.1113,37.2807,0,0,0,0,51,1,1
1,1,0,1,2,1,0,126.9555,35.6127,0,0,0,0,12,1,1
1,1,0,0,0,0,0,127.4882,34.9604,0,0,0,0,27,1,1
0,1,0,0,0,1,0,126.6756,35.9204,0,0,0,0,166,0,0
1,2,0,0,0,1,0,128.5444,35.9304,0,0,0,0,112,1,1
1,2,1,0,0,1,0,128.9528,35.2168,0,0,0,0,206,1,0
0,2,0,0,0,0,0,127.5522,34.9902,0,0,0,0,130,1,1
0,3,0,1,1,0,0,126.8924,37.5068,0,0,0,0,79,1,1
1,3,0,0,0,0,0,126.985,37.1028,0,0,0,0,50,1,1
1,3,1,1,1,0,0,126.9003,37.451,0,0,0,0,109,1,0
0,3,1,0,3,0,0,128.2862,35.7148,0,0,0,0,220,1,0
0,3,1,0,0,4,0,127.4397,36.6286,0,0,0,0,83,1,0
0,3,0,1,2,2,0,127.6252,34.7403,0,0,0,0,102,1,1
0,3,0,0,0,0,0,126.3973,34.8049,0,0,0,0,153,1,1
0,4,0,0,0,1,0,126.6997,35.7641,0,0,0,0,185,1,1
0,4,0,0,0,0,0,127.0019,37.2648,0,0,0,0,99,1,1
1,4,0,1,2,0,0,126.9799,35.9686,0,0,0,0,125,1,1
1,4,0,0,0,2,0,126.5103,33.2586,0,0,0,0,62,1,1
0,4,0,1,1,0,0,126.8264,36.7356,0,0,0,0,187,0,0
0,4,0,0,0,1,0,126.623,34.2011,0,0,0,0,141,1,1
0,4,0,1,1,0,0,128.0781,34.9512,0,0,0,0,57,1,1
0,4,3,1,2,0,0,127.0749,36.8379,0,0,0,0,53,1,1
0,5,2,0,0,0,0,126.8046,35.1772,0,0,1,0,135,1,1
0,5,2,0,0,1,0,126.9816,37.4791,0,0,1,0,214,1,1
1,5,1,0,3,0,0,126.5302,33.513,0,0,1,0,90,1,0
1,5,0,0,0,0,0,128.7249,36.56,0,0,1,0,66,1,1
1,5,0,0,0,0,0,128.3064,36.2525,0,0,1,0,144,1,1
0,6,3,1,1,0,0,126.858,35.1324,0,0,1,0,222,1,1
1,6,0,0,0,0,0,127.5042,36.3516,0,0,1,0,80,1,1
1,6,0,0,3,0,0,128.101,34.9415,0,0,1,0,57,1,1
0,6,0,0,0,0,0,126.8893,37.4946,0,0,1,0,79,1,1
1,0,0,1,1,0,0,126.7166,37.5268,0,0,0,0,7,1,1
0,1,0,0,0,2,0,126.9997,37.5005,0,0,0,0,214,1,1
0,1,0,0,0,1,0,127.4261,36.3591,0,0,0,0,77,1,1
1,1,0,0,0,0,0,127.6993,34.768,0,0,0,0,102,1,1
1,1,0,1,1,0,0,127.0728,37.5642,0,0,0,0,201,1,1
1,1,0,0,0,1,0,127.7392,36.4961,0,0,0,0,32,1,1
0,1,1,0,0,0,0,129.0928,35.2464,0,0,0,0,96,0,0
0,1,0,0,0,1,0,129.362,36.0171,0,0,0,0,160,1,1
0,1,0,0,0,0,0,126.8402,37.3147,0,0,0,0,2,1,1
1,2,0,1,2,0,0,127.1506,35.8362,0,0,0,0,11,1,1
1,2,1,0,0,0,0,127.1019,37.007,0,0,0,0,14,1,0
1,2,0,1,2,1,0,127.5975,35.4696,0,0,0,0,193,1,1
0,2,0,0,0,0,0,126.6218,36.1877,0,0,0,0,136,0,0
0,2,2,0,0,0,0,126.8489,35.2067,0,0,0,0,135,1,1
0,2,0,1,2,0,0,127.3294,36.612,0,0,0,0,83,1,1
0,3,0,0,0,0,0,126.9852,37.5765,0,0,0,0,116,1,1
0,3,0,0,0,0,0,129.0578,35.1568,0,0,0,0,163,1,1
0,3,0,0,0,0,0,127.0705,37.6309,0,0,0,0,18,1,1
0,3,3,0,0,0,0,126.9987,37.4798,0,0,0,0,214,0,0
1,3,0,1,1,1,0,127.0109,37.6025,0,0,0,0,167,0,0
1,3,3,0,3,0,0,127.3469,36.3844,0,0,0,0,148,1,1
1,3,0,0,0,0,0,126.9401,34.7232,0,0,0,0,56,0,0
0,4,0,0,0,0,0,126.9158,37.0651,0,0,0,0,14,1,1
0,4,3,1,2,0,0,127.4208,36.6961,0,0,0,0,83,1,1
1,4,0,1,2,0,0,127.0932,37.5806,0,0,0,0,196,1,1
1,4,4,0,0,0,0,126.8509,37.5674,0,0,0,0,43,0,0
1,4,0,0,0,0,0,127.599,37.8333,0,0,0,0,111,1,1
0,4,0,1,1,0,0,127.9673,35.029,0,0,0,0,57,1,1
0,4,0,1,1,0,0,129.2569,35.2894,0,0,0,0,85,1,1
0,4,0,0,0,0,0,126.4197,34.846,0,0,0,0,101,0,0
0,4,0,0,0,0,0,126.9139,35.8505,0,0,0,0,34,1,1
1,5,0,0,0,0,0,128.0345,36.3848,0,0,1,0,58,1,1
1,5,0,0,0,0,0,129.0093,35.9963,0,0,1,0,5,1,1
0,5,0,0,3,0,0,128.4776,37.174,0,0,1,0,114,1,1
0,5,1,1,1,1,0,126.7187,37.4494,0,0,1,0,29,1,0
0,5,0,0,0,0,0,126.5518,36.3474,0,0,1,0,136,1,1
1,6,0,1,1,1,0,128.6341,38.1096,0,0,1,0,164,1,1
1,6,3,0,3,0,0,128.6301,38.1152,0,0,1,0,164,1,1
1,6,0,0,0,0,0,128.6222,35.9043,0,0,1,0,112,1,1
0,6,0,0,0,1,0,126.8026,36.0858,0,0,1,0,10,0,0
0,6,0,0,0,0,0,128.4348,36.3783,0,0,1,0,105,1,1
1,0,0,1,1,0,0,126.8369,37.5227,0,0,0,0,140,1,1
1,0,0,0,0,1,0,126.5717,33.4716,0,0,0,0,90,1,1
1,0,0,1,1,0,0,128.6448,35.8181,0,0,0,0,37,1,1
1,0,0,0,3,2,0,129.0275,35.1582,0,0,0,0,163,1,1
1,0,0,0,0,1,0,126.9297,34.3913,0,0,0,0,141,1,1
0,0,0,1,1,1,0,126.736,36.0211,0,0,0,0,10,1,1
0,0,0,0,0,4,0,129.0372,35.3509,0,0,0,0,49,1,1
0,1,0,0,0,0,0,127.1884,35.8517,0,0,0,0,11,1,1
0,1,0,1,2,2,0,126.8047,37.524,0,0,0,0,65,1,1
1,1,1,0,0,1,0,129.1018,37.5417,0,0,0,0,210,1,0
1,1,0,0,0,0,0,128.1192,36.1479,0,0,0,0,76,1,1
0,1,0,0,0,0,0,127.1122,37.2094,0,0,0,0,50,1,1
0,2,1,0,3,0,0,126.9314,37.519,0,0,0,0,150,1,0
0,2,0,1,2,0,0,126.9296,37.6108,0,0,0,0,139,1,1
1,2,0,2,4,1,0,128.3443,36.1154,0,0,0,0,144,1,1
1,2,1,1,2,0,0,129.0921,35.2308,0,0,0,0,96,1,0
0,2,0,2,4,0,0,127.1323,37.4343,0,0,0,0,95,1,1
0,2,0,0,0,0,0,126.8993,37.531,0,0,0,0,150,1,1
1,3,5,0,0,0,0,128.4231,34.844,0,0,0,0,212,1,1
1,3,0,0,0,2,0,126.5705,37.7016,0,0,0,0,47,1,1
1,3,3,0,3,0,0,126.9424,37.3732,0,0,0,0,126,1,1
1,3,1,0,3,1,0,129.1192,37.5116,0,0,0,0,210,0,0
1,3,0,0,0,0,0,128.9747,36.0286,0,0,0,0,5,1,1
0,3,0,0,0,0,0,128.765,36.6128,0,0,0,0,66,1,1
0,3,0,1,1,1,0,128.3057,36.2471,0,0,0,0,144,1,1
0,3,0,0,0,0,0,127.5938,36.9881,0,0,0,0,110,1,1
0,3,2,0,3,0,0,126.6531,37.387,0,0,0,0,35,1,1
0,3,0,0,3,2,0,129.3123,35.5314,0,0,0,0,213,1,1
1,4,0,0,3,0,0,128.6198,35.8707,0,0,0,0,26,1,1
0,5,0,0,0,0,0,126.9833,36.8075,0,0,1,0,53,1,1
1,5,0,0,0,1,0,126.8908,35.817,0,0,1,0,34,1,1