주야,요일,법규위반,도로형태_대분류,도로형태,당사자종별_1당_대분류,당사자종별_2당_대분류,경도,위도,사고피해정도,도시여부,주말/공휴일,인구수,발생지번호,보행자의위치,무단횡단여부
0,5,0,0,0,1,0,129.3873,36.112,0,0,1,0,160,1,1
0,6,0,0,0,2,0,127.7566,37.8705,0,0,1,0,111,1,1
0,6,3,1,2,5,0,126.9573,37.3981,0,0,1,0,151,1,1
0,6,0,0,0,0,0,129.3524,35.6159,0,0,1,0,158,1,1
1,0,0,1,1,0,0,128.1514,36.4124,0,0,0,0,58,1,1
1,0,0,1,1,5,0,127.1744,37.5461,0,0,0,0,91,1,1
0,0,0,1,2,1,0,126.572,36.3373,0,0,0,0,136,1,1
0,0,0,1,1,1,0,128.8884,35.2797,0,0,0,0,13,0,0
0,1,0,0,0,0,0,126.9102,37.5038,0,0,0,0,150,1,1
0,1,0,0,0,0,0,127.0493,37.5054,0,0,0,0,89,1,1
1,1,1,0,0,1,0,126.8794,37.4341,0,0,0,0,81,1,0
1,1,0,0,0,0,0,128.5733,36.5745,0,0,0,0,66,1,1
1,1,1,0,3,0,0,129.3085,35.537,0,0,0,0,213,1,0
0,1,0,1,2,0,0,127.1462,35.8036,0,0,0,0,11,1,1
1,2,1,0,0,1,0,127.3558,36.2993,0,0,0,0,4,1,0
0,2,0,0,0,0,0,128.3667,35.0567,0,0,0,0,87,1,1
0,2,0,0,0,0,0,127.214,37.2546,0,0,0,0,51,1,1
1,3,2,1,1,1,0,126.7762,37.5029,0,0,0,0,65,1,1
1,3,0,0,0,0,0,128.2938,37.066,0,0,0,0,204,1,1
1,3,1,1,2,0,0,128.4771,35.3128,0,0,0,0,117,1,0
0,3,5,0,0,2,0,126.8694,35.1559,0,0,0,0,222,1,1
0,3,0,1,1,2,0,126.7109,37.5306,0,0,0,0,7,1,1
0,4,0,0,0,1,0,126.9917,37.561,0,0,0,0,8,1,1
1,4,0,1,2,1,0,127.3586,36.6234,0,0,0,0,83,1,1
1,4,0,1,2,2,0,127.202,37.5328,0,0,0,0,67,1,1
1,4,3,1,1,2,0,127.1664,35.8261,0,0,0,0,11,1,1
1,5,0,0,0,0,0,128.4698,35.5886,0,0,1,0,211,1,1
0,5,0,1,1,1,0,128.5462,36.1031,0,0,1,0,21,1,1
0,5,0,0,0,0,0,127.4865,34.973,0,0,1,0,27,1,1
0,5,0,0,0,0,0,126.5037,36.7822,0,0,1,0,69,1,1
0,6,0,0,0,0,0,128.8695,35.2475,0,0,1,0,13,1,1
1,6,0,0,0,0,0,127.0084,37.0554,0,0,1,0,14,0,0
1,6,1,1,2,1,0,126.9921,37.7869,0,0,1,0,59,1,0
1,6,0,0,0,0,0,129.1517,35.1586,0,0,1,0,1,1,1
1,6,0,0,0,1,0,126.7386,35.9634,0,0,1,0,166,1,1
0,6,0,0,3,0,0,127.9532,35.6494,0,0,1,0,154,1,1
0,6,1,0,0,1,0,128.0246,35.3424,0,0,1,0,224,1,0
0,6,0,0,0,4,0,128.5831,36.1787,0,0,1,0,170,1,1
0,0,0,1,2,0,0,128.6278,35.8391,0,0,0,0,37,1,1
1,0,0,1,1,0,0,127.9339,36.9872,0,0,0,0,6,1,1
1,0,0,0,0,2,0,126.7755,34.6424,0,0,0,0,121,1,1
1,0,1,0,3,1,0,126.7299,36.9333,0,0,0,0,46,1,0
1,0,0,0,0,8,0,129.287,35.7353,0,0,0,0,100,1,1
0,0,0,1,2,2,0,126.8802,37.9426,0,0,0,0,175,1,1
0,0,0,0,0,0,0,126.8445,37.6525,0,0,0,0,40,1,1
0,0,0,0,0,0,0,126.5573,36.5405,0,0,0,0,38,1,1
0,0,0,0,3,0,0,126.9124,37.4501,0,0,0,0,109,1,1
1,1,0,0,3,0,0,127.1416,35.8433,0,0,0,0,11,1,1
1,1,0,0,0,2,0,127.0686,37.1419,0,0,0,0,143,1,1
1,1,0,0,3,2,0,126.9551,37.5573,0,0,0,0,159,1,1
1,1,0,0,0,1,0,127.289,34.4933,0,0,0,0,191,1,1
0,1,0,1,1,0,0,127.1457,35.8282,0,0,0,0,11,1,1
0,1,0,0,0,0,0,127.494,36.6242,0,0,0,0,83,1,1
1,2,0,0,0,0,0,127.0409,37.6165,0,0,0,0,200,1,1
1,2,3,0,3,0,0,126.919,37.6165,0,0,0,0,139,1,1
1,2,0,0,0,2,0,126.6786,37.4587,0,0,0,0,29,1,1
1,2,0,0,0,1,0,126.8326,37.6563,0,0,0,0,40,1,1
1,2,0,1,2,1,0,127.3512,37.3443,0,0,0,0,9,1,1
1,2,0,0,0,0,0,127.4221,36.3434,0,0,0,0,80,1,1
0,2,0,1,1,0,0,127.0113,36.1472,0,0,0,0,61,1,1
0,2,0,2,4,2,0,126.9183,37.5145,0,0,0,0,150,1,1
1,3,0,0,0,0,0,127.2407,37.6563,0,0,0,0,70,1,1
1,3,0,1,1,2,0,126.8484,36.7291,0,0,0,0,187,1,1
1,3,0,1,2,2,0,127.0678,38.0269,0,0,0,0,106,1,1
0,3,2,1,1,0,0,127.1037,36.1464,0,0,0,0,61,1,1
0,3,0,0,0,0,0,128.9774,35.1421,0,0,0,0,120,1,1
0,3,0,0,3,0,0,128.6064,35.8838,1,0,0,0,112,1,1
0,4,0,0,0,0,0,126.9822,37.5645,0,0,0,0,8,1,1
0,4,0,0,0,0,0,129.2738,35.9864,0,0,0,0,100,1,1
1,4,0,1,2,0,0,127.2473,37.4208,0,0,0,0,9,1,1
1,4,0,0,0,0,0,128.7578,36.555,0,0,0,0,66,1,1
1,4,0,2,4,1,0,126.3081,33.4488,0,0,0,0,90,1,1
1,4,0,1,2,1,0,129.1071,35.1713,0,0,0,0,45,0,0
0,4,0,0,0,0,0,126.2931,35.1103,0,0,0,0,101,1,1
0,4,0,1,1,0,0,127.4993,35.5802,0,0,0,0,155,1,1
0,4,0,1,2,0,0,128.3161,36.2167,0,0,0,0,144,1,1
0,5,0,0,0,1,0,126.2647,33.4113,0,0,1,0,90,1,1
1,5,3,0,3,2,0,129.252,35.5592,0,0,1,0,17,0,0
1,5,0,2,4,2,0,127.0374,37.5781,0,0,1,0,201,1,1
1,5,0,0,0,0,0,128.0579,35.1708,0,0,1,0,42,1,1
1,5,0,0,0,2,0,127.5833,34.9751,0,0,1,0,130,1,1
1,5,0,0,0,0,0,128.4476,37.4731,0,0,1,0,24,1,1
1,5,1,0,3,0,0,128.1677,36.6183,0,0,1,0,74,1,0
0,5,0,0,0,1,0,127.3518,37.0321,0,0,1,0,23,0,0
0,5,0,0,0,0,0,128.7466,36.1639,0,0,1,0,170,1,1
0,5,3,0,3,2,0,126.6697,37.4258,0,0,1,0,35,1,1
0,5,0,0,0,0,0,128.9394,35.5293,0,0,1,0,177,1,1
0,6,0,0,0,0,0,128.819,35.8727,0,0,1,0,52,1,1
0,6,2,1,1,1,0,126.8265,33.5391,0,0,1,0,90,1,1
1,6,0,1,1,0,0,126.2526,33.2259,0,0,1,0,62,1,1
1,6,0,0,0,2,0,127.1064,37.6701,0,0,1,0,70,1,1
0,6,0,1,2,0,0,126.7887,37.7771,0,0,1,0,175,1,1
0,6,0,0,0,0,0,127.7995,36.4531,0,0,1,0,32,1,1
0,0,0,0,0,0,0,128.5567,35.8844,0,0,0,0,107,1,1
0,0,0,0,0,0,0,128.6191,36.8101,0,0,0,0,113,1,1
0,0,0,0,3,2,0,126.7959,37.4823,0,0,0,0,65,1,1
1,1,0,0,0,0,0,126.621,37.4492,0,0,0,0,72,1,1
1,1,1,1,2,0,0,126.892,37.5325,0,0,0,0,150,1,0
1,1,0,0,0,2,0,127.1398,36.779,0,0,0,0,63,1,1
0,1,0,0,0,0,0,127.031,37.9082,0,0,0,0,94,1,1
1,2,1,1,1,1,0,127.4836,36.668,0,0,0,0,83,1,0
1,2,0,0,0,3,0,126.8669,37.2865,0,0,0,0,2,1,1
0,2,0,1,2,1,0,127.1036,36.1465,0,0,0,0,61,1,1
0,2,0,1,1,0,0,128.4408,35.3441,0,0,0,0,117,1,1
0,2,0,2,4,1,0,126.2556,33.3444,0,0,0,0,90,1,1
1,3,1,1,2,1,0,126.9896,37.4925,0,0,0,0,214,1,0
1,3,0,0,3,2,0,126.892,37.497,0,0,0,0,79,1,1
0,3,0,1,1,0,0,127.5964,36.9887,0,0,0,0,110,1,1
0,4,1,1,1,0,0,126.9296,37.484,1,0,0,0,188,1,0
0,4,0,1,1,1,0,127.2007,37.2329,0,0,0,0,51,1,1
1,4,0,0,0,0,0,127.4908,34.9507,0,0,0,0,27,1,1
1,4,0,0,0,0,0,129.1109,35.5353,0,0,0,0,17,1,1
0,4,0,1,2,0,0,126.4712,33.4939,0,0,0,0,90,1,1
0,4,2,0,0,0,0,128.5999,35.8667,0,0,0,0,178,1,1
1,5,0,0,0,0,0,126.9011,35.1968,0,0,1,0,137,1,1
0,5,0,1,2,0,0,127.4551,37.2711,0,0,1,0,41,1,1
0,6,0,0,0,1,0,127.0079,36.7806,0,0,1,0,53,1,1
0,6,0,0,3,0,0,126.9924,37.561,0,0,1,0,8,1,1
0,6,0,0,0,0,0,126.7257,37.5433,0,0,1,0,7,1,1
1,6,0,1,2,1,0,126.8731,37.8493,0,0,1,0,175,1,1
1,0,0,0,0,0,0,126.7668,37.484,0,0,0,0,65,1,1
1,0,0,1,1,0,0,126.5981,37.6922,0,0,0,0,47,1,1
1,0,0,1,2,1,0,127.6503,34.7404,0,0,0,0,102,0,0
0,0,0,0,0,0,0,128.5959,38.1866,0,0,0,0,104,1,1
0,0,0,0,0,0,0,128.4708,36.0492,0,0,0,0,21,1,1
0,0,0,0,0,3,0,126.5146,37.7377,0,0,0,0,92,1,1
0,0,0,0,0,2,0,127.1299,37.0397,0,0,0,0,23,1,1
0,0,0,0,3,0,0,128.3792,34.9668,0,0,0,0,87,1,1
0,1,0,0,0,1,0,128.5611,35.8713,0,0,0,0,107,1,1
1,1,0,0,3,3,0,127.0065,37.2687,0,0,0,0,99,1,1
0,2,0,1,1,0,0,126.5738,34.1764,0,0,0,0,141,1,1
0,2,0,1,2,1,0,126.8508,37.7152,0,0,0,0,40,1,1
1,2,3,1,2,2,0,126.9456,37.3532,0,0,0,0,126,1,1
0,2,0,1,2,2,0,127.5353,37.4557,0,0,0,0,48,1,1
0,2,1,0,3,0,0,126.2317,35.06,0,0,0,0,132,1,0
0,2,0,0,0,2,0,126.7264,37.5434,0,0,0,0,7,1,1
0,2,0,0,0,2,0,129.1744,35.449,0,0,0,0,17,0,0
0,2,0,1,2,0,0,128.6502,35.8814,0,0,0,0,26,1,1
0,2,0,1,2,0,0,127.4415,37.2755,0,0,0,0,41,1,1
0,2,0,0,0,0,0,126.6939,36.1252,0,0,0,0,10,1,1
0,3,0,0,0,0,0,128.3964,35.8745,0,0,0,0,30,1,1
0,3,0,0,3,1,0,127.0373,37.588,0,0,0,0,201,1,1
1,3,3,0,3,6,0,126.7523,35.0354,0,0,0,0,33,1,1
1,3,0,0,0,0,0,127.9697,37.7553,0,0,0,0,82,1,1
0,3,0,0,0,2,0,126.9022,37.5148,0,0,0,0,150,1,1
0,3,0,1,1,3,0,127.2219,37.2805,0,0,0,0,51,1,1
0,3,0,1,1,0,0,127.0971,38.1514,0,0,0,0,106,1,1
0,3,1,1,2,0,0,128.2297,36.1912,0,0,0,0,76,1,0
0,4,0,0,0,0,0,126.8518,37.3121,0,0,1,0,2,1,1
0,4,0,0,3,0,0,127.0586,37.6118,0,0,1,0,167,1,1
1,4,3,1,1,0,0,128.4592,35.8625,0,0,1,0,30,1,1
1,4,0,0,0,2,0,126.8362,37.62,0,0,1,0,40,1,1
1,4,0,2,4,0,0,128.5206,35.8527,0,0,1,0,20,1,1
0,4,0,0,0,2,0,126.8551,35.0327,0,0,1,0,33,1,1
1,5,0,0,0,1,0,126.8077,35.1576,0,0,1,0,135,1,1
1,5,0,0,0,0,0,126.7474,35.1178,0,0,1,0,135,1,1
1,5,0,0,0,0,0,128.8389,35.9037,0,0,1,0,52,1,1
0,5,0,0,0,0,0,129.0397,35.1151,0,0,1,0,209,1,1
0,5,0,0,0,0,0,127.201,37.6326,0,0,1,0,70,1,1
0,5,0,1,2,0,0,126.7655,36.2176,0,0,1,0,129,1,1
0,5,0,0,3,0,0,127.2051,37.9055,0,0,1,0,171,1,1
0,5,2,0,0,2,0,127.5164,34.9521,0,0,1,0,27,1,1
1,6,0,1,1,0,0,126.9147,37.407,0,0,1,0,151,1,1
1,6,0,0,0,2,0,126.8775,37.3625,0,0,1,0,2,1,1
0,6,0,0,3,0,0,127.2321,37.6457,0,0,1,0,70,1,1
1,0,0,0,0,0,0,126.9849,37.5762,0,0,0,0,116,1,1
1,0,3,1,1,1,0,128.5387,38.3037,0,0,0,0,217,1,1
1,0,0,1,2,2,0,129.1,35.2122,0,0,0,0,216,1,1
0,0,0,0,0,1,0,127.9039,37.3657,0,0,0,0,36,1,1
0,0,1,1,2,0,0,127.9211,34.8189,0,0,0,0,197,1,0
0,1,3,1,1,0,0,129.3223,35.5493,0,0,0,0,213,1,1
1,1,3,1,1,0,0,127.7219,34.8065,0,0,0,0,102,1,1
1,1,0,0,0,0,0,128.255,36.1739,0,0,0,0,76,1,1
1,1,0,0,0,1,0,127.8111,35.1261,0,0,0,0,172,1,1
0,1,0,0,0,0,0,126.4513,34.7635,0,0,0,0,16,1,1
0,2,0,1,2,1,0,128.5779,35.2337,0,0,0,0,86,0,0
0,2,0,1,1,1,0,127.0455,37.6806,0,0,0,0,98,1,1
0,2,0,0,3,1,0,127.1321,37.5361,0,0,0,0,91,1,1
0,2,0,2,4,2,0,127.3782,37.2934,0,0,0,0,41,1,1
1,2,0,0,0,2,0,126.7845,37.4855,0,0,0,0,65,1,1
1,2,0,0,0,2,0,129.0025,35.2095,0,0,0,0,118,1,1
1,2,0,0,0,1,0,126.9548,35.8557,0,0,0,0,34,1,1
0,2,0,0,0,6,0,127.0943,37.498,0,0,0,0,156,1,1
0,2,0,0,0,1,0,127.5386,37.4261,0,0,0,0,48,1,1
0,2,0,0,0,1,0,126.9817,35.0596,0,0,0,0,88,1,1
0,2,0,0,0,0,0,128.5375,36.0654,0,0,0,0,21,1,1
0,2,1,0,3,1,0,128.8221,37.7093,0,0,0,0,194,1,0
0,2,0,0,3,0,0,128.7375,35.8087,0,0,0,0,52,1,1
1,3,0,1,1,1,0,126.9179,37.5711,0,0,0,0,195,1,1
0,3,0,0,0,0,0,126.4649,36.7748,0,0,0,0,69,1,1
0,3,0,0,0,1,0,127.2156,36.9129,0,0,0,0,63,1,1
1,6,0,0,0,0,0,128.2759,35.2488,0,0,1,0,42,1,1
0,6,0,0,3,0,0,126.8107,37.2066,0,0,1,0,50,1,1
0,6,0,2,4,0,0,126.8339,35.1533,0,0,1,0,222,1,1
0,2,0,0,0,0,0,127.2018,37.0688,0,0,0,0,23,1,1
1,0,0,1,1,3,0,127.6849,37.7884,0,0,0,0,111,1,1
0,4,0,0,0,0,0,127.3253,36.3,0,0,0,0,148,1,1
0,3,2,0,0,1,0,127.2178,38.0143,0,0,0,0,171,1,1
0,4,0,0,0,1,0,126.721,37.5435,0,0,0,0,7,1,1
0,3,0,0,0,0,0,127.5214,34.9537,0,0,0,0,27,1,1
1,6,0,0,0,0,0,128.0641,35.1921,0,0,1,0,42,1,1
1,3,0,0,0,0,0,127.2967,36.7581,0,0,0,0,63,0,0
0,4,0,0,0,0,0,126.7065,37.4656,0,0,0,0,29,1,1
0,3,0,0,0,0,0,126.707,37.4496,0,0,0,0,29,1,1
1,3,0,0,0,5,0,128.3207,36.1359,0,0,0,0,144,1,1
1,2,0,0,0,0,0,128.1148,35.159,0,0,0,0,42,1,1
0,4,0,0,0,0,0,127.1033,37.3955,0,0,0,0,95,1,1
0,4,0,0,0,0,0,126.769,37.5936,0,0,0,0,47,1,1
0,5,0,0,3,1,0,127.1699,37.6118,0,0,1,0,70,1,1
0,1,0,0,0,0,0,127.1259,35.8373,0,0,0,0,11,1,1
0,3,0,1,2,0,0,128.0977,35.1345,0,0,0,0,42,1,1
1,5,0,0,0,1,0,129.1293,35.2295,0,0,1,0,1,1,1
1,1,0,0,0,1,0,129.3086,35.5412,0,0,0,0,213,1,1
0,6,0,1,1,0,0,127.0221,37.2604,0,0,1,0,99,1,1
0,3,3,0,0,0,0,127.1349,35.8414,0,0,0,0,11,1,1
0,4,0,0,0,1,0,127.8223,37.3078,0,0,0,0,36,1,1
0,5,0,0,0,0,0,127.1326,37.0733,0,0,1,0,23,1,1
1,1,0,0,0,0,0,129.1693,35.6583,0,0,0,0,17,1,1
1,3,3,0,3,2,0,127.1187,36.8022,0,0,0,0,63,1,1
1,2,0,0,0,1,0,128.1169,35.1871,0,0,0,0,42,1,1
1,0,0,1,2,2,0,126.9394,37.1945,0,0,0,0,50,1,1
0,5,0,0,0,0,0,128.7143,36.5641,0,0,1,0,66,1,1
1,0,0,0,0,0,0,129.3601,35.4707,0,0,0,0,213,1,1
1,5,0,2,4,0,0,126.4769,36.767,0,0,1,0,69,1,1
0,6,0,0,0,0,0,128.6999,35.8421,0,0,1,0,37,1,1
0,3,3,1,1,0,0,127.425,36.6334,0,0,0,0,83,1,1
1,3,3,0,3,1,0,126.9781,37.3419,0,0,0,0,199,0,0
0,3,0,0,0,0,0,126.6626,37.4383,0,0,0,0,29,1,1
1,1,2,0,3,0,0,126.7242,34.56,0,0,0,0,121,1,1
0,5,0,2,4,0,0,126.4863,35.0975,1,0,1,0,157,1,1
1,4,0,0,0,1,0,127.6327,36.2931,0,0,0,0,142,0,0
0,2,0,0,0,2,0,126.704,36.891,0,0,0,0,46,1,1
1,2,0,0,0,1,0,127.921,36.8522,0,0,0,0,179,1,1
0,6,0,0,0,0,0,126.9319,37.6128,0,0,1,0,139,1,1
0,0,0,0,0,0,0,127.0356,37.254,0,0,0,0,99,1,1
1,1,0,0,0,0,0,127.9259,36.9741,0,0,0,0,6,1,1
1,0,1,0,3,2,0,126.7324,35.7264,0,0,0,0,185,1,0
0,3,0,1,2,0,0,126.7679,37.3825,0,0,0,0,73,1,1
1,4,0,0,0,0,0,128.0888,35.1928,0,0,0,0,42,1,1
1,2,0,0,0,0,0,126.8932,35.6289,0,0,0,0,12,1,1
1,2,0,0,0,2,0,128.0469,35.1765,2,0,0,0,42,1,1
0,0,0,0,0,1,0,127.3304,37.2511,0,0,0,0,51,1,1
0,6,0,1,1,0,0,129.3069,35.5407,0,0,1,0,213,1,1
1,5,3,0,3,0,0,126.7284,37.3649,0,0,1,0,73,1,1
0,5,0,0,3,0,0,129.3145,35.5338,0,0,1,0,213,1,1
1,5,0,0,0,0,0,126.7376,37.3489,0,0,1,0,73,1,1
0,4,0,1,2,2,0,126.5005,33.5174,0,0,0,0,90,0,0
0,1,0,0,0,0,0,127.4089,36.8251,0,0,0,0,60,1,1
1,2,0,0,3,1,0,128.7553,35.4631,0,0,0,0,177,1,1
0,0,0,0,0,0,0,128.5831,36.3337,0,0,0,0,105,1,1
1,3,0,0,0,2,0,126.8068,35.4014,2,0,0,0,146,1,1
0,1,0,0,0,0,0,126.8599,35.077,0,0,0,0,33,1,1
1,3,0,0,0,0,0,127.4835,34.9069,0,0,0,0,27,1,1
0,2,3,1,2,0,0,127.0932,37.5982,0,0,0,0,196,1,1
1,0,0,0,3,2,0,126.7508,37.6748,0,0,0,0,40,1,1
1,3,0,0,0,0,0,129.1786,35.4747,0,0,0,0,17,1,1
0,3,2,0,3,0,0,126.9435,37.4822,0,0,0,0,188,1,1
1,2,0,0,0,1,0,127.049,37.7432,0,0,0,0,64,1,1
0,4,0,0,0,1,0,127.0716,37.2952,0,0,0,0,51,0,0
0,1,0,0,0,0,0,129.0856,35.8647,0,0,0,0,100,1,1
0,3,0,2,4,1,0,129.0099,36.0553,0,0,0,0,5,1,1
0,2,0,0,3,2,0,127.1222,37.4866,0,0,0,0,156,1,1
0,1,0,0,0,2,0,126.9993,37.268,0,0,0,0,99,1,1
0,3,0,1,1,1,0,127.153,37.6719,0,0,0,0,70,1,1
0,0,0,1,2,2,0,126.3027,34.7184,0,0,0,0,119,1,1
1,6,0,0,0,0,0,126.7968,37.3493,0,0,1,0,2,0,0
1,1,0,0,0,0,0,126.9896,35.3434,0,0,0,0,181,1,1
0,6,0,0,0,0,0,127.0527,37.6958,0,0,1,0,64,1,1
0,3,0,0,0,0,0,128.6052,35.8627,0,0,0,0,178,1,1
1,1,4,1,2,1,0,126.7745,35.0993,0,0,0,0,135,1,1
1,4,0,0,0,0,0,126.5228,36.7054,0,0,0,0,69,1,1
0,5,0,0,0,0,0,126.7227,37.5371,0,0,1,0,7,1,1
0,3,0,0,0,0,0,128.4258,36.0995,0,0,0,0,144,1,1
0,2,0,0,0,0,0,127.9807,37.4943,0,0,0,0,31,1,1
1,0,0,0,0,1,0,126.6459,37.4259,0,0,0,0,35,1,1
0,1,0,1,2,2,0,126.7955,37.4752,0,0,1,0,65,1,1
0,1,0,0,0,0,0,126.8067,37.6639,0,0,1,0,40,1,1
0,1,0,0,0,0,0,127.5885,34.7716,0,0,0,0,102,1,1
0,2,1,0,3,1,0,126.3772,34.803,0,0,0,0,153,1,0
0,2,0,0,0,0,0,127.1395,36.7842,0,0,0,0,63,1,1
0,3,1,0,3,0,0,126.8993,35.1716,0,0,0,0,137,1,0
0,6,0,0,3,2,0,129.1978,35.1821,0,0,1,0,1,1,1
0,3,0,0,0,2,0,126.7262,37.4639,0,0,0,0,29,1,1
0,3,0,0,0,7,0,126.7111,37.4804,0,0,0,0,44,1,1
1,0,1,1,2,3,0,126.9982,35.8189,0,0,0,0,28,1,0
0,4,0,0,0,0,0,126.5714,33.2549,0,0,0,0,62,1,1
1,4,0,0,3,1,0,128.0348,35.3423,0,0,0,0,224,1,1
0,3,3,0,3,0,0,129.1072,35.1804,0,0,0,0,221,1,1
0,1,0,0,0,0,0,127.1295,37.4365,0,0,1,0,95,1,1
1,5,0,0,0,1,0,129.0597,35.1585,0,0,1,0,231,1,1
0,3,0,0,0,1,0,128.4977,35.2317,0,0,0,0,86,1,1
0,1,3,0,3,0,0,128.6239,35.8366,0,0,0,0,37,1,1
0,5,0,0,0,0,0,128.5492,35.8972,0,0,1,0,112,1,1
0,6,0,0,0,1,0,128.767,35.5218,0,0,1,0,177,1,1
1,6,0,1,2,0,0,128.7445,35.4919,0,0,1,0,177,1,1
0,5,0,1,2,1,0,126.5849,36.9373,0,0,1,0,46,1,1
0,4,0,0,0,0,0,128.6459,35.2449,0,0,0,0,86,1,1
1,2,0,0,3,0,0,126.7375,37.487,0,0,0,0,44,1,1
0,6,0,1,2,0,0,127.0348,37.4837,0,0,1,0,214,1,1
0,1,2,1,1,0,0,127.7176,34.7311,0,0,0,0,102,1,1
0,4,0,0,0,0,0,127.5472,36.0634,0,0,0,0,68,1,1
1,1,0,1,1,1,0,126.8017,37.3245,0,0,0,0,2,1,1
0,6,0,1,1,0,0,127.1371,36.8138,0,0,1,0,63,1,1
0,6,2,0,0,0,0,128.6167,35.8325,0,0,1,0,37,0,0
1,6,0,1,1,1,0,127.8939,34.841,0,0,1,0,197,1,1
1,2,1,0,3,1,0,127.5285,36.7189,0,0,0,0,83,1,0
1,6,0,1,1,0,0,127.0149,36.7403,0,0,1,0,53,1,1
1,3,3,0,3,0,0,127.135,36.8162,0,0,0,0,63,1,1
0,1,0,0,3,0,0,127.0531,37.5394,0,0,0,0,84,1,1
0,2,1,1,1,0,0,128.7464,35.4819,0,0,0,0,177,1,0
1,1,0,1,2,2,0,127.1062,37.8025,0,0,0,0,59,1,1
1,0,0,2,4,0,0,127.9423,37.3369,0,0,0,0,36,1,1
0,3,0,0,0,6,0,127.8758,37.6891,0,0,0,0,82,1,1
0,5,0,0,0,0,0,126.6825,37.4952,0,0,1,0,97,1,1
1,3,0,2,4,0,0,127.4368,36.9947,0,0,0,0,60,1,1
0,3,1,0,3,1,0,127.1481,36.7895,0,0,0,0,63,1,0
0,1,0,0,0,0,0,128.2718,35.7312,0,0,1,0,220,1,1
0,4,0,0,0,0,0,126.9468,37.5863,0,0,0,0,195,1,1
1,3,3,1,1,2,0,127.1811,37.7152,0,0,0,0,70,1,1
0,4,0,1,2,0,0,126.7033,37.5063,0,0,0,0,44,1,1
1,4,1,0,0,1,0,126.9069,36.2799,0,0,0,0,129,1,0
0,1,0,0,0,0,0,127.0948,35.8152,0,0,0,0,11,1,1
0,2,0,0,0,0,0,126.9014,35.1388,0,0,0,0,190,1,1
0,0,0,0,0,2,0,128.5603,35.8887,0,0,0,0,107,1,1
1,4,0,0,0,1,0,128.0959,36.1238,0,0,0,0,76,1,1
0,5,0,1,2,0,0,127.4066,34.8387,0,0,1,0,122,0,0
0,2,0,0,0,1,0,126.3797,36.7405,0,0,0,0,69,1,1
1,5,1,1,2,1,0,126.6961,36.0081,0,0,1,0,10,1,0
0,1,1,0,3,0,0,127.1059,38.1812,0,0,0,0,106,1,0
0,4,0,0,0,0,0,126.709,37.4821,0,0,0,0,44,1,1
0,3,0,1,2,2,0,129.1174,35.153,0,0,0,0,45,1,1
0,5,0,1,1,2,0,129.3481,35.5806,0,0,1,0,205,1,1
0,0,0,0,0,0,0,127.6227,37.8257,0,0,0,0,111,1,1
1,1,0,0,0,2,0,126.9473,37.2739,0,0,0,0,99,1,1
1,4,0,0,0,1,0,129.4364,36.6785,0,0,0,0,208,1,1
0,2,0,0,3,0,0,128.5532,35.9738,0,0,0,0,21,1,1
0,2,0,0,0,0,0,128.118,36.1322,0,0,0,0,76,1,1
1,2,2,0,3,0,0,127.0681,37.2064,0,0,1,0,50,1,1
0,0,0,0,0,1,0,126.9011,37.4548,0,0,0,0,109,1,1
0,3,0,0,0,2,0,126.8563,37.4975,0,0,0,0,79,1,1
0,4,3,1,2,0,0,128.5733,35.1991,0,0,0,0,86,1,1
1,5,0,0,0,1,0,128.2005,37.1311,0,0,0,0,103,1,1
1,5,0,0,0,0,0,128.8256,37.8883,0,0,1,0,194,1,1
0,4,1,0,3,0,0,126.4999,33.4898,0,0,0,0,90,1,0
0,6,0,0,3,0,0,128.5712,35.8647,0,0,1,0,107,1,1
0,2,0,0,3,0,0,126.8944,35.1681,0,0,0,0,137,1,1
0,2,0,1,2,2,0,128.0633,35.1938,0,0,0,0,42,1,1
0,6,4,0,0,0,0,127.1408,37.2562,0,0,1,0,51,1,1
1,1,0,0,0,2,0,126.8956,37.5217,0,0,0,0,150,1,1
1,1,0,0,3,0,0,126.9484,37.3435,0,0,0,0,126,1,1
0,4,0,0,0,1,0,128.4462,35.6901,0,0,0,0,30,1,1
0,4,0,0,0,0,0,126.9142,37.4501,0,0,0,0,109,1,1
1,4,0,0,0,2,0,127.0331,37.4864,0,0,0,0,89,1,1
0,2,0,0,0,0,0,127.0707,34.7585,0,0,0,0,122,1,1
1,1,0,1,2,0,0,126.704,37.492,0,0,0,0,44,1,1
1,6,0,0,0,0,0,126.8894,35.147,0,0,1,0,190,1,1
0,5,0,0,0,0,0,128.9401,35.5295,0,0,1,0,177,1,1
1,6,0,1,1,0,0,127.1592,36.8001,0,0,1,0,63,1,1
0,1,0,0,0,1,0,128.3617,36.0899,0,0,1,0,144,1,1
1,5,0,1,1,1,0,128.1251,35.1857,0,0,1,0,42,1,1
1,4,0,0,0,0,0,126.8089,35.1663,0,0,0,0,135,1,1
0,2,0,1,1,0,0,127.3309,36.3485,0,0,0,0,148,1,1
0,1,0,0,0,1,0,128.1107,37.1337,0,0,1,0,103,1,1
1,4,0,0,0,0,0,127.9305,37.3442,0,0,0,0,36,1,1
1,2,0,0,0,1,0,126.7025,34.7992,0,0,0,0,16,1,1
1,2,0,0,0,0,0,127.0752,37.5937,0,0,0,0,196,1,1
0,5,0,0,0,0,0,128.5159,35.4354,0,0,1,0,211,1,1