주야,요일,법규위반,도로형태_대분류,도로형태,당사자종별_1당_대분류,당사자종별_2당_대분류,경도,위도,사고피해정도,도시여부,주말/공휴일,인구수,발생지번호,보행자의위치,무단횡단여부
1,3,0,1,2,1,0,127.1279,36.806,0,0,0,0,63,0,0
0,0,0,0,0,0,0,129.2996,35.493,0,0,0,0,17,1,1
1,6,0,0,0,1,0,128.2288,36.55,0,0,1,0,74,1,1
0,4,0,1,1,0,0,126.6288,37.4696,0,0,0,0,72,1,1
1,3,1,0,0,1,0,129.0608,35.1657,0,0,0,0,231,1,0
0,4,0,1,1,0,0,127.4576,36.6433,0,0,0,0,83,1,1
0,1,3,0,3,0,0,126.6321,37.4653,0,0,1,0,72,1,1
1,5,3,1,1,2,0,127.0959,36.829,0,0,1,0,53,1,1
1,4,4,0,0,1,0,127.8828,37.6908,0,0,0,0,82,0,0
0,2,0,0,0,0,0,127.4568,37.2811,0,0,0,0,41,1,1
1,6,0,2,4,2,0,127.1036,36.0468,0,0,1,0,125,1,1
1,2,0,0,0,3,0,126.911,35.1292,0,0,0,0,190,1,1
1,2,0,0,0,0,0,127.9831,35.2974,0,0,1,0,224,1,1
1,2,0,0,3,0,0,129.0564,35.1381,0,0,1,0,209,1,1
1,1,0,1,1,0,0,127.3717,36.3598,0,0,0,0,4,1,1
1,5,0,0,0,1,0,126.4948,37.7136,0,0,1,0,92,1,1
0,0,0,1,1,1,0,126.8516,37.4734,0,0,0,0,81,1,1
0,0,1,1,1,1,0,127.3109,36.7479,0,0,0,0,63,1,0
1,0,0,0,0,0,0,126.7957,35.1429,0,0,0,0,135,0,0
0,5,0,0,0,6,0,126.8637,37.54,0,0,1,0,140,1,1
1,0,0,0,0,1,0,128.2289,37.1171,0,0,0,0,103,1,1
1,3,1,0,0,4,0,127.2146,37.551,1,0,0,0,67,0,0
0,2,0,0,0,0,0,126.5782,37.697,0,0,0,0,47,1,1
1,6,0,1,1,3,0,127.2985,36.4069,0,0,1,0,148,1,1
0,6,0,0,0,0,0,127.0544,37.55,0,0,1,0,84,1,1
0,4,0,0,0,1,0,128.6735,35.2714,0,0,0,0,86,1,1
0,2,0,1,2,0,0,127.1427,37.2582,0,0,0,0,51,1,1
1,1,0,0,0,0,0,127.3256,37.0657,0,0,0,0,23,1,1
0,5,0,0,0,0,0,126.6288,37.1705,0,0,1,0,50,1,1
0,4,0,0,0,1,0,127.0479,37.7098,0,0,0,0,64,1,1
1,0,1,1,1,1,0,126.4914,37.7416,0,0,0,0,92,1,0
1,2,0,0,0,1,0,128.3789,37.0678,0,0,0,0,204,1,1
0,6,0,0,0,0,0,128.7106,36.5608,0,0,1,0,66,1,1
1,5,0,0,0,3,0,128.3242,37.9481,0,0,1,0,124,0,0
1,3,0,0,0,1,0,127.804,34.4281,0,0,0,0,102,1,1
0,6,0,1,2,0,0,127.0337,36.9015,0,0,1,0,53,1,1
0,4,1,1,2,0,0,127.109,36.8126,0,0,0,0,63,1,0
1,2,0,0,0,1,0,126.6876,37.3342,0,0,0,0,73,1,1
1,6,0,1,1,0,0,127.4508,37.2743,0,0,1,0,41,1,1
0,6,1,1,1,0,0,127.7264,37.8622,0,0,1,0,111,1,0
1,0,0,1,2,0,0,128.2715,35.7294,0,0,0,0,220,0,0
1,6,4,2,4,9,0,126.5997,35.0223,0,0,1,0,33,1,1
0,4,0,0,0,4,0,127.4882,37.485,1,0,0,0,48,1,1
0,0,0,0,0,1,0,126.3129,36.6549,0,0,0,0,169,1,1
0,3,2,0,0,0,0,129.1071,35.1789,0,0,0,0,221,1,1
1,2,0,1,1,1,0,127.0866,37.5373,0,0,0,0,183,1,1
0,0,0,0,0,0,0,127.149,35.8129,0,0,0,0,11,1,1
0,4,0,0,0,0,0,126.9575,35.9448,0,0,0,0,125,1,1
0,3,0,0,0,0,0,127.2668,37.0153,0,0,0,0,23,1,1
1,5,0,0,0,0,0,127.4316,36.3338,0,0,1,0,80,1,1
0,5,0,0,3,0,0,129.0928,35.2709,0,0,1,0,96,1,1
0,3,0,0,0,0,0,126.921,35.1718,0,0,0,0,137,1,1
0,6,0,1,1,0,0,126.7046,37.4922,0,0,1,0,44,1,1
1,4,1,0,0,0,0,127.2098,37.8927,0,0,0,0,171,0,0
1,2,2,0,0,1,0,128.9369,35.9701,0,0,0,0,5,1,1
1,5,0,2,4,0,0,128.0725,35.1858,0,0,1,0,42,1,1
1,4,0,0,0,9,0,126.8547,33.4357,0,0,0,0,62,1,1
0,5,0,0,0,0,0,126.9126,37.4621,0,0,1,0,109,1,1
0,5,0,0,0,0,0,127.108,36.8233,0,0,1,0,63,1,1
0,5,0,2,4,1,0,129.086,35.2059,0,0,1,0,216,1,1
1,3,0,0,0,0,0,127.2987,34.6336,0,0,0,0,191,1,1
1,2,0,0,0,1,0,127.9663,36.338,0,0,0,0,58,1,1
1,4,0,0,0,2,0,128.6339,35.8589,0,0,0,0,37,1,1
0,2,0,0,0,1,0,126.4931,35.4075,0,0,0,0,219,1,1
0,4,0,0,0,1,0,126.8965,35.1377,0,0,0,0,190,1,1
1,3,4,0,3,1,0,127.4486,36.3107,0,0,0,0,80,0,0
1,3,0,0,0,1,0,127.0368,37.2118,0,0,0,0,50,1,1
0,0,0,0,0,0,0,128.9925,35.1841,0,0,0,0,120,1,1
1,0,0,0,0,0,0,128.6422,35.823,0,0,0,0,37,1,1
0,3,0,0,0,1,0,128.6974,35.1556,0,0,0,0,86,1,1
0,1,0,0,0,2,0,127.0032,37.2769,0,0,0,0,99,1,1
1,0,0,1,2,0,0,128.6331,35.8246,0,0,0,0,37,0,0
1,0,0,1,1,1,0,127.3831,35.4131,0,0,0,0,193,1,1
1,6,0,0,0,0,0,129.0663,35.1974,0,0,1,0,216,1,1
0,6,0,1,2,0,0,126.86,36.8803,0,0,1,0,53,1,1
1,0,2,0,3,1,0,127.388,35.4075,0,0,0,0,193,1,1
1,4,0,1,2,0,0,127.1405,37.4399,0,0,0,0,95,1,1
0,5,0,0,3,0,0,129.0645,35.0944,0,0,1,0,173,1,1
0,2,0,0,0,1,0,126.8062,36.4506,0,0,1,0,174,1,1
0,2,0,0,0,0,0,129.3138,35.559,0,0,1,0,205,1,1
0,3,0,0,0,0,0,126.4326,34.8955,0,0,0,0,101,1,1
1,3,0,1,1,3,0,126.7437,37.5274,0,0,0,0,7,1,1
0,0,0,0,0,1,0,128.8943,35.235,0,0,0,0,13,1,1
1,2,0,0,0,1,0,126.9859,37.5773,0,0,0,0,116,1,1
0,1,0,0,0,0,0,126.9688,37.4752,0,0,0,0,188,1,1
1,4,0,0,0,7,0,127.0927,37.5896,0,0,0,0,196,1,1
0,2,0,0,0,1,0,127.6121,34.841,0,0,0,0,102,1,1
1,3,0,0,0,0,0,127.1185,35.8035,0,0,0,0,11,1,1
0,5,0,0,0,0,0,126.7826,37.3314,0,0,1,0,2,1,1
0,4,0,0,0,0,0,126.7045,35.961,0,0,0,0,166,1,1
0,4,0,0,0,2,0,126.8697,37.4566,0,0,0,0,81,1,1
0,4,0,0,0,1,0,128.6723,35.247,0,0,0,0,86,1,1
0,2,2,1,1,0,0,127.1116,37.4903,0,0,0,0,156,1,1
0,2,0,1,1,1,0,127.4022,37.3084,0,0,1,0,41,1,1
0,5,0,0,0,0,0,126.617,36.5052,0,0,1,0,38,1,1
0,3,5,0,0,0,0,127.6248,35.1937,0,0,0,0,172,1,1
0,1,0,1,1,0,0,127.5025,34.9401,0,0,0,0,27,1,1
1,1,0,0,0,0,0,126.4129,34.817,0,0,0,0,153,1,1
0,2,0,0,0,2,0,126.9694,37.4854,0,0,0,0,93,1,1
0,1,0,0,0,0,0,129.2063,35.8278,0,0,0,0,100,1,1
0,5,0,1,2,0,0,126.9728,37.3499,0,0,1,0,199,1,1
0,5,0,0,0,0,0,127.9299,37.06,0,0,1,0,6,1,1
0,3,0,0,0,2,0,128.9032,35.2425,0,0,0,0,13,1,1
1,3,2,0,3,0,0,128.6947,35.6745,0,0,0,0,3,1,1
0,5,0,0,3,0,0,126.6707,37.452,0,0,1,0,29,1,1
0,5,0,0,0,0,0,127.0655,37.1094,0,0,1,0,14,1,1
0,4,0,0,3,0,0,126.9045,37.4984,0,0,0,0,150,1,1
1,3,0,0,0,4,0,126.8153,37.5684,0,0,0,0,43,1,1
1,1,0,0,0,1,0,127.74,35.5383,0,0,0,0,108,1,1
1,3,0,0,0,2,0,127.0611,38.0297,0,0,0,0,106,1,1
0,1,0,0,3,0,0,129.2243,35.8485,0,0,0,0,100,1,1
0,6,0,1,1,1,0,126.9087,36.2815,0,0,1,0,129,1,1
0,4,0,0,0,1,0,126.6492,36.8212,0,0,0,0,46,0,0
0,0,0,0,0,0,0,129.049,37.2485,0,0,0,0,78,0,0
1,0,4,0,0,0,0,128.5375,35.8503,0,0,0,0,20,1,1
1,0,0,1,2,1,0,128.4554,35.8235,0,0,0,0,220,1,1
1,0,0,0,0,2,0,126.5068,33.5164,0,0,0,0,90,1,1
0,4,0,0,0,0,0,127.4152,36.3576,0,0,0,0,77,1,1
1,2,0,0,0,1,0,127.2692,36.9893,0,0,0,0,23,1,1
0,1,0,0,3,0,0,127.0387,37.5583,0,0,0,0,84,1,1
0,3,0,0,0,0,0,126.7685,36.827,0,0,0,0,46,1,1
0,0,0,0,0,2,0,127.0157,37.5041,0,0,0,0,214,1,1
0,5,3,1,1,0,0,126.9031,37.5569,0,0,1,0,159,1,1
0,0,2,0,0,1,0,126.6359,36.9016,0,0,0,0,46,1,1
0,5,0,0,0,0,0,128.0903,35.1787,0,0,1,0,42,1,1
0,5,0,2,4,0,0,126.7893,37.3281,0,0,1,0,2,1,1
1,4,1,0,0,3,0,128.4213,34.8423,0,0,0,0,212,1,0
1,3,1,0,3,1,0,128.5481,35.9483,0,0,0,0,112,1,0
1,0,4,2,4,1,0,128.981,35.2111,0,0,0,0,206,1,1
1,4,0,1,1,0,0,127.2939,35.2783,0,0,0,0,147,1,1
1,4,1,0,3,5,0,126.8472,37.283,0,0,0,0,2,1,0
0,1,0,1,2,4,0,126.4112,36.9686,0,0,0,0,69,1,1
0,1,0,0,0,0,0,127.0404,37.5067,0,0,0,0,89,1,1
1,0,0,0,3,2,0,126.761,37.6703,0,0,0,0,40,1,1
0,4,1,1,2,0,0,127.9482,37.3362,0,0,0,0,36,1,0
0,5,0,0,0,0,0,128.0661,35.1613,0,0,1,0,42,1,1
0,3,0,1,2,0,0,127.3741,36.3578,0,0,0,0,4,1,1
0,6,0,0,3,0,0,127.3684,36.3475,0,0,1,0,4,1,1
0,6,0,0,0,0,0,127.9864,37.5734,0,0,1,0,31,1,1
0,5,1,0,3,0,0,127.6769,34.9477,0,0,1,0,130,1,0
1,3,0,0,0,0,0,127.1083,35.8046,0,0,0,0,11,0,0
0,3,0,1,1,0,0,128.7592,35.8435,0,0,0,0,52,1,1
0,6,0,0,0,0,0,127.0559,37.5222,0,0,1,0,89,1,1
0,0,5,1,1,0,0,128.7238,35.8678,0,0,0,0,26,1,1
0,0,0,0,3,0,0,127.1004,37.6,0,0,0,0,196,1,1
1,2,0,0,0,0,0,126.755,34.3116,0,0,0,0,141,1,1
1,5,0,0,0,0,0,127.0177,37.3012,0,0,1,0,99,1,1
1,5,0,0,3,2,0,126.8165,37.4885,0,0,1,0,65,1,1
0,5,0,0,0,6,0,127.2446,37.4144,0,0,1,0,9,1,1
1,3,0,1,1,1,0,129.0369,35.1141,0,0,0,0,209,1,1
0,5,0,0,0,0,0,126.7477,37.0625,0,0,1,0,50,0,0
0,6,3,0,3,2,0,128.3434,36.1229,0,0,1,0,144,0,0
0,5,0,0,0,4,0,126.6488,33.2719,0,0,1,0,62,1,1
0,5,0,0,3,2,0,126.9721,37.5557,0,0,1,0,134,1,1
1,4,0,0,0,1,0,126.9055,37.4566,0,0,0,0,109,1,1
1,3,0,0,0,1,0,126.6838,37.4639,0,0,0,0,29,1,1
1,3,0,0,0,2,0,128.9948,35.1369,0,0,1,0,120,1,1
1,1,0,0,0,0,0,127.0262,37.2766,0,0,0,0,99,1,1
0,5,0,0,0,1,0,128.1492,35.2131,0,0,1,0,42,1,1
0,3,0,1,1,0,0,126.9283,37.4018,0,0,0,0,151,1,1
1,3,0,0,0,2,0,127.0358,37.5782,0,0,0,0,201,1,1
0,2,0,2,4,0,0,129.0351,35.3383,0,0,0,0,49,0,0
0,5,0,0,0,1,0,127.7229,36.4807,0,0,1,0,32,0,0
0,2,0,0,0,0,0,127.6141,37.5038,0,0,0,0,48,1,1
0,2,0,0,0,0,0,129.2548,35.5573,0,0,0,0,17,1,1
0,2,0,0,3,0,0,126.486,37.4925,0,0,0,0,72,0,0
1,6,0,0,0,0,0,127.1101,37.6472,0,0,1,0,70,1,1
1,6,0,0,0,0,0,129.006,35.2301,0,0,1,0,118,1,1
0,2,0,0,0,2,0,126.9083,37.4973,0,0,0,0,150,1,1
1,0,0,1,1,0,0,126.844,37.5323,0,0,0,0,43,1,1
0,5,0,0,0,1,0,127.1453,36.2125,0,0,1,0,61,1,1
0,4,0,1,1,1,0,126.8384,37.5211,0,0,0,0,140,1,1
0,0,0,0,0,0,0,126.9641,37.5724,0,0,0,0,116,1,1
0,0,0,0,0,0,0,127.5997,37.0187,0,0,0,0,110,1,1
0,5,0,0,3,1,0,126.2977,34.4392,0,0,1,0,71,1,1
0,5,0,0,3,0,0,127.02,37.5106,0,0,1,0,214,1,1
0,3,4,0,0,1,0,126.9178,37.5261,0,0,0,0,150,0,0
1,2,1,1,1,1,0,127.7191,34.804,0,0,0,0,102,1,0
0,3,1,0,3,1,0,128.8844,37.7687,0,0,0,0,194,1,0
0,4,1,1,2,0,0,126.8823,37.4827,0,0,0,0,109,1,0
0,3,0,0,0,1,0,128.9859,35.1954,0,0,0,0,120,1,1
1,5,0,1,2,1,0,127.2501,37.0121,0,0,1,0,23,1,1
0,5,0,1,2,0,0,129.3106,35.553,0,0,1,0,205,1,1
0,6,1,0,0,2,0,126.9601,35.933,0,0,1,0,125,1,0
0,6,0,0,0,1,0,126.9958,37.8737,0,0,1,0,59,1,1
1,5,0,0,0,0,0,127.6788,34.7642,0,0,1,0,102,1,1
1,4,0,0,0,0,0,129.109,37.5423,0,0,0,0,210,1,1
0,2,0,1,2,1,0,127.7099,34.7542,0,0,0,0,102,1,1
0,1,1,0,3,0,0,126.7998,33.307,0,0,0,0,62,1,0
0,1,0,0,0,0,0,128.4467,35.6825,0,0,0,0,30,1,1
1,4,0,0,0,1,0,127.4343,36.6279,0,0,0,0,83,1,1
0,3,0,0,0,2,0,129.0761,35.1789,0,0,0,0,221,1,1
0,0,0,1,2,0,0,127.0123,37.2705,0,0,0,0,99,1,1
0,6,4,0,0,0,0,128.4444,37.1833,0,0,1,0,114,0,0
0,4,0,0,0,0,0,126.9156,37.6029,0,0,0,0,139,1,1
1,5,0,0,0,1,0,126.6665,35.4114,0,0,1,0,219,1,1
0,4,0,0,0,0,0,127.7276,34.7407,0,0,0,0,102,1,1
1,2,0,0,0,1,0,128.0014,36.2178,0,0,0,0,75,1,1
0,1,0,1,2,1,0,126.3684,35.0043,0,0,0,0,101,1,1
0,0,1,0,3,0,0,128.6631,35.1524,0,0,0,0,86,1,0
0,5,0,0,0,0,0,126.9785,37.2773,0,0,1,0,99,1,1
1,3,0,0,0,2,0,126.2959,36.7542,0,0,0,0,169,1,1
1,1,0,0,0,0,0,128.6272,35.8769,0,0,0,0,26,1,1
0,2,0,0,0,0,0,127.7455,34.7264,0,0,0,0,102,1,1
1,1,0,0,3,0,0,128.618,35.8642,0,0,0,0,37,1,1
0,3,0,0,0,0,0,127.4267,37.0655,1,0,0,0,23,0,0
0,0,0,0,0,1,0,129.0945,35.2836,0,0,0,0,96,1,1
0,5,0,1,1,0,0,126.9768,37.57,0,0,1,0,116,1,1
0,0,0,0,0,1,0,126.8993,37.4713,0,0,0,0,109,1,1
0,0,1,0,0,4,0,128.3304,36.1363,0,0,0,0,144,1,0
0,5,0,0,0,0,0,126.4376,36.7714,0,0,1,0,69,1,1
1,5,0,0,3,4,0,127.0665,37.5613,0,0,1,0,201,1,1
0,5,0,0,0,0,0,128.631,34.8928,0,0,1,0,15,1,1
0,1,0,0,0,0,0,127.0415,37.5052,1,0,0,0,89,1,1
0,4,0,0,0,2,0,126.9929,37.5558,0,0,0,0,8,1,1
1,4,1,0,3,2,0,127.1504,36.8127,0,0,0,0,63,1,0
1,5,4,1,2,0,0,129.1788,35.844,0,0,1,0,100,0,0
1,0,0,1,2,1,0,126.878,37.5172,0,0,0,0,150,1,1
0,4,0,0,0,1,0,126.7756,37.6029,0,0,0,0,47,1,1
0,4,0,1,2,0,0,128.6052,35.8389,0,0,0,0,145,1,1
0,0,0,0,0,2,0,128.9847,35.1575,0,0,0,0,120,1,1
0,6,0,0,0,2,0,126.9126,37.3174,0,0,1,0,126,1,1
1,1,0,0,0,0,0,126.8088,34.4171,0,0,0,0,141,1,1
1,0,2,0,0,0,0,127.1559,35.8812,0,0,0,0,28,1,1
1,5,0,0,0,1,0,126.8477,37.2487,0,0,1,0,50,1,1
0,6,0,1,1,1,0,126.9878,36.7824,0,0,0,0,53,1,1
0,1,0,0,0,0,0,127.0243,37.5053,0,0,0,0,214,1,1
1,0,0,2,4,1,0,129.0955,35.1127,0,0,0,0,180,1,1
0,5,0,1,1,0,0,126.6802,35.9769,0,0,1,0,166,1,1
0,5,0,0,0,0,0,127.4287,36.4529,0,0,1,0,77,1,1
0,3,0,0,0,1,0,126.495,34.1828,0,0,0,0,141,1,1
1,5,1,0,3,0,0,126.7315,37.4561,0,0,1,0,29,0,0
0,4,4,0,0,0,0,126.8499,37.5483,0,0,0,0,43,1,1
0,4,0,1,1,0,0,128.5698,35.8441,0,0,0,0,145,1,1
0,2,0,1,2,0,0,126.9768,37.4013,0,0,0,0,151,1,1
0,5,0,0,0,0,0,128.2364,35.1081,0,0,1,0,87,1,1
0,4,2,0,0,0,0,129.0547,35.3235,0,0,0,0,49,1,1
0,3,4,0,0,0,0,127.0724,37.6123,0,0,0,0,196,1,1
0,5,2,0,0,0,0,127.1263,37.5378,0,0,1,0,91,1,1
0,4,0,0,0,0,0,127.0164,37.2861,0,0,0,0,99,1,1
1,0,0,2,4,0,0,129.1498,35.4262,0,0,0,0,49,1,1
0,5,0,0,0,1,0,127.1035,36.1694,0,0,1,0,61,1,1
0,5,0,1,1,0,0,128.1181,35.1713,0,0,1,0,42,1,1
0,5,3,0,3,1,0,129.0746,35.2059,0,0,1,0,216,1,1
1,1,0,0,0,1,0,127.2494,37.3944,0,0,0,0,9,1,1
1,0,0,1,1,3,0,127.1239,37.6996,0,0,0,0,70,1,1
0,4,0,0,0,0,0,127.1364,37.4355,0,0,0,0,95,0,0
0,0,0,0,0,4,0,129.0913,35.2241,0,0,0,0,96,1,1
0,6,0,1,2,2,0,126.97,37.2742,0,0,1,0,99,1,1
1,0,0,0,0,2,0,127.8852,35.2334,0,0,0,0,172,1,1
1,4,0,0,0,1,0,127.663,36.5771,0,0,0,0,32,1,1
1,4,0,1,2,2,0,127.0114,37.663,0,0,0,0,200,0,0
1,1,4,1,2,0,0,127.0304,37.2902,0,0,0,0,99,1,1
0,4,0,0,0,0,0,127.1505,35.829,0,0,0,0,11,1,1
1,5,0,0,0,0,0,127.5153,35.9728,0,0,1,0,192,1,1
0,1,0,0,0,1,0,126.7772,36.8064,1,0,0,0,46,1,1
0,3,0,0,0,1,0,126.8048,37.521,0,0,0,0,65,1,1
0,2,0,1,1,0,0,127.7288,34.7466,0,0,0,0,102,1,1
0,1,0,0,0,1,0,126.7104,35.0341,0,0,0,0,33,1,1
1,5,0,0,0,3,0,127.0778,37.6119,0,0,1,0,196,0,0
0,4,3,0,3,2,0,126.6774,37.5571,0,0,0,0,97,1,1
0,4,1,1,2,2,0,128.5885,35.2476,0,0,0,0,86,1,0
1,3,0,0,0,1,0,126.5243,35.0276,0,0,0,0,157,0,0
1,3,0,0,0,3,0,127.0296,36.9822,0,0,0,0,14,0,0
1,1,0,1,1,5,0,126.9294,36.9836,0,0,0,0,14,1,1
1,1,0,0,0,2,0,129.3412,36.0893,0,0,0,0,160,1,1
0,0,0,0,0,2,0,126.9322,37.0228,0,0,0,0,14,1,1
0,0,0,1,1,0,0,127.1041,37.0003,0,0,0,0,14,1,1
0,3,0,0,0,2,0,129.0875,35.223,0,0,0,0,96,1,1
0,3,2,0,0,0,0,126.8639,37.55,0,0,0,0,140,1,1
0,3,0,0,3,0,0,126.8327,37.6403,0,0,0,0,40,1,1
0,6,0,1,1,0,0,126.7345,37.487,0,0,1,0,44,1,1
0,4,1,0,3,0,0,126.7277,37.4985,0,0,0,0,44,1,0
1,4,0,1,1,1,0,128.5559,35.8422,0,0,0,0,20,1,1
0,3,2,1,1,1,0,126.6554,36.581,0,0,0,0,38,1,1
0,0,0,1,2,0,0,129.2927,35.6686,0,0,0,0,100,1,1
0,0,0,0,0,1,0,126.8671,37.2967,0,0,0,0,2,1,1
1,5,0,0,0,1,0,126.3895,37.7196,0,0,1,0,92,1,1
1,3,1,0,3,0,0,127.0568,37.2582,0,0,0,0,99,1,0
0,6,0,0,0,1,0,128.9778,37.1828,0,0,1,0,215,0,0
0,0,0,1,1,0,0,127.0547,36.775,0,0,0,0,53,1,1
0,4,0,1,1,1,0,128.1992,36.5909,0,0,0,0,74,1,1
0,1,0,0,0,0,0,127.5829,34.9653,0,0,0,0,130,0,0
1,0,1,0,3,0,0,126.9225,36.9845,0,0,0,0,14,1,0
0,2,0,1,1,0,0,127.4833,36.6715,0,0,0,0,83,1,1
0,4,1,0,3,0,0,129.2706,35.8582,0,0,0,0,100,1,0
0,2,0,0,0,0,0,127.0717,37.5479,0,0,0,0,183,1,1
1,2,5,0,3,6,0,126.9087,37.4876,0,0,0,0,150,1,1
1,2,0,0,0,0,0,126.9644,37.5533,0,0,0,0,8,1,1
0,2,0,0,3,0,0,126.9352,37.6021,0,0,0,0,139,1,1
0,0,0,0,3,0,0,126.6022,36.3147,0,0,0,0,136,1,1
0,2,0,0,0,0,0,127.8668,34.9297,0,0,0,0,197,1,1
0,4,0,2,4,1,0,129.0243,35.095,0,0,0,0,226,1,1
0,1,0,0,0,2,0,126.4805,36.788,0,0,0,0,69,1,1
0,1,0,0,0,0,0,126.7575,37.5029,0,0,0,0,65,1,1
0,6,0,1,1,0,0,129.3477,35.6298,0,0,1,0,158,1,1
0,0,0,0,0,0,0,128.5721,36.2415,0,0,0,0,170,1,1
0,0,0,1,1,0,0,126.2689,33.4254,0,0,0,0,90,1,1
0,5,1,1,1,0,0,126.7075,36.0074,0,0,1,0,10,1,0
1,5,0,2,4,2,0,126.2943,36.7537,0,0,1,0,169,1,1
1,0,0,1,1,0,0,127.9213,37.3412,0,0,0,0,36,1,1
1,6,1,0,0,0,0,127.3519,36.6093,0,0,1,0,83,1,0
0,4,0,0,0,0,0,126.3885,34.7975,0,0,0,0,153,1,1
0,4,1,0,3,0,0,128.6124,35.8988,0,0,0,0,112,1,0
0,6,0,0,0,4,0,127.2504,36.1251,0,0,1,0,61,1,1
1,0,0,1,1,5,0,127.7317,35.5105,0,0,0,0,108,1,1
0,5,0,0,3,1,0,126.9828,37.4938,0,0,1,0,214,1,1
1,5,1,0,0,0,0,127.1256,35.9578,0,0,1,0,28,0,0
0,1,0,0,0,0,0,127.0376,37.4619,0,0,0,0,214,1,1
1,5,0,1,2,0,0,126.9139,35.1683,0,0,1,0,137,1,1
0,1,3,0,3,0,0,126.6593,37.468,1,0,0,0,29,1,1
1,3,0,0,0,0,0,126.6798,33.333,0,0,0,0,62,1,1
1,5,0,0,0,2,0,127.453,36.6342,0,0,1,0,83,1,1
0,6,0,0,0,0,0,129.2039,35.8448,0,0,1,0,100,1,1
1,5,0,0,3,1,0,127.44,36.5627,0,0,1,0,83,0,0
0,4,0,0,0,1,0,127.3736,35.4466,0,0,0,0,193,1,1
0,5,0,1,2,0,0,127.3224,36.3878,0,0,1,0,148,1,1
0,2,3,1,1,0,0,126.6362,37.469,0,0,0,0,72,1,1
1,2,0,0,0,1,0,129.0844,35.5243,0,0,1,0,17,1,1
1,0,0,0,0,0,0,126.9957,37.2047,0,0,0,0,50,1,1
1,0,1,1,2,1,0,127.1294,35.8398,0,0,0,0,11,1,0
0,5,0,0,0,2,0,126.847,37.5311,0,0,1,0,43,1,1
0,0,2,0,3,0,0,128.424,34.8505,0,0,0,0,212,1,1
0,6,0,0,0,0,0,127.3988,36.3426,0,0,1,0,4,1,1
0,4,0,1,2,0,0,126.8562,37.4881,0,0,0,0,79,1,1
0,5,0,1,2,1,0,126.5775,37.6489,0,0,1,0,47,1,1
1,6,0,1,1,1,0,128.0156,37.1411,0,0,1,0,103,1,1
1,1,1,0,3,0,0,127.1452,37.4477,0,0,0,0,95,1,0
0,4,0,0,0,1,0,127.6403,36.9586,0,0,0,0,110,1,1
0,0,3,0,3,0,0,128.5742,35.8625,0,0,0,0,107,1,1
0,5,0,0,0,5,0,127.2095,37.8948,0,0,1,0,171,1,1
0,6,0,0,0,0,0,127.0464,37.6745,0,0,1,0,98,1,1
0,6,0,1,1,0,0,126.9236,37.3618,0,0,1,0,126,1,1
0,4,0,0,0,0,0,129.3787,36.0583,0,0,0,0,160,1,1
0,3,0,0,0,0,0,128.0462,38.1426,0,0,0,0,115,1,1
0,2,0,0,0,0,0,126.346,36.5296,0,0,0,0,169,0,0
0,2,3,1,1,0,0,127.153,35.8209,0,0,0,0,11,1,1
0,1,0,0,0,0,0,127.0253,37.2762,0,0,0,0,99,1,1
0,0,0,0,0,0,0,127.5947,37.3763,0,0,0,0,22,1,1
1,0,0,0,0,0,0,128.4545,36.0925,0,0,0,0,144,1,1
0,6,0,0,0,0,0,126.7477,35.9492,0,0,1,0,166,1,1
1,5,0,1,2,1,0,128.9538,35.9763,0,0,1,0,5,1,1
0,5,0,0,3,0,0,127.102,36.1509,0,0,1,0,61,1,1
0,0,0,0,3,0,0,127.2674,35.6781,0,0,0,0,152,1,1
0,0,0,0,0,0,0,127.1497,36.7821,0,0,0,0,63,1,1
0,6,0,0,0,0,0,127.4053,37.5135,0,0,1,0,48,1,1
0,3,0,0,0,1,0,127.4984,36.9661,0,0,0,0,110,1,1
0,3,0,1,2,0,0,127.5374,34.9153,0,0,0,0,27,1,1
0,6,4,0,0,0,0,128.0374,35.2117,0,0,1,0,42,1,1
1,5,4,1,2,0,0,127.1148,35.7938,1,0,1,0,11,0,0
1,0,1,0,3,1,0,127.2183,38.208,0,0,0,0,184,1,0
0,1,0,0,0,0,0,127.1753,35.8303,0,0,0,0,11,1,1
1,1,0,0,0,0,0,126.6775,37.6499,0,0,0,0,47,1,1
1,1,0,0,0,0,0,126.8474,35.1541,0,0,0,0,222,1,1
0,0,0,0,0,0,0,126.7646,37.3736,0,0,0,0,73,1,1
1,1,1,0,3,3,0,127.9358,37.3565,0,0,0,0,36,1,0
0,4,0,0,0,2,0,127.0607,37.0872,0,0,0,0,14,1,1
1,6,0,0,0,1,0,127.4448,36.3221,0,0,1,0,80,1,1
1,2,0,0,0,0,0,126.2901,36.759,0,0,0,0,169,1,1
1,3,0,0,0,8,0,126.1098,34.8289,0,0,0,0,132,0,0
1,1,1,1,1,3,0,126.969,37.2985,0,0,0,0,99,1,0
0,3,0,2,4,0,0,128.8085,35.8229,0,0,0,0,52,1,1
1,3,0,0,0,2,0,128.5029,35.8073,0,0,0,0,30,1,1
1,5,0,0,3,2,0,127.0946,37.5348,0,0,1,0,183,1,1
0,6,0,0,0,0,0,127.9982,35.2151,0,0,1,0,42,1,1
0,4,0,0,0,0,0,126.9035,37.5203,0,0,0,0,150,1,1
0,4,1,0,3,0,0,126.6497,36.331,0,0,0,0,136,1,0
1,3,0,0,0,0,0,128.6706,35.8364,0,0,0,0,37,1,1