주야,요일,법규위반,도로형태_대분류,도로형태,당사자종별_1당_대분류,당사자종별_2당_대분류,경도,위도,사고피해정도,도시여부,주말/공휴일,인구수,발생지번호,보행자의위치,무단횡단여부
0,4,0,1,2,1,0,129.3211,35.5359,0,0,0,0,213,1,1
0,3,0,2,4,2,0,127.0684,36.7749,0,0,0,0,53,1,1
1,2,0,0,0,1,0,129.0705,35.1372,0,0,0,0,180,1,1
0,4,0,0,0,0,0,126.5025,37.255,0,0,0,0,186,0,0
0,4,0,0,0,0,0,126.5805,37.6367,0,0,0,0,47,1,1
1,0,0,0,0,0,0,126.8165,37.5646,0,0,0,0,43,1,1
0,4,0,0,0,0,0,129.3532,35.6057,0,0,0,0,158,1,1
0,5,1,0,0,0,0,126.6041,36.3483,0,0,1,0,136,1,0
1,0,0,0,0,0,0,127.1313,37.5935,0,0,0,0,165,1,1
1,3,0,1,2,1,0,129.38,36.0829,0,0,0,0,160,1,1
0,1,0,0,0,0,0,128.9104,35.9566,0,0,0,0,5,1,1
0,0,0,0,0,1,0,126.663,34.9206,0,0,0,0,33,1,1
0,6,0,0,0,0,0,127.3051,37.0133,0,0,1,0,23,1,1
0,4,0,0,0,1,0,128.7187,35.6673,0,0,0,0,3,0,0
0,1,0,1,1,1,0,127.3335,36.3512,0,0,0,0,148,1,1
1,3,0,0,0,0,0,126.9522,37.4823,0,0,0,0,188,1,1
1,3,0,0,0,2,0,126.4427,36.7827,0,0,0,0,69,1,1
1,2,1,0,3,0,0,128.6235,35.8376,0,0,0,0,37,1,0
1,0,0,1,1,0,0,127.0404,35.6219,0,0,0,0,12,1,1
0,2,0,0,0,2,0,126.9551,37.5503,0,0,0,0,159,1,1
1,2,0,1,1,0,0,126.8979,37.4788,0,0,0,0,109,1,1
0,4,0,0,0,2,0,127.539,37.4231,0,0,1,0,48,1,1
1,4,0,1,1,1,0,126.8361,37.5338,0,0,0,0,43,1,1
0,1,0,0,0,8,0,129.3547,36.0391,0,0,0,0,160,1,1
1,2,0,0,3,2,0,127.1293,37.43,0,0,0,0,95,1,1
0,3,1,0,3,0,0,126.6032,36.3474,0,0,0,0,136,1,0
0,3,0,0,0,0,0,127.6629,34.7689,0,0,0,0,102,1,1
1,0,0,0,0,1,0,127.0606,35.8931,0,0,0,0,11,1,1
0,1,0,0,0,2,0,126.8966,37.5815,0,0,0,0,139,1,1
1,5,2,0,0,0,0,126.6765,35.681,0,0,1,0,185,1,1
0,1,0,0,0,0,0,126.8549,35.1536,0,0,0,0,222,1,1
1,2,0,0,0,1,0,126.2657,34.4834,0,0,0,0,71,1,1
1,4,0,0,0,1,0,126.2898,36.6847,0,0,0,0,169,1,1
0,2,0,1,1,0,0,127.0709,37.029,0,0,0,0,14,1,1
0,1,0,0,0,0,0,127.7402,37.8746,0,0,0,0,111,1,1
0,4,0,1,2,0,0,127.9599,37.3282,0,0,0,0,36,1,1
1,4,0,0,0,1,0,128.8865,35.0898,0,0,0,0,206,1,1
1,1,0,1,2,2,0,127.0751,35.9109,0,0,0,0,28,1,1
1,1,0,0,0,0,0,127.0371,37.2165,0,0,0,0,50,1,1
1,1,3,1,1,3,0,126.9872,37.817,0,0,0,0,59,1,1
1,1,0,1,1,1,0,127.2088,37.2331,0,0,0,0,51,1,1
0,1,1,0,3,2,0,126.9016,35.1873,0,0,0,0,137,1,0
0,2,0,0,0,0,0,126.4102,37.7746,0,0,0,0,92,1,1
0,1,0,0,0,0,0,126.8658,36.9874,0,0,0,0,14,1,1
0,3,1,1,2,0,0,128.2136,37.1381,0,0,0,0,103,1,0
0,6,0,0,0,0,0,127.0905,35.8609,0,0,1,0,11,1,1
0,1,0,1,1,0,0,128.8511,35.2091,0,0,0,0,13,1,1
1,2,0,1,1,2,0,126.804,37.7348,0,0,0,0,175,1,1
0,2,0,1,2,0,0,129.3123,35.5736,0,0,0,0,205,1,1
0,0,2,1,2,0,0,127.0546,37.7001,0,0,0,0,64,1,1
1,5,0,0,0,4,0,128.8861,37.7593,0,0,1,0,194,1,1
0,3,0,0,0,0,0,126.6791,36.592,0,0,0,0,38,1,1
1,5,1,1,1,1,0,127.3066,37.6531,0,0,0,0,70,1,0
0,3,0,0,3,0,0,128.6634,35.3228,0,0,0,0,86,1,1
0,4,0,0,0,0,0,126.9097,35.9064,0,0,0,0,125,1,1
0,3,0,1,2,1,0,129.153,35.3865,0,0,0,0,49,1,1
0,4,2,1,1,0,0,129.0027,35.268,0,0,0,0,13,1,1
1,4,0,0,3,0,0,127.0306,37.5755,0,0,0,0,201,1,1
0,4,0,1,1,0,0,128.0936,35.1896,0,0,0,0,42,0,0
1,4,0,1,2,1,0,127.1133,36.7847,0,0,0,0,63,1,1
0,4,0,1,2,0,0,127.7256,34.9514,0,0,0,0,130,1,1
1,3,0,0,0,6,0,126.3957,34.804,0,0,0,0,153,1,1
1,5,0,0,0,3,0,126.7084,37.4028,0,0,1,0,29,1,1
0,6,0,1,1,0,0,127.2038,36.175,0,0,1,0,61,0,0
1,4,0,0,0,2,0,129.321,35.5599,0,0,0,0,205,1,1
1,3,0,0,3,0,0,126.8703,33.5189,0,0,0,0,90,1,1
0,3,0,0,0,0,0,128.5833,38.2046,0,0,0,0,104,0,0
0,2,0,0,0,0,0,129.1018,37.5398,0,0,0,0,210,1,1
1,2,2,0,0,1,0,128.2015,35.6748,0,0,0,0,220,0,0
0,2,0,0,0,0,0,127.3364,37.1802,0,0,0,0,51,1,1
0,6,0,0,0,0,0,127.1354,36.9189,0,0,1,0,63,1,1
0,5,0,0,0,0,0,127.0822,37.2688,0,0,1,0,99,1,1
0,5,0,0,0,0,0,128.993,36.9565,0,0,1,0,149,0,0
1,2,1,0,3,1,0,126.8515,37.553,0,0,0,0,43,0,0
0,2,3,1,1,2,0,127.0551,37.629,0,0,0,0,18,1,1
0,6,0,0,0,0,0,126.916,33.4485,0,0,1,0,62,1,1
1,0,3,0,0,0,0,128.5849,35.8657,0,0,0,0,178,1,1
1,2,0,1,2,2,0,128.8971,37.7551,0,0,0,0,194,1,1
0,0,0,0,0,1,0,126.9128,33.4463,0,0,0,0,62,1,1
1,6,3,0,3,7,0,127.0462,37.5809,0,0,1,0,201,1,1
0,6,0,0,0,2,0,127.1607,36.8238,0,0,1,0,63,1,1
0,5,1,0,0,0,0,127.1151,35.8452,0,0,1,0,11,1,0
1,2,4,0,0,0,0,126.8041,35.1732,0,0,0,0,135,0,0
0,6,0,0,0,0,0,128.5833,35.8565,0,0,1,0,145,1,1
1,0,0,1,2,1,0,129.3666,36.0328,0,0,0,0,160,1,1
1,2,0,0,0,0,0,127.0222,37.2958,0,0,0,0,99,1,1
0,2,3,0,3,0,0,127.2205,35.7485,0,0,0,0,28,0,0
1,5,0,0,0,1,0,126.8972,37.8487,0,0,1,0,175,1,1
1,3,0,1,1,2,0,126.8628,37.3134,0,0,0,0,2,1,1
0,6,1,0,3,1,0,127.8504,37.6686,0,0,1,0,82,1,0
0,3,0,0,0,3,0,128.3445,35.2616,0,0,0,0,117,1,1
1,4,1,1,1,0,0,126.7588,37.6723,0,0,0,0,40,1,0
0,0,0,0,0,0,0,126.4985,36.7825,0,0,0,0,69,1,1
0,4,0,1,1,0,0,127.3273,36.6108,0,0,0,0,83,1,1
0,4,1,0,3,0,0,126.676,36.2929,0,0,0,0,136,1,0
1,6,0,1,2,0,0,128.434,36.1559,0,0,1,0,144,1,1
0,4,0,0,0,1,0,127.423,36.3591,0,0,0,0,77,1,1
0,4,3,1,2,1,0,126.7181,36.7414,0,0,0,0,187,1,1
0,4,0,0,0,0,0,127.0172,37.5735,0,0,0,0,116,1,1
1,1,2,0,0,2,0,128.1621,36.5872,0,0,0,0,58,1,1
0,2,0,0,0,2,0,126.8121,37.5611,0,0,0,0,43,1,1
1,0,0,0,0,1,0,126.6675,37.6072,0,0,0,0,97,0,0
0,3,0,0,0,0,0,126.9316,37.5482,0,0,0,0,159,1,1
0,4,0,0,0,0,0,127.4933,34.9497,0,0,0,0,27,1,1
0,0,0,0,0,0,0,127.168,37.7036,0,0,0,0,70,1,1
1,3,3,1,1,1,0,126.9281,37.384,0,0,0,0,151,0,0
0,0,0,0,0,0,0,128.9837,35.2408,0,0,0,0,13,1,1
0,4,1,0,0,0,0,127.1399,35.8317,0,0,0,0,11,0,0
0,3,1,1,2,0,0,127.1589,37.4429,0,0,0,0,95,1,0
0,0,0,0,0,0,0,127.3217,36.1621,0,0,0,0,68,0,0
0,1,0,0,0,0,0,129.0604,35.1594,0,0,0,0,231,1,1
1,2,4,0,0,1,0,128.7935,35.2927,0,0,0,0,13,0,0
0,0,0,0,0,0,0,128.5073,35.3394,0,0,0,0,117,0,0
1,3,0,0,0,2,0,129.0849,35.2221,0,0,0,0,96,1,1
0,5,0,1,2,0,0,127.2417,35.7076,0,0,1,0,28,1,1
0,0,1,0,3,0,0,126.3931,34.7957,0,0,0,0,153,1,0
1,4,1,1,1,3,0,126.5598,33.5057,0,0,0,0,90,0,0
0,1,0,0,0,0,0,128.8113,35.1016,0,0,0,0,86,1,1
0,4,0,1,2,0,0,128.9622,35.0954,0,0,0,0,25,1,1
0,1,0,1,1,0,0,126.9201,37.4999,0,0,0,0,150,1,1
0,2,0,0,0,0,0,128.2875,37.9109,0,0,0,0,124,1,1
0,6,0,0,0,0,0,126.7869,37.4875,0,0,1,0,65,1,1
1,5,1,0,3,1,0,128.6414,35.8225,0,0,1,0,37,0,0
0,2,0,0,0,0,0,127.9176,36.4474,0,0,0,0,58,1,1
0,4,0,0,0,0,0,128.4559,35.6439,0,0,0,0,30,1,1
0,0,3,0,0,1,0,126.844,37.6636,0,0,0,0,40,1,1
0,6,0,0,0,0,0,126.8833,37.7354,0,0,1,0,175,1,1
0,4,0,1,1,0,0,127.08,37.4602,0,0,0,0,214,1,1
0,3,0,0,3,1,0,126.7295,37.3561,0,0,0,0,73,1,1
1,0,0,0,0,0,0,126.9815,35.2862,0,0,0,0,181,0,0
1,6,0,1,1,0,0,127.4603,36.2968,0,0,1,0,80,1,1
0,4,3,1,1,1,0,126.9818,35.959,0,0,0,0,125,1,1
0,4,0,0,0,0,0,128.5382,35.8509,0,0,0,0,20,1,1
0,4,2,1,2,0,0,129.3742,36.0187,0,0,0,0,160,1,1
0,4,3,0,3,1,0,127.0683,37.636,0,0,0,0,18,1,1
0,4,0,0,0,0,0,126.8141,36.7056,0,0,0,0,187,1,1
0,5,0,1,1,0,0,126.7259,37.5086,0,0,1,0,44,1,1
0,3,0,0,0,0,0,128.7113,35.3295,0,0,0,0,86,1,1
0,6,0,0,0,1,0,128.4983,35.8094,0,0,1,0,30,1,1
0,3,2,0,0,0,0,129.3608,35.5479,0,0,0,0,213,1,1
0,4,3,1,2,0,0,126.6892,36.0776,0,0,0,0,10,1,1
0,4,3,0,3,2,0,127.0643,38.0331,0,0,0,0,106,1,1
1,5,0,0,0,0,0,127.1493,37.8315,0,0,1,0,171,1,1
0,1,0,0,0,1,0,127.225,37.0,0,0,0,0,23,1,1
0,4,0,1,2,0,0,127.3957,36.3181,0,0,0,0,39,1,1
0,4,3,0,3,0,0,129.2693,35.5615,0,0,0,0,205,1,1
1,6,0,0,0,0,0,127.4928,36.6115,0,0,1,0,83,1,1
0,0,0,2,4,0,0,127.665,37.6233,0,0,0,0,82,1,1
1,1,0,0,0,0,0,126.8961,37.5759,0,0,0,0,159,1,1
0,4,0,0,0,0,0,126.7226,37.5365,0,0,0,0,7,1,1
1,4,3,0,0,3,0,127.9617,37.414,0,0,0,0,36,1,1
0,5,0,0,0,0,0,129.0609,35.4176,0,0,1,0,49,1,1
0,6,0,0,0,0,0,128.151,36.4204,0,0,1,0,58,1,1
0,4,0,0,0,2,0,128.1859,38.1074,0,0,0,0,124,1,1
0,4,0,1,1,1,0,127.0486,37.8926,0,0,0,0,94,1,1
1,3,0,0,0,0,0,129.0325,35.1521,0,0,0,0,231,1,1
0,2,0,1,2,0,0,127.8391,35.3308,0,0,0,0,224,1,1
0,3,2,0,3,1,0,126.6733,37.4518,0,0,0,0,29,1,1
0,4,0,0,0,1,0,127.9177,37.0152,0,0,0,0,6,0,0
0,0,0,0,0,2,0,128.9817,35.2087,0,0,0,0,206,1,1
0,0,1,0,3,0,0,128.5806,35.2374,0,0,0,0,86,1,0
0,0,2,0,0,0,0,128.6864,35.2085,0,0,0,0,86,1,1
1,0,0,0,0,1,0,127.0477,37.6517,0,0,0,0,98,1,1
0,6,4,1,2,0,0,126.89,37.4795,0,0,1,0,79,1,1
1,3,0,0,0,4,0,126.7056,37.4651,0,0,0,0,29,1,1
0,0,0,0,0,1,0,127.4882,36.6577,0,0,0,0,83,1,1
1,1,0,0,0,1,0,126.9333,35.9985,0,0,0,0,125,1,1
1,3,0,0,0,0,0,129.0592,35.0975,0,0,0,0,173,1,1
1,2,0,2,4,1,0,126.7449,36.0724,0,0,0,0,10,1,1
0,1,0,0,0,0,0,128.9393,37.7384,0,0,0,0,194,1,1
0,0,1,0,3,0,0,126.3202,36.6289,0,0,0,0,169,1,0
1,2,2,1,2,0,0,126.6635,33.5369,0,0,0,0,90,1,1
0,1,2,1,2,0,0,129.3319,35.6248,0,0,0,0,158,1,1
0,0,3,1,2,0,0,127.3867,36.3513,0,0,0,0,4,1,1
0,2,0,1,1,0,0,129.0946,35.1859,0,0,1,0,221,1,1
0,2,0,0,3,0,0,128.7795,35.2944,0,0,1,0,13,0,0
1,6,0,0,0,2,0,126.566,33.2454,0,0,1,0,62,1,1
1,6,0,0,0,0,0,127.7139,35.0219,0,0,1,0,130,1,1
0,2,0,1,2,0,0,127.4439,37.2852,0,0,0,0,41,1,1
1,4,0,0,0,0,0,127.4615,36.3223,0,0,0,0,80,1,1
1,2,3,1,1,1,0,126.6324,34.7622,0,0,0,0,16,1,1
1,2,0,0,0,3,0,128.9862,35.0974,0,0,0,0,25,1,1
0,4,3,1,2,0,0,129.3339,35.4524,0,0,0,0,17,1,1
0,3,3,0,3,1,0,128.6758,35.8782,0,0,0,0,26,1,1
0,3,0,0,0,0,0,128.4127,36.0315,0,0,1,0,21,1,1
0,4,0,0,0,1,0,127.4595,37.4179,0,0,0,0,22,1,1
0,3,0,0,0,1,0,128.9744,35.158,0,0,0,0,120,1,1
0,5,3,1,1,0,0,127.0127,36.7748,0,0,1,0,53,1,1
0,3,0,0,0,2,0,127.4252,36.7011,0,0,0,0,83,1,1
1,3,4,0,3,1,0,128.6316,35.2616,1,0,0,0,86,1,1
0,6,0,0,3,0,0,126.6704,37.452,0,0,1,0,29,1,1
1,3,0,1,1,1,0,128.5822,35.2087,0,0,0,0,86,1,1
0,2,0,0,0,0,0,129.2758,35.8898,0,0,0,0,100,1,1
1,6,1,0,0,1,0,128.7266,36.5668,0,0,1,0,66,1,0
1,1,0,0,0,7,0,127.1436,37.5978,0,0,0,0,165,1,1
1,4,5,1,2,1,0,126.8982,35.1719,0,0,0,0,137,1,1
0,4,4,0,0,0,0,127.2269,34.5755,0,0,0,0,191,1,1
0,1,0,0,0,0,0,127.8274,36.7983,0,0,0,0,179,1,1
1,5,3,1,1,1,0,126.926,37.4836,0,0,1,0,188,1,1
0,3,0,1,2,1,0,126.6345,36.9013,0,0,1,0,46,1,1
1,4,0,0,0,1,0,127.0498,37.0753,0,0,0,0,14,0,0
0,6,4,0,0,0,0,127.4363,36.6305,0,0,1,0,83,1,1
0,2,0,0,3,2,0,126.2208,34.445,0,0,1,0,71,1,1
0,0,0,1,1,2,0,128.5782,36.1324,0,0,0,0,170,1,1
1,5,0,0,0,2,0,126.8745,37.4641,0,0,1,0,81,1,1
1,5,0,0,0,1,0,127.3285,34.838,0,0,1,0,122,1,1
1,0,1,0,0,2,0,127.0874,37.5796,0,0,0,0,196,1,0
0,6,0,1,2,0,0,126.9054,37.5254,0,0,1,0,150,1,1
0,0,1,0,0,2,0,126.6936,37.4228,0,0,0,0,35,1,0
0,2,1,1,1,0,0,127.0251,37.1077,0,0,0,0,14,1,0
0,6,0,1,1,0,0,126.7331,36.7835,0,0,1,0,187,1,1
1,4,0,1,1,0,0,127.4997,36.6274,0,0,0,0,83,1,1
0,4,0,0,0,0,0,126.9504,37.2857,0,0,0,0,99,1,1
0,1,0,1,1,1,0,126.4729,34.9829,0,0,0,0,101,1,1
0,5,0,0,0,2,0,126.7497,37.3409,0,0,1,0,73,1,1
1,2,0,1,1,0,0,127.0503,37.7262,0,0,0,0,64,1,1
0,3,0,0,0,0,0,128.5739,35.221,0,0,0,0,86,1,1
1,0,0,0,0,1,0,127.1274,35.841,0,0,0,0,11,1,1
1,2,0,1,1,1,0,128.1121,35.182,0,0,0,0,42,1,1
0,4,0,0,0,2,0,127.0283,36.5226,0,0,0,0,19,1,1
1,5,0,0,0,2,0,126.9291,35.1622,0,0,1,0,137,0,0
0,6,0,0,0,0,0,126.5688,33.266,0,0,1,0,62,1,1
0,3,0,0,3,0,0,126.9495,37.3924,0,0,0,0,151,1,1
0,2,3,1,1,1,0,127.1183,36.5801,0,0,0,0,19,1,1
1,2,0,0,0,0,0,129.001,35.2119,0,0,0,0,118,1,1
0,3,0,1,2,0,0,128.6039,35.8326,0,0,0,0,145,1,1
0,0,0,0,0,0,0,127.2081,37.8287,0,0,0,0,171,0,0
0,2,0,0,0,0,0,127.0585,36.4712,0,0,0,0,19,1,1
0,3,0,0,0,2,0,127.1137,36.0409,0,0,0,0,125,1,1
0,1,3,0,3,2,0,127.0952,37.5986,0,0,0,0,196,1,1
0,5,0,1,2,0,0,126.8972,35.1142,0,0,1,0,190,1,1
0,6,0,1,1,0,0,127.0617,35.8733,0,0,1,0,11,1,1
1,6,1,1,2,3,0,126.8411,37.5686,0,0,1,0,43,1,0
0,4,0,0,0,0,0,126.5455,33.4718,0,0,0,0,90,1,1
1,4,0,1,2,0,0,127.043,37.4657,1,0,0,0,214,1,1
1,4,0,0,0,2,0,127.0219,37.51,0,0,0,0,89,1,1
1,5,1,0,3,2,0,126.9447,37.3507,0,0,1,0,126,1,0
0,0,0,1,2,2,0,129.12,37.4419,0,0,0,0,78,1,1
0,5,0,0,0,0,0,128.0542,36.0477,0,0,1,0,76,1,1
0,5,0,0,0,0,0,127.9302,34.8164,0,0,1,0,197,1,1
1,3,3,1,1,0,0,126.8074,37.3041,0,0,0,0,2,1,1
0,4,0,0,0,0,0,126.6725,37.4993,0,0,0,0,97,1,1
1,4,3,1,2,1,0,126.7414,36.1944,0,0,0,0,129,0,0
0,0,1,0,3,4,0,128.7226,34.8667,1,0,0,0,15,1,0
0,4,0,0,0,1,0,129.1641,35.8375,0,0,0,0,100,1,1
1,3,0,0,0,5,0,129.173,35.7454,0,0,0,0,100,0,0
0,3,0,0,3,2,0,128.5866,35.2435,0,0,0,0,86,1,1
0,3,0,0,0,1,0,128.2863,35.9122,0,0,0,0,168,1,1
0,1,0,0,0,2,0,126.6504,37.4171,0,0,0,0,35,1,1
0,2,0,0,0,0,0,128.4398,36.3869,0,0,0,0,105,1,1
1,4,0,2,4,0,0,127.2871,35.277,0,0,0,0,147,1,1
0,3,0,0,0,0,0,126.942,37.2229,0,0,0,0,50,1,1
1,0,0,0,0,2,0,128.3776,37.1996,0,0,0,0,114,1,1
1,3,0,1,1,1,0,128.9684,35.3151,0,0,0,0,13,1,1
0,3,0,0,0,2,0,127.0199,37.5147,0,0,0,0,89,1,1
1,0,1,0,3,0,0,126.9622,35.9611,0,0,0,0,125,1,0
0,6,0,0,3,0,0,128.638,35.8975,0,0,1,0,26,1,1
0,2,0,0,0,2,0,127.3294,37.6539,0,0,1,0,70,1,1
0,1,0,0,0,0,0,127.0401,35.7247,0,0,0,0,34,1,1
0,6,0,1,2,0,0,127.1827,37.7146,0,0,1,0,70,1,1
0,0,0,0,0,0,0,126.7734,37.6549,0,0,0,0,40,1,1
1,4,0,0,0,0,0,128.7357,35.2916,0,0,0,0,13,0,0
0,3,0,0,0,1,0,128.8786,37.7825,0,0,0,0,194,0,0
0,4,0,0,0,1,0,129.4438,35.781,0,0,0,0,100,0,0
1,5,0,0,0,1,0,126.5194,37.6936,0,0,1,0,92,1,1
1,4,3,0,3,2,0,127.4898,34.9467,0,0,0,0,27,1,1
0,6,2,0,3,4,0,128.6215,35.84,1,0,1,0,37,1,1
0,2,0,1,2,0,0,126.7813,37.2134,0,0,1,0,50,0,0
0,0,2,0,0,0,0,129.1401,35.1704,0,0,0,0,1,1,1
1,4,1,1,1,0,0,127.1524,35.8203,0,0,0,0,11,0,0
0,2,0,0,0,0,0,127.0747,37.6203,0,0,0,0,18,1,1
0,2,0,0,0,1,0,127.109,35.9808,0,0,0,0,125,1,1
0,2,0,0,0,0,0,126.8658,37.3606,0,0,0,0,73,1,1
1,3,0,0,0,0,0,128.902,37.7641,0,0,0,0,194,1,1
0,4,0,0,3,0,0,129.0408,35.0861,0,0,0,0,173,1,1
0,2,0,0,0,0,0,126.9802,37.5702,0,0,0,0,116,1,1
0,0,0,1,2,0,0,127.1634,37.8498,0,0,0,0,171,0,0
1,6,0,0,0,0,0,127.0434,37.7344,0,0,1,0,64,1,1
1,4,0,0,0,5,0,128.189,35.7714,0,0,0,0,220,0,0
0,3,0,0,0,0,0,127.231,35.8551,0,0,0,0,28,1,1
0,2,0,0,0,2,0,126.7195,37.4567,0,0,0,0,29,1,1
0,0,3,1,1,0,0,127.0088,37.588,0,0,0,0,167,1,1
0,4,0,0,0,0,0,126.7043,37.5173,0,0,0,0,44,1,1
0,4,0,0,0,0,0,128.9176,36.5681,0,0,0,0,66,1,1
1,0,0,0,0,2,0,126.9277,37.613,0,0,0,0,139,1,1
0,4,0,1,1,0,0,126.7032,35.9796,0,0,0,0,166,1,1
0,4,0,1,1,1,0,128.5853,34.8503,0,0,0,0,15,1,1
1,5,0,0,0,2,0,128.0999,35.1817,0,0,1,0,42,1,1
1,4,0,0,0,2,0,126.8639,37.5403,0,0,0,0,140,1,1
1,4,0,1,1,0,0,127.0355,37.5261,0,0,0,0,89,1,1
0,4,0,1,1,1,0,128.8314,36.3864,0,0,0,0,105,1,1
0,3,3,0,3,1,0,126.6697,37.6546,0,0,0,0,47,1,1
0,6,0,1,2,0,0,126.8698,35.1515,0,0,1,0,222,1,1
0,5,0,1,1,0,0,126.985,37.2738,0,0,1,0,99,1,1
0,0,0,0,0,0,0,129.283,35.8341,0,0,0,0,100,1,1
1,3,0,0,0,4,0,126.5005,35.2774,0,0,0,0,127,1,1
1,4,0,1,1,1,0,127.4725,36.617,0,0,1,0,83,1,1
0,0,0,0,0,0,0,129.3373,35.5514,0,0,0,0,205,1,1
1,6,0,0,0,0,0,127.3622,36.361,0,0,1,0,4,1,1
0,4,3,0,0,0,0,127.2258,37.7652,0,0,0,0,70,0,0
0,6,0,0,0,1,0,129.0866,35.4837,0,0,1,0,49,1,1
1,5,0,2,4,2,0,129.0379,35.1721,0,0,1,0,231,1,1
0,4,1,0,3,0,0,126.7345,35.9435,0,0,0,0,166,0,0
1,0,0,0,0,1,0,125.9798,34.7853,0,0,0,0,132,1,1
1,1,0,1,2,0,0,127.3888,36.3178,0,0,0,0,39,1,1
1,0,0,0,0,1,0,126.6372,37.4621,0,0,0,0,72,0,0
0,6,0,0,0,0,0,127.9596,37.3246,0,0,1,0,36,1,1
1,5,0,0,0,1,0,127.2407,37.3947,0,0,1,0,9,1,1
0,3,0,0,3,0,0,127.022,37.5803,0,0,0,0,167,1,1
0,4,0,0,0,0,0,127.2726,37.5276,0,0,0,0,67,1,1
0,1,1,0,3,6,0,128.0684,35.1992,0,0,0,0,42,0,0
0,2,0,0,0,8,0,128.2312,36.3508,0,0,0,0,58,1,1
0,2,1,0,3,1,0,128.9388,35.9654,0,0,0,0,5,0,0
0,2,1,0,0,1,0,126.5539,33.2642,0,0,0,0,62,1,0
1,1,0,0,0,9,0,126.7881,36.2112,0,0,0,0,129,1,1
0,1,0,0,0,0,0,128.7566,35.2372,0,0,0,0,13,1,1
0,5,0,0,0,1,0,126.7841,36.7014,0,0,1,0,187,1,1
0,5,1,0,0,0,0,127.5072,36.6103,0,0,1,0,83,0,0
0,0,0,1,1,1,0,129.085,35.1141,0,0,0,0,180,1,1
0,1,0,0,3,1,0,129.2156,35.4696,0,0,0,0,17,1,1
0,1,0,0,0,1,0,128.7097,35.3014,0,0,0,0,13,1,1
1,1,0,1,1,3,0,127.49,36.6411,0,0,0,0,83,1,1
1,3,5,0,0,0,0,126.5026,33.4995,0,0,0,0,90,1,1
0,6,0,0,0,1,0,129.3451,35.6345,0,0,1,0,158,0,0
0,2,0,0,0,1,0,127.1731,34.4824,0,0,0,0,191,1,1
1,5,0,0,0,1,0,128.7723,35.5512,0,0,1,0,177,1,1
0,1,0,0,0,0,0,127.508,36.5885,0,0,0,0,83,1,1
0,0,0,0,0,0,0,126.9028,35.1586,0,0,0,0,137,1,1
1,5,0,1,2,2,0,126.6721,37.3971,0,0,1,0,35,1,1
1,6,0,0,0,0,0,127.1508,35.8117,0,0,1,0,11,1,1
0,3,0,0,0,0,0,126.9528,37.1691,0,0,0,0,50,0,0
1,4,0,0,0,2,0,128.1951,36.5956,0,0,1,0,74,1,1
1,3,0,0,3,2,0,126.7887,37.6525,0,0,0,0,40,1,1
0,0,0,0,0,0,0,127.4975,36.606,0,0,0,0,83,1,1
0,5,0,0,0,0,0,126.8677,37.2852,0,0,1,0,2,1,1
0,3,0,0,0,0,0,128.4138,36.5789,0,0,0,0,55,0,0
0,2,0,1,1,0,0,129.125,37.4928,0,0,0,0,210,1,1
0,2,0,0,3,0,0,127.1954,37.733,0,0,0,0,70,1,1
0,0,0,0,3,0,0,126.7707,37.484,0,0,0,0,65,1,1
0,6,0,1,1,2,0,127.2072,37.2356,0,0,1,0,51,1,1
1,4,0,0,0,2,0,126.9607,37.5718,0,0,0,0,195,1,1
0,4,0,0,0,0,0,127.3332,36.3588,0,0,0,0,148,1,1
0,5,0,0,0,0,0,129.0472,35.3764,0,0,1,0,49,1,1
1,3,0,0,0,5,0,127.0456,37.629,0,0,0,0,18,1,1
1,2,0,0,0,0,0,126.7336,37.3535,0,0,0,0,73,1,1
0,0,0,0,0,0,0,126.8244,34.6444,0,0,0,0,121,1,1
1,1,0,0,0,0,0,128.1888,35.0361,0,0,0,0,87,0,0
1,1,0,0,0,2,0,126.899,37.4588,0,0,0,0,109,1,1
0,3,0,0,0,0,0,127.6982,34.7683,0,0,0,0,102,1,1
1,5,0,1,1,1,0,129.3853,36.1823,0,0,1,0,160,1,1
0,3,0,0,0,0,0,127.3277,36.3503,0,0,0,0,148,1,1
1,5,3,0,0,5,0,128.6442,35.818,0,0,1,0,37,1,1
1,4,3,1,2,1,0,126.8805,37.8467,0,0,0,0,175,1,1
0,3,1,1,1,2,0,126.9104,37.4027,0,0,0,0,151,0,0
0,4,1,0,3,0,0,128.912,37.7498,0,0,0,0,194,0,0
1,2,0,1,2,0,0,128.64,38.1031,0,0,0,0,164,0,0
0,5,3,1,2,0,0,127.4244,36.4845,0,0,1,0,83,1,1
1,1,4,1,1,0,0,127.0036,37.6096,0,0,0,0,167,1,1
1,0,0,2,4,1,0,127.4377,37.0812,0,0,0,0,23,1,1
0,5,0,0,0,0,0,129.3242,35.5463,0,0,1,0,213,1,1
0,1,0,2,0,0,0,126.9511,37.3678,0,0,0,0,151,1,1
1,2,0,0,0,1,0,127.2214,37.6174,0,0,0,0,70,1,1
1,0,0,1,2,0,0,126.7933,37.4388,0,0,0,0,73,1,1
1,4,0,0,0,0,0,126.7247,36.5838,0,0,0,0,38,0,0
0,0,0,0,0,1,0,126.6246,36.889,0,0,0,0,46,0,0
1,1,0,0,0,0,0,128.8779,35.2419,0,0,1,0,13,1,1
1,1,4,0,0,4,0,127.2416,38.0041,0,0,1,0,171,0,0