주야,요일,법규위반,도로형태_대분류,도로형태,당사자종별_1당_대분류,당사자종별_2당_대분류,경도,위도,사고피해정도,도시여부,주말/공휴일,인구수,발생지번호,보행자의위치,무단횡단여부
0,5,0,0,0,0,0,126.9171,37.5163,0,0,1,0,150,1,1
0,3,0,1,1,0,0,127.0465,37.6641,0,0,0,0,98,1,1
1,1,1,0,3,1,0,127.326,37.356,0,0,0,0,9,1,0
1,0,0,0,3,0,0,129.0382,35.0905,0,0,0,0,173,1,1
0,0,0,0,0,0,0,126.4971,33.4987,0,0,0,0,90,1,1
1,5,0,0,0,2,0,126.1466,37.2264,0,0,1,0,186,1,1
1,0,0,0,0,0,0,128.574,35.8548,0,0,0,0,20,1,1
0,1,0,0,0,0,0,128.5383,37.1845,0,0,0,0,114,1,1
1,3,0,0,0,3,0,126.3674,36.7854,0,0,0,0,69,1,1
0,2,0,1,2,0,0,126.8003,37.2033,0,0,1,0,50,1,1
1,3,0,0,0,2,0,126.9197,37.3995,0,0,0,0,151,1,1
1,4,0,0,0,1,0,126.7838,36.6871,0,0,0,0,187,1,1
1,4,3,1,2,0,0,127.0077,35.9063,0,0,0,0,125,1,1
1,6,0,0,0,2,0,127.5456,35.5323,0,0,1,0,155,0,0
0,6,0,1,1,0,0,126.8838,35.164,0,0,1,0,222,1,1
1,3,3,1,1,1,0,126.9786,37.2827,0,0,0,0,99,1,1
1,3,0,0,0,2,0,126.3824,34.7984,0,0,0,0,153,1,1
1,2,0,1,2,1,0,126.8108,36.8418,0,0,0,0,46,0,0
1,0,0,0,0,0,0,126.9065,37.5711,0,0,0,0,159,1,1
0,1,0,1,2,0,0,127.1326,37.4288,0,0,0,0,95,1,1
1,4,0,0,0,0,0,129.3922,35.5485,0,0,0,0,158,1,1
0,0,0,0,0,4,0,128.6979,35.1942,0,0,0,0,86,1,1
1,1,0,1,2,1,0,127.8069,34.9981,0,0,0,0,172,1,1
0,0,0,1,1,1,0,129.3372,35.556,0,0,0,0,205,1,1
0,6,0,1,1,1,0,128.8382,37.2108,0,0,1,0,198,1,1
0,0,0,0,0,1,0,129.3907,36.1408,0,0,0,0,160,1,1
1,1,0,0,0,0,0,128.3483,36.1215,0,0,0,0,144,1,1
0,5,0,0,0,0,0,126.7282,37.4487,0,0,1,0,29,1,1
0,4,0,1,1,0,0,127.303,37.3702,0,0,0,0,9,1,1
1,2,3,1,1,1,0,126.797,37.4443,0,0,0,0,73,1,1
0,1,0,0,0,1,0,126.665,36.0963,0,0,0,0,10,1,1
0,0,3,1,1,2,0,127.633,36.6147,0,0,0,0,83,1,1
0,5,0,0,3,0,0,127.0799,37.5867,0,0,1,0,196,1,1
1,0,0,0,0,1,0,128.4101,34.9974,0,0,0,0,87,1,1
1,3,0,0,0,9,0,126.5838,35.2875,0,0,0,0,127,1,1
0,3,0,0,0,0,0,127.4394,37.2801,0,0,0,0,41,0,0
1,3,3,0,3,2,0,126.7689,37.6909,0,0,0,0,40,1,1
0,6,0,0,0,0,0,128.9613,35.2131,0,0,1,0,206,1,1
0,6,0,1,1,0,0,127.4844,36.631,0,0,1,0,83,1,1
0,6,0,1,2,0,0,129.4234,35.5416,0,0,1,0,225,1,1
0,5,0,0,0,1,0,127.1755,37.2029,0,0,1,0,51,1,1
1,1,0,0,0,0,0,127.8738,37.6893,0,0,0,0,82,1,1
0,5,0,0,0,0,0,127.107,36.7952,0,0,1,0,53,1,1
0,4,0,1,2,0,0,126.7012,37.4095,0,0,0,0,29,1,1
0,1,0,0,0,0,0,129.0244,35.2146,0,0,0,0,118,1,1
0,1,0,0,0,0,0,127.9195,35.7215,0,0,0,0,154,1,1
0,2,0,1,1,1,0,127.7066,34.7633,0,0,0,0,102,1,1
0,0,0,0,3,0,0,126.8823,37.4827,0,0,0,0,109,1,1
0,6,0,0,0,0,0,126.7955,37.4724,0,0,1,0,65,1,1
0,3,0,1,2,1,0,126.7544,37.4922,0,0,0,0,65,1,1
0,2,0,0,0,1,0,126.8811,37.5773,0,0,0,0,159,1,1
1,1,2,1,1,0,0,127.0664,37.1694,0,0,0,0,143,1,1
1,0,0,0,0,2,0,126.9786,37.5611,0,0,0,0,8,1,1
0,2,0,1,2,0,0,129.353,35.6388,1,0,1,0,158,0,0
0,3,0,0,0,0,0,129.3186,35.7007,0,0,0,0,100,1,1
0,2,0,0,0,1,0,129.2174,35.8459,0,0,1,0,100,1,1
1,6,0,0,0,2,0,128.7327,35.1115,0,0,1,0,86,1,1
0,5,0,0,0,2,0,129.3467,36.1622,0,0,1,0,160,1,1
0,5,0,1,2,1,0,128.3509,36.1816,0,0,1,0,144,1,1
0,0,0,2,4,0,0,126.7402,36.9368,0,0,0,0,46,1,1
0,2,0,0,0,0,0,126.9517,37.5571,0,0,0,0,159,1,1
0,5,0,0,0,0,0,126.9288,35.1813,0,0,1,0,137,1,1
0,6,0,0,0,0,0,127.1829,36.211,0,0,1,0,61,1,1
1,1,1,0,3,2,0,126.8205,37.5285,0,0,0,0,65,1,0
0,2,2,0,0,0,0,129.192,36.0786,0,0,0,0,160,1,1
1,1,0,1,2,2,0,127.2669,36.6535,0,1,0,0,229,1,1
0,0,0,0,0,0,0,126.9069,35.16,0,0,0,0,137,1,1
1,4,0,1,1,1,0,128.6086,35.3188,0,0,0,0,86,1,1
1,3,0,0,0,0,0,127.3562,36.3524,0,0,0,0,4,1,1
0,3,0,0,0,0,0,127.0166,37.2795,0,0,0,0,99,1,1
0,4,0,0,0,0,0,126.9419,37.3938,0,0,0,0,151,1,1
0,1,0,0,0,2,0,126.961,37.5715,0,0,0,0,195,1,1
0,5,0,0,0,0,0,126.7951,37.6379,0,0,1,0,40,1,1
1,5,2,0,0,0,0,126.3929,33.2689,0,0,1,0,62,1,1
0,4,0,1,2,3,0,126.9585,37.4781,0,0,0,0,188,1,1
0,0,0,0,0,2,0,127.0941,36.9935,0,0,0,0,14,1,1
1,6,0,0,0,0,0,126.9416,36.4955,0,0,1,0,19,1,1
1,6,0,1,1,0,0,127.2739,38.09,0,0,1,0,171,1,1
0,3,0,0,0,3,0,128.5,35.8513,0,0,0,0,20,1,1
1,5,0,0,0,0,0,127.7244,35.0853,0,0,1,0,172,0,0
0,2,0,0,0,0,0,128.5697,36.5857,0,0,1,0,66,0,0
1,5,0,0,0,8,0,128.171,36.9068,0,0,1,0,103,0,0
1,3,0,1,1,0,0,126.6768,35.0195,0,0,0,0,33,1,1
1,3,0,0,0,0,0,128.0465,36.0315,0,0,0,0,76,1,1
1,4,0,0,0,0,0,126.4978,33.4978,0,0,0,0,90,1,1
1,5,0,0,0,8,0,127.1326,36.4884,0,0,1,0,19,1,1
1,4,0,0,0,1,0,126.2851,36.7657,0,0,0,0,169,1,1
1,4,1,1,1,1,0,127.5987,36.9902,0,0,0,0,110,1,0
0,5,0,0,0,0,0,128.9909,35.1882,0,0,1,0,120,1,1
0,0,0,1,1,5,0,127.4888,37.253,0,0,0,0,41,1,1
0,5,0,1,2,0,0,127.6861,34.9445,0,0,1,0,130,1,1
0,5,0,2,0,0,0,128.6019,35.2531,0,0,1,0,86,1,1
0,2,0,0,0,0,0,126.8162,37.4198,0,0,0,0,73,1,1
0,3,0,0,0,0,0,127.492,37.491,0,0,0,0,48,1,1
0,0,0,0,0,0,0,126.9052,37.4273,0,0,0,0,151,1,1
0,6,0,0,0,0,0,126.9673,37.5067,0,0,1,0,93,1,1
0,3,0,0,0,0,0,128.6283,36.7965,0,0,0,0,113,1,1
1,4,0,0,0,4,0,126.9389,37.6105,1,0,0,0,139,1,1
1,0,0,0,0,1,0,127.2764,36.0939,0,0,0,0,28,1,1
0,1,0,0,0,0,0,127.0923,37.4642,0,0,0,0,89,1,1
1,1,1,0,3,1,0,128.5782,38.1993,0,0,0,0,104,1,0
1,2,0,0,0,1,0,128.5887,35.8785,0,0,0,0,112,1,1
1,1,4,2,4,1,0,128.7187,36.5763,0,0,0,0,66,0,0
0,0,0,0,0,0,0,126.911,37.4161,0,0,0,0,151,1,1
0,1,0,0,0,0,0,127.5407,35.1412,0,0,0,0,161,1,1
1,1,0,0,0,1,0,128.5867,34.7153,0,0,0,0,15,1,1
0,1,0,1,1,0,0,126.9768,37.8339,0,0,0,0,59,1,1
1,2,0,0,0,1,0,126.6378,33.5366,0,0,0,0,90,1,1
0,4,0,0,0,2,0,128.5479,35.8088,0,0,0,0,20,1,1
1,1,3,1,1,0,0,127.7087,34.7242,0,0,0,0,102,1,1
0,0,0,0,0,0,0,127.9895,38.096,0,0,0,0,115,1,1
0,1,0,1,1,1,0,127.4953,36.6211,0,0,0,0,83,1,1
1,1,0,0,0,0,0,126.634,33.2641,0,0,0,0,62,1,1
1,0,0,1,1,0,0,129.0922,35.2311,0,0,0,0,96,1,1
0,6,0,0,0,0,0,127.5605,37.1893,0,0,1,0,22,1,1
0,1,0,1,2,0,0,127.1287,37.4109,0,0,0,0,95,1,1
1,1,0,1,1,1,0,126.7467,37.3486,0,0,0,0,73,1,1
0,6,0,0,0,1,0,128.285,37.4309,0,0,1,0,24,0,0
0,6,0,1,2,0,0,126.7235,37.3598,0,0,1,0,73,1,1
0,6,0,0,0,0,0,126.913,37.4087,0,0,1,0,151,1,1
1,0,0,0,0,2,0,128.4241,36.095,0,0,0,0,144,1,1
0,6,3,1,1,0,0,126.8065,37.3638,0,0,1,0,73,1,1
0,6,0,0,0,1,0,126.5061,37.7367,0,0,1,0,92,1,1
0,5,0,0,0,2,0,127.2527,36.735,0,0,1,0,63,1,1
0,6,0,0,0,0,0,126.3827,33.4526,0,0,1,0,90,1,1
0,5,0,0,0,0,0,127.1715,36.7588,0,0,1,0,63,1,1
0,5,0,0,0,1,0,126.7655,36.9653,0,0,1,0,46,1,1
0,5,0,1,2,0,0,126.9105,35.1869,0,0,1,0,137,1,1
1,5,3,0,3,0,0,126.858,35.1428,0,0,1,0,222,1,1
0,4,0,0,0,1,0,128.3841,35.5696,0,0,1,0,211,1,1
0,5,0,0,0,0,0,127.5724,37.2955,0,0,1,0,22,0,0
0,2,3,1,1,0,0,128.6661,35.1522,0,0,0,0,86,1,1
0,5,0,1,2,2,0,126.7418,37.509,0,0,1,0,65,1,1
1,2,0,0,0,1,0,127.4895,36.0726,0,0,0,0,68,1,1
0,1,0,0,0,0,0,126.5258,33.5107,0,0,0,0,90,1,1
0,4,0,1,1,2,0,127.0933,37.6164,0,0,0,0,196,1,1
0,4,0,0,0,0,0,127.9885,36.9706,0,0,0,0,6,1,1
0,4,0,0,3,0,0,128.3832,35.7521,0,0,0,0,220,1,1
0,4,0,0,0,0,0,126.1881,33.3574,0,0,0,0,90,1,1
1,3,0,0,3,2,0,128.4145,34.8855,0,0,0,0,212,1,1
0,2,2,0,0,2,0,126.436,33.4605,0,0,0,0,90,1,1
0,5,0,0,0,1,0,127.0461,37.8184,0,0,1,0,59,1,1
1,5,0,1,1,0,0,128.5594,35.8735,0,0,1,0,107,1,1
1,2,0,0,0,1,0,126.1277,35.0034,0,0,1,0,132,1,1
1,5,0,0,0,0,0,127.1314,37.3065,0,0,1,0,51,1,1
0,2,0,0,0,0,0,127.4847,36.6285,0,0,0,0,83,1,1
1,5,1,1,2,0,0,127.0006,36.7717,0,0,1,0,53,1,0
0,5,0,0,0,0,0,127.7196,34.734,2,0,1,0,102,1,1
0,1,0,1,1,0,0,127.1294,37.4299,0,0,0,0,95,1,1
0,6,0,0,0,0,0,129.3427,36.0812,0,0,1,0,160,1,1
0,6,0,0,0,1,0,128.0819,35.197,0,0,1,0,42,1,1
0,5,0,0,0,0,0,126.7067,37.4372,0,0,1,0,29,1,1
0,1,3,0,3,0,0,127.1288,36.7962,0,0,0,0,63,0,0
1,1,0,0,0,1,0,127.7744,35.0814,0,0,0,0,172,1,1
0,2,4,0,0,0,0,127.7829,37.9004,0,0,0,0,111,1,1
0,2,0,1,2,0,0,128.3504,36.0869,0,0,0,0,144,1,1
0,6,0,0,0,0,0,127.0029,35.5982,0,0,1,0,12,1,1
0,6,0,0,0,1,0,127.4925,37.1037,0,0,1,0,23,1,1
0,0,0,1,2,0,0,126.6439,35.4361,0,0,1,0,219,1,1
0,0,0,0,0,0,0,126.7692,37.6644,0,0,1,0,40,1,1
0,5,0,0,0,0,0,127.115,35.8488,0,0,1,0,11,1,1
1,3,0,0,0,0,0,126.9053,37.4017,0,0,0,0,151,1,1
0,0,0,0,0,0,0,129.0075,35.0856,0,0,0,0,25,1,1
0,4,0,0,0,1,0,127.9195,35.8085,0,0,0,0,154,1,1
0,2,0,0,0,1,0,126.3941,34.734,0,0,0,0,16,0,0
1,2,0,0,0,6,0,127.4873,36.632,0,0,0,0,83,1,1
0,2,0,0,0,0,0,128.6184,35.8857,0,0,0,0,26,1,1
1,0,0,0,0,0,0,127.0464,37.463,0,0,0,0,214,1,1
0,3,0,0,0,1,0,128.6498,34.9722,0,0,0,0,15,1,1
0,6,0,0,3,4,0,129.0669,35.1429,0,0,1,0,180,1,1
0,1,0,0,0,0,0,128.6995,35.1477,0,0,0,0,86,1,1
1,6,0,0,3,2,0,126.9016,37.5781,0,0,1,0,139,1,1
0,1,0,0,0,0,0,127.1002,37.4883,0,0,0,0,89,1,1
1,1,0,0,0,0,0,129.0669,35.1432,0,0,0,0,180,1,1
1,4,0,1,1,0,0,127.1427,35.3798,0,0,0,0,131,1,1
0,3,0,0,0,0,0,127.3603,35.5003,0,0,0,0,193,1,1
0,5,0,0,0,1,0,128.6494,35.8673,0,0,1,0,37,1,1
0,1,3,1,1,2,0,126.9148,37.3958,0,0,0,0,151,0,0
1,2,0,2,0,1,0,127.1311,37.434,0,0,0,0,95,1,1
0,3,0,1,2,0,0,129.4617,35.6776,0,0,0,0,100,1,1
0,6,0,0,0,0,0,126.8762,35.1401,0,0,1,0,222,1,1
1,3,1,1,2,1,0,128.977,35.1696,0,0,0,0,120,1,0
0,3,0,0,0,0,0,128.5986,35.8743,0,0,0,0,178,1,1
0,3,0,0,3,3,0,127.1427,35.8294,0,0,0,0,11,1,1
0,4,0,0,0,0,0,127.5801,34.8779,0,0,0,0,102,1,1
0,5,0,1,2,0,0,128.8838,35.2325,0,0,1,0,13,1,1
1,3,0,0,0,1,0,126.6359,34.5659,0,0,0,0,119,1,1
0,6,0,1,2,0,0,126.8027,37.4594,0,0,1,0,73,0,0
0,0,0,0,0,0,0,126.3947,36.7789,0,0,0,0,69,1,1
1,0,0,1,1,2,0,126.945,37.3993,0,0,0,0,151,1,1
1,4,2,0,3,1,0,128.9262,35.9644,0,0,0,0,5,1,1
1,6,0,0,0,1,0,126.9523,35.0301,0,0,1,0,88,1,1
1,2,0,0,0,0,0,127.1374,37.3783,0,0,0,0,95,1,1
1,1,1,1,2,0,0,126.799,35.1528,0,0,0,0,135,1,0
0,4,0,0,0,0,0,126.6674,37.4784,0,0,0,0,207,1,1
0,6,0,0,0,0,0,129.0117,35.1512,0,0,1,0,120,1,1
0,5,0,0,0,1,0,129.3703,36.0349,0,0,1,0,160,1,1
0,5,0,0,3,0,0,126.9894,37.5703,0,0,1,0,116,1,1
1,1,0,1,2,0,0,126.6628,36.6089,0,0,0,0,38,1,1
0,2,0,0,0,0,0,126.3349,36.5014,1,0,0,0,169,1,1
0,0,0,1,1,0,0,128.9914,35.1895,0,0,0,0,120,1,1
0,4,0,1,1,0,0,126.7886,37.3771,0,0,0,0,73,1,1
1,5,1,0,0,3,0,126.901,37.717,0,0,1,0,40,1,0
0,4,0,2,4,0,0,126.7919,37.6536,0,0,0,0,40,1,1
1,3,0,1,2,0,0,126.8449,37.5415,0,0,0,0,43,1,1
1,4,0,0,3,2,0,127.2972,36.6012,0,1,0,0,229,1,1
0,2,0,0,0,0,0,127.0399,37.7329,0,0,0,0,64,1,1
1,2,1,0,0,1,0,127.2353,36.774,0,0,0,0,63,1,0
0,0,0,0,0,0,0,127.1455,36.839,0,0,0,0,63,1,1
0,6,0,0,0,0,0,128.8738,37.7619,0,0,1,0,194,1,1
0,3,5,0,0,0,0,127.0433,37.4817,0,0,1,0,89,1,1
1,4,0,0,3,1,0,127.0047,36.7829,0,0,0,0,53,0,0
0,1,0,0,0,0,0,126.8984,35.1859,0,0,0,0,137,1,1
0,4,0,0,0,8,0,129.1222,35.1755,0,0,0,0,1,1,1
1,3,0,0,0,1,0,127.229,34.7888,0,0,0,0,122,1,1
0,3,0,0,0,0,0,128.6231,35.8415,0,0,0,0,37,1,1
0,6,4,2,4,1,0,127.7158,37.8746,0,0,1,0,111,1,1
1,3,0,0,0,9,0,127.5562,36.3202,0,0,0,0,142,0,0
0,4,0,0,0,0,0,128.4182,36.6197,0,0,0,0,55,0,0
1,5,1,1,1,1,0,127.1433,37.5979,0,0,1,0,165,0,0
1,2,0,1,2,1,0,129.3274,35.5539,0,0,0,0,205,1,1
1,2,0,1,2,1,0,128.3622,36.036,0,0,0,0,21,1,1
0,1,0,0,0,2,0,126.9596,37.3572,0,0,0,0,126,1,1
0,1,0,0,0,0,0,126.4912,34.7413,0,0,0,0,16,1,1
0,0,0,1,1,0,0,126.413,34.815,0,0,0,0,153,1,1
0,0,0,0,0,0,0,126.6774,37.4586,0,0,0,0,29,1,1
1,6,0,1,1,2,0,127.0887,36.9897,0,0,1,0,14,1,1
1,6,0,1,2,2,0,126.9568,37.5753,0,0,1,0,195,1,1
1,2,0,0,0,1,0,126.7157,35.9535,0,0,0,0,166,1,1
0,1,0,1,1,0,0,127.0234,37.5806,0,0,0,0,167,1,1
1,0,0,0,0,0,0,127.9855,37.4882,0,0,0,0,31,1,1
0,1,0,1,1,0,0,128.2131,38.1366,0,0,0,0,124,1,1
0,0,0,0,0,0,0,126.2148,34.4306,0,0,0,0,71,1,1
0,4,0,0,0,1,0,127.5295,34.9167,0,0,0,0,27,1,1
1,4,3,1,2,3,0,126.6778,35.9747,0,0,0,0,166,0,0
0,4,0,0,0,1,0,127.1461,35.3667,0,0,0,0,131,1,1
1,5,0,0,0,3,0,127.0198,36.3293,0,0,1,0,19,1,1
1,2,4,2,4,1,0,127.4352,36.3263,0,0,1,0,80,0,0
1,1,0,0,0,1,0,128.6597,36.4727,0,0,0,0,66,1,1
0,1,0,0,0,0,0,128.2668,35.3205,0,0,0,0,189,1,1
1,1,0,0,0,5,0,128.5947,35.8929,0,0,0,0,112,1,1
1,2,1,1,2,1,0,127.0973,35.9007,0,0,0,0,28,1,0
0,5,0,0,0,1,0,126.427,37.656,0,0,1,0,92,1,1
0,3,0,0,0,0,0,126.8928,35.1426,0,0,0,0,190,1,1
0,0,0,1,1,0,0,129.0903,35.2234,0,0,0,0,96,1,1
0,6,0,0,0,1,0,126.3084,35.2301,0,0,1,0,127,0,0
0,6,0,1,1,0,0,127.0822,37.2688,0,0,1,0,51,1,1
0,4,0,0,0,0,0,128.9705,35.1399,0,0,0,0,120,1,1
1,2,0,0,0,2,0,128.3995,35.99,0,0,0,0,21,1,1
0,6,0,0,0,0,0,127.7536,36.5036,0,0,1,0,32,1,1
0,5,0,1,1,1,0,126.6407,35.2653,0,0,1,0,146,1,1
0,3,0,1,2,0,0,127.5094,36.6138,0,0,0,0,83,1,1
1,3,0,0,3,1,0,129.3212,35.7113,0,0,0,0,100,1,1
0,0,0,0,0,0,0,127.0256,37.4878,0,0,0,0,214,1,1
0,6,0,1,1,0,0,127.4964,36.6322,0,0,1,0,83,1,1
0,1,0,0,0,0,0,126.3109,33.4587,0,0,0,0,90,1,1
0,4,0,0,0,1,0,126.7803,35.2924,0,0,0,0,146,1,1
0,1,1,0,3,0,0,128.7415,35.8146,0,0,0,0,52,1,0
0,1,0,0,0,1,0,127.9485,36.3456,0,0,0,0,58,0,0
0,1,0,0,0,0,0,127.5138,34.9444,0,0,0,0,27,1,1
1,0,3,0,3,2,0,126.6681,37.4217,0,0,0,0,35,1,1
0,1,1,0,3,0,0,127.3252,37.0142,0,0,0,0,23,1,0
0,0,0,0,0,1,0,128.4511,37.5261,0,0,0,0,24,0,0
0,5,0,0,0,1,0,126.8979,37.0804,0,0,1,0,50,1,1
1,3,0,0,0,0,0,126.326,36.5826,1,0,0,0,169,1,1
0,3,0,0,0,2,0,127.3052,36.7629,0,0,0,0,63,1,1
0,2,0,0,0,0,0,127.4234,35.1029,0,0,0,0,27,0,0
0,0,2,0,0,0,0,128.6915,36.1757,0,0,0,0,170,1,1
0,0,0,0,0,0,0,129.1164,35.8438,0,0,0,0,100,1,1
0,6,0,2,4,0,0,127.2415,37.329,0,0,1,0,51,1,1
1,0,0,0,0,2,0,127.7185,37.8618,0,0,0,0,111,1,1
0,5,0,0,0,0,0,126.9657,37.8451,0,0,1,0,59,1,1
0,3,0,1,1,2,0,127.1893,37.2367,0,0,0,0,51,1,1
0,3,0,2,4,0,0,128.8256,35.1023,0,0,1,0,206,1,1
0,3,0,0,0,0,0,127.527,37.22,0,0,0,0,41,1,1
0,6,0,0,0,0,0,126.9606,37.5582,0,0,1,0,159,1,1
0,4,0,0,0,0,0,126.8183,37.0087,0,0,0,0,14,1,1
1,1,0,0,0,2,0,126.9694,35.9372,0,0,0,0,125,1,1
0,3,0,0,0,0,0,126.678,37.499,0,0,0,0,97,1,1
1,3,0,1,2,1,0,126.7549,37.3472,0,0,0,0,73,1,1
0,2,0,0,0,0,0,128.8531,35.2165,0,0,0,0,13,0,0
1,4,0,0,3,0,0,126.9564,37.5576,0,0,0,0,159,1,1
0,5,0,0,0,0,0,126.9703,37.5463,0,0,1,0,134,1,1
0,4,0,1,1,2,0,128.3222,36.1293,0,0,0,0,144,1,1
0,2,1,2,4,2,0,128.844,37.2072,0,0,0,0,198,1,0
0,0,0,0,0,0,0,128.5999,35.8746,0,0,0,0,178,1,1
0,4,0,0,0,1,0,128.5757,36.1191,0,0,0,0,170,1,1
0,5,1,0,3,0,0,127.0777,37.5539,0,0,1,0,183,1,0
0,1,0,1,1,0,0,127.3708,36.3578,0,0,0,0,4,1,1
1,0,0,0,0,0,0,128.6446,35.2457,0,0,0,0,86,1,1
1,3,3,1,2,2,0,127.2508,37.4159,0,0,0,0,9,1,1
1,0,0,0,3,2,0,127.3479,36.3191,0,0,0,0,4,1,1
1,1,0,0,0,7,0,126.7027,37.4919,0,0,0,0,44,1,1
0,0,3,0,3,2,0,126.9115,37.4956,0,0,0,0,150,1,1
0,0,0,1,2,2,0,127.1295,37.4296,0,0,0,0,95,1,1
0,1,3,1,2,0,0,128.9721,35.1042,0,0,0,0,25,1,1
1,4,0,2,4,2,0,126.7161,34.3661,0,0,0,0,141,1,1
0,1,0,1,1,0,0,128.406,35.9868,0,0,0,0,21,1,1
0,1,0,0,0,0,0,128.5265,35.451,0,0,0,0,211,1,1
0,5,3,1,2,0,0,127.7287,34.7467,0,0,1,0,102,1,1
1,6,0,1,1,0,0,126.8992,37.4888,0,0,1,0,150,1,1
1,6,3,0,0,0,0,126.8729,35.135,0,0,1,0,222,1,1
0,6,0,0,0,0,0,127.4933,36.6324,0,0,1,0,83,1,1
1,3,0,0,0,1,0,128.264,35.9815,0,0,0,0,168,0,0
1,6,0,0,0,0,0,129.1144,35.1336,0,0,1,0,180,1,1
0,1,0,0,0,0,0,127.0085,37.3021,0,0,0,0,99,1,1
0,6,0,0,0,1,0,126.5428,35.4626,0,0,1,0,219,1,1
1,5,0,0,0,1,0,128.4605,38.3871,0,0,1,0,217,1,1
0,5,0,1,2,0,0,127.1531,36.857,0,0,1,0,63,1,1
0,6,0,1,1,1,0,127.0273,36.7759,0,0,1,0,53,1,1
1,2,0,1,2,2,0,126.7189,35.0357,0,0,0,0,33,1,1
0,2,1,0,3,0,0,128.1886,37.1516,0,0,0,0,103,1,0
0,2,0,1,2,0,0,127.2422,36.2822,0,0,0,0,223,1,1
1,1,0,1,2,0,0,126.9303,37.5201,0,0,0,0,150,1,1
1,3,0,0,0,2,0,127.0808,37.6705,0,0,0,0,18,1,1
0,0,0,0,3,0,0,128.9329,35.2197,0,0,0,0,206,1,1
1,2,0,0,0,0,0,129.071,35.2114,0,0,1,0,216,1,1
0,0,0,0,0,0,0,127.0539,36.9353,0,0,0,0,53,1,1
0,3,3,0,0,0,0,129.1496,35.2301,0,0,0,0,1,1,1
1,2,0,0,0,2,0,126.777,37.6529,0,0,0,0,40,1,1
1,2,0,0,0,0,0,127.4323,36.332,0,0,0,0,80,1,1
0,6,0,0,0,0,0,127.6903,36.9215,0,0,1,0,110,1,1
0,0,0,0,0,0,0,126.8073,35.1506,0,0,0,0,135,1,1
1,5,0,0,0,2,0,128.6094,35.8268,0,0,1,0,37,1,1
0,6,0,0,0,0,0,128.3561,36.1269,0,0,1,0,144,1,1
0,5,2,0,0,0,0,127.4378,36.3197,0,0,1,0,80,1,1
0,5,0,1,1,0,0,128.5762,35.2283,0,0,1,0,86,1,1
1,5,3,1,1,2,0,126.7339,37.3534,0,0,1,0,73,1,1
1,5,0,0,3,0,0,126.7394,37.4865,0,0,1,0,44,1,1
0,5,2,1,2,1,0,126.7815,37.8765,0,0,1,0,175,1,1
0,0,0,1,2,0,0,126.7804,37.2971,0,0,0,0,2,1,1
0,2,0,1,2,1,0,127.0461,37.7985,0,0,0,0,59,1,1
1,1,1,2,4,2,0,128.7459,35.6413,0,0,0,0,3,1,0
1,5,0,2,4,1,0,127.3759,36.3648,0,0,1,0,4,1,1
1,5,1,1,2,0,0,126.9869,37.289,0,0,1,0,99,1,0
0,5,0,1,1,0,0,128.9854,35.1589,0,0,1,0,120,1,1
1,3,0,0,0,3,0,128.98,35.1743,0,0,0,0,120,1,1
1,2,0,0,0,0,0,126.7243,37.5352,0,0,0,0,7,1,1
0,5,2,1,1,0,0,127.0569,37.7406,0,0,1,0,64,1,1
0,5,0,2,4,2,0,126.9772,37.5639,0,0,1,0,8,1,1
0,5,0,0,0,0,0,129.0235,35.1006,0,0,1,0,228,1,1
0,6,0,1,2,0,0,126.8372,37.5553,0,0,1,0,43,1,1
1,1,5,0,0,0,0,126.6805,35.128,0,0,0,0,135,1,1
0,6,2,1,1,0,0,128.4008,36.0641,0,0,1,0,21,1,1
1,1,0,0,0,1,0,126.9018,37.4663,0,0,0,0,109,1,1
0,1,0,0,0,0,0,128.9755,35.1779,0,0,0,0,120,1,1
1,5,0,1,1,0,0,126.9134,36.2727,0,0,1,0,129,1,1
0,5,0,0,0,0,0,127.0348,37.2462,0,0,1,0,99,1,1
1,5,0,0,0,0,0,127.0789,36.2143,0,0,1,0,61,1,1
0,3,0,0,0,0,0,126.8441,37.5873,0,0,0,0,40,1,1
0,4,0,0,0,0,0,126.8447,37.5334,0,0,0,0,43,1,1
0,4,3,0,3,4,0,127.1502,37.4419,0,0,0,0,95,1,1
1,1,4,0,0,3,0,127.262,36.2687,0,0,0,0,223,1,1
1,3,1,1,2,1,0,126.5622,33.5046,0,0,0,0,90,1,0
1,3,1,1,2,3,0,126.8994,37.457,0,0,0,0,109,1,0
1,1,0,0,0,1,0,128.5719,37.6543,0,0,0,0,24,0,0
0,0,0,0,3,0,0,128.7013,35.2205,0,0,0,0,86,1,1
0,1,0,0,0,0,0,126.6798,37.4904,0,0,0,0,97,1,1
1,3,0,0,0,0,0,127.449,36.938,0,0,0,0,60,1,1
1,5,1,1,1,1,0,127.4618,36.6494,0,0,1,0,83,1,0
1,4,0,1,1,3,0,126.8045,37.2057,0,0,0,0,50,1,1
1,4,0,0,0,1,0,126.447,35.3959,0,0,0,0,127,0,0
0,5,0,0,0,0,0,128.5324,35.8435,0,0,1,0,20,1,1
0,0,0,0,0,0,0,127.0281,37.6216,0,0,0,0,200,1,1
1,1,0,1,2,1,0,128.4739,35.8447,0,0,0,0,20,1,1
0,5,0,0,0,0,0,126.4273,34.8073,0,0,1,0,153,1,1
1,2,0,1,1,0,0,126.5336,33.4947,0,0,0,0,90,1,1