주야,요일,법규위반,도로형태_대분류,도로형태,당사자종별_1당_대분류,당사자종별_2당_대분류,경도,위도,사고피해정도,도시여부,주말/공휴일,인구수,발생지번호,보행자의위치,무단횡단여부
0,0,0,0,0,0,0,127.055,37.1463,0,0,0,0,143,1,1
1,1,3,1,2,0,0,129.4262,35.4915,0,0,0,0,225,1,1
0,5,0,1,1,0,0,128.4135,34.8825,0,0,1,0,212,1,1
0,4,0,0,0,1,0,126.6168,36.4877,0,0,0,0,38,1,1
0,6,0,0,0,0,0,126.9509,37.4995,0,0,1,0,93,1,1
0,1,1,1,1,1,0,129.3433,35.5684,0,0,0,0,205,1,0
1,6,1,1,1,0,0,129.2048,35.8387,0,0,1,0,100,1,0
0,4,0,1,2,2,0,129.1123,35.1251,0,0,0,0,180,1,1
1,4,0,1,1,0,0,127.1658,36.8107,0,0,0,0,63,1,1
0,2,0,0,0,0,0,126.9001,35.1314,0,0,0,0,190,1,1
1,2,0,0,0,0,0,126.6576,37.6679,0,0,0,0,47,1,1
0,0,2,1,2,0,0,127.1213,38.0253,0,0,0,0,106,1,1
0,6,1,1,1,1,0,127.4804,36.6184,0,0,1,0,83,1,0
0,5,3,1,1,0,0,127.4431,36.3296,0,0,1,0,80,1,1
1,2,0,0,0,0,0,127.4212,36.3611,0,0,0,0,77,1,1
1,4,3,0,3,3,0,127.0313,37.2446,0,0,0,0,99,1,1
1,3,1,0,3,2,0,127.7236,37.8772,0,0,0,0,111,1,0
0,4,0,0,0,1,0,126.9804,36.0972,0,0,0,0,125,0,0
0,5,0,0,3,0,0,126.6588,37.4679,0,0,1,0,29,1,1
1,5,0,0,3,0,0,127.011,37.5553,0,0,1,0,8,1,1
0,5,0,0,3,0,0,128.576,35.8801,0,0,1,0,107,1,1
1,3,0,0,0,2,0,128.5737,35.2068,0,0,0,0,86,1,1
0,0,0,0,0,2,0,128.7644,35.1147,0,0,0,0,86,1,1
0,1,0,0,0,0,0,128.581,35.8407,0,0,0,0,145,1,1
0,4,0,0,3,0,0,126.7122,37.6275,0,0,0,0,47,1,1
1,1,0,0,0,1,0,127.5117,34.941,0,0,0,0,27,1,1
0,2,0,0,0,1,0,126.5675,37.7033,0,0,0,0,47,1,1
0,6,0,2,4,1,0,129.3979,36.3783,0,0,1,0,54,1,1
1,5,0,1,1,0,0,127.0227,37.6506,0,0,1,0,98,1,1
0,5,0,0,0,0,0,127.1704,36.7434,0,0,1,0,63,1,1
0,5,1,1,2,1,0,127.3062,37.6365,0,0,1,0,70,1,0
1,2,0,1,1,0,0,126.6462,37.474,0,0,0,0,207,1,1
0,2,3,0,3,1,0,128.5656,35.2313,0,0,0,0,86,1,1
1,0,2,1,1,0,0,127.1886,35.3926,0,0,0,0,131,1,1
1,2,0,0,3,2,0,126.7911,37.6408,0,0,0,0,40,1,1
0,4,0,0,0,0,0,126.5692,37.648,0,0,0,0,47,1,1
0,4,0,1,2,0,0,126.4249,34.806,0,0,0,0,153,1,1
0,4,0,1,1,2,0,127.0091,37.5962,0,0,0,0,167,0,0
1,6,3,1,2,2,0,126.7177,37.4254,0,0,1,0,29,1,1
1,4,0,0,0,1,0,127.7531,35.486,0,0,0,0,108,0,0
0,0,0,1,2,0,0,126.9272,37.4948,0,0,0,0,93,1,1
1,6,0,1,1,0,0,129.0462,35.1182,0,0,1,0,209,1,1
0,6,0,0,3,2,0,128.9883,35.1735,0,0,1,0,120,1,1
1,1,0,0,0,0,0,126.5931,35.9487,0,0,0,0,166,1,1
1,1,0,1,1,0,0,128.6177,35.2556,0,0,0,0,86,1,1
0,0,2,1,1,6,0,127.011,37.6423,0,0,0,0,200,1,1
1,0,0,1,1,3,0,126.7311,37.4967,0,0,0,0,44,1,1
0,2,2,0,3,0,0,128.6246,35.8433,0,0,0,0,37,1,1
0,6,0,0,0,0,0,128.8721,37.7625,0,0,1,0,194,1,1
0,0,0,0,0,0,0,126.7057,36.6901,0,0,0,0,187,1,1
1,0,0,1,1,3,0,128.2243,37.1313,0,0,0,0,103,1,1
1,5,1,0,3,0,0,127.8782,34.8174,0,0,1,0,197,1,0
0,5,0,0,0,0,0,128.0835,35.0818,0,0,1,0,57,1,1
0,2,0,1,2,2,0,127.1,36.9923,0,0,0,0,14,1,1
0,4,3,0,3,0,0,127.1003,37.4884,0,0,0,0,89,1,1
0,2,0,0,0,0,0,126.6295,36.8871,0,0,0,0,46,1,1
0,2,3,1,2,4,0,126.7361,37.487,0,0,0,0,44,1,1
0,4,4,0,0,0,0,127.2326,37.6457,0,0,0,0,70,1,1
1,1,0,1,1,1,0,126.923,37.5451,0,0,0,0,159,1,1
1,4,0,1,1,2,0,126.7776,37.7542,0,0,0,0,175,1,1
1,5,0,0,0,1,0,128.8489,35.2243,0,0,1,0,13,1,1
1,1,1,0,3,2,0,129.0312,35.2121,0,0,0,0,118,1,0
1,5,0,0,0,0,0,127.1463,35.3669,0,0,1,0,131,1,1
0,6,0,1,1,0,0,127.1341,37.269,0,0,1,0,51,1,1
1,3,0,0,0,1,0,127.9565,37.3291,0,0,0,0,36,1,1
0,5,0,1,2,0,0,127.4488,36.7608,1,0,1,0,60,1,1
0,1,0,0,0,0,0,127.7407,34.7427,0,0,0,0,102,1,1
1,6,1,1,1,2,0,127.088,36.9906,0,0,1,0,14,1,0
0,2,0,0,0,0,0,126.992,35.7842,0,0,0,0,34,1,1
0,6,0,0,0,0,0,127.4626,37.7765,0,0,1,0,176,1,1
0,2,0,1,2,0,0,127.7276,34.752,0,0,0,0,102,1,1
0,1,0,1,2,1,0,127.1499,37.4438,0,0,0,0,95,1,1
0,4,0,0,0,0,0,126.8602,35.1623,0,0,0,0,222,1,1
0,0,0,0,3,0,0,127.7397,34.7495,0,0,0,0,102,1,1
0,0,1,0,0,0,0,126.834,37.633,0,0,0,0,40,1,0
1,3,3,1,2,0,0,126.8773,35.098,0,0,0,0,190,1,1
0,2,0,0,0,0,0,128.212,36.5897,0,0,0,0,74,1,1
0,0,0,2,4,0,0,126.4626,36.784,0,0,0,0,69,1,1
0,5,0,0,0,0,0,126.9418,37.591,0,0,1,0,195,1,1
1,4,0,1,2,0,0,129.1252,37.5125,0,0,0,0,210,1,1
1,1,0,0,3,1,0,126.6826,37.4952,1,0,0,0,97,1,1
0,3,0,0,0,0,0,129.116,35.19,0,0,0,0,1,1,1
0,4,0,0,0,1,0,127.1694,37.5452,0,0,0,0,91,1,1
0,4,0,0,0,0,0,129.0001,35.1503,0,0,0,0,120,1,1
0,2,0,0,0,0,0,126.8096,35.9473,0,0,0,0,166,1,1
1,0,0,0,0,0,0,126.999,37.5924,0,0,0,0,116,1,1
0,4,0,0,0,2,0,128.344,36.1253,0,0,0,0,144,1,1
0,3,0,2,4,0,0,127.7212,36.228,0,0,0,0,75,1,1
0,3,0,0,3,0,0,126.8472,37.4976,0,0,0,0,79,1,1
0,1,0,0,0,0,0,126.907,35.1575,0,0,0,0,137,1,1
0,0,1,1,2,0,0,127.3993,36.3134,0,0,0,0,39,1,0
0,0,0,0,0,1,0,129.1099,35.3065,0,0,0,0,49,1,1
0,0,0,0,0,0,0,128.368,36.0868,0,0,0,0,144,1,1
0,3,0,0,0,0,0,127.936,36.9693,0,0,0,0,6,1,1
0,3,0,1,1,0,0,127.0482,37.7258,0,0,0,0,64,1,1
1,6,4,1,2,1,0,126.8496,37.6836,0,0,1,0,40,0,0
0,5,0,0,0,0,0,126.8358,35.1545,0,0,1,0,222,1,1
0,3,0,0,0,0,0,128.1995,36.6008,0,0,0,0,74,1,1
1,2,0,1,2,1,0,126.9304,36.7939,0,0,0,0,53,1,1
0,6,0,1,2,0,0,129.3473,36.0179,0,0,1,0,160,1,1
0,0,0,0,0,0,0,126.9307,35.6604,0,0,0,0,12,1,1
0,2,0,0,0,7,0,126.8742,37.4782,0,0,0,0,81,1,1
1,2,0,0,3,0,0,127.1484,37.2756,0,0,0,0,51,1,1
0,4,0,0,3,0,0,129.3109,35.5258,0,0,0,0,213,1,1
0,6,0,1,2,0,0,126.6684,37.6079,0,0,0,0,97,1,1
1,2,0,0,0,0,0,126.4239,34.8023,0,0,0,0,153,1,1
0,4,0,0,0,0,0,127.4457,34.9214,0,0,0,0,27,1,1
0,1,0,1,1,0,0,128.4043,34.9971,0,0,0,0,87,1,1
0,5,0,0,0,0,0,128.6094,38.1565,0,0,1,0,164,1,1
1,0,0,0,0,0,0,126.9694,35.9371,0,0,1,0,125,1,1
0,3,0,0,0,0,0,126.9716,36.6127,0,0,0,0,19,1,1
0,3,0,0,0,1,0,127.0025,37.2641,0,0,0,0,99,1,1
1,4,0,0,0,0,0,128.6835,36.2565,0,0,0,0,105,1,1
0,3,1,0,3,0,0,128.4685,36.1348,0,0,0,0,144,1,0
0,4,0,0,0,2,0,126.8987,35.1204,0,0,0,0,190,1,1
0,5,0,0,3,2,0,126.9053,37.5241,0,0,1,0,150,1,1
1,3,1,0,3,1,0,129.1186,35.2054,0,0,0,0,1,1,0
1,3,0,0,0,0,0,129.3375,35.5561,0,0,0,0,205,1,1
0,1,0,0,0,0,0,128.4609,35.7899,0,0,0,0,30,1,1
0,4,0,0,0,0,0,128.444,35.6703,0,0,0,0,30,0,0
1,5,0,1,2,1,0,128.4937,35.5428,0,0,1,0,211,1,1
0,6,0,0,0,0,0,128.5762,35.8917,0,0,1,0,112,1,1
0,3,0,0,0,0,0,127.1364,34.5342,0,0,0,0,191,1,1
0,0,1,0,3,2,0,128.9,37.7555,0,0,0,0,194,1,0
1,3,0,0,0,1,0,127.1792,37.7157,0,0,0,0,70,1,1
0,0,0,0,0,0,0,128.553,35.8371,0,0,0,0,20,1,1
1,1,0,0,0,0,0,128.9066,35.2559,0,0,0,0,13,1,1
1,0,0,0,0,0,0,127.019,37.5734,0,0,0,0,116,1,1
0,1,0,1,2,1,0,127.6792,34.7642,0,0,0,0,102,1,1
0,2,0,0,0,1,0,126.8672,37.3097,0,0,0,0,2,1,1
1,0,4,0,0,1,0,127.4416,36.6361,0,0,0,0,83,0,0
0,3,0,0,0,0,0,128.8621,35.0902,0,0,0,0,206,1,1
0,5,0,0,0,1,0,126.8713,37.4965,0,0,1,0,79,1,1
0,5,0,0,3,0,0,127.0518,37.6152,0,0,1,0,167,1,1
1,0,0,1,1,2,0,127.0061,36.3075,0,0,0,0,19,1,1
1,1,4,0,0,1,0,127.3216,35.6733,0,0,0,0,192,1,1
1,2,0,0,0,3,0,126.3927,34.7662,0,0,0,0,16,1,1
1,2,0,0,0,3,0,126.6644,37.4654,0,0,0,0,29,1,1
0,3,0,0,0,0,0,126.8796,37.2056,0,0,0,0,50,1,1
0,4,0,1,2,1,0,127.3133,35.2734,0,0,0,0,147,0,0
0,5,0,1,1,0,0,126.6857,35.969,0,0,1,0,166,1,1
1,2,0,0,0,4,0,128.1615,35.5581,0,0,0,0,133,1,1
1,3,3,1,2,2,0,126.6416,37.4598,0,0,0,0,29,1,1
1,3,5,0,0,4,0,127.0384,37.6303,0,0,0,0,200,1,1
0,3,0,0,0,0,0,128.6211,35.8402,0,0,0,0,37,1,1
0,1,0,0,0,1,0,126.8914,37.5336,0,0,0,0,150,1,1
0,1,0,0,3,0,0,126.9497,37.5008,0,0,0,0,93,1,1
1,5,1,1,1,1,0,126.719,35.98,0,0,1,0,166,1,0
0,3,0,2,4,0,0,128.9775,35.0615,0,0,0,0,25,1,1
0,6,0,0,0,0,0,127.1323,35.7952,0,0,1,0,11,1,1
1,4,0,0,3,0,0,127.9461,36.977,0,0,0,0,6,1,1
1,3,0,0,0,3,0,127.0801,37.669,0,0,0,0,18,1,1
0,5,0,0,0,0,0,127.3436,37.6163,0,0,1,0,70,1,1
1,5,0,0,3,2,0,126.9061,35.1682,0,0,1,0,137,1,1
0,3,0,0,0,0,0,127.442,36.5627,0,0,0,0,83,1,1
1,2,0,1,1,1,0,126.7309,35.2668,0,0,0,0,146,1,1
0,3,0,1,2,0,0,127.7113,34.7261,0,0,0,0,102,1,1
1,4,3,1,2,0,0,126.4425,36.9017,0,0,0,0,69,1,1
0,2,0,2,0,0,0,127.2116,37.2332,0,0,0,0,51,1,1
1,0,1,1,1,2,0,126.836,37.6154,0,0,0,0,40,1,0
0,1,3,1,1,5,0,127.1555,36.8482,0,0,0,0,63,1,1
0,1,0,0,0,0,0,127.0794,37.7968,0,0,0,0,59,1,1
0,0,1,0,3,2,0,129.0459,35.3589,0,0,0,0,49,1,0
1,5,0,0,0,0,0,128.5553,35.1688,0,0,1,0,86,1,1
1,2,0,1,1,1,0,126.6103,35.3502,0,0,0,0,219,1,1
0,0,0,2,4,1,0,128.7207,36.5613,0,0,0,0,66,1,1
0,2,0,0,0,0,0,129.2267,35.8301,0,0,0,0,100,1,1
0,5,0,2,0,0,0,128.6845,35.86,0,0,1,0,37,1,1
0,5,2,0,0,0,0,127.0646,38.0102,0,0,1,0,106,1,1
0,4,0,0,0,0,0,127.1406,35.9131,0,0,0,0,28,1,1
0,2,0,0,0,1,0,127.0647,37.6336,0,0,0,0,18,1,1
1,6,0,0,0,2,0,128.0786,37.23,0,0,1,0,36,1,1
0,0,3,1,1,1,0,127.0519,37.8804,0,0,0,0,94,1,1
0,3,0,0,0,0,0,126.8813,37.49,0,0,0,0,79,1,1
0,6,0,1,1,0,0,127.2235,37.2779,0,0,1,0,51,1,1
0,3,0,1,1,2,0,126.7209,35.0358,0,0,0,0,33,1,1
1,1,3,1,1,1,0,128.8103,35.1041,0,0,0,0,86,1,1
0,1,0,0,0,1,0,127.9467,36.9693,0,0,0,0,6,1,1
0,1,0,1,2,0,0,126.5064,33.2531,0,0,0,0,62,1,1
0,1,3,1,1,0,0,126.6856,37.6138,0,0,0,0,97,1,1
1,0,0,0,3,0,0,127.4845,34.9619,0,0,0,0,27,1,1
1,3,0,0,0,2,0,126.9204,37.62,0,0,0,0,139,1,1
1,2,0,0,0,1,0,127.3332,36.3502,0,0,0,0,148,1,1
0,4,0,1,1,1,0,128.5505,35.81,0,0,0,0,20,1,1
0,4,0,0,0,0,0,129.3488,35.9909,0,0,0,0,160,1,1
1,1,3,1,1,2,0,126.7872,35.1255,0,0,0,0,135,1,1
1,1,0,0,0,0,0,127.4291,36.349,0,0,0,0,80,1,1
0,0,0,0,0,0,0,126.7921,37.768,0,0,0,0,175,1,1
0,5,0,0,0,1,0,126.8006,35.1438,0,0,1,0,135,1,1
0,5,0,0,0,0,0,126.5084,37.7392,0,0,1,0,92,1,1
1,6,0,2,4,0,0,127.6679,34.7576,0,0,1,0,102,1,1
1,0,0,1,1,3,0,126.9128,37.5053,0,0,0,0,150,1,1
0,5,2,0,3,0,0,129.089,35.2008,0,0,1,0,216,1,1
0,5,0,0,0,0,0,126.6483,36.5619,0,0,1,0,38,1,1
0,0,3,1,1,2,0,127.7451,34.7399,0,0,0,0,102,1,1
0,6,0,1,1,0,0,127.0313,37.5642,0,0,1,0,84,1,1
0,5,0,0,0,0,0,128.9287,35.492,1,0,1,0,177,0,0
0,2,3,1,1,0,0,127.335,36.308,0,0,0,0,4,1,1
1,3,1,1,2,0,0,126.959,37.4779,0,0,0,0,188,1,0
1,0,0,0,0,0,0,127.2352,37.6478,0,0,0,0,70,1,1
0,4,0,0,0,2,0,126.8359,37.6278,0,0,0,0,40,1,1
0,5,0,0,0,0,0,128.6166,35.8375,0,0,1,0,37,1,1
0,3,0,1,2,2,0,128.5948,35.8753,0,0,0,0,178,1,1
0,4,0,0,0,2,0,126.8655,37.6854,0,0,0,0,40,1,1
0,3,0,0,0,6,0,126.7604,37.8911,0,0,0,0,175,1,1
0,1,2,0,3,2,0,126.929,37.6494,0,0,0,0,139,1,1
0,1,0,1,2,1,0,129.2436,36.058,0,0,0,0,100,1,1
0,6,0,0,0,0,0,127.3557,36.3522,0,0,1,0,4,1,1
0,5,1,0,3,0,0,129.0186,35.2627,0,0,1,0,118,1,0
0,5,0,0,0,0,0,128.6354,35.7883,0,0,1,0,30,1,1
1,0,0,2,4,1,0,126.4998,35.0869,0,0,0,0,157,1,1
0,6,0,1,2,0,0,126.8523,37.3093,0,0,1,0,2,1,1
1,4,0,0,0,0,0,129.3709,36.0555,0,0,0,0,160,1,1
1,5,0,1,2,2,0,126.6853,37.4143,0,0,1,0,35,1,1
1,4,0,0,0,2,0,127.3647,36.3072,2,0,0,0,4,1,1
1,4,2,0,0,0,0,126.8685,35.9347,0,0,0,0,166,1,1
0,3,0,0,0,2,0,126.8964,37.5816,0,0,0,0,139,1,1
1,4,0,0,3,1,0,126.9579,37.5743,0,0,0,0,195,1,1
1,5,0,1,2,1,0,127.3943,34.8437,0,0,1,0,27,1,1
1,3,0,0,0,0,0,127.0543,36.775,0,0,0,0,53,1,1
0,3,3,2,4,0,0,126.9302,35.1286,0,0,0,0,162,1,1
1,3,0,0,0,0,0,126.7482,37.6842,0,0,0,0,40,1,1
1,3,1,1,2,1,0,128.5639,35.1916,0,0,0,0,86,0,0
1,1,2,0,3,1,0,127.0546,36.1958,0,0,0,0,61,1,1
1,1,0,1,2,1,0,126.9334,37.0403,0,0,0,0,14,1,1
1,6,0,1,2,0,0,127.748,37.8827,0,0,1,0,111,1,1
0,1,1,1,1,0,0,128.9234,35.2278,0,0,0,0,13,1,0
0,2,0,0,0,2,0,129.08,35.1867,0,0,0,0,221,1,1
0,2,3,0,3,0,0,127.4328,36.3554,0,0,0,0,80,0,0
0,1,0,0,0,0,0,126.7847,37.3457,1,0,0,0,73,1,1
0,4,0,1,1,1,0,128.4886,35.8076,0,0,0,0,30,1,1
0,6,0,2,4,1,0,126.8979,37.1056,0,0,1,0,50,1,1
1,5,5,0,0,0,0,127.348,35.0306,0,0,1,0,27,1,1
0,2,1,0,3,0,0,127.468,36.1885,0,0,0,0,68,1,0
0,4,0,1,2,2,0,127.2043,37.895,0,0,0,0,171,1,1
0,5,0,0,0,0,0,126.948,37.503,0,0,1,0,93,1,1
1,5,0,0,0,0,0,127.4877,34.9633,0,0,1,0,27,1,1
0,2,0,1,2,0,0,126.9881,37.4189,0,0,0,0,227,1,1
0,2,0,0,0,1,0,126.8367,37.4234,0,0,0,0,73,1,1
0,2,3,0,3,0,0,129.0706,35.1901,0,0,0,0,221,1,1
0,3,0,0,0,6,0,126.6833,37.4511,0,0,0,0,29,1,1
1,6,0,1,1,2,0,126.9921,37.49,0,0,1,0,214,1,1
0,5,0,0,0,0,0,127.4671,36.6352,0,0,1,0,83,1,1
0,2,1,0,3,0,0,126.9936,37.4801,0,0,0,0,214,1,0
1,2,0,1,2,1,0,126.9444,36.0034,0,0,0,0,125,1,1
1,2,0,0,0,1,0,127.0879,34.6721,0,0,0,0,122,1,1
1,3,0,0,0,0,0,129.3341,35.5662,0,0,0,0,205,1,1
1,2,3,1,1,1,0,127.2795,36.5556,0,1,0,0,229,1,1
1,0,0,1,1,2,0,127.4399,36.3311,0,0,0,0,80,1,1
1,3,0,0,0,1,0,128.6364,35.823,0,0,0,0,37,1,1
0,3,2,0,0,0,0,127.0906,34.7478,1,0,0,0,122,1,1
1,1,0,0,0,3,0,128.5157,35.8505,0,0,0,0,20,1,1
1,0,1,0,3,0,0,126.9514,35.9506,0,0,0,0,125,0,0
1,0,0,0,0,2,0,127.1349,37.4419,0,0,0,0,95,1,1
1,1,1,1,1,2,0,126.9868,37.4914,0,0,0,0,214,1,0
0,6,0,0,3,1,0,126.6831,36.8729,0,0,1,0,46,1,1
0,4,0,0,0,0,0,127.9993,37.486,0,0,0,0,31,1,1
1,2,0,0,3,0,0,128.5593,35.8381,0,0,0,0,145,0,0
0,2,0,0,0,1,0,128.7339,35.3064,0,0,0,0,13,1,1
0,3,0,0,0,1,0,126.6896,37.4597,0,0,0,0,29,1,1
0,0,0,0,3,5,0,128.6156,35.8146,0,0,0,0,37,1,1
1,1,0,1,2,0,0,126.7811,37.7552,0,0,0,0,175,1,1
0,6,0,0,0,5,0,126.8993,36.9331,0,0,1,0,14,0,0
0,6,0,0,3,0,0,129.3106,35.5331,0,0,1,0,213,1,1
0,6,0,0,0,0,0,128.1657,37.7255,0,0,1,0,82,0,0
1,6,0,1,2,0,0,126.3451,36.5206,0,0,1,0,169,1,1
0,5,0,0,3,0,0,127.5818,34.9729,0,0,1,0,130,1,1
0,0,0,0,0,1,0,127.4432,38.2428,0,0,0,0,184,1,1
1,0,0,1,1,3,0,126.2687,35.0589,0,0,0,0,101,1,1
1,0,0,1,1,4,0,127.0909,36.194,0,0,0,0,61,1,1
0,0,0,0,0,0,0,127.0365,37.6559,0,0,0,0,98,1,1
0,4,0,0,0,1,0,129.4993,35.8082,0,0,0,0,100,1,1
0,6,0,0,0,0,0,126.9851,37.2479,0,0,1,0,99,1,1
1,4,0,0,0,1,0,129.0424,35.0886,0,0,0,0,173,1,1
0,0,0,0,0,0,0,128.7614,35.542,0,0,0,0,177,1,1
1,4,0,0,0,1,0,127.0622,36.9656,0,0,0,0,14,1,1
0,4,0,0,0,0,0,127.3342,36.3656,0,0,0,0,148,1,1
1,1,0,1,1,0,0,126.7771,37.4429,0,0,0,0,73,1,1
1,6,2,0,0,0,0,129.3387,35.5612,0,0,1,0,205,1,1
1,2,3,1,1,0,0,126.8801,35.1872,0,0,0,0,137,1,1
1,2,0,0,0,0,0,127.0222,37.91,0,0,0,0,94,1,1
0,1,0,0,0,0,0,127.9198,35.6899,0,0,0,0,154,1,1
0,3,0,0,0,0,0,128.5484,38.2758,0,0,0,0,217,1,1
0,1,0,0,0,1,0,127.1212,35.8594,0,0,0,0,11,1,1
0,0,0,0,0,1,0,126.4085,37.439,0,0,0,0,72,0,0
1,2,0,1,2,0,0,128.7864,35.4657,0,0,0,0,177,1,1
1,5,0,1,1,1,0,129.3489,35.6307,0,0,1,0,158,1,1
0,6,0,0,0,2,0,128.5815,35.2371,0,0,1,0,86,1,1
0,0,0,0,0,1,0,128.5711,35.8655,0,0,0,0,107,1,1
0,0,0,0,0,0,0,128.9761,35.1379,0,0,0,0,120,1,1
1,0,0,0,0,1,0,129.3845,35.545,0,0,0,0,158,1,1
0,6,1,1,2,1,0,126.7813,37.6482,0,0,1,0,40,1,0
0,3,0,0,0,1,0,126.9381,37.0797,0,0,0,0,50,1,1
0,0,0,0,0,2,0,128.0329,35.2177,0,0,0,0,42,1,1
1,0,3,1,2,5,0,129.1298,35.22,0,0,0,0,1,1,1
0,6,0,0,0,2,0,127.002,37.267,0,0,1,0,99,1,1
0,1,0,0,0,0,0,126.9143,37.4025,0,0,0,0,151,1,1
0,4,0,1,1,0,0,128.8572,35.7482,0,0,0,0,52,1,1
1,2,0,0,0,0,0,127.1543,35.665,0,0,1,0,152,1,1
0,6,0,0,0,0,0,126.7059,36.0073,0,0,1,0,10,1,1
1,4,0,0,0,9,0,129.2963,35.9967,0,0,0,0,100,1,1
1,2,0,1,1,1,0,127.6934,34.7687,0,0,0,0,102,1,1
1,2,0,0,0,2,0,126.9745,35.0697,0,0,0,0,88,1,1
0,5,0,1,2,0,0,126.4026,34.8074,0,0,1,0,153,1,1
0,6,0,0,0,0,0,126.3908,34.7987,0,0,1,0,153,1,1
1,0,0,0,0,0,0,129.1119,35.119,0,0,0,0,180,1,1
0,5,2,1,1,0,0,127.1911,37.2794,0,0,1,0,51,1,1
0,5,0,1,2,0,0,126.7012,37.4502,0,0,1,0,29,1,1
0,6,0,0,0,0,0,126.8041,35.0438,0,0,1,0,33,1,1
0,6,0,0,0,0,0,126.747,37.6764,0,0,1,0,40,1,1
0,3,0,0,0,0,0,128.3442,36.9823,0,0,0,0,204,1,1
1,1,0,0,0,1,0,126.3091,34.5962,0,0,0,0,119,1,1
1,4,0,1,1,0,0,129.2485,35.5623,0,0,0,0,17,1,1
1,4,0,0,0,0,0,127.1213,35.8606,0,0,0,0,11,1,1
0,3,3,1,1,5,0,127.053,37.2458,0,0,0,0,99,1,1
0,3,0,0,0,0,0,128.4432,34.8671,0,0,0,0,212,0,0
1,3,3,1,2,2,0,128.4182,34.8801,0,0,0,0,212,1,1
1,5,0,0,0,0,0,128.1236,34.9283,0,0,1,0,87,1,1
0,5,0,0,0,0,0,127.9107,36.9769,0,0,1,0,6,1,1
0,5,0,0,0,0,0,127.2357,37.3049,0,0,1,0,51,1,1
0,0,0,0,0,0,0,128.2915,37.9171,0,0,0,0,124,1,1
1,3,1,0,3,0,0,126.4078,33.4844,0,0,0,0,90,1,0
0,3,0,0,0,0,0,126.9725,37.5553,0,0,0,0,8,1,1
0,3,0,0,0,4,0,129.0867,35.2329,0,0,0,0,96,1,1
1,3,0,1,1,0,0,127.0634,37.6408,0,0,0,0,18,1,1
0,2,0,0,0,1,0,128.1822,34.9098,0,0,0,0,87,0,0
1,4,3,0,0,0,0,127.002,37.5797,0,0,0,0,116,1,1
0,4,1,0,0,0,0,127.0794,36.8226,0,0,0,0,53,1,0
0,1,0,0,0,0,0,128.1113,36.723,0,0,0,0,74,1,1
0,1,0,1,2,0,0,126.8365,33.328,0,0,0,0,62,1,1
0,0,1,0,0,0,0,129.0252,35.1012,1,0,0,0,228,1,0
0,1,0,1,2,2,0,127.4027,36.3279,0,0,0,0,39,1,1
0,1,0,1,2,4,0,127.1365,35.7969,0,0,0,0,11,1,1
0,5,0,0,0,0,0,126.6323,36.9005,0,0,1,0,46,1,1
0,5,0,0,0,0,0,127.3587,36.8834,0,0,1,0,60,1,1
0,3,0,0,0,0,0,128.6027,35.841,0,0,0,0,145,1,1
0,5,0,1,1,0,0,129.344,35.5399,0,0,1,0,213,1,1
0,6,0,0,3,0,0,127.1628,37.6086,0,0,1,0,70,1,1
0,4,1,1,1,2,0,126.9104,37.5107,0,0,0,0,150,1,0
1,5,0,1,1,1,0,126.3986,34.8078,0,0,1,0,153,1,1
0,6,0,0,0,0,0,127.4384,36.6329,0,0,1,0,83,1,1
1,2,0,1,2,1,0,128.1626,35.1683,0,0,0,0,42,1,1
1,5,0,0,3,1,0,128.5392,38.1927,0,0,1,0,104,1,1
1,2,1,0,3,0,0,128.6183,35.8779,0,0,0,0,26,1,0
1,2,1,0,3,0,0,128.504,35.8355,1,0,0,0,20,1,0
0,3,0,2,4,0,0,128.3425,35.8439,0,0,0,0,168,1,1
0,3,0,1,2,2,0,127.636,37.2937,0,0,0,0,22,1,1
0,6,0,0,0,2,0,126.7075,37.4491,0,0,1,0,29,1,1
0,2,0,0,0,0,0,126.9924,35.0629,0,0,0,0,88,1,1
0,1,0,1,1,0,0,126.6564,35.3821,0,0,0,0,219,1,1
1,6,0,1,2,2,0,127.1459,35.8211,0,0,1,0,11,1,1
0,3,0,0,0,0,0,126.914,34.6157,0,0,0,0,56,1,1
0,4,0,0,0,4,0,127.9292,36.9825,0,0,0,0,6,1,1
1,2,0,0,0,1,0,126.9127,37.4866,0,0,0,0,188,1,1
1,6,0,0,0,0,0,127.3024,37.6598,0,0,1,0,70,1,1
0,4,0,0,0,0,0,127.0218,35.8223,0,0,0,0,28,1,1
0,0,0,0,0,0,0,128.7263,36.5669,0,0,0,0,66,1,1
0,0,0,0,0,0,0,126.9351,35.1809,0,0,0,0,137,1,1
0,2,0,0,0,8,0,129.3707,36.043,0,0,0,0,160,1,1
1,0,0,1,1,1,0,128.6216,36.826,0,0,0,0,113,1,1
1,0,0,0,0,0,0,128.1093,35.0684,0,0,0,0,57,1,1
0,6,0,0,0,1,0,126.3857,34.7437,0,0,1,0,16,1,1
0,0,0,0,0,0,0,128.7093,35.3522,0,0,1,0,86,1,1
1,1,0,0,0,0,0,127.3367,36.3014,0,0,0,0,4,1,1
0,1,0,0,0,0,0,127.4711,37.422,0,0,0,0,22,1,1
1,2,4,2,4,0,0,127.1547,37.5491,0,0,0,0,91,0,0
0,2,0,0,0,2,0,126.0954,37.2286,0,0,0,0,186,1,1
0,5,0,1,1,4,0,128.7229,35.8317,0,0,1,0,52,1,1