주야,요일,법규위반,도로형태_대분류,도로형태,당사자종별_1당_대분류,당사자종별_2당_대분류,경도,위도,사고피해정도,도시여부,주말/공휴일,인구수,발생지번호,보행자의위치,무단횡단여부
1,0,0,0,0,2,0,126.9485,37.5489,0,0,0,0,159,1,1
0,5,0,1,1,0,0,129.1842,35.997,0,0,1,0,100,1,1
0,4,0,0,0,0,0,126.9626,37.4894,0,0,0,0,93,1,1
1,2,0,1,2,1,0,126.9769,37.5624,0,0,0,0,97,0,0
0,5,0,0,0,0,0,129.1483,35.1614,0,0,1,0,1,1,1
1,4,0,0,0,1,0,127.4239,36.4402,0,0,0,0,77,0,0
0,6,0,0,0,0,0,127.5094,36.8991,0,0,1,0,60,1,1
1,1,4,0,0,1,0,127.0394,37.6138,0,0,0,0,167,1,1
1,5,0,0,0,1,0,128.2,36.3233,0,0,1,0,58,1,1
0,6,0,0,3,0,0,126.9826,37.4727,0,0,1,0,214,1,1
0,2,0,0,0,0,0,127.1447,36.8269,0,0,0,0,63,1,1
0,0,2,1,1,0,0,128.7037,35.8331,0,0,0,0,37,1,1
1,1,0,1,2,1,0,127.286,37.2332,0,0,0,0,51,1,1
0,2,0,0,3,0,0,129.0826,35.1868,0,0,0,0,221,1,1
0,2,1,1,1,0,0,126.8356,37.5299,0,0,0,0,140,1,0
1,1,0,0,0,1,0,126.4736,35.2506,0,0,0,0,127,1,1
1,5,3,1,1,1,0,126.8763,37.657,0,0,1,0,40,1,1
1,5,0,2,4,2,0,127.2085,35.3051,0,0,1,0,147,1,1
0,3,3,0,0,0,0,126.8559,37.3079,0,0,0,0,2,1,1
1,3,1,0,0,0,0,126.6264,33.2834,0,0,0,0,62,1,0
0,2,1,1,1,0,0,126.7978,37.53,0,0,0,0,65,1,0
0,0,0,0,0,0,0,127.5182,36.6321,0,0,0,0,83,1,1
0,4,0,1,1,0,0,126.7006,37.6192,0,0,0,0,47,1,1
0,4,1,1,1,0,0,127.9629,37.4191,0,0,0,0,36,1,0
0,5,0,0,0,1,0,129.0661,35.6179,0,0,1,0,17,0,0
0,1,0,0,0,0,0,127.0725,37.0121,0,0,0,0,14,1,1
0,6,0,1,1,0,0,129.344,36.1623,0,0,1,0,160,1,1
0,4,1,0,0,0,0,129.3525,35.5431,0,0,0,0,213,1,0
0,4,0,0,0,0,0,128.6463,36.5496,0,0,0,0,66,0,0
1,4,0,0,0,0,0,128.3336,36.065,0,0,0,0,21,1,1
0,3,0,0,0,2,0,127.3639,36.3075,0,0,0,0,4,1,1
1,4,0,2,4,0,0,127.604,34.9645,0,0,0,0,130,1,1
0,3,0,0,0,2,0,126.9816,35.0601,0,0,0,0,88,1,1
1,2,0,0,0,0,0,127.1877,37.708,0,0,0,0,70,1,1
1,1,0,0,3,2,0,128.4287,34.8558,0,0,0,0,212,1,1
1,6,0,0,3,0,0,128.9658,35.1062,0,0,1,0,25,1,1
1,0,3,1,2,1,0,127.6892,34.9452,0,0,0,0,130,1,1
1,1,0,1,1,1,0,126.8894,37.4666,0,0,0,0,109,1,1
1,0,2,0,0,0,0,127.3461,36.3616,0,0,0,0,148,1,1
1,4,1,1,2,2,0,126.9453,37.399,0,0,0,0,151,0,0
1,2,0,1,1,1,0,126.6857,37.4978,0,0,0,0,97,1,1
0,1,0,1,1,0,0,126.9543,35.9547,0,0,0,0,125,1,1
0,5,0,0,0,0,0,126.8357,37.5236,0,0,1,0,140,1,1
0,2,0,0,0,2,0,126.958,35.0774,0,0,0,0,88,1,1
1,3,3,1,1,1,0,127.0397,37.6709,0,0,0,0,98,1,1
0,2,3,1,1,0,0,128.6846,35.6865,0,0,0,0,3,1,1
0,1,0,2,4,0,0,126.7632,34.6572,0,0,0,0,121,1,1
1,4,0,0,0,1,0,127.7895,37.3831,0,0,0,0,36,0,0
1,0,0,0,0,0,0,129.3132,35.5587,0,0,0,0,205,1,1
0,2,1,0,3,1,0,126.8303,35.139,0,0,1,0,222,1,0
0,5,0,0,0,0,0,129.0938,35.1992,0,0,1,0,216,1,1
1,1,0,0,0,1,0,128.6343,35.897,0,0,0,0,26,1,1
1,5,0,0,0,0,0,126.5831,36.6285,0,0,1,0,38,1,1
0,4,0,0,0,0,0,128.4211,34.8632,0,0,0,0,212,1,1
0,1,2,2,4,0,0,127.8929,34.8729,0,0,0,0,197,1,1
0,6,0,0,0,0,0,128.5745,35.8588,0,0,1,0,20,1,1
0,6,0,0,0,0,0,127.6445,36.8612,0,0,1,0,110,1,1
0,6,0,1,2,0,0,127.1886,37.7204,0,0,1,0,70,1,1
0,4,2,0,0,0,0,126.4309,36.94,0,0,0,0,69,1,1
0,5,0,0,0,0,0,127.129,36.7909,0,0,1,0,63,1,1
0,6,1,0,0,0,0,127.3794,36.3613,0,0,1,0,4,1,0
0,3,0,0,0,0,0,126.9815,35.6978,0,0,0,0,12,0,0
1,6,0,0,0,1,0,127.2157,35.0851,0,0,1,0,27,1,1
0,3,5,0,0,0,0,128.5606,35.8793,0,0,0,0,107,1,1
1,6,0,0,0,1,0,128.0648,35.5514,0,0,1,0,133,1,1
1,0,0,0,0,2,0,127.0574,37.5732,0,0,0,0,201,1,1
0,5,0,0,0,0,0,126.8954,35.7965,0,0,1,0,34,1,1
0,3,1,1,1,0,0,126.7107,35.9639,1,0,0,0,166,1,0
1,6,0,0,0,0,0,126.8179,35.1779,0,0,1,0,135,1,1
0,5,0,0,0,0,0,127.4375,37.3076,0,0,1,0,41,1,1
0,5,3,0,3,0,0,126.9938,37.2873,0,0,1,0,99,1,1
1,6,0,0,0,2,0,127.771,36.1706,0,0,1,0,75,1,1
1,0,0,0,0,0,0,129.1507,35.3836,0,0,0,0,49,1,1
0,3,0,0,0,0,0,128.6602,35.2165,0,0,0,0,86,1,1
1,0,0,1,1,1,0,126.7917,34.5933,0,0,0,0,121,1,1
0,2,0,0,0,0,0,127.0624,37.4779,0,0,0,0,89,0,0
0,0,0,0,3,2,0,127.0464,37.8191,0,0,0,0,59,1,1
0,1,0,0,0,0,0,126.8442,37.5448,0,0,0,0,43,1,1
1,2,0,1,2,1,0,129.2071,35.8447,0,0,0,0,100,1,1
1,2,0,1,2,1,0,129.089,35.5913,0,0,0,0,17,1,1
0,2,0,0,0,0,0,126.9809,37.251,0,0,0,0,99,1,1
1,6,0,1,1,0,0,126.5292,34.7248,0,0,1,0,16,1,1
0,1,0,0,0,1,0,128.7054,36.3358,0,0,0,0,105,1,1
1,1,0,0,0,1,0,127.0977,37.5168,0,0,0,0,156,1,1
1,0,0,1,2,1,0,127.4703,36.6265,0,0,0,0,83,1,1
1,1,1,0,3,0,0,127.0149,37.525,0,0,0,0,134,1,0
0,4,0,0,0,0,0,128.605,35.3934,0,0,0,0,177,1,1
0,6,0,0,0,4,0,127.2122,37.586,0,0,1,0,70,1,1
0,0,0,0,0,0,0,126.719,35.0346,0,0,0,0,33,1,1
1,2,0,0,3,2,0,128.5515,35.9567,0,0,0,0,112,1,1
1,3,0,0,0,0,0,127.0092,37.5898,0,0,0,0,167,1,1
0,3,0,0,0,0,0,126.8617,37.843,0,0,0,0,175,1,1
1,0,0,0,0,0,0,126.8641,35.1535,1,0,0,0,222,0,0
0,2,0,0,0,0,0,128.8187,35.8655,0,0,0,0,52,1,1
0,2,0,1,1,0,0,128.1591,36.4198,0,0,0,0,58,1,1
0,0,0,0,3,0,0,127.4413,36.3517,0,0,0,0,80,1,1
1,6,2,1,2,0,0,127.1951,34.5328,0,0,1,0,191,1,1
0,6,0,0,3,0,0,128.6715,35.8794,0,0,1,0,26,1,1
0,6,0,0,0,0,0,127.2596,36.3782,0,0,1,0,19,1,1
1,6,0,0,0,1,0,128.1844,37.584,0,0,1,0,31,1,1
1,3,0,0,0,0,0,126.6982,36.7419,0,0,0,0,187,1,1
0,3,0,0,0,1,0,126.7021,33.5111,0,0,0,0,90,1,1
0,4,0,0,0,0,0,127.7291,37.8746,0,0,0,0,111,1,1
0,2,0,1,2,0,0,126.2569,33.3354,0,0,0,0,90,1,1
0,5,0,1,2,0,0,127.1318,35.8009,0,0,1,0,11,1,1
0,1,0,0,0,1,0,127.0701,36.0673,0,0,0,0,125,1,1
0,0,0,0,0,1,0,126.7116,37.4819,0,0,0,0,44,1,1
0,2,0,0,0,1,0,127.3079,37.0775,0,0,0,0,23,1,1
1,3,3,1,1,0,0,129.3875,35.5381,0,0,0,0,158,1,1
1,3,0,0,0,0,0,128.4116,34.8938,0,0,0,0,212,1,1
0,2,0,1,1,0,0,127.1357,37.8166,0,0,0,0,171,1,1
0,6,0,1,2,0,0,129.3062,35.5556,0,0,1,0,205,1,1
0,5,0,0,0,0,0,126.8563,37.4881,2,0,1,0,79,1,1
1,6,0,0,0,1,0,126.9141,37.484,0,0,1,0,188,1,1
1,1,4,0,0,2,0,126.9356,37.4933,0,0,0,0,93,1,1
1,1,0,0,0,0,0,126.8802,35.1074,0,0,0,0,190,1,1
0,3,0,2,4,0,0,126.9815,37.3928,0,0,0,0,199,1,1
1,1,0,0,0,0,0,129.4718,36.723,0,0,0,0,208,1,1
0,3,0,0,0,0,0,127.0221,35.8201,0,0,0,0,28,1,1
0,3,0,0,0,1,0,127.3847,36.4258,0,0,0,0,148,1,1
1,1,0,1,1,2,0,126.8548,37.2952,0,0,0,0,2,1,1
0,6,2,0,0,0,0,128.6933,35.8301,0,0,1,0,37,1,1
0,3,0,1,1,0,0,127.12,35.7926,0,0,1,0,11,1,1
0,3,0,0,0,2,0,127.0065,37.2818,0,0,0,0,99,1,1
0,4,0,0,0,0,0,126.4662,34.977,0,0,0,0,101,1,1
1,1,1,0,3,0,0,128.5344,35.831,0,0,0,0,20,1,0
0,0,3,1,1,0,0,129.0129,35.3246,0,0,0,0,49,1,1
1,4,0,0,0,3,0,129.0998,35.1731,0,0,0,0,45,1,1
0,0,0,0,0,1,0,129.2299,35.8813,0,0,0,0,100,1,1
0,1,0,0,0,2,0,128.5129,35.1472,0,0,0,0,86,1,1
0,6,0,0,0,0,0,126.7229,37.6186,0,0,1,0,47,1,1
0,1,0,1,1,1,0,126.7331,35.9755,0,0,0,0,166,1,1
0,6,0,0,3,0,0,127.2212,37.5228,0,0,1,0,67,1,1
0,3,0,0,0,2,0,126.8449,37.546,0,0,0,0,43,1,1
0,4,0,0,0,0,0,126.936,37.4863,0,0,1,0,188,1,1
0,5,0,0,0,0,0,126.9493,37.5447,0,0,1,0,159,1,1
0,0,0,0,0,8,0,126.8816,37.5226,0,0,0,0,150,1,1
0,6,0,0,3,0,0,129.3415,36.112,0,0,1,0,160,1,1
0,5,3,1,2,0,0,126.3781,34.8126,0,0,1,0,153,1,1
0,3,0,1,2,0,0,127.2525,37.3365,0,0,0,0,51,1,1
1,2,2,0,0,0,0,127.8544,35.7011,0,0,0,0,154,1,1
1,4,0,1,2,0,0,127.9373,36.9627,0,0,0,0,6,1,1
1,2,0,0,0,4,0,126.8446,37.7085,0,0,0,0,40,1,1
1,4,0,0,0,3,0,126.2778,36.7569,0,0,0,0,169,0,0
0,3,0,0,0,0,0,126.8869,37.4814,0,0,0,0,79,1,1
0,2,0,0,0,1,0,126.895,37.484,0,0,0,0,79,1,1
0,6,0,0,0,0,0,126.9112,35.1701,0,0,1,0,137,1,1
0,3,0,1,2,0,0,126.9512,37.5438,0,0,0,0,159,1,1
1,5,0,1,2,1,0,127.3217,36.3799,0,0,1,0,148,1,1
1,3,0,1,1,1,0,127.2924,34.5044,0,0,0,0,191,1,1
0,0,0,1,2,1,0,128.8855,35.2266,0,0,0,0,13,1,1
1,5,0,0,0,1,0,128.5717,35.2123,0,0,1,0,86,1,1
0,2,0,0,0,0,0,128.8801,37.7641,0,0,0,0,194,1,1
0,2,3,1,2,2,0,127.0253,37.4649,0,0,0,0,214,0,0
0,2,0,1,2,0,0,126.9388,37.5048,0,0,0,0,93,1,1
1,3,1,0,3,1,0,129.0246,35.0997,0,0,0,0,228,1,0
0,1,1,1,2,0,0,127.0726,37.564,0,0,0,0,201,1,0
0,1,1,0,3,4,0,126.3989,34.8092,0,0,0,0,153,1,0
1,3,0,0,0,1,0,126.7595,37.3067,0,0,0,0,2,1,1
0,3,0,0,0,1,0,126.9259,36.7678,0,0,0,0,53,1,1
0,4,0,0,0,1,0,128.0451,35.5168,0,0,0,0,133,1,1
0,5,0,0,0,1,0,127.1373,36.2787,0,0,1,0,61,1,1
1,3,0,0,0,0,0,128.5743,35.8578,0,0,0,0,145,1,1
1,0,0,0,0,0,0,128.5831,38.1852,0,0,0,0,104,1,1
0,4,0,0,0,0,0,128.5742,35.8862,0,0,1,0,107,1,1
1,2,1,0,3,0,0,126.9613,37.3996,1,0,1,0,151,1,0
0,1,0,1,1,1,0,127.81,35.6338,0,0,0,0,108,1,1
0,0,5,1,1,1,0,127.5859,37.3345,0,0,0,0,22,1,1
0,6,0,1,1,0,0,127.9512,37.3952,0,0,1,0,36,1,1
0,1,0,0,0,0,0,127.3792,37.1677,0,0,0,0,51,0,0
1,4,0,0,0,3,0,127.1266,37.014,0,0,0,0,14,1,1
0,0,0,0,0,0,0,126.7116,34.9472,0,0,0,0,33,1,1
1,0,0,0,0,0,0,126.5107,35.2748,0,0,0,0,127,0,0
1,6,0,0,0,1,0,127.3014,37.6582,0,0,1,0,70,1,1
0,4,0,0,0,0,0,127.9306,36.9696,0,0,0,0,6,1,1
1,3,0,0,0,1,0,127.4678,35.2076,0,0,0,0,161,1,1
1,3,0,0,0,1,0,127.4292,36.3502,0,0,0,0,80,1,1
1,3,0,1,1,1,0,127.0326,37.6023,0,0,0,0,167,1,1
1,2,0,2,4,1,0,128.9167,37.7645,0,0,0,0,194,1,1
0,3,0,0,0,1,0,127.2998,35.2808,0,0,0,0,147,1,1
0,4,1,1,1,0,0,126.7084,33.282,0,0,0,0,62,1,0
1,4,0,0,3,1,0,128.4876,35.1158,0,0,0,0,86,1,1
0,3,0,0,0,0,0,127.2062,37.2141,0,0,0,0,51,1,1
1,0,0,0,0,3,0,127.7579,35.0592,0,0,0,0,172,0,0
0,4,0,0,0,0,0,127.434,36.3287,0,0,0,0,80,1,1
0,1,0,0,0,0,0,127.6817,37.1168,0,0,0,0,110,1,1
0,6,0,0,3,0,0,127.3474,36.3614,0,0,1,0,148,1,1
1,0,1,0,3,1,0,128.5407,35.8338,0,0,0,0,20,1,0
0,6,0,2,4,1,0,127.1369,37.5294,0,0,1,0,91,1,1
0,0,0,1,2,0,0,129.0715,36.3305,0,0,0,0,203,1,1
0,0,1,0,0,1,0,126.7765,37.759,0,0,0,0,175,1,0
0,5,1,0,3,0,0,128.6226,34.8801,0,0,1,0,15,1,0
0,4,0,0,0,0,0,127.0516,37.5125,0,0,0,0,89,1,1
0,4,0,1,1,0,0,128.5796,35.2348,1,0,0,0,86,1,1
0,4,0,0,0,0,0,129.0224,35.1078,0,0,0,0,228,1,1
0,0,0,1,2,0,0,127.5268,37.2204,0,0,0,0,41,1,1
1,1,0,1,2,3,0,126.3959,34.7959,0,0,0,0,153,1,1
1,1,3,0,3,2,0,126.828,37.3213,0,0,0,0,2,1,1
0,0,0,0,0,0,0,127.6363,36.9997,0,0,0,0,110,1,1
1,4,0,0,3,2,0,129.2071,35.8447,0,0,0,0,100,1,1
1,1,0,0,0,3,0,126.6419,34.9511,0,0,0,0,33,1,1
0,0,0,1,2,0,0,127.0564,37.5207,0,0,0,0,89,1,1
0,6,0,2,4,0,0,126.9265,37.3332,0,0,1,0,126,1,1
0,5,0,1,2,2,0,126.9062,37.5171,0,0,1,0,150,1,1
1,4,0,1,1,3,0,129.154,35.4468,0,0,0,0,17,1,1
0,6,1,0,3,0,0,128.1053,35.0716,0,0,1,0,57,1,0
0,6,5,0,0,0,0,129.407,35.9611,1,0,1,0,160,1,1
1,1,0,0,0,1,0,128.4203,35.5684,0,0,0,0,211,1,1
1,0,0,1,1,0,0,128.7089,35.3386,0,0,0,0,86,1,1
0,5,0,1,1,1,0,127.1522,35.2691,0,0,1,0,147,1,1
1,5,0,0,0,1,0,126.9113,37.6131,0,0,1,0,139,1,1
0,4,3,0,0,0,0,129.1089,35.2696,0,0,0,0,96,1,1
0,5,0,1,1,1,0,129.3411,35.5557,0,0,1,0,205,1,1
0,6,4,0,0,0,0,127.1089,37.3479,0,0,1,0,95,1,1
0,5,0,1,1,2,0,129.4131,35.4846,0,0,1,0,225,1,1
1,4,1,1,2,1,0,128.2105,37.1415,0,0,0,0,103,1,0
1,4,1,1,1,0,0,126.8543,35.5658,0,0,0,0,12,0,0
0,3,0,0,0,0,0,127.038,37.5723,0,0,0,0,201,1,1
0,3,0,0,0,1,0,129.3758,35.8004,0,0,0,0,100,1,1
1,1,0,1,1,1,0,127.7322,34.7393,0,0,0,0,102,1,1
0,1,0,0,0,0,0,128.6694,35.1539,0,0,0,0,86,1,1
0,2,1,0,0,2,0,126.3696,34.8017,0,0,1,0,153,1,0
1,3,0,0,3,0,0,126.5581,33.5154,0,0,0,0,90,1,1
1,2,0,0,0,1,0,126.6223,36.8876,0,0,0,0,46,1,1
0,2,0,0,0,2,0,127.1226,36.641,0,0,0,0,19,1,1
0,0,0,0,0,0,0,127.526,36.1725,0,0,0,0,68,1,1
0,6,1,0,0,0,0,126.8084,37.3354,0,0,1,0,2,1,0
0,4,0,0,0,0,0,126.8494,37.5267,0,0,0,0,140,1,1
1,6,0,1,2,0,0,129.095,35.2269,0,0,1,0,96,1,1
0,5,0,1,2,0,0,127.3941,36.3176,0,0,1,0,39,1,1
0,4,0,0,0,0,0,127.7196,36.4799,0,0,0,0,32,1,1
1,2,0,0,0,0,0,126.7972,37.3349,0,0,0,0,2,1,1
0,1,0,0,0,3,0,129.3319,35.6945,0,0,0,0,100,1,1
1,1,0,1,2,0,0,129.0677,35.1276,0,0,0,0,180,1,1
0,1,0,1,2,2,0,129.0927,35.2324,0,0,0,0,96,1,1
0,0,0,0,0,0,0,129.0734,35.1716,0,0,0,0,231,1,1
0,4,0,0,0,2,0,129.1175,36.5125,0,0,0,0,203,1,1
0,3,0,0,3,1,0,126.7883,37.7133,0,0,0,0,40,1,1
1,2,0,1,1,0,0,127.0666,37.2343,0,0,0,0,50,0,0
0,5,0,0,0,1,0,126.393,34.7929,0,0,1,0,153,1,1
0,2,0,0,0,0,0,129.3141,35.535,0,0,0,0,213,1,1
0,0,0,0,0,4,0,127.0767,37.6486,0,0,0,0,18,1,1
0,4,0,0,0,0,0,126.4845,37.7477,0,0,0,0,92,1,1
0,5,0,1,2,0,0,127.6947,34.7684,0,0,1,0,102,1,1
0,0,0,0,0,0,0,126.8771,34.6783,0,0,0,0,56,1,1
0,5,0,1,2,2,0,127.3004,36.6024,0,1,1,0,229,1,1
0,3,0,0,0,1,0,128.6125,36.8227,0,0,0,0,113,1,1
0,0,0,1,1,1,0,127.4159,36.3482,0,0,0,0,77,1,1
1,4,0,0,0,2,0,128.8775,35.295,0,0,0,0,13,1,1
0,0,0,1,2,3,0,129.2626,35.5561,0,0,0,0,213,0,0
0,5,0,0,3,0,0,126.6554,35.0141,0,0,1,0,33,1,1
0,4,0,0,0,0,0,127.28,36.09,0,0,0,0,28,1,1
0,2,1,0,0,0,0,126.9254,35.1885,0,0,0,0,137,1,0
0,4,1,0,3,2,0,126.914,37.5188,0,0,0,0,150,1,0
0,5,0,0,0,2,0,126.7207,37.5068,0,0,1,0,44,1,1
0,6,0,0,0,0,0,126.9034,37.4746,0,0,1,0,109,1,1
1,0,1,0,0,0,0,126.9333,36.7737,0,0,0,0,53,1,0
1,5,0,0,3,1,0,127.0404,37.5786,0,0,1,0,201,1,1
0,4,0,0,0,0,0,127.1221,37.4817,0,0,0,0,156,1,1
0,4,0,0,0,0,0,129.2694,35.5497,1,0,0,0,213,1,1
1,5,0,0,3,2,0,126.8006,37.5322,1,0,1,0,65,1,1
0,1,0,0,0,1,0,126.8982,36.1833,0,0,0,0,129,1,1
0,6,0,0,0,0,0,127.0376,36.7659,0,0,1,0,53,1,1
0,5,0,1,2,0,0,126.897,35.1369,0,0,1,0,190,1,1
0,1,0,0,0,1,0,126.647,35.2329,0,0,0,0,146,1,1
0,3,0,1,1,0,0,127.6917,36.9286,0,0,0,0,110,1,1
1,6,0,0,0,0,0,129.1109,35.202,0,0,1,0,216,1,1
0,2,0,0,0,0,0,127.4609,36.6329,0,0,0,0,83,1,1
0,6,0,1,2,1,0,128.0735,35.063,0,0,1,0,57,1,1
1,4,0,0,0,1,0,126.8356,37.4889,0,0,0,0,79,1,1
0,5,0,1,1,0,0,127.9317,37.4027,0,0,1,0,36,1,1
0,3,0,0,0,0,0,126.7272,37.3373,0,0,1,0,73,1,1
0,2,0,1,1,0,0,126.8241,37.5393,0,0,0,0,140,1,1
1,1,0,2,4,3,0,127.1989,35.2578,0,0,0,0,147,1,1
0,3,0,1,2,0,0,127.4912,36.6438,0,0,0,0,83,1,1
0,3,2,0,0,5,0,127.1784,37.5781,0,0,0,0,67,1,1
0,5,2,0,0,0,0,127.2356,37.0009,0,0,1,0,23,1,1
1,6,0,2,4,0,0,127.5571,37.2386,0,0,1,0,22,1,1
1,3,1,0,3,3,0,127.1249,36.4578,0,0,0,0,19,1,0
0,1,0,0,3,2,0,127.604,34.9646,0,0,0,0,130,1,1
0,5,0,1,2,0,0,126.8999,35.1957,0,0,1,0,137,1,1
0,0,0,1,2,0,0,126.612,37.6588,0,0,0,0,47,1,1
0,3,0,0,0,1,0,127.0915,34.7269,0,0,0,0,122,1,1
0,2,0,0,3,0,0,126.8999,37.5268,0,0,0,0,150,1,1
1,0,0,0,0,1,0,127.7649,35.5487,0,0,0,0,108,1,1
0,3,0,0,3,0,0,127.0494,37.7349,0,0,0,0,64,1,1
0,3,0,0,0,0,0,126.6769,36.6029,0,0,0,0,38,1,1
1,0,0,0,0,0,0,126.9502,37.321,0,0,0,0,199,0,0
0,5,0,1,2,0,0,127.0694,37.2524,0,0,1,0,99,1,1
0,0,0,1,1,0,0,126.9627,35.934,0,0,0,0,125,1,1
1,0,2,0,0,0,0,127.0919,36.9766,0,0,0,0,14,1,1
1,1,0,0,0,1,0,128.6838,35.8901,0,0,0,0,26,1,1
1,2,0,1,2,1,0,126.6785,37.4144,0,0,0,0,35,1,1
1,4,4,1,2,0,0,126.9995,37.6079,0,0,0,0,167,0,0
0,2,0,1,1,0,0,127.6146,37.1271,0,0,0,0,41,1,1
1,1,0,0,0,1,0,129.3052,35.4986,1,0,0,0,213,0,0
0,0,0,0,0,2,0,128.961,35.1062,0,0,0,0,25,1,1
0,3,0,0,0,0,0,126.4534,36.7752,0,0,0,0,69,0,0
1,1,1,1,1,1,0,126.8334,37.548,0,0,0,0,43,1,0
0,3,1,0,3,3,0,127.7197,34.9632,0,0,0,0,130,1,0
0,0,0,1,1,0,0,127.4647,35.2089,1,0,0,0,161,1,1
0,4,0,1,1,0,0,126.9977,36.7787,0,0,0,0,53,1,1
1,2,0,0,0,1,0,127.4914,34.9497,0,0,0,0,27,1,1
1,1,0,0,0,0,0,128.4161,35.951,0,0,0,0,21,1,1
0,0,0,1,2,0,0,127.5071,36.5897,0,0,0,0,83,1,1
0,6,0,0,0,0,0,128.5692,35.8613,0,0,1,0,107,1,1
0,3,0,0,0,0,0,126.8048,37.5285,0,0,0,0,65,1,1
0,3,0,0,0,2,0,126.8286,36.4834,0,0,0,0,174,1,1
1,6,0,1,1,1,0,127.8166,35.7816,0,0,1,0,154,1,1
0,5,0,1,2,0,0,127.4286,36.629,0,0,1,0,83,1,1
0,4,0,0,0,0,0,129.1096,35.1444,0,0,0,0,45,1,1
0,3,0,0,0,1,0,127.1339,36.8122,0,0,1,0,63,1,1
1,4,0,0,0,2,0,127.4197,36.4324,0,0,0,0,77,1,1
0,1,0,1,1,0,0,128.6475,36.1891,0,0,0,0,170,1,1
0,1,3,1,1,2,0,126.9027,37.4845,0,0,0,0,188,1,1
0,1,0,0,0,0,0,128.8866,35.091,0,0,0,0,206,1,1
0,2,0,0,0,2,0,127.4854,36.6633,0,0,0,0,83,1,1
0,1,0,0,3,0,0,127.7325,36.4607,0,0,0,0,32,1,1
1,0,4,0,0,1,0,127.1501,37.4294,1,0,0,0,95,1,1
0,2,1,0,3,0,0,126.707,34.9629,0,0,1,0,33,1,0
0,0,0,0,0,0,0,126.7565,34.8591,0,0,0,0,16,1,1
0,6,0,0,0,0,0,126.9027,35.1555,0,0,1,0,137,1,1
1,1,0,0,0,0,0,128.0864,35.1884,0,0,0,0,42,1,1
1,1,0,0,0,2,0,127.4652,36.6083,0,0,0,0,83,1,1
1,3,0,0,0,0,0,127.1254,37.4049,0,0,0,0,95,1,1
1,4,2,0,0,1,0,127.6869,36.2765,0,0,0,0,142,1,1
1,5,1,0,0,0,0,128.4272,34.8508,0,0,1,0,212,1,0
0,3,3,0,3,0,0,126.9003,35.1317,0,0,0,0,190,1,1
0,4,0,0,0,0,0,126.9668,37.4699,0,0,0,0,188,1,1
0,3,5,0,0,0,0,126.6716,37.4952,0,0,0,0,97,1,1
0,6,0,0,0,0,0,128.5149,35.859,0,0,1,0,20,1,1
0,4,3,0,3,5,0,126.9357,37.3675,0,0,0,0,126,1,1
0,5,0,1,2,4,0,126.9689,37.5305,0,0,1,0,134,1,1
1,5,1,1,1,1,0,128.4255,36.1108,0,0,1,0,144,1,0
1,5,0,0,0,1,0,127.0648,36.8413,0,0,1,0,53,1,1
0,3,4,1,2,0,0,126.9666,37.5381,1,0,0,0,134,0,0
1,1,0,1,2,1,0,126.7008,37.7388,0,0,0,0,175,1,1
0,2,0,0,0,1,0,127.4491,36.863,0,0,0,0,60,1,1
1,2,3,0,3,3,0,126.7188,37.3579,0,0,0,0,73,1,1
0,2,0,0,0,0,0,127.4134,36.3348,0,0,0,0,39,1,1
0,0,0,0,0,1,0,127.0417,36.1689,0,0,0,0,61,1,1
0,4,0,0,0,1,0,129.0564,35.1391,0,0,0,0,209,1,1
1,5,0,0,0,2,0,127.0501,37.5457,0,0,1,0,84,1,1
1,4,2,0,3,0,0,127.7526,37.8513,0,0,0,0,111,1,1
0,6,3,1,1,0,0,127.068,37.248,0,0,1,0,99,1,1
1,4,0,0,0,1,0,127.1408,36.8251,0,0,0,0,63,1,1
1,2,0,1,2,0,0,129.0615,35.1639,1,0,0,0,231,1,1
0,5,3,0,0,0,0,129.1206,35.1731,0,0,1,0,45,1,1
1,2,0,0,0,4,0,129.348,35.5715,0,0,0,0,205,1,1
0,3,0,1,2,0,0,128.5748,35.2186,0,0,1,0,86,1,1
0,1,0,0,0,0,0,126.8233,37.5732,0,0,0,0,43,1,1
0,1,1,0,3,0,0,127.7418,37.8793,0,0,0,0,111,1,0
0,1,1,1,1,0,0,128.7049,35.8728,0,0,0,0,26,1,0
0,0,0,0,0,0,0,126.9685,37.5813,0,0,0,0,116,1,1
0,5,3,1,1,0,0,128.6871,36.5741,0,0,1,0,66,1,1
0,0,0,1,2,0,0,128.5814,35.857,0,0,0,0,145,1,1
1,4,0,0,0,5,0,127.1281,37.8389,0,0,0,0,171,1,1
1,4,2,0,0,0,0,126.2651,33.3998,0,0,0,0,90,1,1
0,5,3,0,3,0,0,128.7348,35.8334,0,0,1,0,52,1,1
0,5,0,2,4,0,0,127.0463,37.581,0,0,1,0,201,1,1
0,6,1,0,3,0,0,129.075,35.0763,0,0,1,0,173,1,0
0,6,2,0,3,0,0,128.9286,35.1014,0,0,1,0,206,1,1
1,3,0,0,0,1,0,126.5766,37.6487,0,0,0,0,47,1,1
1,5,2,0,0,1,0,128.5467,35.8727,0,0,1,0,107,1,1
0,4,0,0,0,1,0,127.4204,36.2781,0,0,0,0,39,0,0
1,2,0,0,0,2,0,128.808,35.8717,0,0,0,0,52,1,1
0,0,2,1,1,0,0,127.3725,35.4485,0,0,0,0,193,1,1