주야,요일,법규위반,도로형태_대분류,도로형태,당사자종별_1당_대분류,당사자종별_2당_대분류,경도,위도,사고피해정도,도시여부,주말/공휴일,인구수,발생지번호,보행자의위치,무단횡단여부
1,3,0,1,2,0,0,129.1319,35.5774,0,0,0,0,17,1,1
1,0,0,0,0,1,0,127.0641,37.0677,0,0,0,0,14,1,1
0,6,0,1,2,0,0,126.5524,37.6451,0,0,1,0,47,1,1
0,2,0,0,0,0,0,126.2612,34.4814,0,0,0,0,71,1,1
0,5,3,0,3,0,0,129.0956,35.1124,0,0,1,0,180,1,1
0,0,0,1,2,1,0,126.4555,37.2295,0,0,0,0,186,1,1
0,4,0,1,2,5,0,126.8379,37.6545,0,0,0,0,40,1,1
1,0,0,0,0,1,0,126.8011,35.1437,0,0,0,0,135,1,1
0,0,0,0,0,0,0,127.6709,34.8131,0,0,0,0,102,1,1
1,5,0,0,0,0,0,126.7199,35.5281,0,0,1,0,219,1,1
0,4,0,1,2,2,0,126.9329,35.9449,0,0,0,0,125,1,1
0,5,0,0,0,0,0,127.1089,36.8126,0,0,1,0,63,1,1
0,4,0,0,0,0,0,126.7529,34.6238,0,0,0,0,121,0,0
0,1,0,1,1,0,0,128.0862,34.9371,0,0,0,0,57,1,1
0,6,0,0,3,0,0,127.4978,34.9461,0,0,1,0,27,1,1
1,6,0,2,4,2,0,127.6841,36.9293,0,0,1,0,110,1,1
1,2,0,0,3,0,0,128.9977,35.1983,0,0,0,0,118,1,1
0,1,1,1,2,0,0,127.7181,36.4834,0,0,0,0,32,1,0
1,1,0,0,0,1,0,128.6347,35.8743,0,0,0,0,26,1,1
0,1,1,1,1,0,0,128.1364,36.1309,0,0,0,0,76,1,0
1,4,0,0,0,2,0,127.0175,37.5219,0,0,0,0,89,1,1
0,5,0,0,0,0,0,129.1888,35.2506,0,0,1,0,85,1,1
1,5,3,0,3,1,0,129.2002,35.1826,1,0,1,0,1,1,1
0,4,0,1,2,0,0,126.7976,37.8605,0,0,0,0,175,1,1
0,4,0,0,0,0,0,128.677,35.2064,0,0,0,0,86,1,1
0,1,0,1,2,1,0,127.1305,35.8003,0,0,0,0,11,1,1
1,2,0,1,1,2,0,127.1523,35.8203,0,0,0,0,11,1,1
1,3,0,0,0,0,0,127.1369,36.7848,0,0,0,0,63,1,1
1,1,3,1,1,3,0,127.1105,35.8413,0,0,0,0,11,1,1
0,0,0,0,0,0,0,127.3524,36.6084,0,0,0,0,83,0,0
0,3,2,0,0,0,0,127.4946,37.5036,0,0,1,0,48,1,1
1,0,0,2,4,1,0,129.1455,35.3886,0,0,0,0,49,1,1
1,5,0,1,1,0,0,128.6361,35.8235,0,0,1,0,37,1,1
0,5,2,1,2,0,0,127.2214,37.5224,0,0,1,0,67,1,1
0,5,0,1,1,2,0,128.419,34.8414,0,0,1,0,212,1,1
0,3,0,0,0,0,0,129.1554,35.3847,0,0,0,0,49,1,1
0,4,0,1,2,0,0,127.9318,36.9878,0,0,0,0,6,1,1
0,3,0,1,2,0,0,126.8979,35.1035,0,0,0,0,190,1,1
0,3,1,1,2,2,0,127.3892,36.313,0,0,0,0,39,1,0
1,2,0,0,0,2,0,126.936,37.3814,0,0,1,0,151,1,1
0,0,0,1,2,0,0,127.1454,37.4463,0,0,0,0,95,1,1
0,5,1,0,0,0,0,127.9168,37.0275,0,0,1,0,6,1,0
0,3,0,1,1,0,0,128.8164,35.8885,0,0,0,0,52,1,1
1,5,0,0,0,1,0,127.4241,38.1991,0,0,1,0,184,1,1
0,5,0,0,0,2,0,127.1831,37.719,0,0,1,0,70,1,1
0,5,0,0,0,0,0,127.3455,37.8351,0,0,1,0,176,0,0
1,6,2,0,0,1,0,128.1427,37.6195,0,0,1,0,31,1,1
0,6,0,0,0,2,0,127.0545,37.1461,0,0,1,0,143,1,1
0,5,0,0,0,0,0,128.5617,35.9327,0,0,1,0,112,1,1
0,4,0,1,1,0,0,129.1756,35.1592,0,0,0,0,1,1,1
0,1,0,1,2,0,0,127.3667,37.7927,0,0,0,0,176,1,1
1,0,0,0,0,0,0,127.9462,37.3306,0,0,0,0,36,1,1
0,0,3,1,1,1,0,126.8648,37.5948,0,0,0,0,40,1,1
0,5,0,0,0,0,0,128.7041,35.2994,0,0,1,0,13,1,1
0,5,0,1,2,0,0,127.1293,37.4351,0,0,1,0,95,1,1
0,3,0,0,0,0,0,129.294,35.5345,0,0,0,0,213,1,1
0,1,2,0,0,0,0,126.9643,37.5683,0,0,0,0,195,1,1
0,0,0,2,4,2,0,126.9791,37.214,0,0,0,0,50,1,1
1,1,2,1,1,0,0,126.5421,36.3182,0,0,0,0,136,1,1
1,5,0,1,1,0,0,127.044,37.6287,0,0,1,0,200,1,1
0,5,0,0,0,1,0,127.5759,35.7387,0,0,1,0,155,1,1
0,5,1,0,3,1,0,126.6986,35.4351,0,0,1,0,219,1,0
0,4,0,0,0,0,0,127.1736,35.9364,0,0,0,0,28,1,1
0,4,0,0,0,1,0,127.6668,37.2159,0,0,0,0,22,1,1
0,4,0,0,0,0,0,128.3242,37.1702,0,0,0,0,114,1,1
0,4,0,0,0,0,0,126.9261,35.136,0,0,0,0,162,1,1
1,4,1,1,1,1,0,127.0419,37.6555,0,0,0,0,98,1,0
0,3,1,0,3,2,0,127.0995,36.1833,0,0,0,0,61,1,0
0,1,0,0,0,0,0,129.2669,35.4178,0,0,0,0,17,1,1
1,0,0,0,3,0,0,127.0548,37.9005,0,0,0,0,94,1,1
0,1,0,1,2,0,0,126.6275,35.925,0,0,0,0,166,0,0
0,2,0,0,0,0,0,127.4112,36.3235,0,0,0,0,39,1,1
1,2,0,0,3,0,0,128.5582,35.2011,0,0,0,0,86,1,1
0,0,0,0,0,3,0,128.6135,35.1744,1,0,0,0,86,1,1
0,4,0,0,0,0,0,127.0825,35.9106,0,0,0,0,28,1,1
0,5,0,1,1,0,0,127.7934,35.4635,0,0,1,0,224,1,1
1,5,0,0,0,1,0,127.132,37.4405,0,0,1,0,95,1,1
1,1,0,1,2,1,0,129.2942,35.5354,0,0,0,0,213,1,1
1,2,0,1,1,2,0,128.6754,34.9143,0,0,0,0,15,1,1
0,1,3,1,2,2,0,127.1286,37.4166,0,0,0,0,95,1,1
1,1,1,0,3,3,0,127.4518,36.6189,0,0,0,0,83,1,0
1,4,0,0,0,0,0,126.4229,35.2801,0,0,0,0,127,0,0
0,4,0,0,0,0,0,127.0159,36.2235,0,0,0,0,129,1,1
0,3,0,0,0,1,0,126.9482,37.2665,0,0,0,0,99,1,1
1,0,0,0,0,1,0,128.1092,35.1796,0,0,0,0,42,1,1
1,1,0,0,0,0,0,128.2221,37.1282,0,0,0,0,103,1,1
0,1,0,0,0,1,0,126.8222,37.5441,0,0,0,0,43,1,1
1,1,0,0,3,2,0,126.7608,37.6703,0,0,0,0,40,1,1
0,1,0,1,1,0,0,126.7156,35.0333,0,0,0,0,33,1,1
1,0,5,0,0,0,0,127.3968,36.3246,0,0,0,0,39,1,1
0,6,0,0,0,0,0,127.0033,37.2775,0,0,1,0,99,1,1
0,6,0,0,0,0,0,128.6268,35.8658,0,0,1,0,37,1,1
0,6,0,0,0,0,0,129.3087,35.5075,0,0,1,0,213,1,1
1,2,3,1,2,1,0,127.151,37.6499,0,0,0,0,70,0,0
0,5,1,0,3,1,0,127.5236,34.943,0,0,1,0,27,0,0
0,6,3,0,3,0,0,126.9822,37.4881,0,0,1,0,214,1,1
0,3,0,0,0,0,0,129.0565,35.1417,0,0,0,0,209,1,1
0,2,0,0,0,0,0,128.5836,35.2214,0,0,0,0,86,1,1
1,0,3,0,0,1,0,126.9904,37.5763,0,0,0,0,116,0,0
0,5,0,0,0,1,0,128.596,35.9071,0,0,1,0,112,1,1
1,5,2,0,0,0,0,127.117,35.3722,1,0,1,0,131,0,0
1,4,4,0,0,2,0,128.0935,35.1736,0,0,0,0,42,0,0
0,4,0,0,0,0,0,127.116,36.9712,0,0,0,0,14,1,1
1,2,0,1,2,2,0,126.735,37.8416,0,0,0,0,175,1,1
0,2,0,0,0,1,0,127.5107,36.9139,0,0,0,0,60,0,0
0,3,1,1,2,0,0,126.6271,36.8895,0,0,0,0,46,1,0
0,3,0,1,1,0,0,126.6924,35.9616,0,0,0,0,166,1,1
1,3,0,0,0,1,0,127.49,37.2875,0,0,0,0,41,0,0
0,5,0,0,0,0,0,127.5145,34.9468,0,0,1,0,27,1,1
0,5,0,0,0,1,0,127.3093,34.838,0,0,1,0,122,1,1
0,5,0,0,0,0,0,127.4793,36.6428,0,0,1,0,83,1,1
0,2,0,1,1,0,0,129.3705,36.0563,0,0,0,0,160,1,1
1,0,0,1,2,1,0,126.6711,36.6009,0,0,0,0,38,1,1
0,5,0,0,0,0,0,126.4978,35.8472,0,0,1,0,166,1,1
0,4,0,0,3,0,0,127.3927,36.3264,0,0,0,0,39,1,1
1,5,0,0,3,0,0,128.8275,35.9156,0,0,1,0,52,1,1
0,6,0,0,0,0,0,126.9139,35.8079,0,0,1,0,34,1,1
1,5,0,0,0,0,0,126.8992,35.789,0,0,1,0,34,1,1
0,3,2,1,1,0,0,127.0788,37.5679,1,0,0,0,183,1,1
0,5,2,0,0,4,0,127.0209,37.4861,0,0,1,0,214,0,0
0,0,1,0,3,0,0,128.3484,36.1202,0,0,0,0,144,1,0
0,3,0,0,0,1,0,127.6292,36.2017,0,0,0,0,142,1,1
1,0,4,0,0,1,0,126.8718,35.1977,0,0,0,0,137,0,0
0,4,0,0,0,2,0,128.0729,35.9186,0,0,0,0,168,1,1
0,1,0,0,0,0,0,126.8998,37.5661,0,0,0,0,159,1,1
0,0,0,0,0,0,0,127.4899,37.4974,0,0,0,0,48,1,1
1,0,1,0,3,3,0,129.3358,35.5642,0,0,0,0,205,1,0
0,2,0,0,0,0,0,126.631,36.5363,0,0,0,0,38,1,1
1,2,1,0,0,1,0,126.2911,36.755,0,0,0,0,169,1,0
0,3,0,0,0,0,0,127.0062,37.5593,0,0,0,0,8,1,1
1,1,0,0,0,1,0,126.8387,37.5769,0,0,0,0,43,1,1
1,6,0,0,0,0,0,128.4362,36.0292,0,0,1,0,21,1,1
0,3,0,0,0,0,0,127.0058,35.8708,0,0,0,0,34,1,1
0,2,2,0,0,1,0,126.9759,35.951,0,0,0,0,125,1,1
1,4,0,0,0,2,0,126.8467,33.5235,0,0,0,0,90,1,1
0,1,0,0,0,0,0,129.0708,35.2075,0,0,0,0,216,1,1
0,0,0,0,0,0,0,128.4776,35.2657,0,0,0,0,117,1,1
1,1,0,0,0,0,0,127.1601,35.8281,0,0,0,0,11,1,1
1,1,0,1,2,0,0,126.4628,36.7763,0,0,0,0,69,1,1
1,3,0,0,3,1,0,127.1199,37.4444,0,0,0,0,95,1,1
0,1,0,0,0,0,0,127.0621,37.5899,0,0,0,0,201,1,1
1,6,0,1,1,0,0,127.5056,36.6367,0,0,1,0,83,1,1
0,3,0,1,2,2,0,127.0461,37.2383,0,0,0,0,99,1,1
0,6,0,0,0,0,0,129.025,35.1534,0,0,1,0,231,1,1
1,0,0,0,0,0,0,127.1164,36.8166,0,0,0,0,63,1,1
1,0,0,0,0,2,0,128.1124,35.5438,0,0,0,0,133,1,1
0,5,4,0,0,0,0,126.4296,34.8401,0,0,1,0,101,1,1
1,3,0,0,3,1,0,128.9501,35.1433,0,0,0,0,206,1,1
1,0,0,0,0,0,0,127.709,34.7695,0,0,0,0,102,1,1
1,2,2,1,1,1,0,127.9465,37.3549,0,0,0,0,36,1,1
1,2,0,0,0,1,0,126.9326,35.155,0,0,0,0,162,1,1
1,2,0,0,0,1,0,127.8747,34.8825,0,0,0,0,197,1,1
1,1,1,0,3,0,0,127.6704,34.7584,0,0,0,0,102,1,0
0,4,3,0,3,6,0,128.5045,35.2345,0,0,0,0,86,1,1
1,5,0,1,1,0,0,126.9875,37.5647,0,0,1,0,8,1,1
0,1,0,1,2,0,0,127.5147,36.973,0,0,0,0,110,1,1
0,1,0,0,0,1,0,127.9283,36.9729,0,0,0,0,6,1,1
1,2,0,0,0,3,0,126.8986,35.1216,0,0,0,0,190,1,1
0,6,0,0,0,1,0,126.7198,37.6014,0,0,1,0,47,1,1
0,3,0,1,1,0,0,126.5403,33.4876,0,0,0,0,90,1,1
1,0,1,0,3,0,0,126.335,33.4624,0,0,0,0,90,1,0
1,0,0,0,0,0,0,126.8845,37.4642,0,0,0,0,109,1,1
1,1,0,1,2,2,0,127.9787,36.0712,0,0,0,0,76,1,1
0,4,0,0,0,0,0,127.1369,35.842,0,0,0,0,11,1,1
1,4,0,0,0,1,0,127.1529,37.454,0,0,0,0,95,1,1
1,1,0,1,1,1,0,127.69,36.9368,0,0,0,0,110,1,1
0,3,0,0,0,0,0,128.5642,36.2058,0,0,0,0,170,1,1
0,1,2,1,1,0,0,127.1368,36.2138,0,0,0,0,61,1,1
1,5,0,0,0,0,0,126.2263,33.3881,0,0,1,0,90,1,1
0,1,0,0,0,2,0,126.7069,37.444,0,0,0,0,29,1,1
0,3,0,1,2,0,0,129.2085,35.464,1,0,0,0,17,1,1
0,5,3,1,1,0,0,127.068,37.2484,0,0,1,0,99,1,1
1,4,0,1,1,1,0,127.1496,37.2901,0,0,0,0,51,1,1
0,6,0,0,3,0,0,129.3801,36.0605,0,0,1,0,160,1,1
0,5,0,0,0,0,0,127.2038,37.6329,0,0,1,0,70,1,1
0,5,0,0,0,0,0,127.4794,36.6508,0,0,1,0,83,1,1
1,5,0,0,0,2,0,129.0943,35.2181,0,0,1,0,96,1,1
0,3,0,0,0,1,0,126.9845,35.0593,0,0,0,0,88,1,1
0,5,0,0,3,2,0,128.6229,35.8782,0,0,1,0,26,1,1
1,0,0,0,0,2,0,127.0652,37.5018,0,0,0,0,89,1,1
0,0,0,0,0,1,0,128.5189,35.1537,0,0,0,0,86,1,1
0,2,1,1,2,1,0,127.1279,36.4705,0,0,0,0,19,1,0
0,3,0,0,0,0,0,127.1089,37.3343,0,0,0,0,51,1,1
1,5,0,0,0,1,0,126.8815,37.5233,0,0,1,0,150,1,1
1,4,0,0,0,0,0,126.7709,36.1435,0,0,0,0,10,0,0
0,5,3,1,1,0,0,127.6968,34.7486,0,0,1,0,102,1,1
0,6,0,0,0,0,0,128.0346,34.8265,0,0,1,0,197,1,1
1,0,0,0,0,1,0,127.4617,36.6489,0,0,0,0,83,1,1
0,6,0,0,0,0,0,127.125,35.9153,0,0,1,0,28,1,1
0,5,0,0,0,0,0,126.8374,37.319,0,0,1,0,2,1,1
0,5,0,1,2,0,0,127.5219,34.9681,0,0,1,0,27,1,1
0,4,0,0,0,0,0,129.0479,35.3662,0,0,0,0,49,1,1
0,1,0,1,2,0,0,127.6487,34.9636,0,0,0,0,130,1,1
0,1,2,0,0,0,0,126.6892,34.8155,0,0,0,0,16,1,1
0,1,0,0,0,0,0,128.3023,34.9377,0,0,0,0,87,1,1
1,4,0,0,0,0,0,126.9317,35.7721,0,0,0,0,34,1,1
0,2,0,2,4,1,0,124.7333,37.9547,0,0,0,0,186,0,0
1,3,0,0,0,5,0,128.5756,35.8828,0,0,0,0,107,1,1
0,1,0,1,1,0,0,126.6862,37.4637,0,0,0,0,29,1,1
0,0,0,1,1,0,0,129.0594,35.0974,0,0,0,0,173,1,1
0,1,0,0,0,1,0,126.4068,34.571,0,0,0,0,119,1,1
0,5,0,0,0,0,0,128.4211,34.9518,0,0,1,0,212,1,1
0,3,0,0,0,0,0,127.0234,37.5702,0,0,0,0,84,1,1
0,2,0,0,0,0,0,126.9147,37.5777,0,0,0,0,195,1,1
1,1,0,0,0,1,0,126.9045,37.5049,0,0,0,0,150,1,1
0,1,3,0,3,0,0,127.0925,37.0147,0,0,0,0,14,1,1
0,1,0,0,0,1,0,127.2696,36.9915,0,0,0,0,23,1,1
0,2,0,0,0,0,0,128.0754,34.9549,0,0,0,0,57,1,1
0,5,3,1,2,0,0,127.0782,37.1371,0,0,1,0,143,1,1
1,1,0,2,4,0,0,127.0159,36.7475,0,0,0,0,53,1,1
0,5,0,0,0,2,0,127.1285,37.4361,0,0,1,0,95,1,1
1,3,0,1,1,0,0,127.5569,34.8135,0,0,0,0,102,1,1
1,6,0,0,0,7,0,127.1251,37.4049,0,0,1,0,95,1,1
0,5,0,0,0,0,0,127.2076,35.0866,0,0,1,0,27,1,1
0,3,2,1,2,0,0,126.7778,37.6827,0,0,0,0,40,1,1
0,1,0,0,0,0,0,126.8655,35.8159,0,0,0,0,34,1,1
0,6,0,0,0,0,0,129.0121,36.5507,0,0,1,0,203,0,0
0,3,0,1,2,1,0,127.4591,36.6431,0,0,0,0,83,1,1
1,6,0,0,0,0,0,126.8914,35.5334,0,0,1,0,12,1,1
1,5,2,0,0,0,0,128.6384,35.3179,0,0,1,0,86,1,1
0,6,0,0,0,0,0,127.4597,35.1407,0,0,1,0,27,1,1
1,6,0,0,0,0,0,127.4202,36.3204,0,0,1,0,39,1,1
1,2,4,2,4,0,0,128.6751,35.2369,0,0,0,0,86,1,1
0,4,0,0,0,1,0,127.7175,36.1131,0,0,0,0,75,1,1
1,0,0,0,0,0,0,126.6617,37.5868,0,0,0,0,97,1,1
0,6,3,0,3,7,0,126.9515,37.4988,0,0,1,0,93,1,1
0,6,0,0,0,0,0,127.0099,36.0781,0,0,1,0,125,1,1
0,5,0,0,0,0,0,127.0336,37.2666,0,0,1,0,99,1,1
1,3,3,1,1,6,0,127.4483,37.2856,0,0,0,0,41,1,1
0,6,0,0,0,1,0,127.6279,36.2529,0,0,1,0,142,1,1
0,5,0,0,0,0,0,129.3108,35.5529,0,0,1,0,205,1,1
1,2,0,1,1,0,0,126.9868,37.2513,0,0,0,0,99,0,0
0,5,0,0,0,0,0,127.4764,34.89,0,0,1,0,27,1,1
1,6,0,0,0,0,0,129.0401,35.1193,0,0,1,0,209,1,1
0,5,0,1,2,0,0,129.3463,35.5806,0,0,1,0,205,1,1
0,2,0,0,0,1,0,127.5386,37.0421,0,0,0,0,110,0,0
0,1,0,1,2,2,0,128.0357,36.1345,0,0,0,0,76,0,0
0,3,0,1,2,0,0,128.6499,35.755,0,0,0,0,30,1,1
0,3,0,0,0,0,0,128.0713,35.1803,0,0,0,0,42,1,1
0,3,0,0,0,0,0,126.6968,36.5263,0,0,0,0,38,1,1
0,4,0,0,0,0,0,129.4262,35.5187,0,0,0,0,225,0,0
0,4,5,1,1,0,0,128.0328,38.1079,0,0,0,0,115,1,1
0,4,0,2,4,2,0,126.8481,37.3278,0,0,0,0,2,1,1
0,1,0,0,3,0,0,128.6587,35.8532,0,0,0,0,37,1,1
1,3,0,0,3,1,0,126.9592,37.6069,0,0,0,0,116,0,0
1,2,0,1,1,1,0,128.5794,35.8713,0,0,0,0,178,1,1
0,6,0,0,0,1,0,127.4852,36.2009,0,0,1,0,68,1,1
1,1,1,1,2,0,0,129.1159,35.2252,0,0,0,0,96,1,0
0,4,0,0,3,0,0,127.0328,37.4868,0,0,0,0,89,1,1
0,6,1,0,3,0,0,126.9184,37.5892,1,0,1,0,139,1,0
0,6,0,0,0,0,0,127.0725,37.462,0,0,1,0,214,1,1
0,6,0,2,4,6,0,127.0129,36.7847,0,0,1,0,53,1,1
0,4,0,0,0,0,0,126.8878,34.6655,0,0,0,0,56,0,0
0,6,0,0,3,0,0,126.9284,37.1577,0,0,1,0,50,1,1
1,2,0,0,0,5,0,127.206,35.3112,0,0,0,0,147,1,1
1,0,1,1,2,0,0,128.4218,35.9704,0,0,0,0,21,1,0
0,2,0,0,0,0,0,126.5048,33.4932,0,0,0,0,90,1,1
0,0,0,0,3,1,0,128.7365,35.5055,0,0,0,0,177,1,1
0,1,0,0,0,1,0,126.9534,35.9616,0,0,0,0,125,1,1
1,3,0,0,0,0,0,126.6686,37.5124,0,0,0,0,97,1,1
0,5,0,0,0,1,0,127.4514,37.214,0,0,1,0,41,1,1
0,5,0,0,0,0,0,126.8184,37.3422,0,0,1,0,2,1,1
1,4,0,0,0,0,0,128.348,35.2726,0,0,0,0,117,1,1
0,1,0,2,4,0,0,128.7361,36.5637,0,0,0,0,66,1,1
0,6,0,1,1,2,0,126.8842,37.5167,0,0,1,0,150,1,1
0,1,0,0,0,1,0,127.4287,36.4532,0,0,0,0,77,1,1
1,4,1,0,3,4,0,126.9248,37.6206,0,0,0,0,139,1,0
0,1,0,1,1,0,0,128.5529,35.8255,0,0,0,0,20,0,0
0,0,0,2,4,0,0,127.0346,36.8984,0,0,0,0,53,1,1
1,1,0,0,3,2,0,126.8772,35.1616,0,0,0,0,222,1,1
0,6,1,1,2,0,0,127.0714,37.6288,0,0,1,0,18,1,0
0,6,0,0,0,2,0,126.8121,37.5612,0,0,1,0,43,1,1
0,0,0,0,3,0,0,128.0906,36.1369,0,0,0,0,76,1,1
0,1,0,0,0,2,0,126.9479,37.2193,0,0,0,0,50,1,1
1,0,3,1,2,0,0,127.2003,37.6323,0,0,0,0,70,1,1
0,1,1,1,2,1,0,128.9372,35.9635,0,0,0,0,5,1,0
1,6,0,0,0,0,0,126.7738,37.6853,0,0,1,0,40,1,1
1,6,3,0,0,0,0,126.792,37.4389,0,0,1,0,73,1,1
0,4,0,1,1,0,0,127.051,37.5681,0,0,0,0,201,1,1
1,1,0,0,0,0,0,127.0223,37.6424,0,0,0,0,200,1,1
1,2,0,0,0,0,0,126.9716,37.2997,1,0,0,0,99,0,0
1,4,1,0,3,2,0,127.056,37.2015,0,0,0,0,50,1,0
1,5,0,0,0,0,0,127.1545,36.8573,0,0,1,0,63,1,1
0,5,0,0,0,0,0,127.5475,36.5169,0,0,1,0,83,1,1
0,0,2,0,0,0,0,128.988,35.1588,0,0,0,0,120,1,1
0,3,0,0,0,1,0,128.121,36.6924,0,0,0,0,74,1,1
0,1,0,0,0,2,0,127.7107,34.9445,0,0,0,0,130,0,0
1,3,1,0,0,1,0,126.905,37.7202,0,0,0,0,40,1,0
0,5,0,1,1,0,0,126.6588,33.5368,0,0,1,0,90,1,1
0,6,0,0,3,2,0,127.1052,37.5071,0,0,1,0,156,1,1
0,1,0,0,0,0,0,126.901,37.5144,0,0,0,0,150,1,1
1,4,2,0,0,0,0,127.5066,37.8545,0,0,0,0,176,1,1
0,4,1,0,3,0,0,128.6779,35.1529,0,0,0,0,86,1,0
0,3,0,0,0,0,0,126.5366,37.7252,0,0,0,0,47,1,1
0,4,0,0,0,0,0,129.1911,37.4234,0,0,0,0,78,1,1
0,4,0,0,0,1,0,128.9801,35.1912,0,0,0,0,120,1,1
1,4,0,1,2,0,0,128.9915,35.2003,0,0,0,0,118,1,1
0,6,0,0,0,0,0,126.8232,35.0333,0,0,1,0,33,0,0
0,6,0,0,0,0,0,128.5766,35.8786,0,0,1,0,107,1,1
1,5,1,0,3,1,0,126.8114,37.3638,0,0,1,0,73,1,0
0,3,0,0,0,0,0,126.8089,37.483,0,0,0,0,65,1,1
1,4,0,0,3,2,0,126.7644,37.6691,0,0,0,0,40,1,1
0,0,0,1,1,2,0,127.0257,37.2364,0,0,0,0,99,1,1
0,5,0,0,0,0,0,126.6769,35.6824,0,0,1,0,185,1,1
0,0,0,0,0,0,0,126.9406,36.3969,0,0,0,0,174,1,1
0,4,0,0,0,0,0,126.8155,35.1335,0,0,0,0,135,1,1
0,1,0,0,0,0,0,127.4649,36.8704,0,0,0,0,60,1,1
0,3,3,0,3,0,0,127.1476,35.8253,0,0,0,0,11,1,1
0,5,0,0,3,0,0,126.8399,37.5633,0,0,1,0,43,1,1
1,2,0,1,2,3,0,126.6419,37.4607,0,0,0,0,29,1,1
0,1,5,0,0,0,0,126.9949,37.5345,0,0,0,0,134,1,1
1,2,0,1,2,0,0,127.0123,36.8468,0,0,0,0,53,1,1
1,6,0,2,4,1,0,126.7576,34.9982,0,0,1,0,33,1,1
0,5,2,1,2,1,0,126.8353,35.223,0,0,1,0,135,1,1
0,6,0,0,0,1,0,127.7669,34.7151,0,0,1,0,102,1,1
0,0,3,1,2,2,0,127.8392,37.6525,0,0,0,0,82,1,1
0,4,0,0,0,0,0,126.7669,36.5204,0,0,0,0,38,1,1
0,4,0,0,0,0,0,126.6929,36.9702,0,0,0,0,46,0,0
0,1,0,0,3,0,0,128.7229,36.5634,0,0,0,0,66,1,1
0,0,0,0,0,7,0,127.0744,37.5652,0,0,0,0,201,1,1
0,0,0,0,0,0,0,126.8354,37.6191,0,0,0,0,40,1,1
1,0,0,0,0,0,0,126.831,37.5726,0,0,0,0,43,1,1
0,1,0,1,1,0,0,128.8952,36.0498,0,0,0,0,5,1,1
1,3,0,1,2,0,0,126.9579,37.0416,0,0,0,0,14,1,1
0,0,0,0,0,0,0,129.3238,35.552,0,0,0,0,205,1,1
1,1,5,0,3,2,0,126.9228,35.1396,0,0,0,0,162,1,1
1,3,4,0,0,0,0,126.9469,37.4007,0,0,0,0,151,1,1
0,3,0,0,0,0,0,128.6285,35.859,0,0,0,0,37,1,1
1,2,2,0,0,0,0,128.7642,36.5511,0,0,0,0,66,1,1
0,0,0,0,3,1,0,127.0791,37.6035,0,0,0,0,196,1,1
0,2,5,1,2,1,0,127.1351,34.5313,0,0,0,0,191,1,1
0,3,0,0,0,0,0,126.9022,37.4023,0,0,0,0,151,1,1
1,0,0,1,1,2,0,127.5992,36.627,0,0,0,0,83,1,1
0,6,0,0,0,0,0,127.0699,37.5724,0,0,1,0,201,1,1
1,2,5,0,0,1,0,129.3665,36.0148,0,0,0,0,160,1,1
1,5,0,0,0,1,0,127.429,36.4424,0,0,1,0,77,1,1
0,6,0,0,0,0,0,128.3455,36.0645,0,0,1,0,21,1,1
1,4,0,0,0,1,0,127.1226,35.8232,0,0,0,0,11,1,1
1,2,0,1,2,1,0,126.6888,37.3449,0,0,0,0,73,1,1
0,3,1,1,1,0,0,127.0884,37.3214,0,0,0,0,51,1,0
0,1,2,0,0,0,0,127.3022,37.8863,0,0,0,0,171,1,1
1,2,2,0,0,1,0,126.7221,34.5146,0,0,0,0,121,1,1
0,2,0,1,1,0,0,128.6013,35.8758,0,0,0,0,26,1,1
0,2,0,0,0,0,0,128.6227,34.8864,0,0,0,0,15,1,1
0,1,0,0,0,0,0,127.0948,36.832,0,0,0,0,53,1,1
0,0,0,0,0,0,0,127.0168,37.2765,0,0,0,0,99,1,1
0,1,3,0,3,2,0,127.1487,37.4146,0,0,0,0,95,0,0
1,0,0,0,0,1,0,127.2324,35.7225,0,0,0,0,28,1,1
1,4,0,0,0,0,0,127.4623,34.9503,0,0,0,0,27,1,1
0,6,0,0,0,0,0,127.1488,37.8275,0,0,1,0,171,1,1
0,5,0,0,3,0,0,129.0667,35.1429,0,0,1,0,180,1,1
0,3,0,0,0,1,0,129.3343,35.6774,0,0,0,0,100,1,1
0,3,0,0,0,0,0,128.4294,35.9912,0,0,0,0,21,0,0
0,0,1,1,1,6,0,128.4863,35.885,0,0,0,0,30,1,0
0,2,1,0,0,0,0,127.1328,35.8341,0,0,0,0,11,0,0
1,1,0,0,0,0,0,126.736,37.4527,0,0,0,0,29,1,1
0,3,0,0,0,0,0,126.8981,37.4724,0,0,0,0,109,1,1
0,3,0,2,4,0,0,126.728,36.0243,0,0,0,0,10,1,1
1,2,0,0,0,1,0,127.5343,36.3316,0,0,0,0,142,1,1
0,1,0,0,0,0,0,127.0824,35.7947,0,0,0,0,11,1,1
1,1,0,0,0,0,0,127.0465,37.6619,0,0,0,0,98,1,1
0,5,2,0,0,0,0,127.4391,36.3352,0,0,1,0,80,1,1
0,1,0,1,2,0,0,128.5782,36.1324,0,0,0,0,170,1,1
0,3,0,1,1,0,0,127.0496,37.8396,0,0,0,0,59,0,0
0,0,0,0,0,0,0,127.2115,37.2332,0,0,0,0,51,1,1
0,6,0,0,3,0,0,127.1966,37.5963,0,0,1,0,70,1,1
0,6,0,0,0,0,0,128.0937,35.179,0,0,1,0,42,1,1
0,1,3,1,2,0,0,126.7537,35.0354,0,0,0,0,33,1,1