주야,요일,법규위반,도로형태_대분류,도로형태,당사자종별_1당_대분류,당사자종별_2당_대분류,경도,위도,사고피해정도,도시여부,주말/공휴일,인구수,발생지번호,보행자의위치,무단횡단여부
0,2,3,0,0,0,0,126.8679,37.5493,0,0,0,0,43,1,1
0,2,0,0,0,2,0,127.6278,36.6108,0,0,0,0,83,1,1
0,0,0,0,0,1,0,127.5354,36.3301,0,0,0,0,142,1,1
0,1,0,1,2,2,0,126.6719,37.5007,0,0,0,0,97,1,1
1,6,1,1,1,0,0,126.7707,37.6862,0,0,1,0,40,1,0
0,3,0,0,0,0,0,127.1078,36.2437,0,0,0,0,61,1,1
1,2,0,1,1,1,0,128.6406,35.2499,0,0,0,0,86,1,1
1,1,0,0,0,7,0,127.0547,37.5436,0,0,0,0,84,1,1
0,2,0,0,0,1,0,126.8306,37.5395,0,0,0,0,140,1,1
0,1,2,0,0,0,0,127.0861,37.5546,0,0,0,0,183,1,1
0,6,0,1,2,0,0,126.8481,37.3339,0,0,1,0,2,1,1
1,6,0,1,2,0,0,128.1076,35.159,0,0,1,0,42,1,1
0,1,1,1,1,0,0,127.4696,36.6556,0,0,0,0,83,1,0
1,1,0,0,0,1,0,128.7932,35.5034,0,0,0,0,177,0,0
0,0,0,0,0,0,0,126.7265,37.186,0,0,0,0,50,0,0
0,1,0,0,0,0,0,128.7142,36.5642,0,0,0,0,66,1,1
0,6,2,1,2,0,0,127.0454,37.6805,0,0,1,0,98,1,1
0,4,0,0,0,1,0,128.1567,36.5757,0,0,1,0,58,1,1
0,0,0,0,0,1,0,128.8671,35.2701,0,0,0,0,13,1,1
1,1,1,0,3,1,0,128.1632,35.5677,0,0,0,0,133,1,0
0,6,0,1,1,0,0,129.0201,35.1513,0,0,1,0,231,1,1
0,5,1,0,0,0,0,128.7942,35.1797,0,0,1,0,13,0,0
0,6,0,1,2,0,0,126.5693,37.2756,0,0,1,0,2,1,1
1,0,0,0,0,1,0,126.8688,35.1241,0,0,0,0,222,1,1
0,6,0,1,2,0,0,128.6782,35.8753,0,0,1,0,26,1,1
0,2,0,0,0,2,0,126.7212,37.455,1,0,0,0,29,1,1
1,2,1,1,1,1,0,126.7062,37.5128,0,0,0,0,44,1,0
0,1,0,1,2,6,0,126.9202,37.3962,0,0,0,0,151,1,1
0,3,0,0,0,6,0,126.8293,37.6192,0,0,0,0,40,0,0
1,6,0,1,1,0,0,127.9002,36.9432,0,0,1,0,6,0,0
0,5,1,0,3,0,0,126.8526,35.1251,0,0,1,0,222,1,0
0,6,0,0,0,2,0,126.9035,37.5202,0,0,1,0,150,1,1
1,6,0,0,0,0,0,129.05,35.3814,0,0,1,0,49,1,1
0,4,0,1,1,0,0,128.858,35.2373,0,0,0,0,13,1,1
0,4,0,0,3,1,0,126.92,37.6246,0,0,0,0,139,1,1
0,2,0,1,1,0,0,126.7618,35.0163,0,0,0,0,33,1,1
1,5,0,0,0,2,0,129.0862,35.1234,0,0,1,0,180,1,1
0,3,0,0,0,0,0,127.4392,34.861,0,0,0,0,27,1,1
0,6,1,1,1,0,0,126.8597,35.5823,0,0,1,0,12,1,0
0,6,2,0,0,0,0,127.0277,37.221,0,0,1,0,50,1,1
0,1,0,0,0,1,0,126.8467,35.05,0,0,0,0,33,1,1
1,3,0,0,0,0,0,128.8672,35.2299,0,0,0,0,13,1,1
0,1,0,0,0,0,0,127.1193,37.5407,0,0,1,0,91,1,1
1,0,0,0,0,0,0,128.4795,34.8603,0,0,0,0,15,1,1
0,4,2,1,2,0,0,129.0222,35.3233,0,0,0,0,49,1,1
0,4,0,0,0,0,0,126.897,33.4066,0,0,0,0,62,1,1
0,5,0,1,1,0,0,127.1402,37.6041,0,0,1,0,165,1,1
1,2,0,0,0,1,0,129.2475,36.3675,0,0,0,0,54,1,1
1,2,1,0,3,0,0,128.6993,34.8394,0,0,0,0,15,1,0
1,5,0,1,1,0,0,127.9981,36.2164,0,0,1,0,75,1,1
0,1,1,0,0,0,0,127.9409,37.349,0,0,0,0,36,1,0
1,2,0,1,1,0,0,129.007,35.1531,0,0,0,0,120,1,1
0,0,0,1,1,0,0,126.8399,35.9397,0,0,0,0,166,1,1
1,0,0,0,0,2,0,126.4119,37.5962,0,0,0,0,92,0,0
0,1,0,0,0,0,0,128.0713,34.9595,0,0,0,0,57,1,1
0,1,0,1,1,0,0,129.071,35.1252,0,0,0,0,180,1,1
1,0,0,2,4,1,0,127.1531,37.5058,0,0,0,0,67,1,1
1,1,0,0,0,2,0,126.6737,36.9027,0,0,0,0,46,1,1
0,3,0,1,1,1,0,126.8558,36.9603,0,0,1,0,14,1,1
1,1,0,0,0,1,0,128.8736,35.2252,0,0,0,0,13,1,1
0,6,0,0,0,1,0,128.4137,34.8834,0,0,1,0,212,1,1
1,6,0,0,0,0,0,127.5321,37.8439,0,0,1,0,176,0,0
0,1,0,0,0,0,0,127.3136,37.0025,0,0,0,0,23,1,1
0,0,2,0,0,0,0,128.4209,35.7741,0,0,0,0,30,1,1
1,0,0,0,0,2,0,128.2381,35.3263,0,0,0,0,189,1,1
1,5,0,0,3,2,0,126.8423,37.6529,0,0,1,0,40,1,1
0,0,0,0,0,0,0,129.3407,35.5174,0,0,0,0,213,1,1
0,1,0,0,0,0,0,128.6552,34.9551,0,0,0,0,15,1,1
1,1,0,1,1,0,0,126.6598,36.904,0,0,0,0,46,1,1
0,6,0,0,0,0,0,126.8535,37.5287,1,0,1,0,43,1,1
1,3,0,0,0,2,0,126.79,37.8454,0,0,0,0,175,1,1
0,1,1,0,3,0,0,129.3096,35.5466,0,0,0,0,213,1,0
0,4,0,0,0,0,0,126.459,35.3518,0,0,0,0,127,1,1
1,0,0,0,0,0,0,129.3193,35.3466,0,0,0,0,17,1,1
1,2,0,2,4,0,0,126.8721,37.5468,0,0,0,0,140,1,1
0,2,0,1,1,0,0,127.5345,36.3308,0,0,0,0,142,1,1
0,2,0,1,1,6,0,127.0573,37.5709,0,0,0,0,201,1,1
1,1,0,0,0,2,0,126.8774,37.5471,0,0,0,0,43,1,1
0,6,2,0,3,0,0,126.7478,34.3179,0,0,1,0,141,1,1
0,6,0,0,0,1,0,128.5803,35.1203,0,0,1,0,86,1,1
0,3,1,0,0,2,0,126.8952,35.1396,0,0,0,0,190,1,0
0,5,0,0,3,0,0,129.0642,35.0947,0,0,1,0,173,1,1
0,0,0,0,3,1,0,126.9179,37.5525,0,0,0,0,159,1,1
0,0,0,0,0,2,0,127.2709,36.8763,0,0,0,0,63,0,0
1,1,0,1,2,0,0,128.5635,35.2101,0,0,0,0,86,1,1
0,5,0,2,4,2,0,126.7867,36.7938,0,0,1,0,46,1,1
0,1,0,0,0,0,0,126.9568,36.0953,0,0,0,0,125,1,1
0,6,0,0,0,1,0,126.6873,37.451,0,0,1,0,29,1,1
0,4,0,0,0,0,0,127.4542,36.575,0,0,0,0,83,1,1
1,2,0,1,1,0,0,127.0019,36.7812,0,0,0,0,53,1,1
1,2,0,2,4,0,0,128.0345,34.8075,0,0,0,0,197,1,1
0,1,0,0,0,0,0,127.019,37.1222,0,0,0,0,14,1,1
1,4,0,0,0,0,0,129.3823,36.3851,0,0,0,0,54,1,1
0,2,0,0,0,0,0,127.2373,36.9692,0,0,0,0,23,1,1
0,4,3,1,2,2,0,126.7495,37.6752,0,0,0,0,40,1,1
0,6,0,0,0,0,0,127.0013,37.2655,0,0,1,0,99,1,1
0,2,0,0,0,0,0,126.9542,37.3163,0,0,0,0,199,1,1
1,1,0,1,1,3,0,127.6563,35.9235,0,0,1,0,182,1,1
1,2,1,1,1,1,0,126.5302,33.5042,0,0,0,0,90,1,0
0,3,0,0,0,1,0,128.6302,35.8878,0,0,0,0,26,1,1
0,1,0,1,1,0,0,127.9607,37.361,0,0,0,0,36,1,1
1,1,0,2,4,0,0,126.7848,36.9436,0,0,0,0,46,1,1
1,2,0,0,0,1,0,128.991,37.1611,0,0,0,0,215,1,1
1,2,0,0,0,0,0,128.7159,35.3938,1,0,0,0,177,0,0
0,4,4,0,0,0,0,128.9835,35.1644,1,0,0,0,120,0,0
0,1,0,1,1,1,0,126.8607,35.5646,0,0,0,0,12,1,1
0,3,0,0,0,2,0,127.4282,36.3733,0,0,0,0,77,1,1
1,5,1,0,3,0,0,129.2542,35.5494,0,0,1,0,213,1,0
1,3,1,0,0,0,0,127.412,36.3437,0,0,0,0,39,0,0
0,1,1,0,3,8,0,127.1115,37.4905,0,0,0,0,156,1,0
1,1,0,1,1,7,0,126.8034,37.3348,0,0,0,0,2,1,1
1,6,0,1,1,0,0,128.4182,34.8414,0,0,1,0,212,1,1
0,4,5,1,2,0,0,127.027,37.1332,0,0,0,0,14,1,1
0,2,0,1,1,0,0,126.7817,37.4928,0,0,1,0,65,1,1
1,0,0,0,0,1,0,126.2845,34.5362,0,0,0,0,71,1,1
1,1,0,0,0,2,0,128.47,37.1887,0,0,0,0,114,0,0
1,6,2,0,0,0,0,129.2839,35.5462,0,0,1,0,213,1,1
0,6,0,0,3,0,0,127.3519,36.6093,0,0,1,0,83,1,1
0,0,0,0,0,1,0,126.8829,37.4906,0,0,0,0,79,0,0
0,1,0,0,3,0,0,129.3424,35.5399,0,0,0,0,213,1,1
0,6,0,0,0,0,0,126.869,37.3064,0,0,1,0,2,1,1
0,6,0,0,0,0,0,126.7623,37.4964,0,0,1,0,65,1,1
1,5,0,1,1,2,0,126.9005,37.4546,0,0,1,0,109,1,1
0,1,0,1,1,0,0,127.1738,35.9377,0,0,1,0,28,1,1
1,6,0,0,0,2,0,126.5395,33.514,0,0,1,0,90,1,1
0,0,0,0,0,0,0,128.5764,35.2012,0,0,0,0,86,1,1
1,0,0,0,3,0,0,126.7251,37.4986,0,0,0,0,44,1,1
0,5,0,0,0,0,0,127.4842,34.9574,0,0,1,0,27,0,0
1,5,0,1,2,1,0,126.8693,35.1256,0,0,1,0,222,1,1
0,4,0,0,0,0,0,126.8332,35.2188,0,0,0,0,135,1,1
0,4,0,1,2,0,0,126.7427,37.5065,0,0,0,0,65,1,1
1,4,0,1,1,1,0,127.1175,37.3731,0,0,0,0,95,1,1
1,5,0,0,3,1,0,126.8393,37.7289,0,0,1,0,175,1,1
0,1,0,0,0,2,0,128.28,36.1521,0,0,0,0,76,1,1
0,4,0,0,0,9,0,128.3518,35.4479,0,0,0,0,189,1,1
0,5,0,0,0,0,0,127.1251,35.8987,0,0,1,0,11,1,1
0,0,0,2,4,0,0,126.8512,37.5495,0,0,0,0,43,1,1
0,3,0,0,0,0,0,129.078,35.2017,0,0,0,0,216,1,1
0,2,1,1,1,0,0,126.8991,33.4116,0,0,0,0,62,1,0
0,1,0,0,0,0,0,127.1283,36.781,0,0,0,0,63,1,1
0,3,0,1,1,0,0,126.6632,37.4271,0,0,0,0,35,1,1
0,2,0,0,0,4,0,127.2268,36.7435,0,0,0,0,63,1,1
0,1,1,1,2,1,0,128.6905,34.8898,0,0,0,0,15,0,0
1,0,0,1,1,0,0,126.9513,36.996,0,0,0,0,14,1,1
1,1,5,0,0,1,0,127.0741,37.6296,0,0,0,0,18,0,0
0,5,0,1,1,1,0,128.5571,35.885,0,0,1,0,107,1,1
0,2,0,0,0,0,0,127.0235,37.6338,0,0,0,0,200,1,1
0,4,3,0,0,4,0,128.5044,35.2391,0,0,0,0,86,0,0
0,3,0,1,1,1,0,127.1102,38.0312,0,0,0,0,106,1,1
0,3,0,1,1,0,0,128.4975,35.8737,0,0,0,0,30,1,1
1,3,2,0,0,0,0,126.9254,37.479,0,0,0,0,188,1,1
0,1,0,1,2,0,0,129.2608,35.8057,0,0,0,0,100,1,1
0,3,0,1,1,1,0,126.9824,35.9569,0,0,0,0,125,1,1
0,2,0,0,0,0,0,127.1,36.9925,0,0,0,0,14,1,1
0,6,4,0,0,0,0,127.4853,36.6684,0,0,1,0,83,0,0
1,0,0,0,0,1,0,127.144,35.8284,0,0,0,0,11,1,1
0,2,0,0,0,0,0,129.235,35.9918,0,0,0,0,100,1,1
0,5,0,0,0,0,0,127.8368,37.4124,0,0,1,0,36,1,1
1,3,0,0,0,0,0,126.7214,35.036,0,0,0,0,33,1,1
0,2,0,1,2,0,0,128.3796,35.8827,0,0,0,0,168,1,1
1,3,3,0,3,0,0,127.1593,37.4426,0,0,0,0,95,1,1
0,2,0,0,0,0,0,128.4536,35.7852,0,0,0,0,30,1,1
1,0,0,0,0,0,0,128.8675,35.2225,0,0,0,0,13,1,1
1,6,0,0,0,2,0,129.0243,35.0893,0,0,1,0,226,1,1
0,0,0,0,0,0,0,129.1745,35.8449,0,0,0,0,100,1,1
0,6,3,0,0,0,0,127.0697,37.5724,0,0,1,0,201,1,1
0,0,0,0,0,1,0,129.3666,37.1006,0,0,0,0,208,1,1
1,0,1,1,1,1,0,128.8245,35.9033,0,0,0,0,52,1,0
1,6,0,1,1,1,0,127.1478,34.6946,0,0,1,0,122,1,1
0,5,0,0,0,0,0,126.8548,35.1538,0,0,1,0,222,1,1
0,1,3,1,2,0,0,127.1127,37.3982,0,0,0,0,95,1,1
1,4,2,0,0,2,0,126.838,37.6218,0,0,0,0,40,1,1
0,4,0,0,0,0,0,127.4178,36.3379,0,0,0,0,39,1,1
1,5,0,0,0,1,0,129.2939,35.5494,0,0,1,0,205,1,1
0,5,0,1,2,0,0,129.3363,35.5645,0,0,1,0,205,1,1
0,6,1,1,2,0,0,127.152,37.2921,0,0,1,0,51,1,0
1,3,0,0,0,0,0,127.0633,37.5412,0,0,0,0,183,1,1
1,4,0,0,0,1,0,127.1035,34.8403,0,0,0,0,122,1,1
1,2,0,1,2,0,0,128.5672,35.1974,0,0,0,0,86,1,1
0,5,0,0,0,4,0,129.432,35.5172,0,0,1,0,225,1,1
0,2,2,1,2,2,0,128.4573,35.7377,0,0,0,0,30,1,1
0,2,0,0,0,0,0,126.896,37.1035,0,0,0,0,50,1,1
1,1,0,1,1,0,0,126.7184,35.0458,0,0,0,0,33,1,1
1,0,3,1,1,2,0,127.0239,37.5605,0,0,0,0,84,1,1
1,2,0,0,0,0,0,127.1427,37.5547,0,0,0,0,91,1,1
0,3,3,0,0,0,0,128.1702,36.125,0,0,0,0,76,0,0
0,0,2,0,3,0,0,127.1375,37.5317,0,0,0,0,91,1,1
1,5,0,1,1,3,0,127.2243,35.7373,0,0,1,0,28,1,1
0,3,0,0,0,0,0,126.8163,35.5389,0,0,0,0,12,1,1
1,5,4,1,2,2,0,126.4489,34.8246,0,0,1,0,101,1,1
1,6,0,1,2,1,0,129.404,36.5164,0,0,1,0,54,1,1
0,4,0,1,1,2,0,126.6088,37.684,0,0,0,0,47,1,1
0,5,0,2,4,0,0,127.066,37.5634,0,0,1,0,201,0,0
0,4,3,1,2,0,0,129.2044,35.7395,0,0,0,0,100,1,1
1,4,1,1,1,0,0,128.7509,35.6453,0,0,0,0,3,1,0
0,2,0,0,0,0,0,129.1084,36.654,0,0,0,0,128,1,1
1,5,1,0,3,0,0,127.4389,36.3146,0,0,1,0,39,0,0
0,2,0,0,0,0,0,128.2384,36.6193,0,0,0,0,74,1,1
1,5,0,0,0,1,0,127.5282,35.5052,0,0,1,0,155,1,1
1,5,1,1,1,3,0,126.6447,37.4759,0,0,1,0,207,1,0
0,6,0,0,0,0,0,126.6798,35.1625,0,0,1,0,135,1,1
1,2,0,0,0,0,0,127.1536,37.2815,0,0,0,0,51,1,1
1,6,0,1,2,2,0,126.9917,37.2986,0,0,1,0,99,1,1
0,1,0,0,3,0,0,129.0709,35.2074,0,0,0,0,216,1,1
1,5,0,1,1,0,0,128.0529,35.7044,0,0,1,0,154,1,1
0,3,0,0,0,0,0,127.434,36.7992,0,0,0,0,60,0,0
0,3,1,1,2,0,0,126.5961,36.344,0,0,0,0,136,1,0
0,2,0,1,2,0,0,127.618,34.8246,0,0,0,0,102,1,1
0,1,0,1,2,0,0,127.1553,36.8499,0,0,0,0,63,1,1
0,1,0,0,0,0,0,126.9797,35.0569,0,0,0,0,88,1,1
0,2,0,0,0,0,0,127.462,36.6652,0,0,0,0,83,1,1
0,4,1,0,0,1,0,126.524,33.5043,0,0,0,0,90,1,0
0,5,0,0,0,0,0,127.2693,35.0484,0,0,1,0,27,1,1
0,3,0,1,1,1,0,127.0459,37.684,0,0,0,0,98,1,1
0,2,0,1,1,0,0,127.3839,36.3175,0,0,0,0,4,1,1
0,1,0,0,0,1,0,126.8424,35.7315,0,0,0,0,34,0,0
1,6,0,0,0,4,0,127.1376,37.6005,0,0,1,0,165,1,1
1,0,1,0,3,1,0,127.4931,36.6297,0,0,0,0,83,1,0
0,1,1,0,3,0,0,127.1553,35.8367,0,0,0,0,11,1,0
1,1,0,0,0,1,0,126.829,35.0208,0,0,0,0,33,0,0
0,2,0,1,1,0,0,127.6775,36.9607,0,0,0,0,110,1,1
1,0,0,0,0,0,0,127.1945,37.8491,0,0,0,0,171,1,1
1,1,0,0,3,0,0,127.0767,37.5717,0,0,0,0,201,1,1
0,4,0,1,2,1,0,126.8727,36.973,0,0,0,0,14,1,1
1,0,0,0,0,1,0,127.7203,34.9881,0,0,0,0,130,1,1
0,3,0,0,0,0,0,126.7786,34.6389,0,0,0,0,121,1,1
0,3,0,0,0,0,0,127.0308,37.5579,0,0,0,0,84,1,1
0,5,0,1,2,0,0,128.5633,35.8895,0,0,1,0,112,1,1
0,1,0,0,0,0,0,126.5384,33.5138,0,0,0,0,90,1,1
1,4,0,0,0,1,0,128.7544,35.5611,0,0,0,0,177,1,1
1,2,0,0,3,0,0,127.0087,37.5895,0,0,0,0,167,1,1
0,1,0,0,0,0,0,126.8776,35.2107,0,0,0,0,137,1,1
1,6,0,0,0,1,0,128.1113,35.1837,0,0,1,0,42,1,1
1,6,0,0,0,1,0,128.2536,37.2348,0,0,1,0,114,1,1
0,1,0,0,0,0,0,127.453,36.8641,0,0,0,0,60,1,1
1,3,3,1,1,2,0,127.4184,36.7096,0,0,0,0,83,1,1
0,0,1,0,0,0,0,128.6119,35.8949,0,0,0,0,112,1,0
0,1,1,1,2,1,0,128.6014,35.8785,0,0,1,0,112,1,0
0,2,1,0,3,1,0,126.7708,37.5978,0,0,0,0,47,1,0
0,0,0,0,0,0,0,128.5675,35.2007,0,0,1,0,86,1,1
0,5,0,0,0,0,0,126.8457,37.462,0,0,1,0,81,1,1
1,0,0,0,0,0,0,128.6328,35.8854,0,0,0,0,26,1,1
1,3,0,0,0,2,0,126.9035,37.5075,0,0,0,0,150,1,1
0,5,0,0,0,0,0,128.4713,35.7904,0,0,1,0,30,1,1
1,2,0,1,1,1,0,127.4254,36.4433,0,0,0,0,77,1,1
1,3,0,2,4,1,0,129.0427,35.3508,0,0,0,0,49,1,1
0,6,0,1,1,1,0,126.8878,34.9657,0,0,1,0,88,1,1
1,1,0,1,1,1,0,129.0829,35.2037,0,0,0,0,216,1,1
0,0,0,0,0,0,0,126.6254,37.2338,0,0,0,0,2,1,1
0,3,0,0,0,0,0,129.3461,35.5398,0,0,0,0,213,1,1
1,0,0,0,0,0,0,128.7835,37.9408,0,0,0,0,164,1,1
0,5,0,0,0,0,0,129.4317,35.532,0,0,1,0,225,1,1
0,6,2,1,2,2,0,128.1885,37.1516,0,0,1,0,103,1,1
1,0,0,0,0,0,0,128.0947,35.0887,0,0,0,0,57,1,1
0,6,0,0,0,1,0,126.9421,36.8798,0,0,1,0,53,1,1
1,5,0,1,2,0,0,126.5084,35.263,0,0,1,0,127,1,1
1,3,0,1,1,1,0,127.0195,37.6343,0,0,0,0,200,1,1
1,3,0,0,0,1,0,128.4027,38.5379,0,0,0,0,217,1,1
0,5,0,0,0,0,0,126.9126,37.4175,0,0,1,0,151,1,1
0,2,0,1,1,0,0,126.8953,35.1519,0,0,0,0,222,1,1
1,5,0,0,0,0,0,128.7258,35.3406,0,0,1,0,86,1,1
1,5,0,0,0,0,0,126.8954,35.139,0,0,1,0,190,1,1
0,2,1,1,1,2,0,126.9627,37.2148,0,0,0,0,50,1,0
1,3,0,0,0,1,0,128.4533,36.3747,0,0,0,0,105,1,1
0,4,1,0,3,0,0,128.4777,37.1742,0,0,0,0,114,1,0
0,3,0,1,1,0,0,126.9849,37.1652,0,0,0,0,50,1,1
0,2,0,0,0,4,0,129.3495,35.6281,0,0,0,0,158,1,1
1,4,0,0,0,1,0,126.9429,37.2047,0,0,0,0,50,1,1
1,5,2,0,0,0,0,126.5906,34.719,1,0,1,0,16,1,1
1,4,0,0,0,0,0,128.5485,35.8533,0,0,0,0,20,1,1
1,4,0,0,0,0,0,128.8123,35.2613,0,0,0,0,13,1,1
0,3,0,1,1,0,0,127.3945,37.3285,0,0,0,0,9,1,1
0,0,0,1,1,1,0,126.7895,37.4867,0,0,1,0,65,1,1
1,2,0,2,4,1,0,128.6658,37.3807,0,0,0,0,198,1,1
0,4,0,0,0,0,0,126.5397,33.4986,0,0,0,0,90,1,1
0,0,0,0,0,2,0,127.1653,35.8354,0,0,0,0,11,1,1
0,3,1,0,3,1,0,128.9157,37.7227,0,0,0,0,194,1,0
1,1,0,1,2,3,0,127.037,37.6696,0,0,0,0,98,1,1
0,0,0,0,0,0,0,129.4764,35.7468,0,0,0,0,100,1,1
1,4,0,0,0,1,0,129.4626,35.6789,0,0,0,0,100,1,1
0,5,2,0,0,0,0,128.511,35.8511,0,0,1,0,20,1,1
1,5,3,1,1,0,0,128.9996,35.0896,1,0,1,0,25,1,1
0,4,0,0,0,0,0,128.2068,37.1299,0,0,0,0,103,1,1
1,3,0,0,0,0,0,126.4243,33.4921,0,0,0,0,90,1,1
0,6,0,0,0,0,0,127.1259,35.9585,0,0,1,0,28,1,1
0,0,2,0,3,1,0,127.9475,37.3541,0,0,1,0,36,1,1
1,4,2,0,0,0,0,129.0863,36.5991,0,0,0,0,128,1,1
1,1,0,0,0,1,0,129.0667,35.1496,0,0,0,0,231,1,1
0,4,1,1,2,0,0,127.7134,34.9769,0,0,0,0,130,1,0
1,6,3,0,3,2,0,127.2138,37.5827,0,0,1,0,70,1,1
1,5,0,0,0,0,0,126.9243,37.5798,0,0,1,0,195,1,1
0,4,0,0,0,1,0,126.8977,37.9154,0,0,0,0,175,1,1
0,4,0,0,0,0,0,127.1958,37.8494,0,0,0,0,171,1,1
1,3,3,1,2,0,0,128.7945,35.1932,0,0,0,0,13,1,1
0,2,0,1,2,0,0,128.2444,36.0884,0,0,0,0,76,1,1
1,5,0,0,3,1,0,126.5952,34.5655,0,0,1,0,119,1,1
0,4,0,0,0,1,0,126.2879,36.7275,0,0,0,0,169,0,0
0,3,0,0,0,4,0,127.2231,36.7411,0,0,0,0,63,1,1
0,3,2,1,2,0,0,126.8027,35.5715,0,0,0,0,12,1,1
0,2,1,0,0,0,0,126.3858,34.8119,0,0,0,0,153,1,0
0,2,0,0,0,0,0,126.7843,37.4407,0,0,0,0,73,1,1
1,5,0,0,0,0,0,128.8076,36.5391,0,0,1,0,66,1,1
0,4,0,1,2,0,0,126.7734,35.1372,0,0,0,0,135,1,1
1,3,0,0,0,2,0,127.0232,37.6495,0,0,0,0,98,1,1
1,1,3,1,2,3,0,127.0039,37.6078,0,0,0,0,167,1,1
1,0,0,0,0,1,0,127.2887,37.7368,0,0,0,0,70,0,0
1,1,0,0,0,1,0,129.3623,36.0191,0,0,0,0,160,1,1
0,0,0,0,3,1,0,126.9859,36.7789,0,0,0,0,53,1,1
0,5,0,1,1,0,0,127.3641,36.3044,0,0,1,0,4,0,0
1,0,0,0,0,1,0,126.8479,35.0556,0,0,0,0,33,1,1
0,6,0,0,0,0,0,126.8958,36.9874,0,0,1,0,14,1,1
0,5,4,0,0,0,0,126.7206,37.507,0,0,1,0,44,1,1
1,4,1,1,1,1,0,127.1457,35.8282,0,0,0,0,11,1,0
1,1,0,0,0,1,0,127.2594,37.4077,0,0,0,0,9,1,1
1,2,2,1,1,1,0,127.5086,36.0817,0,0,0,0,68,1,1
0,2,0,2,4,1,0,126.9997,36.7824,0,0,0,0,53,1,1
0,4,2,0,3,0,0,129.0513,35.1558,0,0,0,0,231,1,1
0,5,0,0,3,0,0,127.0418,37.6496,0,0,1,0,98,1,1
1,5,0,0,0,0,0,127.1037,37.3653,0,0,1,0,95,1,1
1,0,0,1,2,0,0,126.8175,37.4893,0,0,0,0,65,1,1
1,1,0,1,1,1,0,127.6543,37.2037,0,0,0,0,22,1,1
1,6,0,0,0,0,0,127.0946,36.2117,0,0,1,0,61,1,1
0,0,1,0,0,0,0,129.3336,35.7172,0,0,0,0,100,1,0
1,5,0,0,0,0,0,126.7015,37.4635,0,0,1,0,29,1,1
0,5,0,1,1,0,0,126.8342,35.5611,0,0,1,0,12,1,1
0,6,0,0,0,0,0,127.1685,37.0041,0,0,1,0,23,1,1
0,5,0,1,1,0,0,126.9022,34.687,0,0,1,0,56,1,1
0,2,0,1,2,0,0,127.1402,37.5025,0,0,0,0,156,1,1
0,3,0,0,0,1,0,127.3219,36.2963,0,0,0,0,4,1,1
0,2,0,0,0,0,0,129.0122,35.2287,0,0,0,0,118,1,1
0,2,0,0,3,0,0,128.5758,35.2155,0,0,0,0,86,1,1
0,2,0,2,4,2,0,127.9322,36.9575,0,0,0,0,6,1,1
1,3,3,1,1,3,0,128.3939,36.0738,0,0,0,0,21,0,0
0,1,0,1,1,0,0,127.0834,36.2037,0,0,0,0,61,1,1
1,0,0,1,1,2,0,126.9107,36.2831,0,0,0,0,129,1,1
1,1,0,1,2,3,0,127.4371,36.8596,0,0,0,0,60,0,0
0,3,1,0,0,0,0,127.4562,34.8795,0,0,0,0,27,1,0
1,1,0,0,0,0,0,127.6496,37.2502,0,0,0,0,22,1,1
0,1,3,0,3,0,0,127.0497,37.7804,0,0,0,0,59,1,1
0,2,0,0,0,0,0,128.4265,34.8637,0,0,0,0,212,1,1
0,0,0,0,3,2,0,127.0188,37.5739,0,0,0,0,116,0,0
0,0,0,0,0,0,0,129.3544,36.0212,0,0,0,0,160,1,1
0,3,0,1,2,0,0,127.065,37.4792,0,0,0,0,89,1,1
1,2,0,1,2,1,0,126.8991,37.4803,0,0,0,0,79,1,1
0,2,0,0,0,0,0,127.1791,36.8789,0,0,0,0,63,1,1
0,1,0,0,0,0,0,126.8247,35.5224,0,0,0,0,12,1,1
0,5,2,0,3,0,0,126.9106,37.5204,0,0,1,0,150,1,1
0,6,0,1,1,0,0,128.6892,35.279,0,0,1,0,86,1,1
0,4,0,0,0,1,0,128.4566,35.5927,0,0,0,0,211,0,0
0,4,0,0,0,1,0,129.3107,35.5439,0,0,0,0,213,1,1
0,1,0,0,0,1,0,127.0346,37.6619,0,0,0,0,98,1,1
0,2,0,0,0,4,0,129.4018,35.9419,0,0,0,0,160,1,1
0,3,4,0,0,0,0,128.2404,35.677,0,0,0,0,220,0,0
0,0,0,0,0,0,0,128.9974,35.102,0,0,0,0,25,1,1
1,5,0,1,1,0,0,127.4338,36.3443,0,0,1,0,80,1,1
0,4,0,1,2,0,0,126.8336,33.534,0,0,0,0,90,1,1
1,3,3,0,3,1,0,127.6627,34.772,0,0,0,0,102,1,1
0,6,1,0,3,0,0,126.5728,33.5203,0,0,1,0,90,1,0
0,4,0,0,0,2,0,127.0265,37.5002,0,0,0,0,89,1,1
0,5,0,1,2,1,0,126.7592,37.5087,0,0,1,0,65,1,1
0,4,0,0,0,1,0,128.3462,34.9699,0,0,0,0,87,1,1
1,1,0,0,0,0,0,127.4241,36.4334,0,0,0,0,77,1,1
0,3,0,0,0,1,0,128.986,35.1608,0,0,0,0,120,1,1
1,2,0,0,0,1,0,128.5602,34.9013,0,0,0,0,15,1,1
1,2,0,2,4,0,0,128.4975,36.1265,0,0,0,0,144,1,1
0,1,0,0,0,1,0,126.9477,37.0404,0,0,0,0,14,1,1
1,2,0,0,0,0,0,126.4764,35.6186,0,0,0,0,185,0,0