주야,요일,법규위반,도로형태_대분류,도로형태,당사자종별_1당_대분류,당사자종별_2당_대분류,경도,위도,사고피해정도,도시여부,주말/공휴일,인구수,발생지번호,보행자의위치,무단횡단여부
0,3,0,0,0,0,0,129.0923,35.2382,0,0,1,0,96,1,1
1,6,0,0,0,0,0,129.1197,35.1569,0,0,1,0,45,1,1
0,6,0,0,0,0,0,128.5916,35.2234,0,0,1,0,86,1,1
0,4,2,0,3,0,0,128.8843,35.2266,0,0,0,0,13,1,1
1,4,2,0,3,1,0,128.6822,36.3532,0,0,0,0,105,1,1
0,5,0,1,2,0,0,128.993,35.1001,0,0,1,0,25,1,1
0,1,0,0,0,1,0,128.57,35.1976,0,0,0,0,86,1,1
1,2,0,1,1,2,0,126.8853,35.6881,0,0,0,0,12,1,1
0,0,0,0,0,0,0,127.1959,37.7042,0,0,0,0,70,1,1
0,0,0,0,0,0,0,127.1297,37.5736,0,0,0,0,165,1,1
0,4,0,0,0,6,0,128.3183,36.1506,0,0,0,0,144,1,1
0,3,0,0,0,1,0,127.1672,35.348,0,0,0,0,131,1,1
0,6,0,0,3,4,0,127.0079,37.2999,0,0,1,0,99,1,1
1,2,0,0,0,3,0,126.9912,37.5776,0,0,0,0,116,1,1
1,4,1,1,2,1,0,126.7156,35.9782,0,0,0,0,166,1,0
0,4,0,0,0,0,0,129.1217,35.3439,0,0,0,0,49,1,1
1,2,0,0,0,0,0,127.0223,37.1322,0,0,0,0,50,1,1
0,4,0,1,2,0,0,128.7377,35.65,0,0,0,0,3,1,1
0,1,3,0,0,0,0,127.2645,38.039,0,0,0,0,171,1,1
0,6,0,0,0,0,0,126.5595,33.2598,0,0,1,0,62,1,1
0,0,0,0,0,0,0,126.7883,37.4295,0,0,0,0,73,1,1
1,1,0,0,0,0,0,127.4921,35.5561,0,0,0,0,155,1,1
1,0,0,0,0,1,0,126.9468,37.5056,0,0,0,0,93,1,1
0,2,0,0,3,0,0,128.6169,35.8544,0,0,0,0,37,1,1
1,0,0,0,0,4,0,128.6207,35.8464,0,0,0,0,37,1,1
1,1,1,0,0,0,0,128.8968,35.2351,0,0,0,0,13,1,0
1,0,0,0,0,1,0,129.0794,35.2165,0,0,0,0,216,1,1
1,0,0,0,0,1,0,126.5008,35.2766,0,0,0,0,127,1,1
0,5,1,0,3,0,0,128.5859,38.227,0,0,1,0,104,1,0
0,0,0,0,0,0,0,127.2812,36.5585,0,1,0,0,229,1,1
0,0,3,0,3,0,0,126.8747,37.4912,0,0,0,0,79,1,1
1,1,0,1,1,0,0,126.9191,35.1389,0,0,0,0,190,1,1
0,2,0,0,0,1,0,127.1359,37.6133,0,0,0,0,165,1,1
1,2,0,1,1,3,0,126.6141,37.452,0,0,0,0,72,1,1
0,5,1,1,2,0,0,126.8634,35.1875,0,0,1,0,137,1,0
0,4,0,0,0,0,0,126.4754,33.4895,0,0,0,0,90,1,1
0,3,0,0,0,0,0,129.085,35.2186,0,0,1,0,216,1,1
1,1,0,0,3,2,0,127.4901,36.6391,0,0,1,0,83,1,1
0,5,0,1,2,0,0,126.7079,37.4515,0,0,1,0,29,1,1
1,2,0,1,2,1,0,127.4472,36.3192,0,0,0,0,80,0,0
0,1,0,0,0,0,0,127.5013,34.9481,0,0,0,0,27,1,1
0,0,0,0,0,0,0,128.467,36.3622,0,0,0,0,105,1,1
1,0,0,0,0,1,0,126.4013,36.9451,0,0,0,0,69,1,1
0,4,0,1,2,0,0,127.0537,37.2729,0,0,1,0,99,1,1
0,1,0,0,0,0,0,127.2158,34.789,0,0,0,0,122,1,1
1,6,4,0,0,1,0,127.0602,37.6746,1,0,1,0,18,1,1
0,0,0,0,0,0,0,126.6233,34.5679,0,0,0,0,119,1,1
0,5,0,0,0,2,0,127.1686,37.5449,0,0,1,0,67,1,1
0,6,0,1,2,1,0,126.2745,34.4825,0,0,1,0,71,1,1
1,2,0,1,2,1,0,129.3341,35.6775,0,0,0,0,100,1,1
1,2,0,0,0,0,0,127.0953,37.4921,0,0,0,0,89,1,1
0,3,1,1,1,0,0,127.2372,34.8017,0,0,0,0,122,1,0
1,2,0,1,1,1,0,128.5529,35.8664,0,0,0,0,107,1,1
1,1,0,0,0,1,0,129.1155,35.9893,0,0,0,0,100,1,1
1,1,0,0,0,0,0,126.4697,37.6901,0,0,0,0,92,0,0
0,6,0,0,0,0,0,128.8116,35.907,0,0,1,0,52,1,1
0,3,3,1,1,0,0,126.9958,37.2569,0,0,0,0,99,1,1
1,0,0,0,0,0,0,128.4248,34.8402,0,0,0,0,212,0,0
0,4,0,1,2,0,0,126.3923,35.0125,0,0,0,0,101,1,1
0,3,0,0,0,0,0,126.8833,37.5054,0,0,0,0,79,1,1
0,4,0,0,3,0,0,126.7027,37.4433,0,0,0,0,29,1,1
0,5,0,0,0,0,0,129.203,35.7228,0,0,1,0,100,1,1
0,5,0,1,2,0,0,128.8338,36.7391,0,0,1,0,66,1,1
0,3,0,0,0,0,0,127.1948,36.8669,0,0,0,0,63,1,1
1,3,0,0,0,4,0,129.1006,35.1919,0,0,0,0,216,1,1
1,3,0,0,0,1,0,126.9547,36.409,0,0,0,0,174,1,1
0,2,0,0,0,1,0,127.4913,36.6289,0,0,0,0,83,1,1
0,2,5,0,0,2,0,127.3446,37.6182,0,0,0,0,70,1,1
1,0,3,1,1,1,0,126.9383,35.9522,0,0,0,0,125,1,1
0,5,2,0,0,0,0,126.7707,33.3035,0,0,1,0,62,1,1
1,5,0,0,0,0,0,128.4314,34.8607,0,0,1,0,212,1,1
0,3,0,0,0,2,0,127.0944,37.5362,0,0,0,0,183,1,1
0,6,0,0,0,0,0,126.8768,37.1704,0,0,1,0,50,1,1
0,0,0,0,0,1,0,126.6542,36.498,0,0,0,0,38,1,1
1,0,0,0,0,2,0,126.9343,37.5559,0,0,0,0,159,1,1
0,6,0,0,0,0,0,126.7078,37.4682,0,0,1,0,29,1,1
0,0,0,0,0,0,0,127.0252,37.6026,0,0,1,0,167,1,1
1,6,0,0,0,0,0,128.596,35.865,0,0,1,0,178,1,1
0,0,0,1,2,0,0,127.1289,36.786,0,0,1,0,63,1,1
0,4,0,1,2,0,0,126.8788,35.8896,0,0,0,0,34,1,1
0,1,3,1,2,2,0,127.1446,37.4468,0,0,0,0,95,1,1
1,5,0,0,0,2,0,127.8736,37.6692,0,0,1,0,82,0,0
1,1,0,1,1,1,0,127.0866,36.2056,0,0,0,0,61,1,1
1,6,0,1,1,0,0,127.3832,36.3241,0,0,1,0,4,1,1
1,3,0,0,0,0,0,128.4725,35.6153,0,0,0,0,211,1,1
0,3,0,0,0,0,0,127.0334,37.2659,0,0,0,0,99,1,1
0,2,0,0,0,0,0,127.6562,34.7663,0,0,0,0,102,1,1
0,2,0,0,0,2,0,128.4821,35.8875,0,0,0,0,30,1,1
1,0,0,0,0,0,0,127.1227,37.383,0,0,0,0,95,1,1
0,2,1,0,3,0,0,127.1039,35.8136,0,0,0,0,11,1,0
0,4,0,1,2,0,0,127.1449,35.8327,0,0,0,0,11,1,1
1,4,0,0,0,0,0,128.6,35.8555,0,0,0,0,145,1,1
1,6,0,0,0,4,0,126.8417,37.5422,0,0,1,0,43,1,1
0,3,1,0,0,0,0,128.6034,35.8894,0,0,1,0,112,1,0
1,5,0,1,2,1,0,127.1189,37.5319,0,0,1,0,156,1,1
0,4,0,0,0,0,0,129.2603,35.5379,0,0,0,0,213,1,1
0,2,0,0,0,0,0,128.4582,37.1845,0,0,0,0,114,1,1
1,1,0,0,0,0,0,127.493,36.6256,0,0,0,0,83,1,1
1,1,4,0,0,9,0,127.1417,35.3801,0,0,0,0,131,0,0
1,3,0,0,0,1,0,128.8101,36.2363,0,0,0,0,105,1,1
0,4,3,1,1,5,0,128.6227,35.8593,0,0,1,0,37,1,1
1,4,0,0,0,0,0,126.9391,37.4834,0,0,0,0,188,1,1
0,4,0,0,0,0,0,126.9017,35.155,0,0,0,0,222,1,1
0,4,0,0,0,1,0,127.2266,37.5745,0,0,0,0,70,1,1
1,4,0,0,0,1,0,127.0256,37.2805,0,0,0,0,99,1,1
0,2,0,0,0,0,0,129.3021,35.7808,0,0,0,0,100,1,1
0,2,0,1,1,3,0,127.1033,37.2219,0,0,0,0,51,1,1
1,5,0,0,0,2,0,128.6019,35.8573,0,0,1,0,178,1,1
1,0,0,0,3,0,0,126.9128,35.1827,0,0,0,0,137,1,1
0,5,0,0,0,1,0,126.8045,34.3904,0,0,1,0,141,1,1
0,2,0,0,0,0,0,126.6741,37.6023,0,0,0,0,97,1,1
0,6,0,0,0,0,0,126.683,37.497,0,0,1,0,97,1,1
0,6,0,0,0,0,0,126.7436,33.289,0,0,1,0,62,1,1
0,5,0,0,0,0,0,127.3773,36.4102,0,0,1,0,148,1,1
0,4,0,1,1,1,0,126.1963,36.7596,0,0,0,0,169,1,1
0,5,1,0,3,0,0,127.4894,36.6258,0,0,1,0,83,1,0
0,4,0,0,0,0,0,126.9539,37.7143,0,0,0,0,59,0,0
1,1,0,0,0,3,0,126.6804,37.4668,0,0,0,0,29,1,1
1,2,0,1,2,0,0,127.5226,34.9457,0,0,0,0,27,1,1
1,3,5,0,0,1,0,126.2975,36.7514,0,0,0,0,169,1,1
1,4,0,1,1,2,0,127.0155,37.2858,0,0,0,0,99,1,1
1,2,0,1,1,2,0,127.2317,37.3674,0,0,0,0,9,1,1
0,2,2,0,3,1,0,128.014,34.8945,0,0,0,0,197,1,1
1,2,0,1,1,0,0,129.3534,36.0143,0,0,0,0,160,1,1
1,0,0,0,0,2,0,127.2507,37.6708,0,0,0,0,70,1,1
1,0,3,1,2,0,0,127.187,37.7083,0,0,0,0,70,1,1
0,5,3,0,3,2,0,126.9275,37.3529,0,0,1,0,126,1,1
1,0,0,1,2,0,0,126.8092,37.5678,0,0,0,0,43,1,1
0,1,0,0,0,0,0,127.7598,37.8705,0,0,0,0,111,1,1
0,3,0,0,0,0,0,127.5846,35.7389,0,0,0,0,155,0,0
0,2,0,0,3,0,0,126.6669,37.6452,0,0,0,0,47,0,0
0,2,0,0,0,0,0,127.2232,36.9185,0,0,0,0,63,1,1
1,3,5,0,0,1,0,127.7227,34.7363,0,0,0,0,102,1,1
0,4,0,0,0,0,0,126.8528,37.5203,0,0,1,0,140,1,1
0,3,0,0,0,0,0,127.4679,36.6216,0,0,0,0,83,1,1
1,5,0,0,0,0,0,127.1235,36.645,0,0,1,0,19,1,1
1,5,0,0,0,0,0,129.0929,36.3853,0,0,1,0,203,1,1
0,1,1,1,1,2,0,129.0104,35.331,0,0,0,0,49,1,0
0,6,0,1,2,0,0,126.9665,37.391,0,0,1,0,151,1,1
0,3,0,0,0,0,0,126.9533,37.3813,0,0,0,0,151,1,1
0,6,0,0,0,0,0,128.3333,34.9779,0,0,1,0,87,1,1
0,6,0,0,3,0,0,126.9742,37.3914,0,0,1,0,151,1,1
1,5,0,1,2,2,0,126.7263,37.3583,0,0,1,0,73,1,1
0,3,0,2,4,1,0,128.8155,35.1992,0,0,0,0,13,1,1
0,0,0,0,0,0,0,126.8726,35.8094,0,0,0,0,34,1,1
0,5,0,0,0,0,0,128.8399,37.8581,0,0,1,0,194,1,1
1,3,0,0,0,1,0,128.4021,36.0703,0,0,0,0,21,1,1
1,1,1,0,3,0,0,127.6369,37.2965,0,0,0,0,22,1,0
1,2,0,1,2,3,0,128.7686,35.2466,0,0,0,0,13,1,1
0,4,0,0,0,0,0,127.0587,37.594,0,0,0,0,201,1,1
1,3,0,2,4,1,0,126.7315,36.8296,0,0,0,0,46,1,1
0,6,3,0,0,6,0,129.1235,35.2013,0,0,1,0,1,1,1
0,3,3,0,3,7,0,128.5548,35.8725,0,0,0,0,107,1,1
0,1,0,0,0,0,0,128.3526,36.1232,0,0,0,0,144,1,1
1,6,0,0,0,1,0,129.0398,35.0931,0,0,1,0,173,1,1
1,1,0,1,2,0,0,129.3869,36.0903,0,0,0,0,160,1,1
0,3,0,0,0,0,0,126.5254,33.5058,0,0,0,0,90,1,1
0,3,1,0,0,0,0,128.127,36.1465,0,0,0,0,76,1,0
1,4,1,0,3,0,0,127.0969,35.8183,0,0,0,0,11,1,0
0,5,0,0,0,0,0,126.8786,36.9837,0,0,1,0,14,1,1
0,5,0,1,2,0,0,128.4643,35.8586,0,0,1,0,30,1,1
0,5,2,0,0,0,0,129.0912,35.1302,0,0,1,0,180,1,1
1,0,0,0,0,0,0,128.1409,36.5754,0,0,0,0,58,0,0
0,4,0,0,0,0,0,129.2242,35.8561,0,0,0,0,100,1,1
0,6,0,0,0,0,0,127.4889,37.3417,0,0,1,0,41,1,1
0,1,3,1,1,0,0,127.448,36.6438,0,0,0,0,83,1,1
0,2,0,1,1,0,0,128.4195,36.106,0,0,0,0,144,1,1
0,1,0,1,2,0,0,126.9807,37.214,0,0,0,0,50,1,1
0,0,0,0,0,0,0,127.0387,35.978,0,0,0,0,125,1,1
0,0,1,1,2,2,0,128.5857,34.8947,0,0,0,0,15,1,0
1,1,0,0,0,5,0,126.9213,37.6082,0,0,0,0,139,1,1
0,1,1,0,3,0,0,128.1592,36.119,0,0,0,0,76,1,0
0,2,0,1,2,0,0,127.675,37.3798,0,0,0,0,22,0,0
0,0,0,0,0,0,0,126.9482,37.3604,0,0,0,0,126,1,1
0,0,0,0,0,0,0,129.1095,35.1713,0,0,0,0,45,1,1
1,0,0,2,0,1,0,127.2293,37.0139,0,0,0,0,23,1,1
0,6,2,1,1,0,0,126.9601,37.5724,0,0,1,0,195,1,1
0,6,0,0,0,0,0,126.9525,35.9558,0,0,1,0,125,1,1
1,4,0,0,0,0,0,129.3595,35.5836,0,0,0,0,158,1,1
1,4,0,2,4,0,0,128.7347,35.3051,0,0,0,0,13,1,1
1,0,0,0,0,0,0,126.4032,34.806,0,0,0,0,153,1,1
0,6,0,0,0,0,0,127.0725,35.4216,0,0,1,0,131,1,1
1,4,0,0,0,3,0,129.1404,35.1674,0,0,0,0,1,1,1
1,5,0,0,0,1,0,127.7509,37.2272,0,0,1,0,36,1,1
0,1,0,0,0,0,0,128.9929,35.2023,0,0,0,0,118,1,1
1,5,0,0,0,0,0,126.8274,37.342,0,0,1,0,2,1,1
0,0,0,0,3,0,0,127.1226,37.5369,0,0,0,0,156,1,1
0,4,0,1,2,0,0,127.1432,36.2129,0,0,1,0,61,1,1
0,2,1,1,2,0,0,126.5441,37.7146,0,0,0,0,47,0,0
1,2,0,1,2,1,0,127.8542,37.3813,0,0,0,0,36,1,1
0,0,0,1,2,1,0,126.8155,37.524,0,0,0,0,65,1,1
0,5,0,1,1,1,0,126.6858,37.4163,0,0,1,0,35,1,1
1,0,0,0,0,1,0,129.1652,36.2673,0,0,0,0,203,1,1
0,3,3,0,3,0,0,129.0225,35.11,0,0,0,0,226,1,1
1,4,0,0,0,1,0,126.913,36.8895,0,0,0,0,53,1,1
1,3,3,0,3,1,0,126.903,37.4389,0,0,0,0,109,1,1
1,4,0,0,0,0,0,126.9611,37.218,0,0,0,0,50,0,0
0,1,0,1,1,0,0,128.6179,35.8982,0,0,0,0,112,1,1
0,2,0,0,3,0,0,126.7208,37.4645,0,0,0,0,29,1,1
1,1,0,0,3,0,0,126.9073,37.5253,0,0,0,0,150,1,1
0,4,0,0,3,0,0,128.5599,35.8883,0,0,0,0,107,1,1
1,1,0,0,0,1,0,128.1172,35.1833,0,0,0,0,42,1,1
1,0,0,0,0,1,0,127.1685,37.3574,0,0,0,0,9,1,1
1,0,0,0,0,0,0,126.9809,35.305,0,0,0,0,181,1,1
0,2,0,1,2,0,0,128.5715,35.862,0,0,0,0,107,1,1
0,3,0,0,3,0,0,126.8724,35.1617,0,0,0,0,222,1,1
0,5,0,1,2,0,0,126.9175,35.1764,0,0,1,0,137,1,1
1,0,0,0,0,4,0,127.4924,36.6268,0,0,0,0,83,1,1
1,0,2,0,0,0,0,126.7085,35.4348,0,0,0,0,219,1,1
1,6,0,0,0,0,0,129.3577,35.5574,0,0,1,0,158,1,1
1,6,0,1,1,0,0,128.1629,35.0342,0,0,1,0,57,1,1
0,3,0,1,1,4,0,126.911,37.4811,0,0,0,0,188,1,1
1,2,0,1,2,0,0,126.9223,36.984,0,0,0,0,14,1,1
1,2,4,0,0,0,0,127.2882,34.608,0,0,0,0,191,0,0
0,2,0,0,0,1,0,127.0806,37.5766,0,0,0,0,196,1,1
1,0,0,1,2,2,0,126.7144,37.6236,0,0,0,0,47,1,1
0,0,0,0,0,0,0,127.6546,34.7467,0,0,0,0,102,1,1
0,1,0,0,0,0,0,126.7777,37.6848,0,0,0,0,40,1,1
0,0,2,0,0,0,0,127.3129,37.1571,0,0,0,0,51,1,1
1,3,5,0,0,1,0,126.9827,37.1284,0,0,0,0,50,1,1
0,2,0,0,0,0,0,127.2594,36.3792,0,0,0,0,19,1,1
0,6,0,0,0,0,0,128.6617,36.4866,0,0,1,0,66,1,1
0,6,0,0,0,1,0,127.0431,37.6712,0,0,1,0,98,1,1
0,6,2,0,0,0,0,128.9985,35.2086,0,0,1,0,118,1,1
1,1,0,0,0,0,0,127.1393,35.9564,0,0,0,0,28,1,1
0,3,0,1,2,0,0,129.2032,35.8348,0,0,1,0,100,1,1
1,2,0,1,1,2,0,127.0305,37.6128,0,0,0,0,200,1,1
1,2,0,0,0,0,0,127.441,35.2235,0,0,0,0,161,1,1
0,2,0,0,0,0,0,128.6895,36.5664,0,0,0,0,66,1,1
0,5,0,0,0,0,0,127.3747,36.3436,0,0,1,0,4,1,1
0,4,0,0,0,0,0,127.0548,36.991,0,0,0,0,14,1,1
0,1,0,1,2,0,0,126.7511,37.6691,0,0,0,0,40,1,1
1,3,0,0,0,0,0,126.9209,37.5091,0,0,0,0,150,1,1
0,4,0,0,0,0,0,127.1462,36.7982,0,0,1,0,63,1,1
1,2,0,0,0,3,0,129.021,35.0912,0,0,0,0,226,1,1
0,6,0,0,3,0,0,128.6068,35.8623,0,0,1,0,178,1,1
0,6,0,1,2,0,0,126.9852,37.291,0,0,1,0,99,1,1
1,5,0,0,0,1,0,126.9672,34.9867,0,0,1,0,88,1,1
1,3,0,0,0,0,0,127.1394,37.5363,0,0,0,0,91,1,1
0,4,0,0,0,0,0,128.0783,35.196,0,0,0,0,42,1,1
1,2,0,0,0,0,0,127.2681,36.9814,0,0,0,0,23,1,1
1,6,0,0,0,1,0,126.4742,34.7518,0,0,1,0,16,1,1
1,5,0,0,0,0,0,127.728,35.4287,0,0,1,0,108,1,1
0,5,0,1,2,0,0,128.9732,35.154,0,0,1,0,120,1,1
1,0,0,1,2,1,0,126.6231,37.4472,0,0,0,0,72,1,1
0,4,0,1,2,1,0,128.6381,35.941,0,0,0,0,26,1,1
1,5,0,1,2,0,0,128.4198,34.8417,0,0,1,0,212,1,1
0,4,0,0,0,0,0,128.637,35.8229,0,0,1,0,37,1,1
0,5,0,0,0,0,0,126.9261,37.3947,0,0,1,0,151,1,1
0,4,2,0,3,0,0,126.4415,36.9226,0,0,1,0,69,1,1
0,2,0,1,1,0,0,127.045,37.2147,0,0,0,0,50,1,1
0,4,0,0,0,0,0,128.0663,35.2764,0,0,1,0,42,1,1
1,0,0,0,0,2,0,127.0174,37.2752,0,0,0,0,99,1,1
0,4,0,0,3,0,0,126.9295,37.5577,0,0,0,0,159,1,1
0,0,0,1,1,0,0,129.3299,35.5568,0,0,0,0,205,1,1
1,1,2,0,3,0,0,127.5061,35.8767,0,0,0,0,192,1,1
0,2,0,0,3,0,0,129.0995,35.5255,0,0,0,0,17,1,1
1,2,0,1,2,0,0,129.2018,35.8151,0,0,0,0,100,1,1
0,0,0,0,0,1,0,126.8755,37.3622,0,0,0,0,2,1,1
0,5,0,0,0,0,0,127.02,37.2334,0,0,1,0,99,1,1
0,4,1,0,3,0,0,127.4462,36.3348,0,0,0,0,80,0,0
1,6,0,0,0,0,0,129.3422,35.5802,0,0,1,0,205,1,1
1,3,0,0,0,0,0,128.7782,36.6156,0,0,1,0,66,1,1
0,2,0,0,0,0,0,128.1814,35.5928,0,0,0,0,133,1,1
1,0,0,0,0,2,0,129.0548,35.1758,0,0,0,0,231,1,1
0,5,0,0,0,0,0,127.019,37.2648,0,0,1,0,99,1,1
0,0,0,2,4,1,0,127.0331,36.4507,0,0,0,0,19,1,1
1,1,1,0,3,0,0,129.071,35.0853,0,0,0,0,173,1,0
0,6,0,0,0,1,0,127.9025,37.6919,0,0,1,0,82,1,1
0,6,0,0,0,1,0,127.9587,36.3009,0,0,1,0,58,1,1
0,6,0,0,0,1,0,126.9232,37.419,0,0,1,0,151,1,1
0,0,0,1,1,1,0,126.9755,37.395,0,0,0,0,151,1,1
0,5,1,1,1,0,0,126.6801,37.5192,0,0,1,0,97,0,0
1,5,0,0,0,0,0,127.5182,37.2937,0,0,1,0,41,1,1
0,2,0,0,0,0,0,129.0294,35.098,0,0,0,0,228,1,1
0,2,2,0,3,0,0,126.5229,36.7052,0,0,0,0,69,0,0
0,3,0,0,0,0,0,126.5038,35.6463,0,0,0,0,185,1,1
0,4,0,0,0,7,0,127.0843,36.1946,0,0,0,0,61,1,1
1,3,0,0,0,0,0,126.7467,37.3355,0,0,0,0,73,1,1
1,4,0,0,0,0,0,126.8727,35.133,0,0,1,0,222,1,1
0,3,0,0,0,2,0,127.1592,37.3319,0,0,0,0,51,1,1
0,6,0,0,0,0,0,127.1976,37.0083,0,0,1,0,23,1,1
0,4,1,0,3,0,0,127.4067,36.3272,0,0,0,0,39,1,0
0,3,0,0,0,0,0,126.769,35.0214,0,0,0,0,33,1,1
1,0,0,0,0,0,0,127.2687,37.005,0,0,0,0,23,1,1
0,4,0,0,0,2,0,126.7995,37.3996,0,0,0,0,73,1,1
0,4,0,0,0,0,0,127.0461,37.5761,0,0,0,0,201,1,1
1,2,0,0,3,2,0,126.9153,37.569,0,0,0,0,195,1,1
1,4,0,0,0,2,0,126.9388,37.5602,0,0,0,0,195,1,1
1,3,1,1,1,1,0,128.9023,37.7516,0,0,1,0,194,1,0
0,3,0,0,0,0,0,127.159,36.8022,0,0,1,0,63,1,1
1,5,0,1,2,0,0,127.1252,35.8028,0,0,1,0,11,1,1
1,0,0,0,3,1,0,127.4882,34.9619,0,0,0,0,27,1,1
0,0,0,0,0,0,0,126.8357,35.5813,0,0,0,0,12,1,1
0,6,0,0,0,0,0,129.2814,35.4303,0,0,1,0,17,1,1
0,1,0,1,1,1,0,126.9111,35.1701,0,0,0,0,137,1,1
0,2,0,0,0,1,0,126.6186,37.4402,0,0,0,0,72,1,1
0,5,0,0,0,0,0,127.3239,36.2989,0,0,1,0,4,1,1
1,5,0,2,0,2,0,128.8889,35.9369,0,0,1,0,5,1,1
0,4,0,0,3,0,0,127.4267,36.3273,0,0,0,0,39,1,1
1,4,0,1,1,0,0,126.7854,37.5086,0,0,0,0,65,1,1
0,5,0,0,0,1,0,127.0449,37.7492,0,0,1,0,64,1,1
0,1,0,0,0,0,0,126.8772,37.2262,0,0,0,0,50,1,1
1,3,0,0,0,0,0,126.8905,37.5237,0,0,1,0,150,1,1
0,3,0,1,1,1,0,127.1643,36.161,0,0,1,0,61,1,1
1,0,4,0,0,6,0,128.3809,35.015,0,0,0,0,87,1,1
0,1,0,0,0,1,0,129.3319,35.6826,0,0,0,0,100,1,1
0,5,0,1,2,1,0,127.2696,34.9615,0,0,1,0,27,1,1
0,6,0,0,0,0,0,127.4108,36.3219,0,0,1,0,39,1,1
0,0,0,0,0,1,0,126.6453,36.8861,0,0,0,0,46,1,1
0,0,0,0,0,0,0,126.5835,37.6483,0,0,0,0,47,1,1
0,4,0,1,2,0,0,127.3417,36.6193,0,0,1,0,83,1,1
0,3,0,0,0,0,0,127.0611,37.6559,0,0,0,0,18,1,1
0,0,0,0,0,0,0,126.4766,33.4842,0,0,0,0,90,1,1
1,0,0,0,3,1,0,126.9449,37.352,0,0,0,0,126,1,1
0,1,0,0,3,0,0,126.92,37.554,0,0,0,0,159,1,1
0,1,0,0,0,0,0,127.9587,37.3312,0,0,0,0,36,1,1
0,4,1,1,1,2,0,126.4275,34.7981,0,0,0,0,153,1,0
0,0,0,0,0,0,0,127.4224,36.6424,0,0,0,0,83,1,1
0,1,1,0,0,1,0,127.9527,37.3243,0,0,0,0,36,1,0
1,5,4,0,0,2,0,126.9792,37.2166,0,0,1,0,50,1,1
0,5,0,0,0,2,0,126.664,36.8053,0,0,1,0,46,1,1
1,5,0,0,3,0,0,128.621,35.8826,0,0,1,0,26,1,1
1,2,1,1,2,1,0,126.6161,37.4756,0,0,0,0,72,1,0
0,6,0,1,2,0,0,127.5091,38.0605,0,0,1,0,218,1,1
0,5,2,1,2,0,0,127.1415,35.8303,0,0,1,0,11,1,1
1,1,0,1,2,0,0,129.5043,35.804,0,0,0,0,100,1,1
0,4,3,1,1,0,0,126.9079,37.3108,0,0,0,0,2,1,1
1,1,0,0,0,1,0,127.1013,35.8424,0,0,0,0,11,0,0
1,0,0,0,0,0,0,127.1279,36.2756,0,0,0,0,61,1,1
1,1,0,0,0,1,0,126.3714,34.8077,0,0,0,0,153,1,1
1,5,0,0,0,0,0,127.7109,34.7258,0,0,1,0,102,1,1
1,3,0,0,3,2,0,127.011,37.2875,1,0,0,0,99,1,1
0,3,3,1,1,2,0,129.3374,35.5393,0,0,0,0,213,1,1
1,1,0,1,2,1,0,126.8585,37.5101,0,0,0,0,140,1,1
1,0,0,1,1,0,0,127.7351,37.8588,0,0,0,0,111,1,1
1,3,0,1,1,0,0,126.4005,34.8017,0,0,0,0,153,1,1
1,4,0,0,0,0,0,128.808,35.2198,0,0,0,0,13,1,1
0,5,0,1,1,0,0,128.3591,36.1121,0,0,1,0,144,1,1
0,5,0,0,0,0,0,126.9732,37.259,0,0,1,0,99,1,1
1,4,0,0,0,1,0,129.3343,35.6778,0,0,0,0,100,1,1
0,0,0,0,0,0,0,126.6428,33.267,0,0,0,0,62,1,1
0,2,0,0,0,0,0,127.0296,35.0251,0,0,0,0,88,1,1
0,4,1,0,3,0,0,126.6796,35.9753,0,0,0,0,166,1,0
0,4,1,1,2,4,0,128.4215,34.8423,0,0,0,0,212,1,0
0,6,0,0,0,0,0,129.1038,37.4934,0,0,1,0,210,1,1
0,0,0,0,0,0,0,127.2015,37.2327,0,0,0,0,51,1,1
1,4,0,0,3,1,0,126.7549,37.6728,0,0,0,0,40,1,1
0,2,0,0,0,2,0,128.7875,35.8733,0,0,0,0,52,1,1
1,4,0,0,3,1,0,129.0294,35.0981,0,0,0,0,228,1,1
1,2,0,1,2,2,0,128.1169,35.1888,0,0,0,0,42,1,1
0,1,0,0,0,2,0,127.2036,36.8777,0,0,0,0,63,1,1
1,5,0,0,0,4,0,126.853,37.5212,0,0,1,0,140,1,1
0,0,3,0,0,1,0,127.192,35.7953,0,0,0,0,11,0,0
0,1,0,1,2,2,0,127.0298,37.4842,0,0,0,0,214,1,1
0,1,0,0,0,1,0,128.3986,37.3903,0,0,0,0,24,1,1
1,6,0,0,0,0,0,128.6173,36.8143,0,0,1,0,113,1,1
0,1,0,0,0,1,0,126.8666,35.6035,0,0,0,0,12,1,1
0,1,0,0,0,0,0,127.2125,37.258,0,0,0,0,51,1,1
0,5,0,0,0,1,0,126.9948,35.2282,0,0,1,0,181,1,1
0,4,2,1,1,0,0,127.131,35.7893,0,0,0,0,11,1,1
0,4,0,0,0,2,0,127.8364,35.4922,0,0,0,0,224,0,0
0,2,0,0,0,1,0,127.2166,37.5984,0,0,0,0,70,1,1
0,1,3,0,3,2,0,128.7575,35.8763,0,0,0,0,26,1,1
1,2,0,0,3,1,0,126.4913,37.7415,0,0,0,0,92,1,1
0,5,0,0,0,0,0,126.9344,35.1666,0,0,1,0,137,1,1
0,5,0,0,0,1,0,129.2173,35.8459,0,0,1,0,100,1,1