주야,요일,법규위반,도로형태_대분류,도로형태,당사자종별_1당_대분류,당사자종별_2당_대분류,경도,위도,사고피해정도,도시여부,주말/공휴일,인구수,발생지번호,보행자의위치,무단횡단여부
1,4,1,0,3,0,0,128.9912,37.1509,0,0,0,0,215,1,0
0,4,0,1,1,1,0,127.1262,37.7945,0,0,0,0,171,1,1
0,3,0,2,4,1,0,126.7728,36.8074,0,0,0,0,46,1,1
1,4,1,0,3,3,0,126.8561,37.4881,0,0,0,0,79,1,0
0,0,0,0,0,1,0,127.1598,36.7811,0,0,0,0,63,1,1
1,1,1,1,1,2,0,126.8072,37.5186,0,0,0,0,65,1,0
0,1,0,0,0,0,0,126.4846,37.4878,0,0,0,0,72,1,1
1,3,0,0,0,1,0,128.1021,37.4517,0,0,0,0,31,1,1
0,1,0,1,1,0,0,127.1243,37.5412,0,0,0,0,91,1,1
1,1,0,0,0,0,0,126.8704,37.8549,0,0,0,0,175,0,0
1,0,1,1,2,1,0,127.1116,37.5231,0,0,0,0,156,1,0
1,0,0,1,2,1,0,127.0726,37.64,0,0,0,0,18,1,1
1,0,1,0,0,0,0,128.8988,37.7615,0,0,0,0,194,1,0
1,6,4,0,0,3,0,129.3179,36.2565,0,0,1,0,160,1,1
1,4,3,1,2,1,0,126.6616,37.5014,0,0,0,0,97,0,0
0,6,0,0,0,0,0,126.8526,35.998,0,0,1,0,166,1,1
1,3,0,0,0,1,0,128.7218,36.74,0,0,0,0,113,1,1
1,0,0,0,0,1,0,127.4387,37.1471,1,0,0,0,41,1,1
0,3,0,0,0,0,0,128.8162,35.8563,0,0,0,0,52,0,0
1,3,0,1,1,0,0,128.909,37.7724,0,0,0,0,194,1,1
0,5,0,0,0,0,0,129.3809,36.4102,0,0,1,0,54,1,1
0,5,0,0,0,2,0,126.8901,37.5101,0,0,1,0,79,1,1
1,5,0,0,0,0,0,127.7917,34.9502,0,0,1,0,172,1,1
0,3,0,0,0,7,0,127.6011,36.9952,0,0,0,0,110,1,1
1,4,0,0,0,0,0,126.7717,37.7541,0,0,1,0,175,1,1
0,2,0,1,2,1,0,127.0545,37.5656,0,0,0,0,201,1,1
1,5,5,0,0,0,0,127.509,36.6142,0,0,1,0,83,1,1
0,6,0,0,3,0,0,126.8544,37.5594,0,0,1,0,43,1,1
1,4,5,0,0,3,0,127.0287,37.582,0,0,0,0,167,1,1
0,5,2,0,0,0,0,126.6492,37.3949,0,0,1,0,35,1,1
0,4,0,0,0,0,0,128.6862,36.3619,0,0,0,0,105,0,0
0,5,0,0,0,0,0,126.732,37.487,0,0,1,0,44,1,1
1,3,0,0,0,0,0,127.9323,35.4866,0,0,0,0,224,0,0
0,4,2,1,2,0,0,127.0456,37.7467,0,0,0,0,64,1,1
0,3,0,0,0,8,0,127.7701,34.9851,0,0,0,0,130,1,1
0,6,0,0,0,1,0,126.9398,36.9781,0,0,1,0,14,1,1
1,6,3,0,3,0,0,129.047,35.182,0,0,1,0,231,1,1
0,2,0,0,0,0,0,127.4572,34.9369,0,0,0,0,27,1,1
0,2,0,0,0,0,0,128.6422,35.8748,0,0,0,0,37,1,1
1,0,1,0,3,1,0,126.9957,36.7864,0,0,0,0,53,1,0
0,0,0,0,0,0,0,129.0481,37.2304,0,0,0,0,78,1,1
1,0,2,0,3,0,0,127.3447,35.264,0,0,0,0,147,1,1
1,0,1,0,3,1,0,127.4751,36.6492,0,0,0,0,83,1,0
0,0,0,1,2,2,0,127.0753,37.1947,0,0,0,0,50,0,0
0,1,0,1,2,0,0,126.8365,37.3167,1,0,0,0,2,1,1
0,3,0,0,3,0,0,127.0748,34.765,0,0,0,0,122,1,1
1,5,0,0,3,1,0,127.8764,35.7966,0,0,1,0,154,1,1
0,5,0,0,0,0,0,128.523,35.2505,0,0,1,0,86,1,1
0,4,0,0,0,1,0,127.6326,35.1778,0,0,0,0,172,1,1
0,5,2,0,0,0,0,127.0044,37.527,0,0,1,0,134,1,1
1,5,1,1,2,0,0,127.9518,37.3462,0,0,1,0,36,1,0
1,4,0,0,0,0,0,127.1488,36.8116,0,0,0,0,63,1,1
0,2,0,0,0,0,0,128.6179,35.8618,0,0,1,0,37,1,1
0,6,0,0,0,0,0,127.0624,37.2697,0,0,1,0,99,1,1
0,6,0,1,2,0,0,126.9196,35.1766,0,0,1,0,137,1,1
1,5,1,1,2,2,0,127.2984,37.6588,0,0,1,0,70,1,0
0,0,0,0,0,0,0,126.8331,37.4401,0,0,0,0,73,1,1
0,0,2,1,1,0,0,127.1546,35.8182,0,0,0,0,11,1,1
0,5,0,1,1,0,0,127.1477,36.4767,0,0,1,0,19,1,1
0,1,0,0,0,0,0,127.7427,37.8305,0,0,0,0,111,1,1
1,2,3,0,3,3,0,126.859,37.2275,0,0,0,0,50,1,1
1,6,0,0,0,1,0,127.036,37.2114,0,0,1,0,50,1,1
0,5,0,0,0,0,0,126.3971,33.4799,0,0,1,0,90,1,1
0,3,0,1,2,0,0,128.4089,36.0008,0,0,0,0,21,1,1
1,1,3,1,1,1,0,127.7448,34.7271,0,0,0,0,102,0,0
1,6,3,1,2,1,0,126.8107,35.175,0,0,1,0,135,1,1
1,3,0,0,3,5,0,128.6101,35.8472,0,0,0,0,37,1,1
1,4,0,0,0,0,0,128.1155,35.1798,0,0,0,0,42,1,1
1,4,0,0,0,1,0,127.531,36.7212,0,0,0,0,83,1,1
0,6,1,1,1,0,0,126.6836,37.4665,0,0,1,0,29,1,0
0,2,0,1,2,0,0,128.112,36.1248,0,0,0,0,76,1,1
0,4,4,0,0,0,0,127.0731,37.2043,0,0,0,0,50,1,1
0,0,2,0,0,0,0,126.921,37.453,0,0,0,0,109,1,1
0,1,0,0,0,0,0,128.5507,35.8081,0,0,0,0,20,1,1
0,1,0,0,0,1,0,126.7168,37.4845,0,0,0,0,44,0,0
1,2,0,1,2,2,0,129.1479,35.1609,0,0,0,0,1,1,1
0,2,0,0,0,0,0,128.426,35.8654,0,0,0,0,30,1,1
0,3,1,0,3,0,0,126.572,33.2549,0,0,0,0,62,1,0
1,1,0,1,2,0,0,126.6874,36.0163,0,0,0,0,10,1,1
0,6,0,0,0,0,0,128.8037,35.9007,0,0,1,0,52,1,1
0,2,2,0,0,0,0,126.8509,35.5811,0,0,0,0,12,1,1
1,1,0,0,0,1,0,126.5551,36.5828,0,0,0,0,38,1,1
1,0,0,0,0,0,0,128.7256,35.876,0,0,0,0,26,1,1
1,1,0,1,2,1,0,126.8564,36.984,0,0,0,0,14,1,1
0,1,0,0,0,0,0,126.5444,34.5018,0,0,0,0,119,1,1
1,0,1,1,2,1,0,126.5899,33.5093,0,0,0,0,90,1,0
0,5,0,0,3,6,0,127.0429,37.6659,0,0,1,0,98,1,1
1,5,0,0,3,0,0,127.3335,36.3486,0,0,1,0,148,1,1
1,2,0,0,3,2,0,126.8597,37.4969,0,0,0,0,79,1,1
1,2,0,0,0,1,0,128.1201,34.9295,0,0,0,0,87,0,0
0,4,3,1,2,0,0,128.6269,35.863,0,0,0,0,37,1,1
0,6,3,1,1,0,0,127.0753,37.1947,0,0,1,0,50,1,1
0,1,0,0,0,1,0,129.2624,35.5508,0,0,0,0,213,1,1
0,5,0,1,1,1,0,126.9726,36.8159,0,0,1,0,53,1,1
0,5,3,1,2,0,0,127.0565,37.5208,0,0,1,0,89,1,1
0,5,1,1,2,1,0,126.4966,33.4878,0,0,1,0,90,1,0
0,1,0,0,0,1,0,126.5871,36.4339,0,0,0,0,136,1,1
0,3,0,1,1,2,0,127.1431,37.4427,0,0,0,0,95,1,1
0,4,0,1,1,0,0,127.4378,36.3496,0,0,0,0,80,1,1
0,3,2,0,0,0,0,129.4142,36.8853,0,0,0,0,208,1,1
1,4,0,0,0,5,0,129.3473,35.5584,0,0,0,0,205,1,1
0,5,0,0,0,1,0,126.8695,37.0052,0,0,1,0,14,1,1
0,0,0,1,2,1,0,127.1728,37.5507,0,0,0,0,91,1,1
0,1,0,0,0,1,0,126.4713,34.9815,0,0,0,0,101,1,1
1,3,3,0,3,2,0,127.013,37.4574,0,0,0,0,214,1,1
1,3,1,0,0,2,0,128.9854,37.1771,0,0,0,0,215,1,0
0,1,0,0,0,0,0,127.2206,36.9027,0,0,0,0,63,1,1
0,1,0,1,2,0,0,126.9783,37.2874,0,0,0,0,99,1,1
1,2,0,0,0,0,0,126.8693,35.157,0,0,0,0,222,1,1
0,6,0,1,1,0,0,126.6984,37.4359,0,0,1,0,35,1,1
0,0,0,0,3,0,0,126.8911,37.4804,0,0,0,0,79,1,1
0,0,0,0,0,0,0,128.3323,34.9793,0,0,0,0,87,1,1
0,3,0,0,0,0,0,126.7341,37.5996,0,0,0,0,47,1,1
0,6,2,0,0,0,0,126.8909,35.1547,0,0,1,0,222,1,1
0,5,0,1,1,1,0,127.0011,37.29,0,0,1,0,99,1,1
0,2,0,0,0,4,0,126.9955,37.3105,0,0,0,0,99,1,1
0,5,0,0,0,1,0,126.9224,35.9342,0,0,1,0,125,1,1
0,6,0,0,0,0,0,128.3897,36.0008,0,0,1,0,21,1,1
0,4,0,1,2,2,0,127.7282,34.7428,0,0,0,0,102,1,1
1,2,0,0,3,2,0,127.0835,37.5958,0,0,0,0,196,1,1
1,3,0,0,0,2,0,126.9973,36.7829,0,0,0,0,53,1,1
1,2,0,1,2,0,0,126.8812,36.9824,0,0,0,0,14,1,1
1,3,0,0,3,0,0,127.9357,37.3484,0,0,0,0,36,1,1
1,0,0,0,0,1,0,127.1313,36.1206,0,0,0,0,61,1,1
1,3,1,0,3,0,0,126.9558,37.552,0,0,0,0,159,1,0
0,0,0,0,0,0,0,127.0937,35.9065,0,0,0,0,28,1,1
0,6,0,0,0,0,0,127.1088,37.3393,0,0,1,0,95,1,1
1,5,1,0,0,2,0,127.4166,36.3147,0,0,1,0,39,1,0
1,5,0,0,0,2,0,127.5118,36.6181,0,0,1,0,83,1,1
1,5,0,1,2,3,0,126.7373,35.727,0,0,1,0,185,1,1
1,3,0,0,0,0,0,127.2084,37.2097,0,0,0,0,51,1,1
1,6,4,0,0,0,0,128.9023,37.7703,0,0,1,0,194,1,1
1,0,0,0,0,1,0,129.156,35.5455,0,0,0,0,17,1,1
1,3,0,2,4,2,0,127.7217,36.4837,0,0,0,0,32,0,0
0,4,1,0,3,0,0,126.9761,37.5345,0,0,0,0,134,1,0
0,2,0,0,0,0,0,127.0924,37.3181,0,0,0,0,51,1,1
0,2,0,0,3,0,0,127.0124,37.5721,0,0,0,0,116,1,1
0,2,0,0,0,1,0,127.3708,36.3583,0,0,0,0,4,1,1
0,6,0,1,1,0,0,128.6185,35.8984,0,0,1,0,112,1,1
1,1,3,1,1,2,0,126.7401,37.4888,0,0,0,0,44,1,1
1,0,0,1,2,0,0,128.8708,35.26,0,0,0,0,13,1,1
1,1,0,0,0,2,0,127.2662,37.4124,0,0,0,0,9,1,1
1,0,0,1,2,0,0,126.9192,35.1389,0,0,0,0,190,1,1
1,2,0,0,0,1,0,126.6349,36.9324,0,0,0,0,46,1,1
0,4,0,0,0,0,0,126.7512,37.4499,0,0,0,0,29,1,1
0,2,0,0,0,0,0,127.1245,37.4272,0,0,0,0,95,1,1
1,3,0,0,0,1,0,128.0781,35.1913,0,0,0,0,42,1,1
1,3,0,1,2,3,0,127.0453,36.9575,0,0,0,0,14,1,1
0,0,0,0,0,0,0,126.6673,37.4261,0,0,0,0,35,1,1
1,3,0,1,1,1,0,126.4883,34.5119,0,0,0,0,119,1,1
0,1,0,0,0,1,0,127.1408,37.8301,0,0,0,0,171,1,1
0,0,0,1,2,0,0,128.2255,37.1199,0,0,0,0,103,1,1
0,5,0,1,1,0,0,127.3993,36.3102,0,0,1,0,39,1,1
0,4,0,2,4,1,0,126.7066,36.8431,0,0,0,0,46,1,1
0,5,0,1,1,0,0,127.0652,37.5708,0,0,1,0,201,1,1
0,1,2,0,0,0,0,127.7287,34.7404,0,0,0,0,102,1,1
0,6,0,1,1,0,0,126.9331,35.1494,0,0,1,0,162,1,1
0,3,0,0,0,1,0,129.1168,35.2313,0,0,0,0,96,1,1
0,3,0,0,0,0,0,126.7023,37.458,0,0,0,0,29,1,1
0,4,0,0,0,0,0,127.3649,36.3582,0,0,0,0,4,1,1
0,5,0,1,1,0,0,126.7569,37.5001,0,0,1,0,65,1,1
0,1,0,1,1,0,0,127.2132,37.4057,0,0,0,0,9,1,1
1,1,0,0,0,0,0,126.7152,37.4613,0,0,0,0,29,1,1
0,2,0,0,0,0,0,126.9182,35.1868,0,0,0,0,137,1,1
0,4,0,0,0,0,0,127.0113,37.2534,0,0,0,0,99,1,1
0,6,0,0,0,0,0,126.873,35.175,0,0,1,0,137,1,1
0,0,0,1,1,0,0,127.1992,37.5527,0,0,0,0,67,1,1
0,2,3,0,0,1,0,129.0517,35.1259,0,0,0,0,209,1,1
0,2,0,0,0,2,0,127.1719,37.4488,0,0,0,0,95,1,1
0,3,0,0,0,2,0,128.7301,35.87,0,0,0,0,26,1,1
0,3,0,0,0,1,0,127.2943,37.3947,0,0,0,0,9,0,0
1,5,3,0,0,1,0,127.0537,37.9171,0,0,1,0,94,1,1
0,3,3,1,2,2,0,126.7743,37.6747,0,0,0,0,40,1,1
1,5,0,0,0,1,0,127.1729,36.2248,0,0,1,0,61,0,0
1,1,2,0,0,0,0,128.7362,36.5524,0,0,0,0,66,1,1
1,0,0,0,0,0,0,127.2927,36.733,0,0,0,0,63,1,1
1,0,0,0,0,2,0,126.9099,37.5176,0,0,0,0,150,1,1
1,0,0,0,0,0,0,126.8038,37.591,0,0,0,0,43,1,1
0,5,1,2,4,0,0,126.9528,35.931,0,0,1,0,125,1,0
0,4,0,0,0,0,0,126.8558,37.8076,0,0,0,0,175,1,1
0,4,2,0,0,0,0,127.4613,36.6414,0,0,0,0,83,1,1
1,2,0,0,0,1,0,127.1256,37.5083,0,0,0,0,156,1,1
0,2,2,1,1,0,0,127.097,35.8137,0,0,1,0,11,1,1
0,4,0,0,3,0,0,126.9075,37.4905,0,0,0,0,93,1,1
0,1,0,0,0,0,0,126.9249,35.1634,0,0,0,0,137,1,1
0,1,0,0,0,0,0,126.7726,37.5151,0,0,0,0,65,1,1
0,5,0,0,0,0,0,126.8313,37.4055,0,0,1,0,73,1,1
0,3,0,0,0,0,0,129.2412,35.2685,0,0,0,0,85,1,1
0,0,0,0,0,0,0,127.7172,34.9443,0,0,0,0,130,1,1
0,1,0,0,0,2,0,126.8978,36.9989,0,0,0,0,14,1,1
0,6,0,0,0,4,0,129.111,35.1158,0,0,1,0,180,1,1
1,4,0,0,0,1,0,126.6091,36.953,0,0,0,0,46,1,1
1,2,0,1,1,0,0,127.0154,36.1566,0,0,0,0,61,1,1
1,0,0,0,0,1,0,126.754,35.1261,0,0,0,0,135,1,1
0,5,3,2,4,1,0,127.9685,34.8056,0,0,1,0,197,1,1
0,4,0,0,0,0,0,127.0516,37.4987,0,0,0,0,89,1,1
0,3,0,0,0,8,0,126.7112,34.9351,0,0,0,0,33,1,1
1,3,0,1,2,1,0,126.8388,37.6588,0,0,0,0,40,1,1
0,1,2,0,0,0,0,128.5565,35.8614,0,0,0,0,107,1,1
0,3,0,0,3,0,0,129.3653,36.0349,0,0,0,0,160,1,1
1,4,0,0,0,1,0,127.0436,37.6764,0,0,0,0,98,1,1
1,4,0,1,1,0,0,126.8635,35.1663,0,0,0,0,222,1,1
0,0,1,1,2,3,0,126.756,37.7342,0,0,0,0,175,1,0
0,6,1,1,2,2,0,126.4966,33.4892,0,0,1,0,90,1,0
1,4,0,1,2,0,0,127.2686,36.2683,0,0,0,0,223,1,1
1,2,0,1,1,3,0,127.9714,37.3422,0,0,0,0,36,1,1
1,3,3,1,2,0,0,127.2679,36.508,0,1,0,0,229,1,1
0,2,1,0,3,0,0,126.9278,35.251,0,0,0,0,137,1,0
0,0,0,0,0,0,0,126.7193,35.9698,0,0,0,0,166,1,1
0,5,0,0,0,1,0,126.9309,37.3994,0,0,1,0,151,1,1
1,4,1,1,1,0,0,128.6457,34.991,0,0,0,0,15,1,0
0,2,2,0,0,0,0,129.0594,35.1382,0,0,0,0,209,1,1
0,6,1,1,1,0,0,127.0994,36.4197,0,0,1,0,19,1,0
0,1,0,0,0,1,0,126.6934,35.9399,0,0,0,0,166,1,1
1,2,0,1,1,0,0,126.9445,35.9445,0,0,0,0,125,1,1
0,0,1,0,0,0,0,127.1218,35.8452,0,0,0,0,11,1,0
1,3,1,0,0,0,0,127.7207,34.7356,0,0,0,0,102,1,0
1,3,1,0,3,0,0,127.7278,37.8699,0,0,0,0,111,1,0
1,5,2,1,1,0,0,127.2925,34.5045,0,0,1,0,191,1,1
1,4,0,1,1,0,0,127.4606,36.3097,0,0,0,0,80,1,1
0,4,0,1,2,1,0,128.516,35.4359,0,0,0,0,211,1,1
1,2,0,0,0,1,0,127.1375,36.8281,0,0,0,0,63,1,1
0,1,0,0,0,0,0,127.0056,37.2819,0,0,0,0,99,1,1
1,0,0,1,1,2,0,126.9007,35.2149,0,0,0,0,137,1,1
1,1,0,0,0,2,0,126.7922,37.4759,0,0,0,0,65,1,1
1,3,0,1,1,2,0,128.8551,35.2333,0,0,0,0,13,1,1
1,1,1,0,0,3,0,127.0034,37.5763,0,0,0,0,116,1,0
0,1,0,0,0,4,0,126.736,37.4996,0,0,0,0,44,1,1
0,4,0,1,1,0,0,126.8902,35.931,0,0,0,0,125,1,1
0,1,0,0,0,0,0,129.393,36.0761,0,0,0,0,160,1,1
1,0,0,0,0,3,0,126.2114,35.0591,0,0,0,0,132,1,1
0,6,1,1,2,0,0,126.9208,36.9878,0,0,1,0,14,1,0
0,1,0,0,0,0,0,126.6809,37.4515,0,0,0,0,29,1,1
1,1,0,0,0,0,0,127.72,37.8617,0,0,0,0,111,1,1
0,6,0,1,1,0,0,127.0328,37.2643,0,0,1,0,99,1,1
1,4,0,0,0,1,0,127.7014,37.7356,0,0,0,0,111,1,1
0,3,0,0,0,0,0,127.0744,36.8084,0,0,0,0,53,1,1
0,1,0,2,4,0,0,126.9346,37.5537,0,0,0,0,159,1,1
0,1,0,0,0,0,0,128.8783,35.2397,0,0,0,0,13,1,1
1,0,3,0,3,1,0,126.8483,37.4692,1,0,0,0,81,1,1
0,5,0,0,0,0,0,126.5899,36.4453,0,0,1,0,136,1,1
0,1,0,0,0,0,0,127.0722,37.2525,0,0,0,0,99,1,1
1,3,0,0,0,0,0,127.134,37.6879,0,0,0,0,70,1,1
1,5,5,0,0,0,0,127.6401,36.0049,0,0,1,0,182,0,0
0,0,0,0,0,0,0,126.9889,37.5703,0,0,0,0,116,1,1
0,1,0,0,0,2,0,126.8924,37.5838,0,0,0,0,139,1,1
0,0,2,0,0,0,0,127.1095,36.1986,0,0,0,0,61,1,1
1,1,0,0,0,1,0,128.5781,35.8765,0,0,0,0,178,1,1
0,3,0,0,3,0,0,127.4265,36.3274,0,0,0,0,39,1,1
0,0,0,0,0,0,0,126.7093,35.9698,0,0,0,0,166,1,1
0,3,0,1,1,0,0,128.5778,35.8784,0,0,0,0,178,1,1
1,2,0,1,1,0,0,128.564,35.1884,0,0,0,0,86,1,1
0,3,0,0,0,2,0,127.4951,36.6223,0,0,0,0,83,1,1
0,2,0,1,2,0,0,128.5541,35.8363,0,0,0,0,20,1,1
0,5,1,1,2,2,0,126.7722,36.5348,0,0,1,0,187,1,0
0,1,0,0,0,0,0,126.9992,37.5708,0,0,0,0,116,1,1
1,1,0,0,0,2,0,126.6743,34.5575,0,0,0,0,119,1,1
1,2,0,0,0,0,0,127.3151,36.3285,0,0,0,0,148,0,0
0,2,0,0,0,8,0,126.9694,36.8257,0,0,0,0,53,1,1
0,5,0,0,0,0,0,126.5003,35.2825,0,0,1,0,127,1,1
0,5,1,1,1,0,0,127.1348,35.7874,0,0,1,0,11,1,0
0,3,0,0,0,0,0,127.8682,36.9632,0,0,0,0,6,1,1
0,5,0,0,0,1,0,126.9393,35.1325,0,0,1,0,162,1,1
1,5,0,0,3,2,0,129.0411,35.0886,0,0,1,0,173,1,1
0,3,0,0,0,0,0,128.6233,36.8128,0,0,0,0,113,1,1
0,3,0,0,0,0,0,127.0962,35.4801,0,0,0,0,131,1,1
1,0,0,0,0,0,0,128.946,35.2151,0,0,0,0,206,1,1
0,0,0,0,0,1,0,126.695,37.6432,0,0,0,0,47,1,1
0,3,2,0,0,0,0,128.6546,35.2433,0,0,0,0,86,1,1
0,1,2,0,0,0,0,127.082,37.5564,0,0,0,0,183,1,1
1,3,0,0,0,1,0,127.0317,37.514,0,0,0,0,89,1,1
1,3,0,0,0,1,0,129.3598,35.5815,0,0,0,0,158,1,1
1,1,2,0,0,0,0,127.0766,37.7551,0,0,0,0,64,1,1
0,1,0,0,3,2,0,127.7445,37.8873,0,0,0,0,111,1,1
1,1,0,0,0,5,0,128.1028,35.3686,0,0,0,0,189,0,0
0,2,0,1,2,1,0,126.8115,37.5648,0,0,0,0,43,1,1
0,2,0,0,0,0,0,126.8571,37.3153,0,0,0,0,2,1,1
1,1,0,1,1,0,0,127.0668,37.2762,0,0,0,0,99,1,1
1,0,0,1,1,9,0,127.2667,37.0816,0,0,0,0,23,1,1
1,4,0,0,0,1,0,126.9018,35.1549,0,0,0,0,222,1,1
0,4,1,1,2,2,0,126.7419,37.541,0,0,0,0,7,1,0
0,3,1,1,2,0,0,128.5265,35.4571,0,0,0,0,211,1,0
0,5,2,1,2,0,0,127.4723,36.1828,0,0,1,0,68,1,1
0,2,4,0,0,0,0,126.9241,37.4867,0,0,0,0,188,1,1
0,1,0,0,0,0,0,127.015,35.7781,0,0,0,0,34,1,1
1,2,0,0,0,0,0,127.8464,36.991,0,0,0,0,6,1,1
0,0,0,0,0,2,0,128.498,35.8034,0,0,0,0,30,1,1
0,4,0,0,0,0,0,127.8568,35.7592,0,0,0,0,154,1,1
0,1,0,0,0,2,0,127.0543,37.6971,0,0,0,0,64,1,1
0,0,3,1,2,0,0,127.4657,36.6477,0,0,0,0,83,1,1
0,6,0,1,2,0,0,127.0751,37.5682,0,0,1,0,201,1,1
0,3,1,1,1,0,0,128.1922,35.8542,0,0,0,0,168,1,0
1,0,0,1,1,2,0,127.7064,38.1041,0,0,0,0,218,1,1
1,4,0,1,2,2,0,128.6041,35.8727,0,0,0,0,178,1,1
0,3,0,0,0,1,0,127.1788,37.6158,0,0,0,0,70,1,1
1,3,0,0,0,2,0,128.9991,35.3315,0,0,0,0,49,1,1
0,3,0,0,0,0,0,126.7025,36.901,0,0,0,0,46,1,1
0,2,0,1,2,0,0,126.7225,37.5333,0,0,0,0,7,1,1
0,1,0,1,2,0,0,126.7164,37.4021,0,0,0,0,29,1,1
1,0,3,1,1,1,0,126.9086,37.4207,0,0,0,0,151,1,1
1,5,1,0,3,2,0,127.7109,34.7586,0,0,1,0,102,1,0
1,5,0,1,1,1,0,128.6565,36.9612,0,0,1,0,113,1,1
0,4,0,0,3,0,0,127.3744,36.3578,0,0,0,0,4,1,1
1,3,0,0,0,2,0,126.9394,37.5055,0,0,0,0,93,1,1
1,4,0,0,0,0,0,126.2865,33.2267,0,0,0,0,62,1,1
0,3,0,0,0,0,0,128.2569,35.6935,0,0,0,0,220,1,1
0,1,0,1,1,0,0,127.2497,37.4168,0,0,0,0,9,1,1
0,2,5,0,0,0,0,127.4193,38.186,0,0,0,0,184,1,1
0,1,0,0,0,0,0,127.6644,34.7606,0,0,0,0,102,1,1
0,0,0,1,2,0,0,127.1466,36.8765,0,0,0,0,63,1,1
0,3,2,0,0,0,0,126.8932,35.9304,0,0,0,0,125,1,1
0,2,0,1,1,0,0,128.5368,35.8374,0,0,0,0,20,1,1
1,3,0,1,2,0,0,127.209,35.8567,0,0,0,0,28,1,1
0,1,0,0,0,0,0,126.9585,37.4034,0,0,0,0,151,1,1
1,0,0,0,0,9,0,129.0624,35.4089,0,0,0,0,49,1,1
0,0,0,0,0,0,0,128.0972,35.0797,0,0,0,0,57,1,1
0,1,0,0,0,0,0,126.9147,37.5198,0,0,0,0,150,1,1
0,3,2,1,2,0,0,127.7092,34.7606,0,0,0,0,102,1,1
1,1,0,1,1,0,0,128.6453,35.8167,0,0,0,0,37,1,1
1,3,1,1,2,0,0,126.6984,35.4351,0,0,0,0,219,1,0
0,2,0,0,0,0,0,127.1373,37.6005,0,0,0,0,165,1,1
0,5,0,1,1,0,0,127.1491,36.832,0,0,1,0,63,1,1
0,6,2,0,0,0,0,127.4296,36.4452,0,0,1,0,77,1,1
0,4,0,0,0,0,0,128.6435,35.8666,0,0,0,0,37,1,1
0,6,1,0,3,0,0,126.5221,33.4998,0,0,1,0,90,1,0
0,1,0,0,0,0,0,126.5353,33.4959,0,0,0,0,90,1,1
0,3,0,0,0,0,0,128.9937,35.0966,0,0,0,0,25,1,1
0,3,2,0,0,0,0,126.9392,37.1938,0,0,0,0,50,0,0
0,3,0,1,1,2,0,126.8047,37.5179,0,0,0,0,65,1,1
0,3,0,1,2,0,0,127.1474,37.4528,0,0,0,0,95,0,0
0,0,0,0,0,0,0,127.1284,37.6951,0,0,0,0,70,1,1
0,0,1,0,3,0,0,127.346,36.3524,0,0,0,0,148,1,0
1,6,0,0,0,1,0,127.8507,36.3572,0,0,1,0,142,1,1
0,2,0,0,0,0,0,127.1616,37.4431,0,0,0,0,95,1,1
1,2,0,0,0,0,0,127.1876,36.6569,0,1,0,0,229,1,1
0,2,0,0,0,1,0,127.086,36.0587,0,0,0,0,125,0,0
0,2,0,0,3,2,0,126.9307,37.5631,0,0,0,0,195,1,1
0,6,0,0,0,0,0,128.2914,36.9953,0,0,1,0,204,1,1
0,2,0,1,1,0,0,127.1341,36.9298,0,0,0,0,63,1,1
0,1,0,1,2,0,0,129.1116,35.1946,0,0,0,0,216,1,1
0,4,0,0,0,0,0,127.9033,37.2655,0,0,1,0,36,1,1
0,0,0,0,0,1,0,127.1355,36.9935,0,0,0,0,14,1,1
0,1,1,0,3,0,0,126.9991,35.8768,0,0,0,0,34,1,0
1,2,5,1,1,0,0,128.6064,35.8689,2,0,0,0,178,1,1
0,1,2,1,2,0,0,126.7803,34.3349,0,0,0,0,141,1,1
1,2,0,0,0,3,0,127.2986,35.6847,0,0,0,0,192,0,0
0,6,3,1,1,1,0,126.8473,37.282,0,0,1,0,2,1,1
1,1,0,0,0,1,0,127.0511,37.6157,0,0,0,0,167,1,1
1,5,0,0,0,2,0,126.699,37.4269,0,0,1,0,29,1,1
0,1,0,0,0,0,0,127.0877,37.7295,0,0,0,0,64,1,1
0,1,0,0,0,0,0,127.0262,37.5007,0,0,0,0,89,1,1
0,2,0,1,2,0,0,127.0371,37.266,0,0,0,0,99,1,1
1,1,0,1,1,2,0,128.6375,35.895,0,0,0,0,26,1,1
0,3,2,0,0,0,0,127.0258,37.6048,0,0,0,0,167,1,1
0,6,0,0,3,2,0,126.9016,37.5782,0,0,1,0,139,1,1
0,5,2,2,4,0,0,128.9389,35.9664,0,0,1,0,5,1,1
0,1,1,0,3,0,0,127.1402,34.5323,0,0,0,0,191,1,0
1,4,0,0,0,0,0,126.6316,34.8552,0,0,0,0,16,1,1
1,0,0,0,0,3,0,126.6739,37.5224,0,0,0,0,97,1,1
1,3,0,0,0,3,0,126.7961,37.4822,0,0,0,0,65,1,1
0,6,0,0,0,0,0,129.3787,36.0581,0,0,1,0,160,1,1
1,1,0,0,0,0,0,127.5024,37.4932,0,0,0,0,48,1,1
0,3,3,0,3,1,0,126.9064,36.9213,0,0,0,0,14,0,0
0,4,0,0,0,0,0,127.0563,37.5882,0,0,0,0,201,1,1
1,3,0,1,1,1,0,126.8916,37.2478,0,0,0,0,50,1,1
1,2,3,1,1,2,0,127.0287,37.6447,0,0,0,0,98,1,1
1,5,5,0,0,0,0,128.7433,36.2363,0,0,1,0,105,1,1